n,has_partitions,p,q,j,k
2,False,,,,
3,False,,,,
5,True,2.0,3.0,1.0,1.0
7,True,2.0,3.0,2.0,1.0
7,True,2.0,5.0,1.0,1.0
11,True,2.0,7.0,2.0,1.0
11,True,2.0,3.0,3.0,1.0
11,True,2.0,3.0,1.0,2.0
13,True,2.0,11.0,1.0,1.0
13,True,2.0,5.0,3.0,1.0
13,True,2.0,3.0,2.0,2.0
17,True,2.0,3.0,3.0,2.0
17,True,2.0,13.0,2.0,1.0
19,True,2.0,11.0,3.0,1.0
19,True,2.0,17.0,1.0,1.0
19,True,2.0,3.0,4.0,1.0
23,True,2.0,7.0,4.0,1.0
23,True,2.0,19.0,2.0,1.0
29,True,2.0,3.0,1.0,3.0
29,True,2.0,5.0,2.0,2.0
29,True,2.0,13.0,4.0,1.0
31,True,2.0,23.0,3.0,1.0
31,True,2.0,3.0,2.0,3.0
31,True,2.0,29.0,1.0,1.0
37,True,2.0,5.0,5.0,1.0
37,True,2.0,29.0,3.0,1.0
41,True,2.0,3.0,5.0,2.0
41,True,2.0,5.0,4.0,2.0
41,True,2.0,37.0,2.0,1.0
43,True,2.0,41.0,1.0,1.0
43,True,2.0,11.0,5.0,1.0
43,True,2.0,3.0,4.0,3.0
47,True,2.0,31.0,4.0,1.0
47,True,2.0,43.0,2.0,1.0
53,True,2.0,7.0,2.0,2.0
53,True,2.0,37.0,4.0,1.0
59,True,2.0,43.0,4.0,1.0
59,True,2.0,3.0,5.0,3.0
61,True,2.0,53.0,3.0,1.0
61,True,2.0,59.0,1.0,1.0
61,True,2.0,29.0,5.0,1.0
67,True,2.0,59.0,3.0,1.0
67,True,2.0,3.0,6.0,1.0
71,True,2.0,67.0,2.0,1.0
71,True,2.0,7.0,6.0,1.0
73,True,2.0,71.0,1.0,1.0
73,True,2.0,3.0,6.0,2.0
73,True,2.0,41.0,5.0,1.0
79,True,2.0,47.0,5.0,1.0
79,True,2.0,71.0,3.0,1.0
83,True,2.0,79.0,2.0,1.0
83,True,2.0,19.0,6.0,1.0
83,True,2.0,67.0,4.0,1.0
83,True,2.0,3.0,1.0,4.0
89,True,2.0,3.0,3.0,4.0
89,True,2.0,73.0,4.0,1.0
89,True,2.0,5.0,6.0,2.0
97,True,2.0,89.0,3.0,1.0
97,True,2.0,3.0,4.0,4.0
101,True,2.0,97.0,2.0,1.0
101,True,2.0,37.0,6.0,1.0
103,True,2.0,71.0,5.0,1.0
103,True,2.0,101.0,1.0,1.0
107,True,2.0,43.0,6.0,1.0
107,True,2.0,103.0,2.0,1.0
109,True,2.0,101.0,3.0,1.0
109,True,2.0,107.0,1.0,1.0
113,True,2.0,7.0,6.0,2.0
113,True,2.0,3.0,5.0,4.0
113,True,2.0,109.0,2.0,1.0
113,True,2.0,97.0,4.0,1.0
127,True,2.0,5.0,1.0,3.0
131,True,2.0,67.0,6.0,1.0
131,True,2.0,127.0,2.0,1.0
131,True,2.0,3.0,7.0,1.0
137,True,2.0,73.0,6.0,1.0
137,True,2.0,3.0,7.0,2.0
137,True,2.0,11.0,4.0,2.0
139,True,2.0,137.0,1.0,1.0
139,True,2.0,107.0,5.0,1.0
139,True,2.0,11.0,7.0,1.0
139,True,2.0,131.0,3.0,1.0
149,False,,,,
151,True,2.0,149.0,1.0,1.0
151,True,2.0,23.0,7.0,1.0
157,True,2.0,29.0,7.0,1.0
157,True,2.0,149.0,3.0,1.0
157,True,2.0,5.0,5.0,3.0
163,True,2.0,131.0,5.0,1.0
167,True,2.0,103.0,6.0,1.0
167,True,2.0,151.0,4.0,1.0
167,True,2.0,163.0,2.0,1.0
173,True,2.0,109.0,6.0,1.0
173,True,2.0,157.0,4.0,1.0
173,True,2.0,13.0,2.0,2.0
179,True,2.0,163.0,4.0,1.0
181,True,2.0,53.0,7.0,1.0
181,True,2.0,173.0,3.0,1.0
181,True,2.0,179.0,1.0,1.0
181,True,2.0,149.0,5.0,1.0
191,True,2.0,127.0,6.0,1.0
193,True,2.0,191.0,1.0,1.0
197,True,2.0,181.0,4.0,1.0
197,True,2.0,193.0,2.0,1.0
199,True,2.0,167.0,5.0,1.0
199,True,2.0,197.0,1.0,1.0
199,True,2.0,71.0,7.0,1.0
199,True,2.0,191.0,3.0,1.0
211,True,2.0,83.0,7.0,1.0
211,True,2.0,179.0,5.0,1.0
223,True,2.0,191.0,5.0,1.0
227,True,2.0,163.0,6.0,1.0
227,True,2.0,223.0,2.0,1.0
227,True,2.0,211.0,4.0,1.0
229,True,2.0,227.0,1.0,1.0
229,True,2.0,101.0,7.0,1.0
229,True,2.0,197.0,5.0,1.0
233,True,2.0,229.0,2.0,1.0
233,True,2.0,13.0,6.0,2.0
239,True,2.0,223.0,4.0,1.0
241,True,2.0,233.0,3.0,1.0
241,True,2.0,239.0,1.0,1.0
241,True,2.0,113.0,7.0,1.0
251,True,2.0,3.0,3.0,5.0
257,True,2.0,241.0,4.0,1.0
257,True,2.0,193.0,6.0,1.0
263,True,2.0,7.0,8.0,1.0
263,True,2.0,199.0,6.0,1.0
269,True,2.0,13.0,8.0,1.0
271,True,2.0,263.0,3.0,1.0
271,True,2.0,239.0,5.0,1.0
271,True,2.0,269.0,1.0,1.0
277,True,2.0,269.0,3.0,1.0
277,True,2.0,149.0,7.0,1.0
281,True,2.0,277.0,2.0,1.0
281,True,2.0,5.0,8.0,2.0
283,True,2.0,251.0,5.0,1.0
283,True,2.0,281.0,1.0,1.0
283,True,2.0,3.0,8.0,3.0
293,True,2.0,277.0,4.0,1.0
293,True,2.0,17.0,2.0,2.0
293,True,2.0,37.0,8.0,1.0
293,True,2.0,229.0,6.0,1.0
307,True,2.0,179.0,7.0,1.0
307,True,2.0,3.0,6.0,5.0
311,True,2.0,307.0,2.0,1.0
313,True,2.0,311.0,1.0,1.0
313,True,2.0,281.0,5.0,1.0
317,True,2.0,61.0,8.0,1.0
317,True,2.0,313.0,2.0,1.0
331,False,,,,
337,True,2.0,3.0,8.0,4.0
347,True,2.0,331.0,4.0,1.0
347,True,2.0,7.0,2.0,3.0
347,True,2.0,283.0,6.0,1.0
349,True,2.0,347.0,1.0,1.0
349,True,2.0,317.0,5.0,1.0
353,True,2.0,97.0,8.0,1.0
353,True,2.0,337.0,4.0,1.0
353,True,2.0,17.0,6.0,2.0
353,True,2.0,349.0,2.0,1.0
359,True,2.0,103.0,8.0,1.0
359,True,2.0,7.0,4.0,3.0
367,True,2.0,239.0,7.0,1.0
367,True,2.0,359.0,3.0,1.0
373,False,,,,
379,True,2.0,251.0,7.0,1.0
379,True,2.0,347.0,5.0,1.0
383,True,2.0,367.0,4.0,1.0
383,True,2.0,127.0,8.0,1.0
383,True,2.0,379.0,2.0,1.0
389,True,2.0,373.0,4.0,1.0
397,True,2.0,389.0,3.0,1.0
397,True,2.0,269.0,7.0,1.0
401,True,2.0,337.0,6.0,1.0
401,True,2.0,397.0,2.0,1.0
409,True,2.0,281.0,7.0,1.0
409,True,2.0,401.0,3.0,1.0
419,True,2.0,163.0,8.0,1.0
421,True,2.0,389.0,5.0,1.0
421,True,2.0,293.0,7.0,1.0
421,True,2.0,419.0,1.0,1.0
431,True,2.0,367.0,6.0,1.0
433,True,2.0,401.0,5.0,1.0
433,True,2.0,431.0,1.0,1.0
439,True,2.0,431.0,3.0,1.0
439,True,2.0,311.0,7.0,1.0
443,True,2.0,379.0,6.0,1.0
443,True,2.0,439.0,2.0,1.0
449,True,2.0,193.0,8.0,1.0
449,True,2.0,433.0,4.0,1.0
457,True,2.0,449.0,3.0,1.0
461,True,2.0,457.0,2.0,1.0
461,True,2.0,397.0,6.0,1.0
463,True,2.0,431.0,5.0,1.0
463,True,2.0,461.0,1.0,1.0
467,True,2.0,463.0,2.0,1.0
467,True,2.0,211.0,8.0,1.0
479,True,2.0,223.0,8.0,1.0
479,True,2.0,463.0,4.0,1.0
487,True,2.0,479.0,3.0,1.0
487,True,2.0,359.0,7.0,1.0
491,True,2.0,487.0,2.0,1.0
499,True,2.0,467.0,5.0,1.0
499,True,2.0,491.0,3.0,1.0
499,True,2.0,3.0,8.0,5.0
503,True,2.0,487.0,4.0,1.0
503,True,2.0,499.0,2.0,1.0
503,True,2.0,439.0,6.0,1.0
509,False,,,,
521,True,2.0,3.0,9.0,2.0
521,True,2.0,457.0,6.0,1.0
523,True,2.0,491.0,5.0,1.0
523,True,2.0,521.0,1.0,1.0
523,True,2.0,11.0,9.0,1.0
541,True,2.0,29.0,9.0,1.0
541,True,2.0,509.0,5.0,1.0
547,True,2.0,419.0,7.0,1.0
557,True,2.0,541.0,4.0,1.0
563,True,2.0,307.0,8.0,1.0
563,True,2.0,547.0,4.0,1.0
563,True,2.0,499.0,6.0,1.0
569,True,2.0,313.0,8.0,1.0
571,True,2.0,569.0,1.0,1.0
571,True,2.0,443.0,7.0,1.0
571,True,2.0,563.0,3.0,1.0
571,True,2.0,59.0,9.0,1.0
577,True,2.0,449.0,7.0,1.0
577,True,2.0,569.0,3.0,1.0
587,True,2.0,571.0,4.0,1.0
587,True,2.0,331.0,8.0,1.0
587,True,2.0,523.0,6.0,1.0
593,True,2.0,337.0,8.0,1.0
593,True,2.0,3.0,9.0,4.0
593,True,2.0,23.0,6.0,2.0
593,True,2.0,577.0,4.0,1.0
599,True,2.0,7.0,8.0,3.0
601,True,2.0,569.0,5.0,1.0
601,True,2.0,593.0,3.0,1.0
601,True,2.0,599.0,1.0,1.0
601,True,2.0,89.0,9.0,1.0
607,True,2.0,599.0,3.0,1.0
607,True,2.0,479.0,7.0,1.0
613,True,2.0,101.0,9.0,1.0
617,True,2.0,613.0,2.0,1.0
617,True,2.0,19.0,8.0,2.0
617,True,2.0,601.0,4.0,1.0
619,True,2.0,617.0,1.0,1.0
619,True,2.0,491.0,7.0,1.0
619,True,2.0,587.0,5.0,1.0
619,True,2.0,107.0,9.0,1.0
631,True,2.0,599.0,5.0,1.0
631,True,2.0,503.0,7.0,1.0
641,True,2.0,5.0,4.0,4.0
641,True,2.0,577.0,6.0,1.0
643,True,2.0,131.0,9.0,1.0
643,True,2.0,641.0,1.0,1.0
647,True,2.0,643.0,2.0,1.0
647,True,2.0,631.0,4.0,1.0
653,True,2.0,397.0,8.0,1.0
659,True,2.0,643.0,4.0,1.0
661,True,2.0,149.0,9.0,1.0
661,True,2.0,659.0,1.0,1.0
661,True,2.0,653.0,3.0,1.0
673,True,2.0,641.0,5.0,1.0
677,True,2.0,661.0,4.0,1.0
677,True,2.0,613.0,6.0,1.0
677,True,2.0,673.0,2.0,1.0
677,True,2.0,421.0,8.0,1.0
683,True,2.0,619.0,6.0,1.0
691,True,2.0,659.0,5.0,1.0
691,True,2.0,563.0,7.0,1.0
691,True,2.0,179.0,9.0,1.0
691,True,2.0,683.0,3.0,1.0
701,False,,,,
709,True,2.0,701.0,3.0,1.0
709,True,2.0,677.0,5.0,1.0
709,True,2.0,197.0,9.0,1.0
719,True,2.0,463.0,8.0,1.0
727,True,2.0,599.0,7.0,1.0
727,True,2.0,719.0,3.0,1.0
733,True,2.0,701.0,5.0,1.0
733,True,2.0,3.0,2.0,6.0
739,True,2.0,227.0,9.0,1.0
743,True,2.0,739.0,2.0,1.0
743,True,2.0,727.0,4.0,1.0
743,True,2.0,487.0,8.0,1.0
751,True,2.0,743.0,3.0,1.0
751,True,2.0,239.0,9.0,1.0
751,True,2.0,719.0,5.0,1.0
757,False,,,,
761,True,2.0,3.0,5.0,6.0
761,True,2.0,757.0,2.0,1.0
769,True,2.0,641.0,7.0,1.0
769,True,2.0,761.0,3.0,1.0
769,True,2.0,257.0,9.0,1.0
773,True,2.0,757.0,4.0,1.0
773,True,2.0,769.0,2.0,1.0
773,True,2.0,709.0,6.0,1.0
787,True,2.0,659.0,7.0,1.0
797,True,2.0,541.0,8.0,1.0
797,True,2.0,733.0,6.0,1.0
809,False,,,,
811,True,2.0,683.0,7.0,1.0
811,True,2.0,809.0,1.0,1.0
821,True,2.0,757.0,6.0,1.0
823,True,2.0,821.0,1.0,1.0
823,True,2.0,311.0,9.0,1.0
827,True,2.0,811.0,4.0,1.0
827,True,2.0,823.0,2.0,1.0
827,True,2.0,571.0,8.0,1.0
829,True,2.0,701.0,7.0,1.0
829,True,2.0,797.0,5.0,1.0
829,True,2.0,827.0,1.0,1.0
829,True,2.0,821.0,3.0,1.0
829,True,2.0,317.0,9.0,1.0
839,True,2.0,823.0,4.0,1.0
853,True,2.0,821.0,5.0,1.0
857,True,2.0,29.0,4.0,2.0
857,True,2.0,601.0,8.0,1.0
857,True,2.0,853.0,2.0,1.0
857,True,2.0,3.0,7.0,6.0
859,True,2.0,827.0,5.0,1.0
859,True,2.0,347.0,9.0,1.0
859,True,2.0,857.0,1.0,1.0
863,True,2.0,859.0,2.0,1.0
863,True,2.0,607.0,8.0,1.0
877,False,,,,
881,True,2.0,5.0,8.0,4.0
881,True,2.0,877.0,2.0,1.0
883,True,2.0,881.0,1.0,1.0
887,True,2.0,631.0,8.0,1.0
887,True,2.0,823.0,6.0,1.0
887,True,2.0,883.0,2.0,1.0
907,False,,,,
911,True,2.0,907.0,2.0,1.0
919,True,2.0,911.0,3.0,1.0
919,True,2.0,887.0,5.0,1.0
929,True,2.0,673.0,8.0,1.0
937,True,2.0,929.0,3.0,1.0
937,True,2.0,809.0,7.0,1.0
941,True,2.0,877.0,6.0,1.0
941,True,2.0,937.0,2.0,1.0
947,True,2.0,691.0,8.0,1.0
947,True,2.0,883.0,6.0,1.0
953,True,2.0,937.0,4.0,1.0
967,True,2.0,839.0,7.0,1.0
971,True,2.0,907.0,6.0,1.0
971,True,2.0,967.0,2.0,1.0
977,True,2.0,31.0,4.0,2.0
983,True,2.0,727.0,8.0,1.0
983,True,2.0,967.0,4.0,1.0
983,True,2.0,919.0,6.0,1.0
991,True,2.0,479.0,9.0,1.0
991,True,2.0,863.0,7.0,1.0
991,True,2.0,983.0,3.0,1.0
997,False,,,,
1009,True,2.0,977.0,5.0,1.0
1009,True,2.0,881.0,7.0,1.0
1013,True,2.0,757.0,8.0,1.0
1013,True,2.0,1009.0,2.0,1.0
1013,True,2.0,997.0,4.0,1.0
1019,False,,,,
1021,True,2.0,509.0,9.0,1.0
1021,True,2.0,1013.0,3.0,1.0
1021,True,2.0,1019.0,1.0,1.0
1031,True,2.0,7.0,10.0,1.0
1031,True,2.0,967.0,6.0,1.0
1033,True,2.0,3.0,10.0,2.0
1033,True,2.0,521.0,9.0,1.0
1033,True,2.0,1031.0,1.0,1.0
1039,True,2.0,1031.0,3.0,1.0
1039,True,2.0,911.0,7.0,1.0
1049,True,2.0,1033.0,4.0,1.0
1049,True,2.0,5.0,10.0,2.0
1051,True,2.0,3.0,10.0,3.0
1051,True,2.0,1019.0,5.0,1.0
1051,True,2.0,1049.0,1.0,1.0
1061,True,2.0,997.0,6.0,1.0
1061,True,2.0,37.0,10.0,1.0
1063,True,2.0,1031.0,5.0,1.0
1063,True,2.0,1061.0,1.0,1.0
1069,True,2.0,941.0,7.0,1.0
1069,True,2.0,557.0,9.0,1.0
1069,True,2.0,1061.0,3.0,1.0
1087,False,,,,
1091,True,2.0,1087.0,2.0,1.0
1091,True,2.0,67.0,10.0,1.0
1093,True,2.0,1061.0,5.0,1.0
1093,True,2.0,1091.0,1.0,1.0
1097,True,2.0,29.0,8.0,2.0
1097,True,2.0,73.0,10.0,1.0
1097,True,2.0,1093.0,2.0,1.0
1097,True,2.0,1033.0,6.0,1.0
1103,True,2.0,1087.0,4.0,1.0
1103,True,2.0,79.0,10.0,1.0
1103,True,2.0,1039.0,6.0,1.0
1109,True,2.0,1093.0,4.0,1.0
1109,True,2.0,853.0,8.0,1.0
1117,True,2.0,1109.0,3.0,1.0
1123,True,2.0,1091.0,5.0,1.0
1129,True,2.0,617.0,9.0,1.0
1129,True,2.0,1097.0,5.0,1.0
1151,True,2.0,127.0,10.0,1.0
1151,True,2.0,1087.0,6.0,1.0
1153,True,2.0,1151.0,1.0,1.0
1153,True,2.0,641.0,9.0,1.0
1163,True,2.0,139.0,10.0,1.0
1163,True,2.0,907.0,8.0,1.0
1171,True,2.0,659.0,9.0,1.0
1171,True,2.0,1163.0,3.0,1.0
1181,True,2.0,157.0,10.0,1.0
1181,True,2.0,1117.0,6.0,1.0
1187,True,2.0,1171.0,4.0,1.0
1187,True,2.0,163.0,10.0,1.0
1187,True,2.0,1123.0,6.0,1.0
1193,True,2.0,937.0,8.0,1.0
1193,True,2.0,13.0,10.0,2.0
1193,True,2.0,1129.0,6.0,1.0
1201,True,2.0,1193.0,3.0,1.0
1213,True,2.0,701.0,9.0,1.0
1213,True,2.0,1181.0,5.0,1.0
1217,True,2.0,1153.0,6.0,1.0
1217,True,2.0,31.0,8.0,2.0
1217,True,2.0,1213.0,2.0,1.0
1217,True,2.0,193.0,10.0,1.0
1217,True,2.0,1201.0,4.0,1.0
1223,True,2.0,967.0,8.0,1.0
1223,True,2.0,199.0,10.0,1.0
1229,True,2.0,1213.0,4.0,1.0
1231,True,2.0,1223.0,3.0,1.0
1231,True,2.0,1103.0,7.0,1.0
1231,True,2.0,719.0,9.0,1.0
1231,True,2.0,1229.0,1.0,1.0
1237,True,2.0,1109.0,7.0,1.0
1237,True,2.0,1229.0,3.0,1.0
1249,True,2.0,1217.0,5.0,1.0
1259,False,,,,
1277,True,2.0,1021.0,8.0,1.0
1277,True,2.0,1213.0,6.0,1.0
1279,True,2.0,1151.0,7.0,1.0
1279,True,2.0,1277.0,1.0,1.0
1283,True,2.0,1279.0,2.0,1.0
1289,True,2.0,1033.0,8.0,1.0
1291,True,2.0,1259.0,5.0,1.0
1291,True,2.0,1163.0,7.0,1.0
1291,True,2.0,1283.0,3.0,1.0
1291,True,2.0,1289.0,1.0,1.0
1297,True,2.0,1289.0,3.0,1.0
1301,True,2.0,1297.0,2.0,1.0
1301,True,2.0,277.0,10.0,1.0
1301,True,2.0,1237.0,6.0,1.0
1303,True,2.0,1301.0,1.0,1.0
1307,True,2.0,1303.0,2.0,1.0
1307,True,2.0,1051.0,8.0,1.0
1307,True,2.0,1291.0,4.0,1.0
1307,True,2.0,283.0,10.0,1.0
1319,True,2.0,1063.0,8.0,1.0
1319,True,2.0,1303.0,4.0,1.0
1321,True,2.0,1319.0,1.0,1.0
1321,True,2.0,1193.0,7.0,1.0
1321,True,2.0,1289.0,5.0,1.0
1321,True,2.0,809.0,9.0,1.0
1327,True,2.0,1319.0,3.0,1.0
1361,True,2.0,337.0,10.0,1.0
1361,True,2.0,1297.0,6.0,1.0
1367,True,2.0,7.0,10.0,3.0
1367,True,2.0,1303.0,6.0,1.0
1373,True,2.0,349.0,10.0,1.0
1373,True,2.0,1117.0,8.0,1.0
1373,True,2.0,37.0,2.0,2.0
1381,True,2.0,1373.0,3.0,1.0
1399,True,2.0,1367.0,5.0,1.0
1399,True,2.0,887.0,9.0,1.0
1409,True,2.0,1153.0,8.0,1.0
1423,True,2.0,911.0,9.0,1.0
1427,True,2.0,1423.0,2.0,1.0
1427,True,2.0,1171.0,8.0,1.0
1429,True,2.0,1301.0,7.0,1.0
1429,True,2.0,1427.0,1.0,1.0
1433,True,2.0,409.0,10.0,1.0
1433,True,2.0,1429.0,2.0,1.0
1433,True,2.0,37.0,6.0,2.0
1439,True,2.0,1423.0,4.0,1.0
1447,True,2.0,1439.0,3.0,1.0
1447,True,2.0,1319.0,7.0,1.0
1451,True,2.0,1447.0,2.0,1.0
1453,True,2.0,1451.0,1.0,1.0
1453,True,2.0,941.0,9.0,1.0
1459,True,2.0,1451.0,3.0,1.0
1459,True,2.0,1427.0,5.0,1.0
1459,True,2.0,11.0,7.0,3.0
1459,True,2.0,947.0,9.0,1.0
1471,True,2.0,1439.0,5.0,1.0
1481,True,2.0,457.0,10.0,1.0
1483,True,2.0,1451.0,5.0,1.0
1483,True,2.0,1481.0,1.0,1.0
1483,True,2.0,971.0,9.0,1.0
1487,True,2.0,1471.0,4.0,1.0
1487,True,2.0,1423.0,6.0,1.0
1487,True,2.0,463.0,10.0,1.0
1487,True,2.0,1483.0,2.0,1.0
1487,True,2.0,1231.0,8.0,1.0
1489,True,2.0,1481.0,3.0,1.0
1489,True,2.0,1361.0,7.0,1.0
1489,True,2.0,977.0,9.0,1.0
1489,True,2.0,1487.0,1.0,1.0
1493,True,2.0,1237.0,8.0,1.0
1493,True,2.0,1429.0,6.0,1.0
1493,True,2.0,1489.0,2.0,1.0
1499,True,2.0,1483.0,4.0,1.0
1511,True,2.0,1447.0,6.0,1.0
1511,True,2.0,487.0,10.0,1.0
1523,True,2.0,1459.0,6.0,1.0
1523,True,2.0,499.0,10.0,1.0
1531,True,2.0,1499.0,5.0,1.0
1531,True,2.0,1019.0,9.0,1.0
1531,True,2.0,1523.0,3.0,1.0
1543,True,2.0,1031.0,9.0,1.0
1543,True,2.0,1511.0,5.0,1.0
1549,False,,,,
1553,True,2.0,1297.0,8.0,1.0
1553,True,2.0,23.0,10.0,2.0
1553,True,2.0,1489.0,6.0,1.0
1553,True,2.0,1549.0,2.0,1.0
1559,True,2.0,1543.0,4.0,1.0
1559,True,2.0,1303.0,8.0,1.0
1567,True,2.0,1559.0,3.0,1.0
1567,True,2.0,1439.0,7.0,1.0
1571,True,2.0,547.0,10.0,1.0
1571,True,2.0,1567.0,2.0,1.0
1579,True,2.0,1451.0,7.0,1.0
1579,True,2.0,1571.0,3.0,1.0
1583,True,2.0,1327.0,8.0,1.0
1583,True,2.0,1579.0,2.0,1.0
1583,True,2.0,1567.0,4.0,1.0
1597,False,,,,
1601,True,2.0,1597.0,2.0,1.0
1601,True,2.0,577.0,10.0,1.0
1607,True,2.0,1543.0,6.0,1.0
1609,True,2.0,1097.0,9.0,1.0
1609,True,2.0,1481.0,7.0,1.0
1609,True,2.0,1607.0,1.0,1.0
1609,True,2.0,1601.0,3.0,1.0
1613,True,2.0,1597.0,4.0,1.0
1613,True,2.0,1609.0,2.0,1.0
1613,True,2.0,1549.0,6.0,1.0
1619,False,,,,
1621,True,2.0,1619.0,1.0,1.0
1621,True,2.0,1613.0,3.0,1.0
1621,True,2.0,1109.0,9.0,1.0
1621,True,2.0,1493.0,7.0,1.0
1627,True,2.0,1619.0,3.0,1.0
1627,True,2.0,1499.0,7.0,1.0
1637,True,2.0,613.0,10.0,1.0
1637,True,2.0,1381.0,8.0,1.0
1637,True,2.0,1621.0,4.0,1.0
1657,False,,,,
1663,True,2.0,1151.0,9.0,1.0
1667,True,2.0,1663.0,2.0,1.0
1667,True,2.0,643.0,10.0,1.0
1669,True,2.0,1637.0,5.0,1.0
1669,True,2.0,1667.0,1.0,1.0
1693,True,2.0,1181.0,9.0,1.0
1697,True,2.0,673.0,10.0,1.0
1697,True,2.0,1693.0,2.0,1.0
1697,True,2.0,41.0,4.0,2.0
1699,True,2.0,1667.0,5.0,1.0
1699,True,2.0,1187.0,9.0,1.0
1699,True,2.0,1571.0,7.0,1.0
1699,True,2.0,1697.0,1.0,1.0
1709,True,2.0,1453.0,8.0,1.0
1709,True,2.0,1693.0,4.0,1.0
1721,True,2.0,1657.0,6.0,1.0
1723,True,2.0,1721.0,1.0,1.0
1733,True,2.0,709.0,10.0,1.0
1733,True,2.0,1669.0,6.0,1.0
1741,True,2.0,1733.0,3.0,1.0
1741,True,2.0,1613.0,7.0,1.0
1741,True,2.0,1229.0,9.0,1.0
1741,True,2.0,1709.0,5.0,1.0
1747,True,2.0,1619.0,7.0,1.0
1753,True,2.0,1721.0,5.0,1.0
1753,True,2.0,3.0,10.0,6.0
1759,False,,,,
1777,False,,,,
1783,False,,,,
1787,True,2.0,1723.0,6.0,1.0
1787,True,2.0,1531.0,8.0,1.0
1787,True,2.0,1783.0,2.0,1.0
1789,True,2.0,1277.0,9.0,1.0
1789,True,2.0,1787.0,1.0,1.0
1801,True,2.0,1289.0,9.0,1.0
1811,True,2.0,1747.0,6.0,1.0
1811,True,2.0,787.0,10.0,1.0
1823,True,2.0,1567.0,8.0,1.0
1823,True,2.0,1759.0,6.0,1.0
1831,True,2.0,1319.0,9.0,1.0
1831,True,2.0,1823.0,3.0,1.0
1847,True,2.0,1831.0,4.0,1.0
1847,True,2.0,1783.0,6.0,1.0
1847,True,2.0,823.0,10.0,1.0
1861,True,2.0,1733.0,7.0,1.0
1867,False,,,,
1871,True,2.0,1867.0,2.0,1.0
1873,True,2.0,1871.0,1.0,1.0
1873,True,2.0,1361.0,9.0,1.0
1877,True,2.0,1861.0,4.0,1.0
1877,True,2.0,1621.0,8.0,1.0
1877,True,2.0,1873.0,2.0,1.0
1877,True,2.0,853.0,10.0,1.0
1879,True,2.0,1871.0,3.0,1.0
1879,True,2.0,1847.0,5.0,1.0
1879,True,2.0,1877.0,1.0,1.0
1879,True,2.0,1367.0,9.0,1.0
1889,True,2.0,1873.0,4.0,1.0
1901,True,2.0,877.0,10.0,1.0
1907,True,2.0,883.0,10.0,1.0
1913,True,2.0,43.0,6.0,2.0
1913,True,2.0,1657.0,8.0,1.0
1931,True,2.0,1867.0,6.0,1.0
1931,True,2.0,907.0,10.0,1.0
1933,True,2.0,1901.0,5.0,1.0
1933,True,2.0,1931.0,1.0,1.0
1949,True,2.0,1933.0,4.0,1.0
1949,True,2.0,1693.0,8.0,1.0
1951,True,2.0,1949.0,1.0,1.0
1951,True,2.0,1823.0,7.0,1.0
1951,True,2.0,1439.0,9.0,1.0
1973,False,,,,
1979,True,2.0,1723.0,8.0,1.0
1987,True,2.0,1979.0,3.0,1.0
1993,True,2.0,1481.0,9.0,1.0
1997,True,2.0,1741.0,8.0,1.0
1997,True,2.0,1993.0,2.0,1.0
1997,True,2.0,1933.0,6.0,1.0
1999,True,2.0,1997.0,1.0,1.0
1999,True,2.0,1871.0,7.0,1.0
1999,True,2.0,1487.0,9.0,1.0
2003,True,2.0,1747.0,8.0,1.0
2003,True,2.0,1987.0,4.0,1.0
2003,True,2.0,1999.0,2.0,1.0
2011,True,2.0,2003.0,3.0,1.0
2011,True,2.0,1499.0,9.0,1.0
2011,True,2.0,1979.0,5.0,1.0
2017,True,2.0,1889.0,7.0,1.0
2027,True,2.0,2011.0,4.0,1.0
2029,True,2.0,2027.0,1.0,1.0
2029,True,2.0,1997.0,5.0,1.0
2029,True,2.0,1901.0,7.0,1.0
2039,True,2.0,1783.0,8.0,1.0
2053,True,2.0,5.0,11.0,1.0
2063,True,2.0,1039.0,10.0,1.0
2063,True,2.0,1999.0,6.0,1.0
2069,True,2.0,2053.0,4.0,1.0
2081,True,2.0,2017.0,6.0,1.0
2083,True,2.0,2081.0,1.0,1.0
2083,True,2.0,1571.0,9.0,1.0
2087,True,2.0,1063.0,10.0,1.0
2087,True,2.0,2083.0,2.0,1.0
2087,True,2.0,1831.0,8.0,1.0
2089,True,2.0,41.0,11.0,1.0
2089,True,2.0,2087.0,1.0,1.0
2089,True,2.0,2081.0,3.0,1.0
2099,True,2.0,2083.0,4.0,1.0
2111,True,2.0,1087.0,10.0,1.0
2113,True,2.0,2081.0,5.0,1.0
2113,True,2.0,1601.0,9.0,1.0
2113,True,2.0,2111.0,1.0,1.0
2129,True,2.0,3.0,11.0,4.0
2129,True,2.0,1873.0,8.0,1.0
2129,True,2.0,2113.0,4.0,1.0
2131,True,2.0,1619.0,9.0,1.0
2131,True,2.0,2003.0,7.0,1.0
2131,True,2.0,2099.0,5.0,1.0
2131,True,2.0,2129.0,1.0,1.0
2131,True,2.0,83.0,11.0,1.0
2137,True,2.0,89.0,11.0,1.0
2137,True,2.0,2129.0,3.0,1.0
2141,True,2.0,2137.0,2.0,1.0
2141,True,2.0,1117.0,10.0,1.0
2143,True,2.0,2141.0,1.0,1.0
2143,True,2.0,2111.0,5.0,1.0
2153,True,2.0,2089.0,6.0,1.0
2153,True,2.0,1129.0,10.0,1.0
2153,True,2.0,2137.0,4.0,1.0
2161,True,2.0,2153.0,3.0,1.0
2161,True,2.0,113.0,11.0,1.0
2161,True,2.0,2129.0,5.0,1.0
2179,True,2.0,1667.0,9.0,1.0
2179,True,2.0,131.0,11.0,1.0
2203,True,2.0,3.0,4.0,7.0
2207,True,2.0,2143.0,6.0,1.0
2207,True,2.0,1951.0,8.0,1.0
2207,True,2.0,2203.0,2.0,1.0
2213,True,2.0,47.0,2.0,2.0
2213,True,2.0,13.0,4.0,3.0
2221,True,2.0,2213.0,3.0,1.0
2221,True,2.0,1709.0,9.0,1.0
2221,True,2.0,173.0,11.0,1.0
2237,True,2.0,1213.0,10.0,1.0
2237,True,2.0,2221.0,4.0,1.0
2239,True,2.0,2207.0,5.0,1.0
2239,True,2.0,2237.0,1.0,1.0
2239,True,2.0,2111.0,7.0,1.0
2239,True,2.0,191.0,11.0,1.0
2243,True,2.0,2239.0,2.0,1.0
2243,True,2.0,2179.0,6.0,1.0
2243,True,2.0,1987.0,8.0,1.0
2251,True,2.0,2243.0,3.0,1.0
2251,True,2.0,3.0,6.0,7.0
2267,True,2.0,2011.0,8.0,1.0
2267,True,2.0,2203.0,6.0,1.0
2267,True,2.0,2251.0,4.0,1.0
2269,True,2.0,2141.0,7.0,1.0
2269,True,2.0,2237.0,5.0,1.0
2269,True,2.0,2267.0,1.0,1.0
2273,True,2.0,47.0,6.0,2.0
2273,True,2.0,1249.0,10.0,1.0
2273,True,2.0,2017.0,8.0,1.0
2273,True,2.0,2269.0,2.0,1.0
2281,True,2.0,2153.0,7.0,1.0
2281,True,2.0,2273.0,3.0,1.0
2281,True,2.0,233.0,11.0,1.0
2287,True,2.0,239.0,11.0,1.0
2293,False,,,,
2297,True,2.0,2293.0,2.0,1.0
2297,True,2.0,2281.0,4.0,1.0
2309,True,2.0,2053.0,8.0,1.0
2309,True,2.0,2293.0,4.0,1.0
2311,True,2.0,263.0,11.0,1.0
2311,True,2.0,2309.0,1.0,1.0
2333,True,2.0,2269.0,6.0,1.0
2339,True,2.0,2083.0,8.0,1.0
2341,True,2.0,2309.0,5.0,1.0
2341,True,2.0,2339.0,1.0,1.0
2341,True,2.0,2213.0,7.0,1.0
2341,True,2.0,2333.0,3.0,1.0
2341,True,2.0,293.0,11.0,1.0
2347,True,2.0,2339.0,3.0,1.0
2351,True,2.0,1327.0,10.0,1.0
2351,True,2.0,2287.0,6.0,1.0
2351,True,2.0,2347.0,2.0,1.0
2357,True,2.0,2293.0,6.0,1.0
2357,True,2.0,2341.0,4.0,1.0
2371,True,2.0,2243.0,7.0,1.0
2371,True,2.0,2339.0,5.0,1.0
2377,False,,,,
2381,True,2.0,2377.0,2.0,1.0
2383,True,2.0,2351.0,5.0,1.0
2383,True,2.0,1871.0,9.0,1.0
2383,True,2.0,2381.0,1.0,1.0
2389,True,2.0,2381.0,3.0,1.0
2389,True,2.0,2357.0,5.0,1.0
2389,True,2.0,1877.0,9.0,1.0
2393,True,2.0,37.0,10.0,2.0
2393,True,2.0,2377.0,4.0,1.0
2393,True,2.0,2137.0,8.0,1.0
2393,True,2.0,2389.0,2.0,1.0
2399,True,2.0,2383.0,4.0,1.0
2399,True,2.0,2143.0,8.0,1.0
2411,True,2.0,2347.0,6.0,1.0
2417,True,2.0,7.0,4.0,4.0
2417,True,2.0,2161.0,8.0,1.0
2423,True,2.0,1399.0,10.0,1.0
2437,True,2.0,2309.0,7.0,1.0
2437,True,2.0,389.0,11.0,1.0
2441,True,2.0,2377.0,6.0,1.0
2441,True,2.0,2437.0,2.0,1.0
2447,True,2.0,1423.0,10.0,1.0
2447,True,2.0,2383.0,6.0,1.0
2459,True,2.0,2203.0,8.0,1.0
2467,True,2.0,2339.0,7.0,1.0
2467,True,2.0,2459.0,3.0,1.0
2467,True,2.0,419.0,11.0,1.0
2473,True,2.0,2441.0,5.0,1.0
2477,True,2.0,2473.0,2.0,1.0
2477,True,2.0,1453.0,10.0,1.0
2477,True,2.0,2221.0,8.0,1.0
2503,False,,,,
2521,True,2.0,2393.0,7.0,1.0
2531,True,2.0,2467.0,6.0,1.0
2539,True,2.0,2027.0,9.0,1.0
2539,True,2.0,2411.0,7.0,1.0
2539,True,2.0,2531.0,3.0,1.0
2539,True,2.0,491.0,11.0,1.0
2543,True,2.0,2539.0,2.0,1.0
2543,True,2.0,2287.0,8.0,1.0
2549,True,2.0,2293.0,8.0,1.0
2551,True,2.0,2543.0,3.0,1.0
2551,True,2.0,503.0,11.0,1.0
2551,True,2.0,2423.0,7.0,1.0
2551,True,2.0,2039.0,9.0,1.0
2551,True,2.0,2549.0,1.0,1.0
2557,True,2.0,509.0,11.0,1.0
2557,True,2.0,2549.0,3.0,1.0
2579,False,,,,
2591,True,2.0,1567.0,10.0,1.0
2593,True,2.0,2591.0,1.0,1.0
2593,True,2.0,2081.0,9.0,1.0
2609,True,2.0,2593.0,4.0,1.0
2617,True,2.0,2609.0,3.0,1.0
2617,True,2.0,569.0,11.0,1.0
2621,True,2.0,2557.0,6.0,1.0
2621,True,2.0,1597.0,10.0,1.0
2621,True,2.0,2617.0,2.0,1.0
2633,True,2.0,2617.0,4.0,1.0
2633,True,2.0,2377.0,8.0,1.0
2633,True,2.0,1609.0,10.0,1.0
2647,True,2.0,599.0,11.0,1.0
2657,True,2.0,2593.0,6.0,1.0
2657,True,2.0,7.0,8.0,4.0
2659,True,2.0,2657.0,1.0,1.0
2659,True,2.0,2531.0,7.0,1.0
2663,True,2.0,2647.0,4.0,1.0
2663,True,2.0,2659.0,2.0,1.0
2671,True,2.0,2543.0,7.0,1.0
2671,True,2.0,2663.0,3.0,1.0
2677,True,2.0,2549.0,7.0,1.0
2683,False,,,,
2687,True,2.0,2683.0,2.0,1.0
2687,True,2.0,1663.0,10.0,1.0
2687,True,2.0,2671.0,4.0,1.0
2689,True,2.0,2657.0,5.0,1.0
2689,True,2.0,2687.0,1.0,1.0
2689,True,2.0,641.0,11.0,1.0
2693,True,2.0,1669.0,10.0,1.0
2693,True,2.0,2677.0,4.0,1.0
2693,True,2.0,2689.0,2.0,1.0
2693,True,2.0,2437.0,8.0,1.0
2699,True,2.0,2683.0,4.0,1.0
2699,True,2.0,3.0,9.0,7.0
2707,True,2.0,659.0,11.0,1.0
2707,True,2.0,2579.0,7.0,1.0
2707,True,2.0,2699.0,3.0,1.0
2711,True,2.0,2647.0,6.0,1.0
2711,True,2.0,2707.0,2.0,1.0
2713,True,2.0,2711.0,1.0,1.0
2719,True,2.0,2711.0,3.0,1.0
2719,True,2.0,2687.0,5.0,1.0
2719,True,2.0,2207.0,9.0,1.0
2719,True,2.0,2591.0,7.0,1.0
2729,True,2.0,2713.0,4.0,1.0
2729,True,2.0,2473.0,8.0,1.0
2731,True,2.0,683.0,11.0,1.0
2731,True,2.0,2729.0,1.0,1.0
2731,True,2.0,2699.0,5.0,1.0
2741,True,2.0,2677.0,6.0,1.0
2749,True,2.0,2621.0,7.0,1.0
2749,True,2.0,701.0,11.0,1.0
2749,True,2.0,2741.0,3.0,1.0
2749,True,2.0,2237.0,9.0,1.0
2753,True,2.0,2689.0,6.0,1.0
2753,True,2.0,2749.0,2.0,1.0
2767,True,2.0,719.0,11.0,1.0
2777,True,2.0,3.0,11.0,6.0
2777,True,2.0,1753.0,10.0,1.0
2777,True,2.0,2521.0,8.0,1.0
2777,True,2.0,2713.0,6.0,1.0
2789,False,,,,
2791,True,2.0,2789.0,1.0,1.0
2791,True,2.0,2663.0,7.0,1.0
2791,True,2.0,743.0,11.0,1.0
2797,True,2.0,2789.0,3.0,1.0
2801,True,2.0,2797.0,2.0,1.0
2801,True,2.0,1777.0,10.0,1.0
2803,True,2.0,2801.0,1.0,1.0
2819,True,2.0,2803.0,4.0,1.0
2833,True,2.0,2801.0,5.0,1.0
2837,True,2.0,2833.0,2.0,1.0
2843,False,,,,
2851,True,2.0,2843.0,3.0,1.0
2851,True,2.0,2819.0,5.0,1.0
2851,True,2.0,2339.0,9.0,1.0
2857,True,2.0,809.0,11.0,1.0
2857,True,2.0,2729.0,7.0,1.0
2861,True,2.0,2797.0,6.0,1.0
2861,True,2.0,2857.0,2.0,1.0
2879,False,,,,
2887,True,2.0,839.0,11.0,1.0
2887,True,2.0,2879.0,3.0,1.0
2897,True,2.0,2833.0,6.0,1.0
2897,True,2.0,1873.0,10.0,1.0
2903,True,2.0,2647.0,8.0,1.0
2903,True,2.0,2887.0,4.0,1.0
2903,True,2.0,1879.0,10.0,1.0
2909,False,,,,
2917,True,2.0,2789.0,7.0,1.0
2917,True,2.0,2909.0,3.0,1.0
2927,True,2.0,2671.0,8.0,1.0
2939,True,2.0,2683.0,8.0,1.0
2953,True,2.0,2441.0,9.0,1.0
2957,True,2.0,1933.0,10.0,1.0
2957,True,2.0,2953.0,2.0,1.0
2963,True,2.0,2707.0,8.0,1.0
2969,True,2.0,2713.0,8.0,1.0
2969,True,2.0,2953.0,4.0,1.0
2971,True,2.0,2963.0,3.0,1.0
2971,True,2.0,2969.0,1.0,1.0
2971,True,2.0,2939.0,5.0,1.0
2971,True,2.0,2843.0,7.0,1.0
2971,True,2.0,2459.0,9.0,1.0
2999,False,,,,
3001,True,2.0,2969.0,5.0,1.0
3001,True,2.0,953.0,11.0,1.0
3001,True,2.0,2999.0,1.0,1.0
3011,True,2.0,1987.0,10.0,1.0
3019,True,2.0,3011.0,3.0,1.0
3019,True,2.0,971.0,11.0,1.0
3023,True,2.0,2767.0,8.0,1.0
3023,True,2.0,3019.0,2.0,1.0
3023,True,2.0,1999.0,10.0,1.0
3037,True,2.0,2909.0,7.0,1.0
3041,True,2.0,2017.0,10.0,1.0
3041,True,2.0,3037.0,2.0,1.0
3049,True,2.0,3041.0,3.0,1.0
3061,True,2.0,1013.0,11.0,1.0
3061,True,2.0,2549.0,9.0,1.0
3067,True,2.0,1019.0,11.0,1.0
3067,True,2.0,2939.0,7.0,1.0
3079,True,2.0,1031.0,11.0,1.0
3083,True,2.0,3067.0,4.0,1.0
3083,True,2.0,3079.0,2.0,1.0
3083,True,2.0,3019.0,6.0,1.0
3089,True,2.0,2833.0,8.0,1.0
3109,True,2.0,1061.0,11.0,1.0
3119,False,,,,
3121,True,2.0,3119.0,1.0,1.0
3121,True,2.0,2609.0,9.0,1.0
3121,True,2.0,3089.0,5.0,1.0
3137,True,2.0,2113.0,10.0,1.0
3137,True,2.0,3121.0,4.0,1.0
3163,False,,,,
3167,True,2.0,3163.0,2.0,1.0
3167,True,2.0,2143.0,10.0,1.0
3169,True,2.0,3041.0,7.0,1.0
3169,True,2.0,3137.0,5.0,1.0
3169,True,2.0,3167.0,1.0,1.0
3169,True,2.0,2657.0,9.0,1.0
3181,False,,,,
3187,False,,,,
3191,True,2.0,3187.0,2.0,1.0
3203,True,2.0,2179.0,10.0,1.0
3203,True,2.0,3187.0,4.0,1.0
3209,True,2.0,2953.0,8.0,1.0
3217,True,2.0,3209.0,3.0,1.0
3217,True,2.0,3089.0,7.0,1.0
3221,True,2.0,13.0,10.0,3.0
3221,True,2.0,3217.0,2.0,1.0
3229,True,2.0,3221.0,3.0,1.0
3229,True,2.0,1181.0,11.0,1.0
3251,True,2.0,3187.0,6.0,1.0
3253,True,2.0,3221.0,5.0,1.0
3253,True,2.0,2741.0,9.0,1.0
3253,True,2.0,5.0,7.0,5.0
3253,True,2.0,3251.0,1.0,1.0
3257,True,2.0,3001.0,8.0,1.0
3257,True,2.0,3253.0,2.0,1.0
3259,True,2.0,3251.0,3.0,1.0
3259,True,2.0,3257.0,1.0,1.0
3271,True,2.0,1223.0,11.0,1.0
3299,False,,,,
3301,True,2.0,2789.0,9.0,1.0
3301,True,2.0,3299.0,1.0,1.0
3307,True,2.0,3299.0,3.0,1.0
3307,True,2.0,1259.0,11.0,1.0
3313,True,2.0,2801.0,9.0,1.0
3319,True,2.0,3191.0,7.0,1.0
3323,True,2.0,3067.0,8.0,1.0
3323,True,2.0,3307.0,4.0,1.0
3323,True,2.0,3259.0,6.0,1.0
3323,True,2.0,3319.0,2.0,1.0
3329,True,2.0,3313.0,4.0,1.0
3331,True,2.0,2819.0,9.0,1.0
3331,True,2.0,3329.0,1.0,1.0
3331,True,2.0,3323.0,3.0,1.0
3331,True,2.0,1283.0,11.0,1.0
3331,True,2.0,3299.0,5.0,1.0
3331,True,2.0,3203.0,7.0,1.0
3343,False,,,,
3347,True,2.0,3343.0,2.0,1.0
3347,True,2.0,3331.0,4.0,1.0
3359,True,2.0,3343.0,4.0,1.0
3361,True,2.0,3359.0,1.0,1.0
3361,True,2.0,3329.0,5.0,1.0
3371,True,2.0,3307.0,6.0,1.0
3371,True,2.0,2347.0,10.0,1.0
3373,True,2.0,2861.0,9.0,1.0
3373,True,2.0,3371.0,1.0,1.0
3389,True,2.0,3373.0,4.0,1.0
3391,True,2.0,2879.0,9.0,1.0
3391,True,2.0,3359.0,5.0,1.0
3391,True,2.0,3389.0,1.0,1.0
3407,True,2.0,3391.0,4.0,1.0
3407,True,2.0,3343.0,6.0,1.0
3407,True,2.0,2383.0,10.0,1.0
3413,True,2.0,2389.0,10.0,1.0
3433,False,,,,
3449,True,2.0,3433.0,4.0,1.0
3457,True,2.0,1409.0,11.0,1.0
3457,True,2.0,3329.0,7.0,1.0
3457,True,2.0,3449.0,3.0,1.0
3461,True,2.0,2437.0,10.0,1.0
3461,True,2.0,3457.0,2.0,1.0
3463,True,2.0,3461.0,1.0,1.0
3467,True,2.0,3463.0,2.0,1.0
3469,True,2.0,3461.0,3.0,1.0
3469,True,2.0,2957.0,9.0,1.0
3469,True,2.0,3467.0,1.0,1.0
3491,True,2.0,2467.0,10.0,1.0
3499,True,2.0,3467.0,5.0,1.0
3499,True,2.0,3371.0,7.0,1.0
3499,True,2.0,3491.0,3.0,1.0
3499,True,2.0,1451.0,11.0,1.0
3511,True,2.0,2999.0,9.0,1.0
3517,True,2.0,3389.0,7.0,1.0
3527,True,2.0,3463.0,6.0,1.0
3527,True,2.0,3271.0,8.0,1.0
3527,True,2.0,3511.0,4.0,1.0
3527,True,2.0,2503.0,10.0,1.0
3529,True,2.0,3527.0,1.0,1.0
3529,True,2.0,1481.0,11.0,1.0
3533,True,2.0,3469.0,6.0,1.0
3533,True,2.0,3529.0,2.0,1.0
3533,True,2.0,3517.0,4.0,1.0
3539,False,,,,
3541,True,2.0,3539.0,1.0,1.0
3541,True,2.0,3413.0,7.0,1.0
3541,True,2.0,3533.0,3.0,1.0
3541,True,2.0,1493.0,11.0,1.0
3547,True,2.0,3539.0,3.0,1.0
3547,True,2.0,1499.0,11.0,1.0
3557,True,2.0,3541.0,4.0,1.0
3557,True,2.0,3301.0,8.0,1.0
3559,True,2.0,1511.0,11.0,1.0
3559,True,2.0,3557.0,1.0,1.0
3559,True,2.0,3527.0,5.0,1.0
3571,True,2.0,3539.0,5.0,1.0
3571,True,2.0,1523.0,11.0,1.0
3581,True,2.0,3517.0,6.0,1.0
3581,True,2.0,2557.0,10.0,1.0
3583,True,2.0,3581.0,1.0,1.0
3593,True,2.0,3529.0,6.0,1.0
3607,True,2.0,1559.0,11.0,1.0
3613,True,2.0,3581.0,5.0,1.0
3617,True,2.0,3613.0,2.0,1.0
3617,True,2.0,2593.0,10.0,1.0
3617,True,2.0,3361.0,8.0,1.0
3623,True,2.0,3559.0,6.0,1.0
3623,True,2.0,3607.0,4.0,1.0
3631,True,2.0,1583.0,11.0,1.0
3631,True,2.0,3119.0,9.0,1.0
3631,True,2.0,3623.0,3.0,1.0
3637,True,2.0,5.0,9.0,5.0
3643,False,,,,
3659,True,2.0,3643.0,4.0,1.0
3671,True,2.0,3607.0,6.0,1.0
3671,True,2.0,2647.0,10.0,1.0
3673,True,2.0,3671.0,1.0,1.0
3677,True,2.0,3673.0,2.0,1.0
3677,True,2.0,3613.0,6.0,1.0
3691,True,2.0,3659.0,5.0,1.0
3697,False,,,,
3701,True,2.0,3637.0,6.0,1.0
3701,True,2.0,3697.0,2.0,1.0
3701,True,2.0,2677.0,10.0,1.0
3709,True,2.0,3677.0,5.0,1.0
3709,True,2.0,3701.0,3.0,1.0
3709,True,2.0,3581.0,7.0,1.0
3719,True,2.0,3463.0,8.0,1.0
3727,True,2.0,3719.0,3.0,1.0
3733,True,2.0,3221.0,9.0,1.0
3733,True,2.0,3701.0,5.0,1.0
3739,False,,,,
3761,True,2.0,3697.0,6.0,1.0
3767,True,2.0,3511.0,8.0,1.0
3769,True,2.0,3257.0,9.0,1.0
3769,True,2.0,3761.0,3.0,1.0
3769,True,2.0,3767.0,1.0,1.0
3769,True,2.0,1721.0,11.0,1.0
3779,False,,,,
3793,True,2.0,3761.0,5.0,1.0
3797,True,2.0,3733.0,6.0,1.0
3797,True,2.0,3541.0,8.0,1.0
3797,True,2.0,3793.0,2.0,1.0
3803,True,2.0,3547.0,8.0,1.0
3803,True,2.0,3739.0,6.0,1.0
3821,True,2.0,2797.0,10.0,1.0
3823,True,2.0,3821.0,1.0,1.0
3833,True,2.0,53.0,10.0,2.0
3833,True,2.0,3769.0,6.0,1.0
3847,True,2.0,3719.0,7.0,1.0
3851,True,2.0,3847.0,2.0,1.0
3853,True,2.0,3851.0,1.0,1.0
3853,True,2.0,3821.0,5.0,1.0
3863,True,2.0,3607.0,8.0,1.0
3863,True,2.0,3847.0,4.0,1.0
3877,False,,,,
3881,True,2.0,3877.0,2.0,1.0
3881,True,2.0,2857.0,10.0,1.0
3889,True,2.0,3761.0,7.0,1.0
3889,True,2.0,3881.0,3.0,1.0
3907,True,2.0,3779.0,7.0,1.0
3911,True,2.0,3847.0,6.0,1.0
3911,True,2.0,3907.0,2.0,1.0
3911,True,2.0,2887.0,10.0,1.0
3917,True,2.0,3853.0,6.0,1.0
3919,True,2.0,3407.0,9.0,1.0
3919,True,2.0,3911.0,3.0,1.0
3919,True,2.0,3917.0,1.0,1.0
3919,True,2.0,1871.0,11.0,1.0
3923,True,2.0,3919.0,2.0,1.0
3923,True,2.0,3907.0,4.0,1.0
3929,True,2.0,3673.0,8.0,1.0
3931,True,2.0,3923.0,3.0,1.0
3931,True,2.0,3929.0,1.0,1.0
3931,True,2.0,3803.0,7.0,1.0
3943,True,2.0,3911.0,5.0,1.0
3947,True,2.0,3691.0,8.0,1.0
3947,True,2.0,3931.0,4.0,1.0
3947,True,2.0,3943.0,2.0,1.0
3967,False,,,,
3989,True,2.0,3733.0,8.0,1.0
4001,False,,,,
4003,True,2.0,4001.0,1.0,1.0
4003,True,2.0,3491.0,9.0,1.0
4007,True,2.0,3943.0,6.0,1.0
4007,True,2.0,4003.0,2.0,1.0
4013,False,,,,
4019,True,2.0,4003.0,4.0,1.0
4021,True,2.0,4019.0,1.0,1.0
4021,True,2.0,3989.0,5.0,1.0
4021,True,2.0,4013.0,3.0,1.0
4021,True,2.0,1973.0,11.0,1.0
4027,True,2.0,1979.0,11.0,1.0
4027,True,2.0,4019.0,3.0,1.0
4049,True,2.0,3793.0,8.0,1.0
4051,True,2.0,3923.0,7.0,1.0
4051,True,2.0,2003.0,11.0,1.0
4051,True,2.0,3539.0,9.0,1.0
4051,True,2.0,4049.0,1.0,1.0
4051,True,2.0,4019.0,5.0,1.0
4057,True,2.0,4049.0,3.0,1.0
4057,True,2.0,3929.0,7.0,1.0
4073,True,2.0,3049.0,10.0,1.0
4073,True,2.0,4057.0,4.0,1.0
4079,True,2.0,3823.0,8.0,1.0
4091,True,2.0,3067.0,10.0,1.0
4091,True,2.0,4027.0,6.0,1.0
4093,True,2.0,4091.0,1.0,1.0
4093,True,2.0,3581.0,9.0,1.0
4099,True,2.0,3.0,12.0,1.0
4099,True,2.0,4091.0,3.0,1.0
4111,True,2.0,2063.0,11.0,1.0
4111,True,2.0,4079.0,5.0,1.0
4127,True,2.0,4111.0,4.0,1.0
4127,True,2.0,31.0,12.0,1.0
4129,True,2.0,4001.0,7.0,1.0
4129,True,2.0,2081.0,11.0,1.0
4129,True,2.0,3617.0,9.0,1.0
4129,True,2.0,4127.0,1.0,1.0
4133,True,2.0,37.0,12.0,1.0
4133,True,2.0,3109.0,10.0,1.0
4133,True,2.0,4129.0,2.0,1.0
4133,True,2.0,3877.0,8.0,1.0
4139,True,2.0,43.0,12.0,1.0
4153,False,,,,
4157,True,2.0,4153.0,2.0,1.0
4157,True,2.0,61.0,12.0,1.0
4157,True,2.0,4093.0,6.0,1.0
4159,True,2.0,4157.0,1.0,1.0
4159,True,2.0,2111.0,11.0,1.0
4159,True,2.0,4127.0,5.0,1.0
4177,True,2.0,3.0,12.0,4.0
4177,True,2.0,4049.0,7.0,1.0
4177,True,2.0,2129.0,11.0,1.0
4201,True,2.0,2153.0,11.0,1.0
4201,True,2.0,4073.0,7.0,1.0
4211,True,2.0,3187.0,10.0,1.0
4217,True,2.0,11.0,12.0,2.0
4217,True,2.0,4201.0,4.0,1.0
4217,True,2.0,4153.0,6.0,1.0
4219,True,2.0,4211.0,3.0,1.0
4219,True,2.0,4217.0,1.0,1.0
4219,True,2.0,4091.0,7.0,1.0
4229,False,,,,
4231,True,2.0,3719.0,9.0,1.0
4231,True,2.0,4229.0,1.0,1.0
4241,True,2.0,3217.0,10.0,1.0
4241,True,2.0,4177.0,6.0,1.0
4243,True,2.0,4211.0,5.0,1.0
4243,True,2.0,4241.0,1.0,1.0
4253,True,2.0,3229.0,10.0,1.0
4253,True,2.0,157.0,12.0,1.0
4259,True,2.0,163.0,12.0,1.0
4259,True,2.0,4003.0,8.0,1.0
4259,True,2.0,4243.0,4.0,1.0
4261,True,2.0,2213.0,11.0,1.0
4261,True,2.0,4253.0,3.0,1.0
4261,True,2.0,4259.0,1.0,1.0
4261,True,2.0,4229.0,5.0,1.0
4261,True,2.0,4133.0,7.0,1.0
4271,False,,,,
4273,True,2.0,4271.0,1.0,1.0
4273,True,2.0,3761.0,9.0,1.0
4273,True,2.0,4241.0,5.0,1.0
4283,True,2.0,3259.0,10.0,1.0
4283,True,2.0,4027.0,8.0,1.0
4283,True,2.0,4219.0,6.0,1.0
4289,True,2.0,4273.0,4.0,1.0
4289,True,2.0,193.0,12.0,1.0
4297,True,2.0,4289.0,3.0,1.0
4327,False,,,,
4337,True,2.0,3313.0,10.0,1.0
4337,True,2.0,4273.0,6.0,1.0
4337,True,2.0,241.0,12.0,1.0
4339,True,2.0,3.0,12.0,5.0
4339,True,2.0,4337.0,1.0,1.0
4339,True,2.0,4211.0,7.0,1.0
4349,True,2.0,4093.0,8.0,1.0
4357,True,2.0,4229.0,7.0,1.0
4357,True,2.0,4349.0,3.0,1.0
4357,True,2.0,2309.0,11.0,1.0
4363,True,2.0,3851.0,9.0,1.0
4373,True,2.0,4357.0,4.0,1.0
4373,True,2.0,277.0,12.0,1.0
4391,True,2.0,4327.0,6.0,1.0
4397,True,2.0,3373.0,10.0,1.0
4409,True,2.0,313.0,12.0,1.0
4409,True,2.0,4153.0,8.0,1.0
4421,True,2.0,4357.0,6.0,1.0
4423,True,2.0,3911.0,9.0,1.0
4423,True,2.0,4391.0,5.0,1.0
4423,True,2.0,4421.0,1.0,1.0
4441,True,2.0,2393.0,11.0,1.0
4441,True,2.0,3929.0,9.0,1.0
4441,True,2.0,4409.0,5.0,1.0
4447,True,2.0,2399.0,11.0,1.0
4451,True,2.0,4447.0,2.0,1.0
4457,True,2.0,19.0,12.0,2.0
4457,True,2.0,3433.0,10.0,1.0
4457,True,2.0,4441.0,4.0,1.0
4457,True,2.0,4201.0,8.0,1.0
4463,True,2.0,4447.0,4.0,1.0
4463,True,2.0,367.0,12.0,1.0
4481,True,2.0,3457.0,10.0,1.0
4483,True,2.0,4481.0,1.0,1.0
4483,True,2.0,4451.0,5.0,1.0
4493,True,2.0,3469.0,10.0,1.0
4493,True,2.0,67.0,2.0,2.0
4493,True,2.0,397.0,12.0,1.0
4507,True,2.0,2459.0,11.0,1.0
4513,True,2.0,4001.0,9.0,1.0
4513,True,2.0,4481.0,5.0,1.0
4517,True,2.0,421.0,12.0,1.0
4517,True,2.0,4513.0,2.0,1.0
4517,True,2.0,4261.0,8.0,1.0
4519,True,2.0,4007.0,9.0,1.0
4519,True,2.0,4391.0,7.0,1.0
4519,True,2.0,4517.0,1.0,1.0
4523,True,2.0,4519.0,2.0,1.0
4523,True,2.0,4507.0,4.0,1.0
4523,True,2.0,3499.0,10.0,1.0
4547,True,2.0,4483.0,6.0,1.0
4549,True,2.0,4517.0,5.0,1.0
4549,True,2.0,4421.0,7.0,1.0
4549,True,2.0,4547.0,1.0,1.0
4561,True,2.0,4049.0,9.0,1.0
4567,False,,,,
4583,True,2.0,3559.0,10.0,1.0
4583,True,2.0,4519.0,6.0,1.0
4583,True,2.0,487.0,12.0,1.0
4583,True,2.0,4327.0,8.0,1.0
4583,True,2.0,4567.0,4.0,1.0
4591,True,2.0,4583.0,3.0,1.0
4591,True,2.0,2543.0,11.0,1.0
4591,True,2.0,4079.0,9.0,1.0
4591,True,2.0,4463.0,7.0,1.0
4597,True,2.0,2549.0,11.0,1.0
4603,True,2.0,4091.0,9.0,1.0
4621,True,2.0,4493.0,7.0,1.0
4637,True,2.0,541.0,12.0,1.0
4637,True,2.0,3613.0,10.0,1.0
4637,True,2.0,4621.0,4.0,1.0
4639,True,2.0,2591.0,11.0,1.0
4639,True,2.0,4127.0,9.0,1.0
4639,True,2.0,4637.0,1.0,1.0
4643,True,2.0,4639.0,2.0,1.0
4643,True,2.0,547.0,12.0,1.0
4649,False,,,,
4651,True,2.0,4139.0,9.0,1.0
4651,True,2.0,4643.0,3.0,1.0
4651,True,2.0,4649.0,1.0,1.0
4651,True,2.0,4523.0,7.0,1.0
4657,True,2.0,2609.0,11.0,1.0
4657,True,2.0,4649.0,3.0,1.0
4663,False,,,,
4673,True,2.0,4657.0,4.0,1.0
4673,True,2.0,577.0,12.0,1.0
4679,True,2.0,4423.0,8.0,1.0
4679,True,2.0,4663.0,4.0,1.0
4691,False,,,,
4703,True,2.0,607.0,12.0,1.0
4703,True,2.0,4639.0,6.0,1.0
4703,True,2.0,4447.0,8.0,1.0
4721,True,2.0,3697.0,10.0,1.0
4721,True,2.0,5.0,12.0,4.0
4721,True,2.0,4657.0,6.0,1.0
4723,True,2.0,4691.0,5.0,1.0
4723,True,2.0,4721.0,1.0,1.0
4723,True,2.0,4211.0,9.0,1.0
4729,True,2.0,4721.0,3.0,1.0
4729,True,2.0,4217.0,9.0,1.0
4733,True,2.0,3709.0,10.0,1.0
4733,True,2.0,4729.0,2.0,1.0
4751,True,2.0,3727.0,10.0,1.0
4759,True,2.0,4751.0,3.0,1.0
4759,True,2.0,2711.0,11.0,1.0
4783,True,2.0,4271.0,9.0,1.0
4783,True,2.0,4751.0,5.0,1.0
4787,True,2.0,4723.0,6.0,1.0
4787,True,2.0,4783.0,2.0,1.0
4787,True,2.0,691.0,12.0,1.0
4789,True,2.0,2741.0,11.0,1.0
4789,True,2.0,4787.0,1.0,1.0
4793,True,2.0,4789.0,2.0,1.0
4793,True,2.0,3769.0,10.0,1.0
4793,True,2.0,4729.0,6.0,1.0
4799,True,2.0,4783.0,4.0,1.0
4801,True,2.0,4793.0,3.0,1.0
4801,True,2.0,4289.0,9.0,1.0
4801,True,2.0,4673.0,7.0,1.0
4801,True,2.0,2753.0,11.0,1.0
4801,True,2.0,4799.0,1.0,1.0
4813,False,,,,
4817,True,2.0,3793.0,10.0,1.0
4817,True,2.0,4561.0,8.0,1.0
4817,True,2.0,4813.0,2.0,1.0
4817,True,2.0,4801.0,4.0,1.0
4831,True,2.0,4799.0,5.0,1.0
4831,True,2.0,4703.0,7.0,1.0
4861,True,2.0,4733.0,7.0,1.0
4861,True,2.0,4349.0,9.0,1.0
4871,True,2.0,3847.0,10.0,1.0
4877,True,2.0,4813.0,6.0,1.0
4877,True,2.0,4861.0,4.0,1.0
4877,True,2.0,4621.0,8.0,1.0
4877,True,2.0,3853.0,10.0,1.0
4889,False,,,,
4903,True,2.0,4871.0,5.0,1.0
4903,True,2.0,4391.0,9.0,1.0
4909,True,2.0,4877.0,5.0,1.0
4909,True,2.0,2861.0,11.0,1.0
4909,True,2.0,4397.0,9.0,1.0
4919,True,2.0,823.0,12.0,1.0
4919,True,2.0,4903.0,4.0,1.0
4919,True,2.0,4663.0,8.0,1.0
4931,True,2.0,3907.0,10.0,1.0
4933,True,2.0,4931.0,1.0,1.0
4933,True,2.0,4421.0,9.0,1.0
4937,True,2.0,29.0,12.0,2.0
4937,True,2.0,4933.0,2.0,1.0
4943,True,2.0,3919.0,10.0,1.0
4951,True,2.0,4919.0,5.0,1.0
4951,True,2.0,2903.0,11.0,1.0
4951,True,2.0,4943.0,3.0,1.0
4957,True,2.0,2909.0,11.0,1.0
4967,True,2.0,3943.0,10.0,1.0
4967,True,2.0,4903.0,6.0,1.0
4967,True,2.0,4951.0,4.0,1.0
4969,True,2.0,4967.0,1.0,1.0
4969,True,2.0,4457.0,9.0,1.0
4969,True,2.0,4937.0,5.0,1.0
4973,True,2.0,877.0,12.0,1.0
4973,True,2.0,4957.0,4.0,1.0
4973,True,2.0,4969.0,2.0,1.0
4973,True,2.0,4909.0,6.0,1.0
4987,True,2.0,2939.0,11.0,1.0
4993,True,2.0,4481.0,9.0,1.0
4999,True,2.0,4967.0,5.0,1.0
4999,True,2.0,4871.0,7.0,1.0
5003,True,2.0,4987.0,4.0,1.0
5003,True,2.0,4999.0,2.0,1.0
5003,True,2.0,907.0,12.0,1.0
5009,True,2.0,4993.0,4.0,1.0
5011,True,2.0,5003.0,3.0,1.0
5011,True,2.0,5009.0,1.0,1.0
5011,True,2.0,2963.0,11.0,1.0
5021,True,2.0,4957.0,6.0,1.0
5023,True,2.0,5021.0,1.0,1.0
5039,True,2.0,5023.0,4.0,1.0
5039,True,2.0,4783.0,8.0,1.0
5051,True,2.0,4027.0,10.0,1.0
5051,True,2.0,4987.0,6.0,1.0
5059,True,2.0,3011.0,11.0,1.0
5059,True,2.0,4931.0,7.0,1.0
5059,True,2.0,5051.0,3.0,1.0
5059,True,2.0,4547.0,9.0,1.0
5077,False,,,,
5081,True,2.0,4057.0,10.0,1.0
5081,True,2.0,5077.0,2.0,1.0
5087,True,2.0,5023.0,6.0,1.0
5087,True,2.0,991.0,12.0,1.0
5087,True,2.0,4831.0,8.0,1.0
5099,False,,,,
5101,True,2.0,4973.0,7.0,1.0
5101,True,2.0,5099.0,1.0,1.0
5107,True,2.0,5099.0,3.0,1.0
5113,True,2.0,5081.0,5.0,1.0
5119,True,2.0,5087.0,5.0,1.0
5147,True,2.0,1051.0,12.0,1.0
5153,True,2.0,4129.0,10.0,1.0
5167,True,2.0,5039.0,7.0,1.0
5167,True,2.0,3119.0,11.0,1.0
5171,True,2.0,5167.0,2.0,1.0
5171,True,2.0,5107.0,6.0,1.0
5179,True,2.0,5147.0,5.0,1.0
5179,True,2.0,5051.0,7.0,1.0
5179,True,2.0,5171.0,3.0,1.0
5189,True,2.0,1093.0,12.0,1.0
5189,True,2.0,4933.0,8.0,1.0
5197,True,2.0,5189.0,3.0,1.0
5209,True,2.0,5081.0,7.0,1.0
5227,True,2.0,5099.0,7.0,1.0
5231,True,2.0,5227.0,2.0,1.0
5231,True,2.0,5167.0,6.0,1.0
5233,True,2.0,4721.0,9.0,1.0
5233,True,2.0,5231.0,1.0,1.0
5237,True,2.0,5233.0,2.0,1.0
5261,True,2.0,5197.0,6.0,1.0
5273,True,2.0,5209.0,6.0,1.0
5279,True,2.0,5023.0,8.0,1.0
5281,True,2.0,5153.0,7.0,1.0
5281,True,2.0,5273.0,3.0,1.0
5281,True,2.0,5279.0,1.0,1.0
5297,True,2.0,71.0,8.0,2.0
5297,True,2.0,5281.0,4.0,1.0
5297,True,2.0,5233.0,6.0,1.0
5297,True,2.0,4273.0,10.0,1.0
5297,True,2.0,1201.0,12.0,1.0
5303,False,,,,
5309,True,2.0,1213.0,12.0,1.0
5323,False,,,,
5333,True,2.0,1237.0,12.0,1.0
5333,True,2.0,73.0,2.0,2.0
5333,True,2.0,5077.0,8.0,1.0
5347,True,2.0,3299.0,11.0,1.0
5351,True,2.0,5347.0,2.0,1.0
5351,True,2.0,4327.0,10.0,1.0
5381,True,2.0,4357.0,10.0,1.0
5387,True,2.0,5323.0,6.0,1.0
5387,True,2.0,1291.0,12.0,1.0
5387,True,2.0,4363.0,10.0,1.0
5393,True,2.0,1297.0,12.0,1.0
5393,True,2.0,73.0,6.0,2.0
5399,True,2.0,1303.0,12.0,1.0
5407,True,2.0,5399.0,3.0,1.0
5407,True,2.0,5279.0,7.0,1.0
5407,True,2.0,3359.0,11.0,1.0
5413,True,2.0,5381.0,5.0,1.0
5417,True,2.0,5413.0,2.0,1.0
5417,True,2.0,1321.0,12.0,1.0
5419,True,2.0,5417.0,1.0,1.0
5419,True,2.0,5387.0,5.0,1.0
5419,True,2.0,3371.0,11.0,1.0
5431,True,2.0,4919.0,9.0,1.0
5431,True,2.0,5303.0,7.0,1.0
5431,True,2.0,5399.0,5.0,1.0
5437,True,2.0,5309.0,7.0,1.0
5437,True,2.0,3389.0,11.0,1.0
5441,True,2.0,5437.0,2.0,1.0
5443,True,2.0,5441.0,1.0,1.0
5443,True,2.0,4931.0,9.0,1.0
5449,True,2.0,5441.0,3.0,1.0
5449,True,2.0,4937.0,9.0,1.0
5449,True,2.0,5417.0,5.0,1.0
5471,True,2.0,4447.0,10.0,1.0
5471,True,2.0,5407.0,6.0,1.0
5477,True,2.0,5413.0,6.0,1.0
5477,True,2.0,1381.0,12.0,1.0
5479,True,2.0,5471.0,3.0,1.0
5479,True,2.0,5351.0,7.0,1.0
5479,True,2.0,4967.0,9.0,1.0
5479,True,2.0,5477.0,1.0,1.0
5483,True,2.0,5479.0,2.0,1.0
5483,True,2.0,5419.0,6.0,1.0
5483,True,2.0,5227.0,8.0,1.0
5501,True,2.0,5437.0,6.0,1.0
5503,True,2.0,5471.0,5.0,1.0
5503,True,2.0,5501.0,1.0,1.0
5507,True,2.0,4483.0,10.0,1.0
5507,True,2.0,5503.0,2.0,1.0
5507,True,2.0,5443.0,6.0,1.0
5519,True,2.0,1423.0,12.0,1.0
5519,True,2.0,5503.0,4.0,1.0
5521,True,2.0,5009.0,9.0,1.0
5521,True,2.0,5393.0,7.0,1.0
5521,True,2.0,5519.0,1.0,1.0
5527,True,2.0,5519.0,3.0,1.0
5527,True,2.0,5399.0,7.0,1.0
5531,True,2.0,5527.0,2.0,1.0
5531,True,2.0,4507.0,10.0,1.0
5557,False,,,,
5563,True,2.0,5051.0,9.0,1.0
5563,True,2.0,5531.0,5.0,1.0
5569,True,2.0,5441.0,7.0,1.0
5573,True,2.0,5557.0,4.0,1.0
5573,True,2.0,4549.0,10.0,1.0
5573,True,2.0,5569.0,2.0,1.0
5581,True,2.0,5573.0,3.0,1.0
5581,True,2.0,3533.0,11.0,1.0
5591,True,2.0,4567.0,10.0,1.0
5591,True,2.0,5527.0,6.0,1.0
5623,True,2.0,5591.0,5.0,1.0
5639,True,2.0,5623.0,4.0,1.0
5639,True,2.0,1543.0,12.0,1.0
5641,True,2.0,3593.0,11.0,1.0
5641,True,2.0,5639.0,1.0,1.0
5647,True,2.0,5639.0,3.0,1.0
5647,True,2.0,5519.0,7.0,1.0
5651,True,2.0,5647.0,2.0,1.0
5653,True,2.0,5651.0,1.0,1.0
5657,True,2.0,5653.0,2.0,1.0
5657,True,2.0,5641.0,4.0,1.0
5659,True,2.0,5657.0,1.0,1.0
5659,True,2.0,5531.0,7.0,1.0
5659,True,2.0,5147.0,9.0,1.0
5659,True,2.0,5651.0,3.0,1.0
5669,True,2.0,5413.0,8.0,1.0
5669,True,2.0,5653.0,4.0,1.0
5683,True,2.0,5651.0,5.0,1.0
5683,True,2.0,5171.0,9.0,1.0
5689,True,2.0,5657.0,5.0,1.0
5693,True,2.0,5689.0,2.0,1.0
5693,True,2.0,1597.0,12.0,1.0
5693,True,2.0,5437.0,8.0,1.0
5701,True,2.0,5189.0,9.0,1.0
5701,True,2.0,5693.0,3.0,1.0
5701,True,2.0,5669.0,5.0,1.0
5701,True,2.0,5573.0,7.0,1.0
5711,True,2.0,5647.0,6.0,1.0
5717,True,2.0,5701.0,4.0,1.0
5717,True,2.0,5653.0,6.0,1.0
5717,True,2.0,1621.0,12.0,1.0
5737,False,,,,
5741,True,2.0,5737.0,2.0,1.0
5743,True,2.0,5231.0,9.0,1.0
5743,True,2.0,5711.0,5.0,1.0
5743,True,2.0,5741.0,1.0,1.0
5749,True,2.0,3701.0,11.0,1.0
5749,True,2.0,5741.0,3.0,1.0
5749,True,2.0,5237.0,9.0,1.0
5749,True,2.0,5717.0,5.0,1.0
5779,True,2.0,5651.0,7.0,1.0
5783,True,2.0,4759.0,10.0,1.0
5783,True,2.0,5527.0,8.0,1.0
5783,True,2.0,5779.0,2.0,1.0
5791,True,2.0,5783.0,3.0,1.0
5791,True,2.0,5279.0,9.0,1.0
5801,True,2.0,5737.0,6.0,1.0
5807,True,2.0,5791.0,4.0,1.0
5807,True,2.0,5743.0,6.0,1.0
5807,True,2.0,4783.0,10.0,1.0
5813,True,2.0,5749.0,6.0,1.0
5813,True,2.0,5557.0,8.0,1.0
5813,True,2.0,4789.0,10.0,1.0
5821,True,2.0,5309.0,9.0,1.0
5821,True,2.0,5693.0,7.0,1.0
5821,True,2.0,5813.0,3.0,1.0
5827,True,2.0,3779.0,11.0,1.0
5839,True,2.0,5711.0,7.0,1.0
5839,True,2.0,5807.0,5.0,1.0
5843,True,2.0,5827.0,4.0,1.0
5843,True,2.0,5779.0,6.0,1.0
5843,True,2.0,5839.0,2.0,1.0
5843,True,2.0,1747.0,12.0,1.0
5849,True,2.0,1753.0,12.0,1.0
5851,True,2.0,3803.0,11.0,1.0
5851,True,2.0,5843.0,3.0,1.0
5851,True,2.0,5849.0,1.0,1.0
5857,True,2.0,5849.0,3.0,1.0
5861,True,2.0,5857.0,2.0,1.0
5867,True,2.0,5851.0,4.0,1.0
5869,True,2.0,5741.0,7.0,1.0
5869,True,2.0,3821.0,11.0,1.0
5869,True,2.0,5861.0,3.0,1.0
5869,True,2.0,5867.0,1.0,1.0
5879,True,2.0,1783.0,12.0,1.0
5879,True,2.0,5623.0,8.0,1.0
5881,True,2.0,5849.0,5.0,1.0
5881,True,2.0,5879.0,1.0,1.0
5881,True,2.0,3833.0,11.0,1.0
5897,True,2.0,5641.0,8.0,1.0
5897,True,2.0,1801.0,12.0,1.0
5897,True,2.0,5881.0,4.0,1.0
5903,True,2.0,5839.0,6.0,1.0
5903,True,2.0,5647.0,8.0,1.0
5923,False,,,,
5927,True,2.0,5923.0,2.0,1.0
5927,True,2.0,1831.0,12.0,1.0
5927,True,2.0,4903.0,10.0,1.0
5939,True,2.0,5683.0,8.0,1.0
5939,True,2.0,5923.0,4.0,1.0
5953,True,2.0,5441.0,9.0,1.0
5981,True,2.0,4957.0,10.0,1.0
5987,True,2.0,5923.0,6.0,1.0
6007,True,2.0,5879.0,7.0,1.0
6011,True,2.0,6007.0,2.0,1.0
6011,True,2.0,4987.0,10.0,1.0
6029,True,2.0,1933.0,12.0,1.0
6037,True,2.0,3989.0,11.0,1.0
6037,True,2.0,6029.0,3.0,1.0
6043,True,2.0,6011.0,5.0,1.0
6043,True,2.0,5531.0,9.0,1.0
6047,True,2.0,1951.0,12.0,1.0
6047,True,2.0,6043.0,2.0,1.0
6047,True,2.0,5023.0,10.0,1.0
6047,True,2.0,5791.0,8.0,1.0
6053,True,2.0,6037.0,4.0,1.0
6067,True,2.0,5939.0,7.0,1.0
6067,True,2.0,4019.0,11.0,1.0
6073,False,,,,
6079,True,2.0,6047.0,5.0,1.0
6089,True,2.0,6073.0,4.0,1.0
6089,True,2.0,1993.0,12.0,1.0
6091,True,2.0,6089.0,1.0,1.0
6101,True,2.0,6037.0,6.0,1.0
6101,True,2.0,5077.0,10.0,1.0
6113,True,2.0,2017.0,12.0,1.0
6113,True,2.0,5857.0,8.0,1.0
6121,True,2.0,6089.0,5.0,1.0
6121,True,2.0,4073.0,11.0,1.0
6121,True,2.0,6113.0,3.0,1.0
6131,True,2.0,5107.0,10.0,1.0
6131,True,2.0,6067.0,6.0,1.0
6133,True,2.0,6131.0,1.0,1.0
6133,True,2.0,6101.0,5.0,1.0
6143,True,2.0,6079.0,6.0,1.0
6143,True,2.0,5119.0,10.0,1.0
6151,True,2.0,6143.0,3.0,1.0
6151,True,2.0,5639.0,9.0,1.0
6163,True,2.0,6131.0,5.0,1.0
6163,True,2.0,5651.0,9.0,1.0
6173,False,,,,
6197,True,2.0,6133.0,6.0,1.0
6199,True,2.0,6197.0,1.0,1.0
6203,True,2.0,6199.0,2.0,1.0
6203,True,2.0,5179.0,10.0,1.0
6211,True,2.0,6203.0,3.0,1.0
6217,True,2.0,6089.0,7.0,1.0
6221,True,2.0,5197.0,10.0,1.0
6221,True,2.0,6217.0,2.0,1.0
6229,True,2.0,6221.0,3.0,1.0
6229,True,2.0,6197.0,5.0,1.0
6229,True,2.0,5717.0,9.0,1.0
6229,True,2.0,6101.0,7.0,1.0
6247,False,,,,
6257,True,2.0,5233.0,10.0,1.0
6257,True,2.0,79.0,4.0,2.0
6257,True,2.0,2161.0,12.0,1.0
6263,True,2.0,6247.0,4.0,1.0
6263,True,2.0,6007.0,8.0,1.0
6263,True,2.0,6199.0,6.0,1.0
6269,False,,,,
6271,True,2.0,6263.0,3.0,1.0
6271,True,2.0,6269.0,1.0,1.0
6271,True,2.0,6143.0,7.0,1.0
6277,True,2.0,6269.0,3.0,1.0
6277,True,2.0,4229.0,11.0,1.0
6287,True,2.0,6271.0,4.0,1.0
6299,True,2.0,2203.0,12.0,1.0
6299,True,2.0,6043.0,8.0,1.0
6301,True,2.0,4253.0,11.0,1.0
6301,True,2.0,6299.0,1.0,1.0
6301,True,2.0,6269.0,5.0,1.0
6301,True,2.0,6173.0,7.0,1.0
6311,True,2.0,6247.0,6.0,1.0
6317,True,2.0,2221.0,12.0,1.0
6317,True,2.0,6301.0,4.0,1.0
6323,True,2.0,6067.0,8.0,1.0
6329,True,2.0,6073.0,8.0,1.0
6337,True,2.0,6329.0,3.0,1.0
6337,True,2.0,4289.0,11.0,1.0
6343,True,2.0,6311.0,5.0,1.0
6353,True,2.0,6337.0,4.0,1.0
6353,True,2.0,73.0,10.0,2.0
6359,True,2.0,6343.0,4.0,1.0
6361,True,2.0,5849.0,9.0,1.0
6361,True,2.0,6329.0,5.0,1.0
6361,True,2.0,6353.0,3.0,1.0
6361,True,2.0,6359.0,1.0,1.0
6367,True,2.0,6359.0,3.0,1.0
6373,True,2.0,5861.0,9.0,1.0
6379,True,2.0,5867.0,9.0,1.0
6389,True,2.0,2293.0,12.0,1.0
6389,True,2.0,6373.0,4.0,1.0
6389,True,2.0,6133.0,8.0,1.0
6397,True,2.0,6389.0,3.0,1.0
6397,True,2.0,4349.0,11.0,1.0
6397,True,2.0,6269.0,7.0,1.0
6421,True,2.0,4373.0,11.0,1.0
6421,True,2.0,6389.0,5.0,1.0
6427,True,2.0,6299.0,7.0,1.0
6449,False,,,,
6451,True,2.0,5939.0,9.0,1.0
6451,True,2.0,6449.0,1.0,1.0
6451,True,2.0,6323.0,7.0,1.0
6469,True,2.0,4421.0,11.0,1.0
6473,True,2.0,6469.0,2.0,1.0
6473,True,2.0,5449.0,10.0,1.0
6473,True,2.0,6217.0,8.0,1.0
6473,True,2.0,2377.0,12.0,1.0
6481,True,2.0,6473.0,3.0,1.0
6481,True,2.0,6449.0,5.0,1.0
6481,True,2.0,6353.0,7.0,1.0
6491,True,2.0,6427.0,6.0,1.0
6521,False,,,,
6529,True,2.0,4481.0,11.0,1.0
6529,True,2.0,6521.0,3.0,1.0
6547,False,,,,
6551,True,2.0,5527.0,10.0,1.0
6551,True,2.0,6547.0,2.0,1.0
6553,True,2.0,6551.0,1.0,1.0
6553,True,2.0,6521.0,5.0,1.0
6563,True,2.0,3.0,1.0,8.0
6563,True,2.0,6547.0,4.0,1.0
6563,True,2.0,2467.0,12.0,1.0
6569,True,2.0,3.0,3.0,8.0
6569,True,2.0,6553.0,4.0,1.0
6569,True,2.0,2473.0,12.0,1.0
6571,True,2.0,6563.0,3.0,1.0
6571,True,2.0,4523.0,11.0,1.0
6571,True,2.0,6569.0,1.0,1.0
6577,True,2.0,6449.0,7.0,1.0
6577,True,2.0,6569.0,3.0,1.0
6577,True,2.0,3.0,4.0,8.0
6581,True,2.0,5557.0,10.0,1.0
6581,True,2.0,6577.0,2.0,1.0
6599,True,2.0,6343.0,8.0,1.0
6599,True,2.0,2503.0,12.0,1.0
6607,True,2.0,6599.0,3.0,1.0
6619,True,2.0,6491.0,7.0,1.0
6637,False,,,,
6653,True,2.0,6397.0,8.0,1.0
6653,True,2.0,6637.0,4.0,1.0
6653,True,2.0,2557.0,12.0,1.0
6659,False,,,,
6661,True,2.0,6653.0,3.0,1.0
6661,True,2.0,6659.0,1.0,1.0
6673,False,,,,
6679,True,2.0,6551.0,7.0,1.0
6689,True,2.0,2593.0,12.0,1.0
6689,True,2.0,6673.0,4.0,1.0
6689,True,2.0,3.0,7.0,8.0
6691,True,2.0,6689.0,1.0,1.0
6691,True,2.0,4643.0,11.0,1.0
6691,True,2.0,6659.0,5.0,1.0
6691,True,2.0,6563.0,7.0,1.0
6701,True,2.0,6637.0,6.0,1.0
6703,True,2.0,6701.0,1.0,1.0
6709,True,2.0,6701.0,3.0,1.0
6709,True,2.0,6197.0,9.0,1.0
6709,True,2.0,6581.0,7.0,1.0
6719,True,2.0,6703.0,4.0,1.0
6733,True,2.0,6701.0,5.0,1.0
6733,True,2.0,6221.0,9.0,1.0
6737,True,2.0,6733.0,2.0,1.0
6737,True,2.0,6673.0,6.0,1.0
6737,True,2.0,6481.0,8.0,1.0
6761,True,2.0,5737.0,10.0,1.0
6763,True,2.0,6761.0,1.0,1.0
6779,True,2.0,2683.0,12.0,1.0
6779,True,2.0,6763.0,4.0,1.0
6781,True,2.0,6779.0,1.0,1.0
6781,True,2.0,6653.0,7.0,1.0
6781,True,2.0,4733.0,11.0,1.0
6781,True,2.0,6269.0,9.0,1.0
6791,False,,,,
6793,True,2.0,6791.0,1.0,1.0
6793,True,2.0,6761.0,5.0,1.0
6803,True,2.0,6547.0,8.0,1.0
6803,True,2.0,2707.0,12.0,1.0
6803,True,2.0,5779.0,10.0,1.0
6823,True,2.0,6791.0,5.0,1.0
6823,True,2.0,6311.0,9.0,1.0
6827,True,2.0,6823.0,2.0,1.0
6827,True,2.0,6763.0,6.0,1.0
6827,True,2.0,6571.0,8.0,1.0
6827,True,2.0,2731.0,12.0,1.0
6829,True,2.0,6827.0,1.0,1.0
6829,True,2.0,6317.0,9.0,1.0
6829,True,2.0,6701.0,7.0,1.0
6833,True,2.0,6577.0,8.0,1.0
6833,True,2.0,6829.0,2.0,1.0
6841,True,2.0,4793.0,11.0,1.0
6841,True,2.0,6833.0,3.0,1.0
6841,True,2.0,6329.0,9.0,1.0
6857,True,2.0,6793.0,6.0,1.0
6857,True,2.0,6841.0,4.0,1.0
6863,True,2.0,6607.0,8.0,1.0
6863,True,2.0,19.0,2.0,3.0
6863,True,2.0,2767.0,12.0,1.0
6863,True,2.0,5839.0,10.0,1.0
6869,False,,,,
6871,True,2.0,6863.0,3.0,1.0
6871,True,2.0,6869.0,1.0,1.0
6871,True,2.0,6359.0,9.0,1.0
6883,False,,,,
6899,True,2.0,2803.0,12.0,1.0
6899,True,2.0,6883.0,4.0,1.0
6907,True,2.0,6899.0,3.0,1.0
6907,True,2.0,6779.0,7.0,1.0
6911,True,2.0,6907.0,2.0,1.0
6917,True,2.0,6661.0,8.0,1.0
6947,True,2.0,5923.0,10.0,1.0
6947,True,2.0,2851.0,12.0,1.0
6947,True,2.0,6883.0,6.0,1.0
6947,True,2.0,6691.0,8.0,1.0
6949,True,2.0,6917.0,5.0,1.0
6949,True,2.0,6947.0,1.0,1.0
6959,True,2.0,6703.0,8.0,1.0
6961,True,2.0,6959.0,1.0,1.0
6961,True,2.0,6449.0,9.0,1.0
6961,True,2.0,6833.0,7.0,1.0
6961,True,2.0,17.0,11.0,3.0
6967,True,2.0,4919.0,11.0,1.0
6967,True,2.0,6959.0,3.0,1.0
6971,True,2.0,6967.0,2.0,1.0
6971,True,2.0,6907.0,6.0,1.0
6977,True,2.0,5953.0,10.0,1.0
6977,True,2.0,6961.0,4.0,1.0
6983,True,2.0,2887.0,12.0,1.0
6983,True,2.0,6967.0,4.0,1.0
6991,True,2.0,6959.0,5.0,1.0
6991,True,2.0,6863.0,7.0,1.0
6991,True,2.0,6983.0,3.0,1.0
6991,True,2.0,4943.0,11.0,1.0
6997,True,2.0,6869.0,7.0,1.0
7001,True,2.0,6997.0,2.0,1.0
7013,True,2.0,2917.0,12.0,1.0
7013,True,2.0,6949.0,6.0,1.0
7013,True,2.0,6997.0,4.0,1.0
7019,True,2.0,6763.0,8.0,1.0
7027,True,2.0,7019.0,3.0,1.0
7027,True,2.0,6899.0,7.0,1.0
7039,True,2.0,6911.0,7.0,1.0
7043,True,2.0,7027.0,4.0,1.0
7043,True,2.0,7039.0,2.0,1.0
7057,True,2.0,5009.0,11.0,1.0
7069,True,2.0,5021.0,11.0,1.0
7079,True,2.0,6823.0,8.0,1.0
7103,True,2.0,6079.0,10.0,1.0
7103,True,2.0,7039.0,6.0,1.0
7109,False,,,,
7121,True,2.0,7057.0,6.0,1.0
7127,True,2.0,6871.0,8.0,1.0
7129,True,2.0,7127.0,1.0,1.0
7129,True,2.0,7121.0,3.0,1.0
7129,True,2.0,7001.0,7.0,1.0
7129,True,2.0,5081.0,11.0,1.0
7151,False,,,,
7159,True,2.0,7151.0,3.0,1.0
7159,True,2.0,7127.0,5.0,1.0
7177,False,,,,
7187,True,2.0,6163.0,10.0,1.0
7193,True,2.0,7177.0,4.0,1.0
7193,True,2.0,7129.0,6.0,1.0
7207,True,2.0,7079.0,7.0,1.0
7211,True,2.0,7207.0,2.0,1.0
7213,True,2.0,7211.0,1.0,1.0
7213,True,2.0,6701.0,9.0,1.0
7219,True,2.0,5171.0,11.0,1.0
7219,True,2.0,7187.0,5.0,1.0
7219,True,2.0,7211.0,3.0,1.0
7229,True,2.0,7213.0,4.0,1.0
7237,True,2.0,7229.0,3.0,1.0
7237,True,2.0,5189.0,11.0,1.0
7237,True,2.0,7109.0,7.0,1.0
7243,True,2.0,7211.0,5.0,1.0
7247,True,2.0,7243.0,2.0,1.0
7247,True,2.0,6991.0,8.0,1.0
7253,True,2.0,6229.0,10.0,1.0
7253,True,2.0,6997.0,8.0,1.0
7253,True,2.0,7237.0,4.0,1.0
7283,True,2.0,3187.0,12.0,1.0
7283,True,2.0,7027.0,8.0,1.0
7283,True,2.0,7219.0,6.0,1.0
7297,False,,,,
7307,True,2.0,7243.0,6.0,1.0
7309,True,2.0,5261.0,11.0,1.0
7309,True,2.0,7307.0,1.0,1.0
7321,True,2.0,7193.0,7.0,1.0
7321,True,2.0,5273.0,11.0,1.0
7331,False,,,,
7333,True,2.0,7331.0,1.0,1.0
7349,True,2.0,3253.0,12.0,1.0
7349,True,2.0,7333.0,4.0,1.0
7351,True,2.0,7349.0,1.0,1.0
7351,True,2.0,5303.0,11.0,1.0
7369,True,2.0,6857.0,9.0,1.0
7393,False,,,,
7411,True,2.0,6899.0,9.0,1.0
7411,True,2.0,7283.0,7.0,1.0
7417,False,,,,
7433,True,2.0,7177.0,8.0,1.0
7433,True,2.0,7369.0,6.0,1.0
7433,True,2.0,7417.0,4.0,1.0
7451,True,2.0,6427.0,10.0,1.0
7457,True,2.0,3361.0,12.0,1.0
7457,True,2.0,7393.0,6.0,1.0
7459,True,2.0,7331.0,7.0,1.0
7459,True,2.0,7451.0,3.0,1.0
7459,True,2.0,7457.0,1.0,1.0
7459,True,2.0,6947.0,9.0,1.0
7477,True,2.0,7349.0,7.0,1.0
7481,True,2.0,7417.0,6.0,1.0
7481,True,2.0,7477.0,2.0,1.0
7487,True,2.0,3391.0,12.0,1.0
7489,True,2.0,7457.0,5.0,1.0
7489,True,2.0,7487.0,1.0,1.0
7489,True,2.0,6977.0,9.0,1.0
7489,True,2.0,5441.0,11.0,1.0
7489,True,2.0,7481.0,3.0,1.0
7499,True,2.0,7243.0,8.0,1.0
7507,True,2.0,7499.0,3.0,1.0
7517,False,,,,
7523,True,2.0,7459.0,6.0,1.0
7523,True,2.0,7507.0,4.0,1.0
7529,True,2.0,3433.0,12.0,1.0
7537,True,2.0,7529.0,3.0,1.0
7541,True,2.0,7537.0,2.0,1.0
7541,True,2.0,7477.0,6.0,1.0
7547,False,,,,
7549,True,2.0,7541.0,3.0,1.0
7549,True,2.0,5501.0,11.0,1.0
7549,True,2.0,7517.0,5.0,1.0
7549,True,2.0,7547.0,1.0,1.0
7559,True,2.0,3463.0,12.0,1.0
7561,True,2.0,7529.0,5.0,1.0
7561,True,2.0,7559.0,1.0,1.0
7561,True,2.0,7433.0,7.0,1.0
7573,True,2.0,7541.0,5.0,1.0
7577,True,2.0,6553.0,10.0,1.0
7577,True,2.0,7561.0,4.0,1.0
7577,True,2.0,59.0,12.0,2.0
7577,True,2.0,7321.0,8.0,1.0
7577,True,2.0,7573.0,2.0,1.0
7583,False,,,,
7589,True,2.0,7573.0,4.0,1.0
7589,True,2.0,7333.0,8.0,1.0
7591,True,2.0,7079.0,9.0,1.0
7591,True,2.0,7583.0,3.0,1.0
7591,True,2.0,7589.0,1.0,1.0
7591,True,2.0,7559.0,5.0,1.0
7603,False,,,,
7607,True,2.0,3511.0,12.0,1.0
7607,True,2.0,7603.0,2.0,1.0
7607,True,2.0,7351.0,8.0,1.0
7607,True,2.0,7591.0,4.0,1.0
7621,True,2.0,7589.0,5.0,1.0
7621,True,2.0,5573.0,11.0,1.0
7621,True,2.0,7109.0,9.0,1.0
7639,True,2.0,5591.0,11.0,1.0
7639,True,2.0,7127.0,9.0,1.0
7639,True,2.0,7607.0,5.0,1.0
7643,True,2.0,7639.0,2.0,1.0
7643,True,2.0,6619.0,10.0,1.0
7643,True,2.0,3547.0,12.0,1.0
7649,True,2.0,7393.0,8.0,1.0
7669,True,2.0,7541.0,7.0,1.0
7673,True,2.0,7417.0,8.0,1.0
7673,True,2.0,7669.0,2.0,1.0
7681,True,2.0,7673.0,3.0,1.0
7681,True,2.0,7649.0,5.0,1.0
7687,True,2.0,5639.0,11.0,1.0
7687,True,2.0,7559.0,7.0,1.0
7691,True,2.0,7687.0,2.0,1.0
7699,True,2.0,7187.0,9.0,1.0
7699,True,2.0,5651.0,11.0,1.0
7699,True,2.0,7691.0,3.0,1.0
7703,True,2.0,7639.0,6.0,1.0
7703,True,2.0,7687.0,4.0,1.0
7703,True,2.0,6679.0,10.0,1.0
7703,True,2.0,3607.0,12.0,1.0
7703,True,2.0,7699.0,2.0,1.0
7717,True,2.0,5669.0,11.0,1.0
7717,True,2.0,7589.0,7.0,1.0
7723,True,2.0,7211.0,9.0,1.0
7723,True,2.0,7691.0,5.0,1.0
7727,True,2.0,3631.0,12.0,1.0
7727,True,2.0,7723.0,2.0,1.0
7727,True,2.0,6703.0,10.0,1.0
7741,True,2.0,7229.0,9.0,1.0
7741,True,2.0,5693.0,11.0,1.0
7753,False,,,,
7757,True,2.0,7753.0,2.0,1.0
7757,True,2.0,6733.0,10.0,1.0
7757,True,2.0,7741.0,4.0,1.0
7759,True,2.0,7727.0,5.0,1.0
7759,True,2.0,7247.0,9.0,1.0
7759,True,2.0,7757.0,1.0,1.0
7759,True,2.0,5711.0,11.0,1.0
7789,True,2.0,7757.0,5.0,1.0
7789,True,2.0,5741.0,11.0,1.0
7793,True,2.0,7537.0,8.0,1.0
7793,True,2.0,7789.0,2.0,1.0
7793,True,2.0,3697.0,12.0,1.0
7817,True,2.0,7753.0,6.0,1.0
7817,True,2.0,61.0,12.0,2.0
7817,True,2.0,7561.0,8.0,1.0
7817,True,2.0,6793.0,10.0,1.0
7823,True,2.0,7759.0,6.0,1.0
7823,True,2.0,3727.0,12.0,1.0
7829,True,2.0,7573.0,8.0,1.0
7829,True,2.0,3733.0,12.0,1.0
7841,False,,,,
7853,True,2.0,7789.0,6.0,1.0
7853,True,2.0,6829.0,10.0,1.0
7867,False,,,,
7873,True,2.0,7841.0,5.0,1.0
7877,True,2.0,7621.0,8.0,1.0
7877,True,2.0,7873.0,2.0,1.0
7879,True,2.0,7877.0,1.0,1.0
7883,True,2.0,7879.0,2.0,1.0
7883,True,2.0,7867.0,4.0,1.0
7883,True,2.0,19.0,10.0,3.0
7901,False,,,,
7907,True,2.0,6883.0,10.0,1.0
7919,True,2.0,3823.0,12.0,1.0
7927,True,2.0,5879.0,11.0,1.0
7927,True,2.0,7919.0,3.0,1.0
7933,True,2.0,7901.0,5.0,1.0
7937,True,2.0,7933.0,2.0,1.0
7937,True,2.0,7681.0,8.0,1.0
7937,True,2.0,89.0,4.0,2.0
7937,True,2.0,7873.0,6.0,1.0
7949,True,2.0,3853.0,12.0,1.0
7949,True,2.0,7933.0,4.0,1.0
7951,True,2.0,5903.0,11.0,1.0
7951,True,2.0,7919.0,5.0,1.0
7951,True,2.0,7823.0,7.0,1.0
7951,True,2.0,7949.0,1.0,1.0
7963,True,2.0,7451.0,9.0,1.0
7993,True,2.0,7481.0,9.0,1.0
8009,True,2.0,7753.0,8.0,1.0
8009,True,2.0,7993.0,4.0,1.0
8011,True,2.0,8009.0,1.0,1.0
8011,True,2.0,7883.0,7.0,1.0
8011,True,2.0,7499.0,9.0,1.0
8017,True,2.0,8009.0,3.0,1.0
8039,True,2.0,3943.0,12.0,1.0
8053,True,2.0,7541.0,9.0,1.0
8059,True,2.0,6011.0,11.0,1.0
8059,True,2.0,7547.0,9.0,1.0
8069,True,2.0,8053.0,4.0,1.0
8081,True,2.0,7057.0,10.0,1.0
8081,True,2.0,8017.0,6.0,1.0
8087,False,,,,
8089,True,2.0,8081.0,3.0,1.0
8089,True,2.0,7577.0,9.0,1.0
8089,True,2.0,8087.0,1.0,1.0
8093,True,2.0,8089.0,2.0,1.0
8093,True,2.0,7069.0,10.0,1.0
8101,True,2.0,6053.0,11.0,1.0
8101,True,2.0,8069.0,5.0,1.0
8101,True,2.0,8093.0,3.0,1.0
8101,True,2.0,7589.0,9.0,1.0
8111,False,,,,
8117,True,2.0,8053.0,6.0,1.0
8117,True,2.0,4021.0,12.0,1.0
8117,True,2.0,8101.0,4.0,1.0
8123,True,2.0,4027.0,12.0,1.0
8123,True,2.0,7867.0,8.0,1.0
8123,True,2.0,8059.0,6.0,1.0
8147,True,2.0,4051.0,12.0,1.0
8161,True,2.0,7649.0,9.0,1.0
8161,True,2.0,6113.0,11.0,1.0
8167,True,2.0,8039.0,7.0,1.0
8171,True,2.0,8167.0,2.0,1.0
8179,True,2.0,8171.0,3.0,1.0
8179,True,2.0,8147.0,5.0,1.0
8179,True,2.0,6131.0,11.0,1.0
8191,True,2.0,6143.0,11.0,1.0
8209,True,2.0,17.0,13.0,1.0
8209,True,2.0,8081.0,7.0,1.0
8219,True,2.0,7963.0,8.0,1.0
8219,True,2.0,3.0,13.0,3.0
8221,True,2.0,29.0,13.0,1.0
8221,True,2.0,6173.0,11.0,1.0
8221,True,2.0,8219.0,1.0,1.0
8221,True,2.0,8093.0,7.0,1.0
8231,True,2.0,8167.0,6.0,1.0
8231,True,2.0,7207.0,10.0,1.0
8233,True,2.0,8231.0,1.0,1.0
8233,True,2.0,41.0,13.0,1.0
8237,True,2.0,7213.0,10.0,1.0
8237,True,2.0,8233.0,2.0,1.0
8237,True,2.0,8221.0,4.0,1.0
8243,True,2.0,7219.0,10.0,1.0
8243,True,2.0,8179.0,6.0,1.0
8263,True,2.0,8231.0,5.0,1.0
8263,True,2.0,71.0,13.0,1.0
8269,True,2.0,6221.0,11.0,1.0
8269,True,2.0,8237.0,5.0,1.0
8269,True,2.0,7757.0,9.0,1.0
8273,True,2.0,8269.0,2.0,1.0
8273,True,2.0,3.0,13.0,4.0
8273,True,2.0,8017.0,8.0,1.0
8273,True,2.0,4177.0,12.0,1.0
8273,True,2.0,8209.0,6.0,1.0
8287,False,,,,
8291,True,2.0,8287.0,2.0,1.0
8293,True,2.0,101.0,13.0,1.0
8293,True,2.0,8291.0,1.0,1.0
8297,True,2.0,4201.0,12.0,1.0
8297,True,2.0,8293.0,2.0,1.0
8297,True,2.0,8233.0,6.0,1.0
8311,True,2.0,6263.0,11.0,1.0
8317,True,2.0,5.0,13.0,3.0
8317,True,2.0,6269.0,11.0,1.0
8329,True,2.0,8297.0,5.0,1.0
8329,True,2.0,137.0,13.0,1.0
8329,True,2.0,7817.0,9.0,1.0
8353,True,2.0,7841.0,9.0,1.0
8363,False,,,,
8369,True,2.0,8353.0,4.0,1.0
8369,True,2.0,4273.0,12.0,1.0
8377,True,2.0,8369.0,3.0,1.0
8377,True,2.0,6329.0,11.0,1.0
8387,False,,,,
8389,True,2.0,197.0,13.0,1.0
8389,True,2.0,7877.0,9.0,1.0
8389,True,2.0,8387.0,1.0,1.0
8419,True,2.0,7907.0,9.0,1.0
8419,True,2.0,8291.0,7.0,1.0
8419,True,2.0,227.0,13.0,1.0
8419,True,2.0,8387.0,5.0,1.0
8423,True,2.0,8167.0,8.0,1.0
8423,True,2.0,4327.0,12.0,1.0
8423,True,2.0,8419.0,2.0,1.0
8429,False,,,,
8431,True,2.0,8429.0,1.0,1.0
8431,True,2.0,7919.0,9.0,1.0
8431,True,2.0,239.0,13.0,1.0
8431,True,2.0,8423.0,3.0,1.0
8443,True,2.0,251.0,13.0,1.0
8447,True,2.0,8431.0,4.0,1.0
8447,True,2.0,8191.0,8.0,1.0
8447,True,2.0,8443.0,2.0,1.0
8461,True,2.0,7949.0,9.0,1.0
8461,True,2.0,8429.0,5.0,1.0
8461,True,2.0,269.0,13.0,1.0
8467,False,,,,
8501,True,2.0,7477.0,10.0,1.0
8513,True,2.0,7489.0,10.0,1.0
8521,True,2.0,8513.0,3.0,1.0
8521,True,2.0,6473.0,11.0,1.0
8521,True,2.0,8009.0,9.0,1.0
8527,False,,,,
8537,True,2.0,4441.0,12.0,1.0
8537,True,2.0,8521.0,4.0,1.0
8539,True,2.0,347.0,13.0,1.0
8539,True,2.0,6491.0,11.0,1.0
8539,True,2.0,8537.0,1.0,1.0
8543,True,2.0,8539.0,2.0,1.0
8543,True,2.0,8527.0,4.0,1.0
8543,True,2.0,4447.0,12.0,1.0
8543,True,2.0,8287.0,8.0,1.0
8563,False,,,,
8573,True,2.0,7549.0,10.0,1.0
8573,True,2.0,8317.0,8.0,1.0
8581,True,2.0,389.0,13.0,1.0
8581,True,2.0,8069.0,9.0,1.0
8581,True,2.0,8573.0,3.0,1.0
8597,True,2.0,8581.0,4.0,1.0
8597,True,2.0,7573.0,10.0,1.0
8599,True,2.0,8087.0,9.0,1.0
8599,True,2.0,6551.0,11.0,1.0
8599,True,2.0,8597.0,1.0,1.0
8609,True,2.0,4513.0,12.0,1.0
8609,True,2.0,8353.0,8.0,1.0
8609,True,2.0,3.0,11.0,8.0
8623,True,2.0,431.0,13.0,1.0
8623,True,2.0,8111.0,9.0,1.0
8627,True,2.0,8623.0,2.0,1.0
8627,True,2.0,7603.0,10.0,1.0
8627,True,2.0,8563.0,6.0,1.0
8629,True,2.0,8627.0,1.0,1.0
8629,True,2.0,8597.0,5.0,1.0
8629,True,2.0,8501.0,7.0,1.0
8629,True,2.0,8117.0,9.0,1.0
8629,True,2.0,6581.0,11.0,1.0
8641,True,2.0,8513.0,7.0,1.0
8641,True,2.0,8609.0,5.0,1.0
8641,True,2.0,449.0,13.0,1.0
8647,True,2.0,6599.0,11.0,1.0
8663,True,2.0,4567.0,12.0,1.0
8663,True,2.0,8599.0,6.0,1.0
8663,True,2.0,7639.0,10.0,1.0
8663,True,2.0,8647.0,4.0,1.0
8669,False,,,,
8677,True,2.0,8669.0,3.0,1.0
8681,True,2.0,8677.0,2.0,1.0
8689,True,2.0,8681.0,3.0,1.0
8693,True,2.0,8629.0,6.0,1.0
8693,True,2.0,8677.0,4.0,1.0
8693,True,2.0,8689.0,2.0,1.0
8693,True,2.0,4597.0,12.0,1.0
8693,True,2.0,7669.0,10.0,1.0
8699,True,2.0,4603.0,12.0,1.0
8699,True,2.0,8443.0,8.0,1.0
8707,True,2.0,8699.0,3.0,1.0
8707,True,2.0,6659.0,11.0,1.0
8713,True,2.0,8681.0,5.0,1.0
8713,True,2.0,521.0,13.0,1.0
8719,False,,,,
8731,True,2.0,8219.0,9.0,1.0
8731,True,2.0,8699.0,5.0,1.0
8737,True,2.0,6689.0,11.0,1.0
8737,True,2.0,8609.0,7.0,1.0
8741,True,2.0,8737.0,2.0,1.0
8741,True,2.0,8677.0,6.0,1.0
8741,True,2.0,7717.0,10.0,1.0
8747,True,2.0,7723.0,10.0,1.0
8747,True,2.0,8731.0,4.0,1.0
8747,True,2.0,4651.0,12.0,1.0
8753,True,2.0,8689.0,6.0,1.0
8753,True,2.0,8737.0,4.0,1.0
8753,True,2.0,4657.0,12.0,1.0
8761,True,2.0,8753.0,3.0,1.0
8761,True,2.0,569.0,13.0,1.0
8779,True,2.0,8747.0,5.0,1.0
8779,True,2.0,587.0,13.0,1.0
8783,True,2.0,7759.0,10.0,1.0
8783,True,2.0,8779.0,2.0,1.0
8783,True,2.0,8719.0,6.0,1.0
8783,True,2.0,8527.0,8.0,1.0
8803,True,2.0,8291.0,9.0,1.0
8807,True,2.0,8803.0,2.0,1.0
8819,True,2.0,4723.0,12.0,1.0
8819,True,2.0,8803.0,4.0,1.0
8819,True,2.0,8563.0,8.0,1.0
8821,True,2.0,8819.0,1.0,1.0
8821,True,2.0,8693.0,7.0,1.0
8831,False,,,,
8837,True,2.0,8581.0,8.0,1.0
8837,True,2.0,8821.0,4.0,1.0
8839,True,2.0,6791.0,11.0,1.0
8839,True,2.0,8807.0,5.0,1.0
8839,True,2.0,8837.0,1.0,1.0
8839,True,2.0,8831.0,3.0,1.0
8839,True,2.0,647.0,13.0,1.0
8849,False,,,,
8861,False,,,,
8863,True,2.0,8861.0,1.0,1.0
8863,True,2.0,8831.0,5.0,1.0
8867,True,2.0,8863.0,2.0,1.0
8867,True,2.0,8803.0,6.0,1.0
8887,False,,,,
8893,True,2.0,701.0,13.0,1.0
8893,True,2.0,8861.0,5.0,1.0
8923,False,,,,
8929,False,,,,
8933,True,2.0,8929.0,2.0,1.0
8933,True,2.0,8677.0,8.0,1.0
8941,True,2.0,8429.0,9.0,1.0
8941,True,2.0,8933.0,3.0,1.0
8951,True,2.0,8887.0,6.0,1.0
8951,True,2.0,7927.0,10.0,1.0
8963,True,2.0,8707.0,8.0,1.0
8969,True,2.0,8713.0,8.0,1.0
8971,True,2.0,8963.0,3.0,1.0
8971,True,2.0,8969.0,1.0,1.0
8999,True,2.0,4903.0,12.0,1.0
9001,True,2.0,8969.0,5.0,1.0
9001,True,2.0,809.0,13.0,1.0
9001,True,2.0,8999.0,1.0,1.0
9007,True,2.0,8999.0,3.0,1.0
9007,True,2.0,6959.0,11.0,1.0
9011,True,2.0,9007.0,2.0,1.0
9013,True,2.0,8501.0,9.0,1.0
9013,True,2.0,9011.0,1.0,1.0
9013,True,2.0,821.0,13.0,1.0
9029,True,2.0,4933.0,12.0,1.0
9029,True,2.0,9013.0,4.0,1.0
9041,True,2.0,8017.0,10.0,1.0
9043,True,2.0,9041.0,1.0,1.0
9043,True,2.0,9011.0,5.0,1.0
9049,True,2.0,857.0,13.0,1.0
9049,True,2.0,9041.0,3.0,1.0
9049,True,2.0,7001.0,11.0,1.0
9049,True,2.0,8537.0,9.0,1.0
9059,True,2.0,9043.0,4.0,1.0
9059,True,2.0,8803.0,8.0,1.0
9067,True,2.0,9059.0,3.0,1.0
9067,True,2.0,7019.0,11.0,1.0
9091,True,2.0,9059.0,5.0,1.0
9091,True,2.0,7043.0,11.0,1.0
9091,True,2.0,8963.0,7.0,1.0
9103,True,2.0,911.0,13.0,1.0
9109,True,2.0,8597.0,9.0,1.0
9127,True,2.0,8999.0,7.0,1.0
9127,True,2.0,7079.0,11.0,1.0
9133,True,2.0,941.0,13.0,1.0
9137,True,2.0,9133.0,2.0,1.0
9137,True,2.0,71.0,12.0,2.0
9151,True,2.0,7103.0,11.0,1.0
9157,True,2.0,9029.0,7.0,1.0
9157,True,2.0,7109.0,11.0,1.0
9161,True,2.0,9157.0,2.0,1.0
9173,True,2.0,5077.0,12.0,1.0
9173,True,2.0,9109.0,6.0,1.0
9173,True,2.0,9157.0,4.0,1.0
9181,True,2.0,9173.0,3.0,1.0
9181,True,2.0,8669.0,9.0,1.0
9187,True,2.0,9059.0,7.0,1.0
9199,True,2.0,7151.0,11.0,1.0
9203,True,2.0,9199.0,2.0,1.0
9203,True,2.0,9187.0,4.0,1.0
9203,True,2.0,8179.0,10.0,1.0
9203,True,2.0,5107.0,12.0,1.0
9209,True,2.0,5113.0,12.0,1.0
9221,True,2.0,9157.0,6.0,1.0
9227,True,2.0,8971.0,8.0,1.0
9239,False,,,,
9241,True,2.0,7193.0,11.0,1.0
9241,True,2.0,9209.0,5.0,1.0
9241,True,2.0,9239.0,1.0,1.0
9241,True,2.0,1049.0,13.0,1.0
9257,True,2.0,8233.0,10.0,1.0
9257,True,2.0,9001.0,8.0,1.0
9257,True,2.0,9241.0,4.0,1.0
9277,True,2.0,7229.0,11.0,1.0
9281,True,2.0,9277.0,2.0,1.0
9283,True,2.0,9281.0,1.0,1.0
9283,True,2.0,1091.0,13.0,1.0
9293,True,2.0,8269.0,10.0,1.0
9293,True,2.0,9277.0,4.0,1.0
9293,True,2.0,5197.0,12.0,1.0
9311,True,2.0,8287.0,10.0,1.0
9319,True,2.0,8807.0,9.0,1.0
9319,True,2.0,9311.0,3.0,1.0
9323,True,2.0,9067.0,8.0,1.0
9323,True,2.0,5227.0,12.0,1.0
9323,True,2.0,9319.0,2.0,1.0
9337,True,2.0,9209.0,7.0,1.0
9341,True,2.0,9337.0,2.0,1.0
9341,True,2.0,8317.0,10.0,1.0
9341,True,2.0,9277.0,6.0,1.0
9343,True,2.0,8831.0,9.0,1.0
9343,True,2.0,9311.0,5.0,1.0
9343,True,2.0,1151.0,13.0,1.0
9343,True,2.0,9341.0,1.0,1.0
9349,True,2.0,8837.0,9.0,1.0
9349,True,2.0,9341.0,3.0,1.0
9349,True,2.0,9221.0,7.0,1.0
9371,False,,,,
9377,True,2.0,8353.0,10.0,1.0
9377,True,2.0,5281.0,12.0,1.0
9391,False,,,,
9397,True,2.0,7349.0,11.0,1.0
9403,True,2.0,9371.0,5.0,1.0
9413,True,2.0,8389.0,10.0,1.0
9413,True,2.0,9349.0,6.0,1.0
9413,True,2.0,97.0,2.0,2.0
9413,True,2.0,9397.0,4.0,1.0
9413,True,2.0,9157.0,8.0,1.0
9419,True,2.0,5323.0,12.0,1.0
9419,True,2.0,9403.0,4.0,1.0
9421,True,2.0,9293.0,7.0,1.0
9421,True,2.0,9419.0,1.0,1.0
9421,True,2.0,1229.0,13.0,1.0
9421,True,2.0,9413.0,3.0,1.0
9431,False,,,,
9433,True,2.0,9431.0,1.0,1.0
9437,True,2.0,9181.0,8.0,1.0
9437,True,2.0,9421.0,4.0,1.0
9437,True,2.0,9433.0,2.0,1.0
9439,True,2.0,9437.0,1.0,1.0
9439,True,2.0,9431.0,3.0,1.0
9439,True,2.0,9311.0,7.0,1.0
9461,True,2.0,9397.0,6.0,1.0
9463,True,2.0,9431.0,5.0,1.0
9463,True,2.0,9461.0,1.0,1.0
9463,True,2.0,8951.0,9.0,1.0
9467,True,2.0,8443.0,10.0,1.0
9467,True,2.0,9463.0,2.0,1.0
9467,True,2.0,9403.0,6.0,1.0
9473,True,2.0,97.0,6.0,2.0
9479,True,2.0,9463.0,4.0,1.0
9491,True,2.0,8467.0,10.0,1.0
9497,True,2.0,9241.0,8.0,1.0
9497,True,2.0,9433.0,6.0,1.0
9511,True,2.0,9479.0,5.0,1.0
9511,True,2.0,1319.0,13.0,1.0
9511,True,2.0,8999.0,9.0,1.0
9521,False,,,,
9533,True,2.0,9277.0,8.0,1.0
9533,True,2.0,5437.0,12.0,1.0
9539,True,2.0,9283.0,8.0,1.0
9539,True,2.0,5443.0,12.0,1.0
9547,True,2.0,7499.0,11.0,1.0
9547,True,2.0,9419.0,7.0,1.0
9547,True,2.0,9539.0,3.0,1.0
9551,True,2.0,8527.0,10.0,1.0
9551,True,2.0,9547.0,2.0,1.0
9587,True,2.0,8563.0,10.0,1.0
9601,True,2.0,9473.0,7.0,1.0
9601,True,2.0,1409.0,13.0,1.0
9613,False,,,,
9619,True,2.0,1427.0,13.0,1.0
9619,True,2.0,9491.0,7.0,1.0
9619,True,2.0,9587.0,5.0,1.0
9623,True,2.0,9619.0,2.0,1.0
9623,True,2.0,5527.0,12.0,1.0
9623,True,2.0,8599.0,10.0,1.0
9629,True,2.0,9613.0,4.0,1.0
9631,True,2.0,7583.0,11.0,1.0
9631,True,2.0,9629.0,1.0,1.0
9631,True,2.0,1439.0,13.0,1.0
9631,True,2.0,9623.0,3.0,1.0
9643,True,2.0,1451.0,13.0,1.0
9649,True,2.0,9137.0,9.0,1.0
9649,True,2.0,9521.0,7.0,1.0
9661,True,2.0,9533.0,7.0,1.0
9661,True,2.0,9629.0,5.0,1.0
9677,True,2.0,9613.0,6.0,1.0
9677,True,2.0,9661.0,4.0,1.0
9677,True,2.0,9421.0,8.0,1.0
9677,True,2.0,5581.0,12.0,1.0
9679,True,2.0,9677.0,1.0,1.0
9679,True,2.0,9551.0,7.0,1.0
9679,True,2.0,1487.0,13.0,1.0
9689,True,2.0,9433.0,8.0,1.0
9697,True,2.0,9689.0,3.0,1.0
9697,True,2.0,7649.0,11.0,1.0
9719,True,2.0,9463.0,8.0,1.0
9719,True,2.0,5623.0,12.0,1.0
9721,True,2.0,9719.0,1.0,1.0
9721,True,2.0,7673.0,11.0,1.0
9721,True,2.0,9209.0,9.0,1.0
9721,True,2.0,9689.0,5.0,1.0
9733,True,2.0,9221.0,9.0,1.0
9739,True,2.0,7691.0,11.0,1.0
9739,True,2.0,9227.0,9.0,1.0
9743,True,2.0,9739.0,2.0,1.0
9743,True,2.0,9679.0,6.0,1.0
9743,True,2.0,5647.0,12.0,1.0
9743,True,2.0,8719.0,10.0,1.0
9749,True,2.0,9733.0,4.0,1.0
9749,True,2.0,5653.0,12.0,1.0
9767,True,2.0,9511.0,8.0,1.0
9769,True,2.0,9767.0,1.0,1.0
9769,True,2.0,9257.0,9.0,1.0
9781,True,2.0,9749.0,5.0,1.0
9787,False,,,,
9791,True,2.0,9787.0,2.0,1.0
9803,True,2.0,9787.0,4.0,1.0
9803,True,2.0,8779.0,10.0,1.0
9803,True,2.0,9547.0,8.0,1.0
9803,True,2.0,9739.0,6.0,1.0
9811,True,2.0,1619.0,13.0,1.0
9811,True,2.0,9803.0,3.0,1.0
9817,True,2.0,9689.0,7.0,1.0
9829,True,2.0,1637.0,13.0,1.0
9833,True,2.0,9829.0,2.0,1.0
9833,True,2.0,9769.0,6.0,1.0
9833,True,2.0,9817.0,4.0,1.0
9833,True,2.0,5737.0,12.0,1.0
9839,True,2.0,5743.0,12.0,1.0
9851,True,2.0,9787.0,6.0,1.0
9857,True,2.0,9601.0,8.0,1.0
9859,True,2.0,9857.0,1.0,1.0
9859,True,2.0,1667.0,13.0,1.0
9859,True,2.0,9851.0,3.0,1.0
9871,True,2.0,9743.0,7.0,1.0
9871,True,2.0,9839.0,5.0,1.0
9871,True,2.0,7823.0,11.0,1.0
9883,True,2.0,9851.0,5.0,1.0
9883,True,2.0,9371.0,9.0,1.0
9887,True,2.0,5791.0,12.0,1.0
9887,True,2.0,8863.0,10.0,1.0
9887,True,2.0,9631.0,8.0,1.0
9887,True,2.0,9871.0,4.0,1.0
9887,True,2.0,9883.0,2.0,1.0
9901,True,2.0,7853.0,11.0,1.0
9901,True,2.0,1709.0,13.0,1.0
9907,False,,,,
9923,True,2.0,5827.0,12.0,1.0
9923,True,2.0,9859.0,6.0,1.0
9923,True,2.0,9907.0,4.0,1.0
9929,False,,,,
9931,True,2.0,9929.0,1.0,1.0
9931,True,2.0,7883.0,11.0,1.0
9931,True,2.0,9923.0,3.0,1.0
9931,True,2.0,9803.0,7.0,1.0
9931,True,2.0,9419.0,9.0,1.0
9941,False,,,,
9949,True,2.0,9437.0,9.0,1.0
9949,True,2.0,9941.0,3.0,1.0
9949,True,2.0,7901.0,11.0,1.0
9967,True,2.0,7919.0,11.0,1.0
9967,True,2.0,9839.0,7.0,1.0
9973,True,2.0,9941.0,5.0,1.0
9973,True,2.0,9461.0,9.0,1.0
10007,False,,,,
10009,True,2.0,10007.0,1.0,1.0
10009,True,2.0,9497.0,9.0,1.0
10037,True,2.0,9013.0,10.0,1.0
10037,True,2.0,9781.0,8.0,1.0
10037,True,2.0,9973.0,6.0,1.0
10039,True,2.0,10007.0,5.0,1.0
10039,True,2.0,10037.0,1.0,1.0
10039,True,2.0,1847.0,13.0,1.0
10061,False,,,,
10067,True,2.0,9811.0,8.0,1.0
10067,True,2.0,9043.0,10.0,1.0
10069,True,2.0,10037.0,5.0,1.0
10069,True,2.0,10067.0,1.0,1.0
10069,True,2.0,9941.0,7.0,1.0
10069,True,2.0,1877.0,13.0,1.0
10069,True,2.0,10061.0,3.0,1.0
10079,False,,,,
10091,True,2.0,9067.0,10.0,1.0
10093,True,2.0,1901.0,13.0,1.0
10093,True,2.0,10061.0,5.0,1.0
10093,True,2.0,10091.0,1.0,1.0
10099,True,2.0,10067.0,5.0,1.0
10099,True,2.0,10091.0,3.0,1.0
10099,True,2.0,9587.0,9.0,1.0
10099,True,2.0,1907.0,13.0,1.0
10103,True,2.0,6007.0,12.0,1.0
10103,True,2.0,10039.0,6.0,1.0
10103,True,2.0,10099.0,2.0,1.0
10111,True,2.0,10079.0,5.0,1.0
10111,True,2.0,10103.0,3.0,1.0
10133,True,2.0,9109.0,10.0,1.0
10133,True,2.0,6037.0,12.0,1.0
10133,True,2.0,10069.0,6.0,1.0
10139,True,2.0,6043.0,12.0,1.0
10139,True,2.0,9883.0,8.0,1.0
10141,True,2.0,1949.0,13.0,1.0
10141,True,2.0,10133.0,3.0,1.0
10141,True,2.0,10139.0,1.0,1.0
10141,True,2.0,9629.0,9.0,1.0
10141,True,2.0,8093.0,11.0,1.0
10151,True,2.0,9127.0,10.0,1.0
10159,True,2.0,8111.0,11.0,1.0
10159,True,2.0,10151.0,3.0,1.0
10163,True,2.0,10159.0,2.0,1.0
10163,True,2.0,9907.0,8.0,1.0
10163,True,2.0,6067.0,12.0,1.0
10163,True,2.0,10099.0,6.0,1.0
10169,True,2.0,6073.0,12.0,1.0
10177,True,2.0,10169.0,3.0,1.0
10181,True,2.0,9157.0,10.0,1.0
10181,True,2.0,10177.0,2.0,1.0
10193,True,2.0,10177.0,4.0,1.0
10211,True,2.0,9187.0,10.0,1.0
10223,True,2.0,9967.0,8.0,1.0
10223,True,2.0,9199.0,10.0,1.0
10223,True,2.0,10159.0,6.0,1.0
10243,True,2.0,10211.0,5.0,1.0
10247,True,2.0,6151.0,12.0,1.0
10247,True,2.0,10243.0,2.0,1.0
10253,False,,,,
10259,True,2.0,6163.0,12.0,1.0
10259,True,2.0,10243.0,4.0,1.0
10267,True,2.0,10259.0,3.0,1.0
10267,True,2.0,10139.0,7.0,1.0
10267,True,2.0,8219.0,11.0,1.0
10271,True,2.0,10267.0,2.0,1.0
10273,True,2.0,10271.0,1.0,1.0
10273,True,2.0,2081.0,13.0,1.0
10289,True,2.0,10273.0,4.0,1.0
10301,True,2.0,9277.0,10.0,1.0
10303,True,2.0,10271.0,5.0,1.0
10303,True,2.0,9791.0,9.0,1.0
10303,True,2.0,10301.0,1.0,1.0
10303,True,2.0,2111.0,13.0,1.0
10313,True,2.0,6217.0,12.0,1.0
10321,True,2.0,2129.0,13.0,1.0
10321,True,2.0,10313.0,3.0,1.0
10321,True,2.0,10289.0,5.0,1.0
10321,True,2.0,8273.0,11.0,1.0
10321,True,2.0,10193.0,7.0,1.0
10331,True,2.0,10267.0,6.0,1.0
10333,True,2.0,10331.0,1.0,1.0
10333,True,2.0,2141.0,13.0,1.0
10333,True,2.0,10301.0,5.0,1.0
10337,True,2.0,10321.0,4.0,1.0
10337,True,2.0,79.0,12.0,2.0
10337,True,2.0,10273.0,6.0,1.0
10337,True,2.0,10333.0,2.0,1.0
10343,True,2.0,9319.0,10.0,1.0
10343,True,2.0,6247.0,12.0,1.0
10357,False,,,,
10369,True,2.0,9857.0,9.0,1.0
10369,True,2.0,10337.0,5.0,1.0
10391,False,,,,
10399,True,2.0,9887.0,9.0,1.0
10399,True,2.0,10271.0,7.0,1.0
10399,True,2.0,10391.0,3.0,1.0
10399,True,2.0,2207.0,13.0,1.0
10427,True,2.0,9403.0,10.0,1.0
10429,True,2.0,2237.0,13.0,1.0
10429,True,2.0,10427.0,1.0,1.0
10429,True,2.0,10301.0,7.0,1.0
10433,True,2.0,6337.0,12.0,1.0
10433,True,2.0,10177.0,8.0,1.0
10433,True,2.0,97.0,10.0,2.0
10433,True,2.0,10369.0,6.0,1.0
10433,True,2.0,10429.0,2.0,1.0
10453,True,2.0,9941.0,9.0,1.0
10457,True,2.0,6361.0,12.0,1.0
10457,True,2.0,10453.0,2.0,1.0
10457,True,2.0,9433.0,10.0,1.0
10457,True,2.0,101.0,8.0,2.0
10459,True,2.0,10457.0,1.0,1.0
10459,True,2.0,10427.0,5.0,1.0
10459,True,2.0,2267.0,13.0,1.0
10459,True,2.0,10331.0,7.0,1.0
10463,True,2.0,10399.0,6.0,1.0
10463,True,2.0,10459.0,2.0,1.0
10463,True,2.0,9439.0,10.0,1.0
10463,True,2.0,6367.0,12.0,1.0
10477,True,2.0,8429.0,11.0,1.0
10487,True,2.0,9463.0,10.0,1.0
10499,True,2.0,10243.0,8.0,1.0
10501,True,2.0,2309.0,13.0,1.0
10501,True,2.0,10499.0,1.0,1.0
10513,False,,,,
10529,True,2.0,10273.0,8.0,1.0
10529,True,2.0,10513.0,4.0,1.0
10531,True,2.0,10499.0,5.0,1.0
10531,True,2.0,2339.0,13.0,1.0
10531,True,2.0,10529.0,1.0,1.0
10559,True,2.0,10303.0,8.0,1.0
10567,True,2.0,10559.0,3.0,1.0
10589,True,2.0,10333.0,8.0,1.0
10597,True,2.0,10589.0,3.0,1.0
10601,True,2.0,10597.0,2.0,1.0
10607,False,,,,
10613,True,2.0,103.0,2.0,2.0
10613,True,2.0,10357.0,8.0,1.0
10613,True,2.0,10597.0,4.0,1.0
10627,True,2.0,10499.0,7.0,1.0
10631,True,2.0,10627.0,2.0,1.0
10631,True,2.0,10567.0,6.0,1.0
10639,True,2.0,2447.0,13.0,1.0
10639,True,2.0,10631.0,3.0,1.0
10639,True,2.0,10607.0,5.0,1.0
10651,True,2.0,2459.0,13.0,1.0
10651,True,2.0,10139.0,9.0,1.0
10657,True,2.0,3.0,12.0,8.0
10657,True,2.0,10529.0,7.0,1.0
10657,True,2.0,8609.0,11.0,1.0
10663,True,2.0,10151.0,9.0,1.0
10663,True,2.0,10631.0,5.0,1.0
10667,True,2.0,10651.0,4.0,1.0
10667,True,2.0,6571.0,12.0,1.0
10667,True,2.0,10663.0,2.0,1.0
10667,True,2.0,9643.0,10.0,1.0
10687,True,2.0,10559.0,7.0,1.0
10691,True,2.0,10627.0,6.0,1.0
10691,True,2.0,10687.0,2.0,1.0
10709,True,2.0,10453.0,8.0,1.0
10711,True,2.0,8663.0,11.0,1.0
10711,True,2.0,10709.0,1.0,1.0
10723,True,2.0,10691.0,5.0,1.0
10723,True,2.0,10211.0,9.0,1.0
10723,True,2.0,2531.0,13.0,1.0
10729,True,2.0,10601.0,7.0,1.0
10729,True,2.0,8681.0,11.0,1.0
10733,True,2.0,10477.0,8.0,1.0
10733,True,2.0,10729.0,2.0,1.0
10733,True,2.0,6637.0,12.0,1.0
10739,True,2.0,10723.0,4.0,1.0
10753,False,,,,
10771,True,2.0,2579.0,13.0,1.0
10771,True,2.0,10259.0,9.0,1.0
10771,True,2.0,10739.0,5.0,1.0
10781,False,,,,
10789,True,2.0,8741.0,11.0,1.0
10789,True,2.0,10781.0,3.0,1.0
10799,True,2.0,6703.0,12.0,1.0
10831,True,2.0,8783.0,11.0,1.0
10831,True,2.0,10799.0,5.0,1.0
10837,True,2.0,10709.0,7.0,1.0
10847,True,2.0,10831.0,4.0,1.0
10853,True,2.0,10789.0,6.0,1.0
10853,True,2.0,9829.0,10.0,1.0
10853,True,2.0,10597.0,8.0,1.0
10853,True,2.0,10837.0,4.0,1.0
10859,True,2.0,6763.0,12.0,1.0
10861,True,2.0,10733.0,7.0,1.0
10861,True,2.0,10859.0,1.0,1.0
10861,True,2.0,10853.0,3.0,1.0
10867,True,2.0,10859.0,3.0,1.0
10867,True,2.0,10739.0,7.0,1.0
10867,True,2.0,8819.0,11.0,1.0
10883,True,2.0,10867.0,4.0,1.0
10883,True,2.0,10627.0,8.0,1.0
10883,True,2.0,9859.0,10.0,1.0
10889,True,2.0,6793.0,12.0,1.0
10891,True,2.0,10889.0,1.0,1.0
10891,True,2.0,2699.0,13.0,1.0
10891,True,2.0,10883.0,3.0,1.0
10891,True,2.0,10859.0,5.0,1.0
10903,True,2.0,10391.0,9.0,1.0
10903,True,2.0,2711.0,13.0,1.0
10909,True,2.0,10781.0,7.0,1.0
10909,True,2.0,8861.0,11.0,1.0
10937,True,2.0,6841.0,12.0,1.0
10939,True,2.0,10937.0,1.0,1.0
10939,True,2.0,10427.0,9.0,1.0
10949,False,,,,
10957,True,2.0,10949.0,3.0,1.0
10973,True,2.0,10909.0,6.0,1.0
10973,True,2.0,9949.0,10.0,1.0
10973,True,2.0,10957.0,4.0,1.0
10979,True,2.0,6883.0,12.0,1.0
10979,True,2.0,10723.0,8.0,1.0
10987,True,2.0,10979.0,3.0,1.0
10987,True,2.0,10859.0,7.0,1.0
10993,True,2.0,2801.0,13.0,1.0
11003,True,2.0,10939.0,6.0,1.0
11003,True,2.0,6907.0,12.0,1.0
11003,True,2.0,10987.0,4.0,1.0
11027,True,2.0,10771.0,8.0,1.0
11047,True,2.0,8999.0,11.0,1.0
11057,True,2.0,6961.0,12.0,1.0
11057,True,2.0,10993.0,6.0,1.0
11059,True,2.0,9011.0,11.0,1.0
11059,True,2.0,11057.0,1.0,1.0
11059,True,2.0,11027.0,5.0,1.0
11069,False,,,,
11071,True,2.0,11069.0,1.0,1.0
11071,True,2.0,10559.0,9.0,1.0
11071,True,2.0,2879.0,13.0,1.0
11083,False,,,,
11087,True,2.0,10831.0,8.0,1.0
11087,True,2.0,6991.0,12.0,1.0
11087,True,2.0,11071.0,4.0,1.0
11087,True,2.0,11083.0,2.0,1.0
11093,True,2.0,6997.0,12.0,1.0
11093,True,2.0,10837.0,8.0,1.0
11093,True,2.0,10069.0,10.0,1.0
11113,True,2.0,10601.0,9.0,1.0
11117,True,2.0,10093.0,10.0,1.0
11117,True,2.0,11113.0,2.0,1.0
11117,True,2.0,10861.0,8.0,1.0
11119,True,2.0,10607.0,9.0,1.0
11119,True,2.0,11087.0,5.0,1.0
11119,True,2.0,11117.0,1.0,1.0
11119,True,2.0,2927.0,13.0,1.0
11131,True,2.0,11003.0,7.0,1.0
11131,True,2.0,2939.0,13.0,1.0
11149,True,2.0,2957.0,13.0,1.0
11149,True,2.0,11117.0,5.0,1.0
11159,True,2.0,10903.0,8.0,1.0
11161,True,2.0,11159.0,1.0,1.0
11161,True,2.0,2969.0,13.0,1.0
11171,False,,,,
11173,True,2.0,11171.0,1.0,1.0
11177,True,2.0,11161.0,4.0,1.0
11177,True,2.0,11173.0,2.0,1.0
11177,True,2.0,11113.0,6.0,1.0
11197,True,2.0,11069.0,7.0,1.0
11213,True,2.0,11149.0,6.0,1.0
11213,True,2.0,10957.0,8.0,1.0
11213,True,2.0,11197.0,4.0,1.0
11239,False,,,,
11243,True,2.0,11239.0,2.0,1.0
11243,True,2.0,10987.0,8.0,1.0
11251,True,2.0,9203.0,11.0,1.0
11251,True,2.0,11243.0,3.0,1.0
11251,True,2.0,10739.0,9.0,1.0
11257,True,2.0,9209.0,11.0,1.0
11261,True,2.0,11257.0,2.0,1.0
11261,True,2.0,11197.0,6.0,1.0
11273,True,2.0,7177.0,12.0,1.0
11273,True,2.0,11257.0,4.0,1.0
11279,False,,,,
11287,True,2.0,11279.0,3.0,1.0
11287,True,2.0,11159.0,7.0,1.0
11287,True,2.0,9239.0,11.0,1.0
11299,True,2.0,11171.0,7.0,1.0
11311,True,2.0,11279.0,5.0,1.0
11311,True,2.0,10799.0,9.0,1.0
11311,True,2.0,3119.0,13.0,1.0
11317,True,2.0,5.0,13.0,5.0
11321,True,2.0,11317.0,2.0,1.0
11321,True,2.0,11257.0,6.0,1.0
11329,True,2.0,11321.0,3.0,1.0
11329,True,2.0,9281.0,11.0,1.0
11329,True,2.0,3137.0,13.0,1.0
11351,True,2.0,11287.0,6.0,1.0
11353,True,2.0,11351.0,1.0,1.0
11353,True,2.0,11321.0,5.0,1.0
11369,True,2.0,11113.0,8.0,1.0
11369,True,2.0,11353.0,4.0,1.0
11383,True,2.0,3191.0,13.0,1.0
11383,True,2.0,11351.0,5.0,1.0
11393,True,2.0,7297.0,12.0,1.0
11393,True,2.0,11329.0,6.0,1.0
11393,True,2.0,10369.0,10.0,1.0
11399,True,2.0,11383.0,4.0,1.0
11411,False,,,,
11423,True,2.0,10399.0,10.0,1.0
11437,False,,,,
11443,True,2.0,3251.0,13.0,1.0
11443,True,2.0,11411.0,5.0,1.0
11447,True,2.0,7351.0,12.0,1.0
11447,True,2.0,11443.0,2.0,1.0
11447,True,2.0,11383.0,6.0,1.0
11467,True,2.0,9419.0,11.0,1.0
11471,True,2.0,11467.0,2.0,1.0
11483,True,2.0,11467.0,4.0,1.0
11483,True,2.0,10459.0,10.0,1.0
11489,True,2.0,7393.0,12.0,1.0
11491,True,2.0,3299.0,13.0,1.0
11491,True,2.0,11483.0,3.0,1.0
11491,True,2.0,11489.0,1.0,1.0
11491,True,2.0,10979.0,9.0,1.0
11497,True,2.0,11489.0,3.0,1.0
11497,True,2.0,11369.0,7.0,1.0
11503,True,2.0,11471.0,5.0,1.0
11519,True,2.0,11503.0,4.0,1.0
11527,True,2.0,11399.0,7.0,1.0
11527,True,2.0,9479.0,11.0,1.0
11527,True,2.0,11519.0,3.0,1.0
11549,False,,,,
11551,True,2.0,11549.0,1.0,1.0
11551,True,2.0,11519.0,5.0,1.0
11551,True,2.0,11423.0,7.0,1.0
11551,True,2.0,3359.0,13.0,1.0
11579,False,,,,
11587,True,2.0,9539.0,11.0,1.0
11587,True,2.0,11579.0,3.0,1.0
11593,False,,,,
11597,True,2.0,11593.0,2.0,1.0
11617,True,2.0,11489.0,7.0,1.0
11621,True,2.0,11617.0,2.0,1.0
11621,True,2.0,10597.0,10.0,1.0
11633,True,2.0,11617.0,4.0,1.0
11633,True,2.0,103.0,10.0,2.0
11633,True,2.0,7537.0,12.0,1.0
11657,True,2.0,11593.0,6.0,1.0
11657,True,2.0,7561.0,12.0,1.0
11677,True,2.0,9629.0,11.0,1.0
11677,True,2.0,11549.0,7.0,1.0
11681,True,2.0,11677.0,2.0,1.0
11681,True,2.0,11617.0,6.0,1.0
11681,True,2.0,10657.0,10.0,1.0
11689,True,2.0,11177.0,9.0,1.0
11689,True,2.0,11657.0,5.0,1.0
11689,True,2.0,11681.0,3.0,1.0
11699,True,2.0,11443.0,8.0,1.0
11699,True,2.0,7603.0,12.0,1.0
11701,True,2.0,11699.0,1.0,1.0
11717,True,2.0,11701.0,4.0,1.0
11717,True,2.0,7621.0,12.0,1.0
11719,True,2.0,11717.0,1.0,1.0
11719,True,2.0,3527.0,13.0,1.0
11731,True,2.0,11699.0,5.0,1.0
11731,True,2.0,3539.0,13.0,1.0
11743,False,,,,
11777,True,2.0,7681.0,12.0,1.0
11777,True,2.0,10753.0,10.0,1.0
11779,True,2.0,11777.0,1.0,1.0
11783,True,2.0,11779.0,2.0,1.0
11783,True,2.0,11527.0,8.0,1.0
11783,True,2.0,7687.0,12.0,1.0
11783,True,2.0,11719.0,6.0,1.0
11789,False,,,,
11801,False,,,,
11807,True,2.0,11551.0,8.0,1.0
11807,True,2.0,11743.0,6.0,1.0
11813,True,2.0,7717.0,12.0,1.0
11813,True,2.0,10789.0,10.0,1.0
11821,True,2.0,11789.0,5.0,1.0
11821,True,2.0,11813.0,3.0,1.0
11827,True,2.0,11699.0,7.0,1.0
11831,True,2.0,11827.0,2.0,1.0
11833,True,2.0,11801.0,5.0,1.0
11833,True,2.0,11831.0,1.0,1.0
11833,True,2.0,11321.0,9.0,1.0
11839,True,2.0,11807.0,5.0,1.0
11839,True,2.0,11831.0,3.0,1.0
11839,True,2.0,9791.0,11.0,1.0
11863,True,2.0,11351.0,9.0,1.0
11863,True,2.0,3671.0,13.0,1.0
11863,True,2.0,11831.0,5.0,1.0
11867,True,2.0,11863.0,2.0,1.0
11887,True,2.0,9839.0,11.0,1.0
11897,True,2.0,11833.0,6.0,1.0
11897,True,2.0,109.0,4.0,2.0
11903,True,2.0,11887.0,4.0,1.0
11903,True,2.0,11839.0,6.0,1.0
11909,False,,,,
11923,True,2.0,11411.0,9.0,1.0
11927,True,2.0,11863.0,6.0,1.0
11927,True,2.0,11923.0,2.0,1.0
11927,True,2.0,10903.0,10.0,1.0
11933,True,2.0,10909.0,10.0,1.0
11933,True,2.0,11677.0,8.0,1.0
11939,True,2.0,11923.0,4.0,1.0
11941,True,2.0,11909.0,5.0,1.0
11941,True,2.0,11939.0,1.0,1.0
11941,True,2.0,11813.0,7.0,1.0
11941,True,2.0,11933.0,3.0,1.0
11953,True,2.0,3761.0,13.0,1.0
11959,True,2.0,11927.0,5.0,1.0
11959,True,2.0,11447.0,9.0,1.0
11959,True,2.0,3767.0,13.0,1.0
11959,True,2.0,11831.0,7.0,1.0
11969,True,2.0,11953.0,4.0,1.0
11969,True,2.0,7873.0,12.0,1.0
11971,True,2.0,3779.0,13.0,1.0
11971,True,2.0,11969.0,1.0,1.0
11971,True,2.0,11939.0,5.0,1.0
11971,True,2.0,9923.0,11.0,1.0
11981,True,2.0,10957.0,10.0,1.0
11987,True,2.0,11731.0,8.0,1.0
11987,True,2.0,11971.0,4.0,1.0
11987,True,2.0,11923.0,6.0,1.0
12007,False,,,,
12011,True,2.0,12007.0,2.0,1.0
12011,True,2.0,10987.0,10.0,1.0
12037,True,2.0,11909.0,7.0,1.0
12041,True,2.0,12037.0,2.0,1.0
12043,True,2.0,12011.0,5.0,1.0
12043,True,2.0,12041.0,1.0,1.0
12043,True,2.0,3851.0,13.0,1.0
12049,True,2.0,12041.0,3.0,1.0
12071,True,2.0,12007.0,6.0,1.0
12071,True,2.0,11047.0,10.0,1.0
12073,True,2.0,12041.0,5.0,1.0
12073,True,2.0,12071.0,1.0,1.0
12073,True,2.0,3881.0,13.0,1.0
12097,True,2.0,11969.0,7.0,1.0
12101,True,2.0,12037.0,6.0,1.0
12101,True,2.0,12097.0,2.0,1.0
12107,True,2.0,8011.0,12.0,1.0
12107,True,2.0,12043.0,6.0,1.0
12107,True,2.0,11083.0,10.0,1.0
12109,True,2.0,12107.0,1.0,1.0
12109,True,2.0,11981.0,7.0,1.0
12109,True,2.0,11597.0,9.0,1.0
12109,True,2.0,12101.0,3.0,1.0
12109,True,2.0,10061.0,11.0,1.0
12109,True,2.0,3917.0,13.0,1.0
12113,True,2.0,12109.0,2.0,1.0
12113,True,2.0,8017.0,12.0,1.0
12113,True,2.0,12097.0,4.0,1.0
12113,True,2.0,12049.0,6.0,1.0
12119,True,2.0,11863.0,8.0,1.0
12143,True,2.0,11119.0,10.0,1.0
12143,True,2.0,11887.0,8.0,1.0
12149,True,2.0,8053.0,12.0,1.0
12157,True,2.0,12149.0,3.0,1.0
12161,True,2.0,12157.0,2.0,1.0
12161,True,2.0,12097.0,6.0,1.0
12163,True,2.0,12161.0,1.0,1.0
12197,True,2.0,11173.0,10.0,1.0
12197,True,2.0,8101.0,12.0,1.0
12197,True,2.0,11941.0,8.0,1.0
12203,False,,,,
12211,True,2.0,10163.0,11.0,1.0
12211,True,2.0,11699.0,9.0,1.0
12211,True,2.0,12203.0,3.0,1.0
12211,True,2.0,4019.0,13.0,1.0
12227,True,2.0,12211.0,4.0,1.0
12227,True,2.0,11971.0,8.0,1.0
12227,True,2.0,12163.0,6.0,1.0
12239,False,,,,
12241,True,2.0,10193.0,11.0,1.0
12241,True,2.0,12113.0,7.0,1.0
12241,True,2.0,4049.0,13.0,1.0
12241,True,2.0,12239.0,1.0,1.0
12251,False,,,,
12253,True,2.0,12251.0,1.0,1.0
12263,True,2.0,11239.0,10.0,1.0
12263,True,2.0,12007.0,8.0,1.0
12263,True,2.0,8167.0,12.0,1.0
12269,True,2.0,12253.0,4.0,1.0
12277,True,2.0,12149.0,7.0,1.0
12277,True,2.0,12269.0,3.0,1.0
12281,True,2.0,11257.0,10.0,1.0
12281,True,2.0,12277.0,2.0,1.0
12289,True,2.0,12161.0,7.0,1.0
12289,True,2.0,11777.0,9.0,1.0
12289,True,2.0,12281.0,3.0,1.0
12301,True,2.0,10253.0,11.0,1.0
12301,True,2.0,12269.0,5.0,1.0
12301,True,2.0,11789.0,9.0,1.0
12323,True,2.0,11299.0,10.0,1.0
12329,True,2.0,8233.0,12.0,1.0
12329,True,2.0,12073.0,8.0,1.0
12343,True,2.0,11831.0,9.0,1.0
12347,True,2.0,12343.0,2.0,1.0
12373,False,,,,
12377,True,2.0,11353.0,10.0,1.0
12377,True,2.0,12373.0,2.0,1.0
12379,True,2.0,12347.0,5.0,1.0
12379,True,2.0,10331.0,11.0,1.0
12379,True,2.0,12377.0,1.0,1.0
12379,True,2.0,11867.0,9.0,1.0
12379,True,2.0,12251.0,7.0,1.0
12391,True,2.0,10343.0,11.0,1.0
12391,True,2.0,12263.0,7.0,1.0
12401,False,,,,
12409,True,2.0,12401.0,3.0,1.0
12409,True,2.0,4217.0,13.0,1.0
12409,True,2.0,11897.0,9.0,1.0
12409,True,2.0,12281.0,7.0,1.0
12409,True,2.0,12377.0,5.0,1.0
12413,True,2.0,12157.0,8.0,1.0
12413,True,2.0,8317.0,12.0,1.0
12413,True,2.0,12409.0,2.0,1.0
12421,True,2.0,12413.0,3.0,1.0
12421,True,2.0,11909.0,9.0,1.0
12421,True,2.0,4229.0,13.0,1.0
12433,True,2.0,4241.0,13.0,1.0
12433,True,2.0,12401.0,5.0,1.0
12437,True,2.0,12433.0,2.0,1.0
12437,True,2.0,12373.0,6.0,1.0
12437,True,2.0,12421.0,4.0,1.0
12451,True,2.0,12323.0,7.0,1.0
12451,True,2.0,4259.0,13.0,1.0
12451,True,2.0,11939.0,9.0,1.0
12457,True,2.0,12329.0,7.0,1.0
12473,True,2.0,8377.0,12.0,1.0
12473,True,2.0,12457.0,4.0,1.0
12473,True,2.0,107.0,10.0,2.0
12473,True,2.0,12409.0,6.0,1.0
12479,False,,,,
12487,True,2.0,12479.0,3.0,1.0
12491,True,2.0,11467.0,10.0,1.0
12491,True,2.0,12487.0,2.0,1.0
12497,True,2.0,12241.0,8.0,1.0
12497,True,2.0,12433.0,6.0,1.0
12503,True,2.0,12487.0,4.0,1.0
12511,True,2.0,12479.0,5.0,1.0
12511,True,2.0,12503.0,3.0,1.0
12511,True,2.0,10463.0,11.0,1.0
12517,False,,,,
12527,True,2.0,8431.0,12.0,1.0
12527,True,2.0,11503.0,10.0,1.0
12527,True,2.0,12511.0,4.0,1.0
12539,True,2.0,8443.0,12.0,1.0
12541,True,2.0,12413.0,7.0,1.0
12541,True,2.0,4349.0,13.0,1.0
12541,True,2.0,12539.0,1.0,1.0
12547,True,2.0,12539.0,3.0,1.0
12547,True,2.0,10499.0,11.0,1.0
12553,True,2.0,12041.0,9.0,1.0
12569,True,2.0,12553.0,4.0,1.0
12577,True,2.0,10529.0,11.0,1.0
12577,True,2.0,12569.0,3.0,1.0
12583,True,2.0,4391.0,13.0,1.0
12583,True,2.0,12071.0,9.0,1.0
12589,True,2.0,4397.0,13.0,1.0
12601,True,2.0,4409.0,13.0,1.0
12601,True,2.0,12569.0,5.0,1.0
12601,True,2.0,12473.0,7.0,1.0
12611,True,2.0,12547.0,6.0,1.0
12611,True,2.0,11587.0,10.0,1.0
12613,True,2.0,4421.0,13.0,1.0
12613,True,2.0,12611.0,1.0,1.0
12613,True,2.0,12101.0,9.0,1.0
12619,True,2.0,12491.0,7.0,1.0
12619,True,2.0,12107.0,9.0,1.0
12619,True,2.0,12611.0,3.0,1.0
12637,True,2.0,10589.0,11.0,1.0
12641,True,2.0,11617.0,10.0,1.0
12641,True,2.0,12637.0,2.0,1.0
12641,True,2.0,12577.0,6.0,1.0
12647,True,2.0,12391.0,8.0,1.0
12647,True,2.0,12583.0,6.0,1.0
12653,True,2.0,12589.0,6.0,1.0
12653,True,2.0,12637.0,4.0,1.0
12659,True,2.0,8563.0,12.0,1.0
12671,False,,,,
12689,True,2.0,12433.0,8.0,1.0
12697,True,2.0,12689.0,3.0,1.0
12697,True,2.0,12569.0,7.0,1.0
12703,True,2.0,12671.0,5.0,1.0
12713,True,2.0,12457.0,8.0,1.0
12713,True,2.0,11689.0,10.0,1.0
12713,True,2.0,12697.0,4.0,1.0
12721,True,2.0,12689.0,5.0,1.0
12721,True,2.0,12713.0,3.0,1.0
12739,True,2.0,12227.0,9.0,1.0
12739,True,2.0,10691.0,11.0,1.0
12739,True,2.0,12611.0,7.0,1.0
12739,True,2.0,4547.0,13.0,1.0
12743,True,2.0,12739.0,2.0,1.0
12743,True,2.0,11719.0,10.0,1.0
12743,True,2.0,8647.0,12.0,1.0
12743,True,2.0,12487.0,8.0,1.0
12757,True,2.0,10709.0,11.0,1.0
12763,True,2.0,12251.0,9.0,1.0
12781,True,2.0,12653.0,7.0,1.0
12781,True,2.0,10733.0,11.0,1.0
12781,True,2.0,12269.0,9.0,1.0
12791,False,,,,
12799,True,2.0,12671.0,7.0,1.0
12799,True,2.0,12791.0,3.0,1.0
12809,True,2.0,8713.0,12.0,1.0
12809,True,2.0,12553.0,8.0,1.0
12821,True,2.0,12757.0,6.0,1.0
12823,True,2.0,12791.0,5.0,1.0
12823,True,2.0,12821.0,1.0,1.0
12829,True,2.0,10781.0,11.0,1.0
12829,True,2.0,4637.0,13.0,1.0
12829,True,2.0,12821.0,3.0,1.0
12841,True,2.0,12809.0,5.0,1.0
12841,True,2.0,12713.0,7.0,1.0
12841,True,2.0,4649.0,13.0,1.0
12841,True,2.0,12329.0,9.0,1.0
12853,True,2.0,12821.0,5.0,1.0
12889,True,2.0,12377.0,9.0,1.0
12893,True,2.0,12829.0,6.0,1.0
12893,True,2.0,12637.0,8.0,1.0
12893,True,2.0,12889.0,2.0,1.0
12899,True,2.0,8803.0,12.0,1.0
12907,True,2.0,10859.0,11.0,1.0
12907,True,2.0,12899.0,3.0,1.0
12911,True,2.0,12907.0,2.0,1.0
12911,True,2.0,11887.0,10.0,1.0
12917,True,2.0,12853.0,6.0,1.0
12917,True,2.0,8821.0,12.0,1.0
12919,True,2.0,12917.0,1.0,1.0
12919,True,2.0,12911.0,3.0,1.0
12919,True,2.0,12791.0,7.0,1.0
12923,True,2.0,12919.0,2.0,1.0
12923,True,2.0,12907.0,4.0,1.0
12941,False,,,,
12953,True,2.0,12697.0,8.0,1.0
12953,True,2.0,12889.0,6.0,1.0
12959,True,2.0,8863.0,12.0,1.0
12959,True,2.0,12703.0,8.0,1.0
12967,True,2.0,12959.0,3.0,1.0
12973,True,2.0,12941.0,5.0,1.0
12979,True,2.0,4787.0,13.0,1.0
12983,True,2.0,12979.0,2.0,1.0
12983,True,2.0,12967.0,4.0,1.0
12983,True,2.0,8887.0,12.0,1.0
12983,True,2.0,12919.0,6.0,1.0
12983,True,2.0,11959.0,10.0,1.0
13001,False,,,,
13003,True,2.0,13001.0,1.0,1.0
13003,True,2.0,12491.0,9.0,1.0
13007,True,2.0,13003.0,2.0,1.0
13009,True,2.0,12497.0,9.0,1.0
13009,True,2.0,13007.0,1.0,1.0
13009,True,2.0,13001.0,3.0,1.0
13009,True,2.0,4817.0,13.0,1.0
13033,True,2.0,13001.0,5.0,1.0
13037,True,2.0,12973.0,6.0,1.0
13037,True,2.0,8941.0,12.0,1.0
13037,True,2.0,12781.0,8.0,1.0
13037,True,2.0,13033.0,2.0,1.0
13043,True,2.0,12979.0,6.0,1.0
13049,True,2.0,13033.0,4.0,1.0
13063,True,2.0,4871.0,13.0,1.0
13093,False,,,,
13099,False,,,,
13103,True,2.0,13099.0,2.0,1.0
13103,True,2.0,9007.0,12.0,1.0
13109,True,2.0,9013.0,12.0,1.0
13109,True,2.0,12853.0,8.0,1.0
13109,True,2.0,13093.0,4.0,1.0
13121,True,2.0,12097.0,10.0,1.0
13127,True,2.0,13063.0,6.0,1.0
13147,False,,,,
13151,True,2.0,13147.0,2.0,1.0
13159,True,2.0,13127.0,5.0,1.0
13159,True,2.0,13151.0,3.0,1.0
13159,True,2.0,12647.0,9.0,1.0
13159,True,2.0,4967.0,13.0,1.0
13163,True,2.0,13147.0,4.0,1.0
13163,True,2.0,13099.0,6.0,1.0
13163,True,2.0,13159.0,2.0,1.0
13163,True,2.0,12907.0,8.0,1.0
13163,True,2.0,9067.0,12.0,1.0
13171,True,2.0,13043.0,7.0,1.0
13171,True,2.0,12659.0,9.0,1.0
13171,True,2.0,13163.0,3.0,1.0
13177,True,2.0,13049.0,7.0,1.0
13183,True,2.0,12671.0,9.0,1.0
13183,True,2.0,13151.0,5.0,1.0
13187,True,2.0,13183.0,2.0,1.0
13187,True,2.0,12163.0,10.0,1.0
13187,True,2.0,13171.0,4.0,1.0
13187,True,2.0,9091.0,12.0,1.0
13217,False,,,,
13219,True,2.0,13217.0,1.0,1.0
13219,True,2.0,11171.0,11.0,1.0
13219,True,2.0,13187.0,5.0,1.0
13229,True,2.0,9133.0,12.0,1.0
13229,True,2.0,12973.0,8.0,1.0
13241,True,2.0,13177.0,6.0,1.0
13249,True,2.0,13241.0,3.0,1.0
13249,True,2.0,13121.0,7.0,1.0
13249,True,2.0,13217.0,5.0,1.0
13259,True,2.0,13003.0,8.0,1.0
13267,True,2.0,13259.0,3.0,1.0
13291,True,2.0,11243.0,11.0,1.0
13291,True,2.0,13259.0,5.0,1.0
13291,True,2.0,13163.0,7.0,1.0
13291,True,2.0,5099.0,13.0,1.0
13297,False,,,,
13309,True,2.0,11261.0,11.0,1.0
13313,True,2.0,13297.0,4.0,1.0
13313,True,2.0,13249.0,6.0,1.0
13313,True,2.0,12289.0,10.0,1.0
13313,True,2.0,13309.0,2.0,1.0
13327,True,2.0,11279.0,11.0,1.0
13331,True,2.0,13327.0,2.0,1.0
13331,True,2.0,13267.0,6.0,1.0
13337,True,2.0,9241.0,12.0,1.0
13339,True,2.0,5147.0,13.0,1.0
13339,True,2.0,13331.0,3.0,1.0
13339,True,2.0,13337.0,1.0,1.0
13367,True,2.0,12343.0,10.0,1.0
13381,True,2.0,5189.0,13.0,1.0
13397,True,2.0,13381.0,4.0,1.0
13397,True,2.0,12373.0,10.0,1.0
13399,True,2.0,13367.0,5.0,1.0
13399,True,2.0,13397.0,1.0,1.0
13399,True,2.0,11351.0,11.0,1.0
13411,True,2.0,12899.0,9.0,1.0
13417,True,2.0,11369.0,11.0,1.0
13421,True,2.0,13417.0,2.0,1.0
13441,True,2.0,11393.0,11.0,1.0
13441,True,2.0,13313.0,7.0,1.0
13451,False,,,,
13457,True,2.0,12433.0,10.0,1.0
13457,True,2.0,13441.0,4.0,1.0
13463,True,2.0,13399.0,6.0,1.0
13469,False,,,,
13477,True,2.0,13469.0,3.0,1.0
13487,True,2.0,9391.0,12.0,1.0
13499,True,2.0,9403.0,12.0,1.0
13513,True,2.0,13001.0,9.0,1.0
13523,True,2.0,13267.0,8.0,1.0
13537,True,2.0,11489.0,11.0,1.0
13553,True,2.0,13537.0,4.0,1.0
13553,True,2.0,13297.0,8.0,1.0
13567,True,2.0,11519.0,11.0,1.0
13577,True,2.0,13513.0,6.0,1.0
13577,True,2.0,12553.0,10.0,1.0
13591,True,2.0,5399.0,13.0,1.0
13591,True,2.0,13463.0,7.0,1.0
13597,True,2.0,13469.0,7.0,1.0
13597,True,2.0,11549.0,11.0,1.0
13613,True,2.0,13597.0,4.0,1.0
13613,True,2.0,12589.0,10.0,1.0
13619,False,,,,
13627,True,2.0,11579.0,11.0,1.0
13627,True,2.0,13499.0,7.0,1.0
13627,True,2.0,13619.0,3.0,1.0
13633,True,2.0,5441.0,13.0,1.0
13633,True,2.0,13121.0,9.0,1.0
13649,True,2.0,13633.0,4.0,1.0
13669,True,2.0,11621.0,11.0,1.0
13669,True,2.0,5477.0,13.0,1.0
13679,False,,,,
13681,True,2.0,13679.0,1.0,1.0
13681,True,2.0,13553.0,7.0,1.0
13681,True,2.0,11633.0,11.0,1.0
13681,True,2.0,13649.0,5.0,1.0
13687,True,2.0,13679.0,3.0,1.0
13691,True,2.0,13627.0,6.0,1.0
13691,True,2.0,13687.0,2.0,1.0
13693,True,2.0,5501.0,13.0,1.0
13693,True,2.0,13691.0,1.0,1.0
13697,True,2.0,13693.0,2.0,1.0
13697,True,2.0,13681.0,4.0,1.0
13697,True,2.0,9601.0,12.0,1.0
13697,True,2.0,13441.0,8.0,1.0
13697,True,2.0,13633.0,6.0,1.0
13709,True,2.0,13693.0,4.0,1.0
13709,True,2.0,9613.0,12.0,1.0
13711,True,2.0,13709.0,1.0,1.0
13711,True,2.0,13679.0,5.0,1.0
13711,True,2.0,5519.0,13.0,1.0
13721,True,2.0,12697.0,10.0,1.0
13723,True,2.0,13691.0,5.0,1.0
13723,True,2.0,5531.0,13.0,1.0
13723,True,2.0,13721.0,1.0,1.0
13729,True,2.0,13217.0,9.0,1.0
13729,True,2.0,11681.0,11.0,1.0
13729,True,2.0,13697.0,5.0,1.0
13729,True,2.0,13721.0,3.0,1.0
13751,True,2.0,13687.0,6.0,1.0
13757,True,2.0,13693.0,6.0,1.0
13757,True,2.0,9661.0,12.0,1.0
13759,True,2.0,13757.0,1.0,1.0
13759,True,2.0,13751.0,3.0,1.0
13763,True,2.0,13759.0,2.0,1.0
13763,True,2.0,12739.0,10.0,1.0
13781,True,2.0,12757.0,10.0,1.0
13789,True,2.0,13757.0,5.0,1.0
13789,True,2.0,13781.0,3.0,1.0
13799,False,,,,
13807,True,2.0,13679.0,7.0,1.0
13807,True,2.0,13799.0,3.0,1.0
13829,True,2.0,9733.0,12.0,1.0
13831,True,2.0,11783.0,11.0,1.0
13831,True,2.0,13799.0,5.0,1.0
13831,True,2.0,13829.0,1.0,1.0
13831,True,2.0,5639.0,13.0,1.0
13841,False,,,,
13859,False,,,,
13873,True,2.0,13841.0,5.0,1.0
13877,True,2.0,9781.0,12.0,1.0
13877,True,2.0,12853.0,10.0,1.0
13877,True,2.0,13873.0,2.0,1.0
13879,True,2.0,11831.0,11.0,1.0
13879,True,2.0,13367.0,9.0,1.0
13879,True,2.0,13751.0,7.0,1.0
13879,True,2.0,13877.0,1.0,1.0
13883,True,2.0,13879.0,2.0,1.0
13883,True,2.0,13627.0,8.0,1.0
13883,True,2.0,9787.0,12.0,1.0
13901,False,,,,
13903,True,2.0,13901.0,1.0,1.0
13903,True,2.0,5711.0,13.0,1.0
13907,True,2.0,9811.0,12.0,1.0
13907,True,2.0,13903.0,2.0,1.0
13913,True,2.0,12889.0,10.0,1.0
13913,True,2.0,9817.0,12.0,1.0
13921,True,2.0,13913.0,3.0,1.0
13931,True,2.0,12907.0,10.0,1.0
13933,True,2.0,13901.0,5.0,1.0
13933,True,2.0,5741.0,13.0,1.0
13933,True,2.0,13421.0,9.0,1.0
13933,True,2.0,13931.0,1.0,1.0
13963,True,2.0,13931.0,5.0,1.0
13963,True,2.0,13451.0,9.0,1.0
13967,True,2.0,9871.0,12.0,1.0
13967,True,2.0,13711.0,8.0,1.0
13967,True,2.0,13903.0,6.0,1.0
13967,True,2.0,13963.0,2.0,1.0
13997,True,2.0,13933.0,6.0,1.0
13997,True,2.0,9901.0,12.0,1.0
13997,True,2.0,12973.0,10.0,1.0
13999,True,2.0,13487.0,9.0,1.0
13999,True,2.0,13967.0,5.0,1.0
13999,True,2.0,13997.0,1.0,1.0
13999,True,2.0,5807.0,13.0,1.0
14009,False,,,,
14011,True,2.0,14009.0,1.0,1.0
14011,True,2.0,13499.0,9.0,1.0
14011,True,2.0,13883.0,7.0,1.0
14029,True,2.0,11981.0,11.0,1.0
14029,True,2.0,13997.0,5.0,1.0
14029,True,2.0,13901.0,7.0,1.0
14033,True,2.0,14029.0,2.0,1.0
14033,True,2.0,13009.0,10.0,1.0
14051,False,,,,
14057,True,2.0,13033.0,10.0,1.0
14071,True,2.0,5879.0,13.0,1.0
14081,False,,,,
14083,True,2.0,14051.0,5.0,1.0
14083,True,2.0,14081.0,1.0,1.0
14087,True,2.0,13063.0,10.0,1.0
14087,True,2.0,14071.0,4.0,1.0
14087,True,2.0,14083.0,2.0,1.0
14087,True,2.0,13831.0,8.0,1.0
14107,False,,,,
14143,False,,,,
14149,True,2.0,12101.0,11.0,1.0
14153,True,2.0,14149.0,2.0,1.0
14159,True,2.0,13903.0,8.0,1.0
14159,True,2.0,14143.0,4.0,1.0
14173,True,2.0,5981.0,13.0,1.0
14177,True,2.0,13921.0,8.0,1.0
14177,True,2.0,14173.0,2.0,1.0
14197,True,2.0,12149.0,11.0,1.0
14207,True,2.0,10111.0,12.0,1.0
14207,True,2.0,14143.0,6.0,1.0
14207,True,2.0,13183.0,10.0,1.0
14221,True,2.0,13709.0,9.0,1.0
14221,True,2.0,6029.0,13.0,1.0
14243,True,2.0,13219.0,10.0,1.0
14249,False,,,,
14251,True,2.0,14243.0,3.0,1.0
14251,True,2.0,14249.0,1.0,1.0
14251,True,2.0,12203.0,11.0,1.0
14281,True,2.0,6089.0,13.0,1.0
14281,True,2.0,14153.0,7.0,1.0
14281,True,2.0,14249.0,5.0,1.0
14293,True,2.0,6101.0,13.0,1.0
14293,True,2.0,13781.0,9.0,1.0
14303,False,,,,
14321,True,2.0,13297.0,10.0,1.0
14323,True,2.0,14321.0,1.0,1.0
14323,True,2.0,6131.0,13.0,1.0
14327,True,2.0,14323.0,2.0,1.0
14327,True,2.0,14071.0,8.0,1.0
14341,True,2.0,13829.0,9.0,1.0
14347,False,,,,
14369,True,2.0,10273.0,12.0,1.0
14387,True,2.0,14323.0,6.0,1.0
14389,True,2.0,14387.0,1.0,1.0
14389,True,2.0,6197.0,13.0,1.0
14389,True,2.0,13877.0,9.0,1.0
14401,True,2.0,14369.0,5.0,1.0
14407,False,,,,
14411,True,2.0,14347.0,6.0,1.0
14411,True,2.0,14407.0,2.0,1.0
14419,True,2.0,14387.0,5.0,1.0
14419,True,2.0,14411.0,3.0,1.0
14419,True,2.0,13907.0,9.0,1.0
14423,True,2.0,14419.0,2.0,1.0
14423,True,2.0,13399.0,10.0,1.0
14423,True,2.0,14407.0,4.0,1.0
14431,True,2.0,14303.0,7.0,1.0
14431,True,2.0,14423.0,3.0,1.0
14437,False,,,,
14447,True,2.0,14431.0,4.0,1.0
14449,True,2.0,12401.0,11.0,1.0
14449,True,2.0,14321.0,7.0,1.0
14449,True,2.0,14447.0,1.0,1.0
14449,True,2.0,6257.0,13.0,1.0
14461,True,2.0,12413.0,11.0,1.0
14461,True,2.0,6269.0,13.0,1.0
14479,True,2.0,14447.0,5.0,1.0
14479,True,2.0,13967.0,9.0,1.0
14479,True,2.0,6287.0,13.0,1.0
14489,False,,,,
14503,True,2.0,6311.0,13.0,1.0
14519,True,2.0,14503.0,4.0,1.0
14533,False,,,,
14537,True,2.0,14281.0,8.0,1.0
14537,True,2.0,13513.0,10.0,1.0
14537,True,2.0,14533.0,2.0,1.0
14543,True,2.0,14479.0,6.0,1.0
14549,True,2.0,14293.0,8.0,1.0
14549,True,2.0,10453.0,12.0,1.0
14549,True,2.0,14533.0,4.0,1.0
14551,True,2.0,14543.0,3.0,1.0
14551,True,2.0,14423.0,7.0,1.0
14551,True,2.0,6359.0,13.0,1.0
14551,True,2.0,14519.0,5.0,1.0
14551,True,2.0,14549.0,1.0,1.0
14551,True,2.0,12503.0,11.0,1.0
14557,True,2.0,14549.0,3.0,1.0
14561,True,2.0,14557.0,2.0,1.0
14561,True,2.0,13537.0,10.0,1.0
14563,True,2.0,14561.0,1.0,1.0
14563,True,2.0,14051.0,9.0,1.0
14591,True,2.0,13567.0,10.0,1.0
14593,True,2.0,14591.0,1.0,1.0
14593,True,2.0,14561.0,5.0,1.0
14593,True,2.0,14081.0,9.0,1.0
14621,True,2.0,14557.0,6.0,1.0
14621,True,2.0,13597.0,10.0,1.0
14627,True,2.0,10531.0,12.0,1.0
14627,True,2.0,14563.0,6.0,1.0
14629,True,2.0,14621.0,3.0,1.0
14629,True,2.0,14627.0,1.0,1.0
14633,True,2.0,14629.0,2.0,1.0
14639,False,,,,
14653,True,2.0,14621.0,5.0,1.0
14657,True,2.0,13633.0,10.0,1.0
14657,True,2.0,14653.0,2.0,1.0
14657,True,2.0,14401.0,8.0,1.0
14657,True,2.0,11.0,4.0,4.0
14657,True,2.0,14593.0,6.0,1.0
14669,True,2.0,14653.0,4.0,1.0
14683,True,2.0,6491.0,13.0,1.0
14699,True,2.0,14683.0,4.0,1.0
14713,True,2.0,6521.0,13.0,1.0
14717,True,2.0,13693.0,10.0,1.0
14717,True,2.0,14653.0,6.0,1.0
14717,True,2.0,14461.0,8.0,1.0
14717,True,2.0,14713.0,2.0,1.0
14723,True,2.0,10627.0,12.0,1.0
14731,True,2.0,14699.0,5.0,1.0
14731,True,2.0,14723.0,3.0,1.0
14737,True,2.0,12689.0,11.0,1.0
14741,True,2.0,14737.0,2.0,1.0
14747,True,2.0,14731.0,4.0,1.0
14747,True,2.0,14683.0,6.0,1.0
14747,True,2.0,10651.0,12.0,1.0
14747,True,2.0,13723.0,10.0,1.0
14753,True,2.0,10657.0,12.0,1.0
14753,True,2.0,14737.0,4.0,1.0
14753,True,2.0,13729.0,10.0,1.0
14753,True,2.0,3.0,13.0,8.0
14759,True,2.0,10663.0,12.0,1.0
14759,True,2.0,14503.0,8.0,1.0
14767,True,2.0,14759.0,3.0,1.0
14767,True,2.0,14639.0,7.0,1.0
14771,True,2.0,14767.0,2.0,1.0
14779,True,2.0,14747.0,5.0,1.0
14779,True,2.0,14771.0,3.0,1.0
14783,True,2.0,14767.0,4.0,1.0
14783,True,2.0,13759.0,10.0,1.0
14783,True,2.0,14779.0,2.0,1.0
14783,True,2.0,10687.0,12.0,1.0
14797,True,2.0,14669.0,7.0,1.0
14813,True,2.0,14797.0,4.0,1.0
14813,True,2.0,13789.0,10.0,1.0
14813,True,2.0,14557.0,8.0,1.0
14821,True,2.0,14813.0,3.0,1.0
14827,True,2.0,14699.0,7.0,1.0
14831,True,2.0,14767.0,6.0,1.0
14831,True,2.0,14827.0,2.0,1.0
14831,True,2.0,13807.0,10.0,1.0
14843,True,2.0,14827.0,4.0,1.0
14843,True,2.0,14779.0,6.0,1.0
14851,True,2.0,14723.0,7.0,1.0
14851,True,2.0,6659.0,13.0,1.0
14851,True,2.0,14843.0,3.0,1.0
14867,True,2.0,10771.0,12.0,1.0
14867,True,2.0,14851.0,4.0,1.0
14869,True,2.0,14741.0,7.0,1.0
14869,True,2.0,12821.0,11.0,1.0
14869,True,2.0,14867.0,1.0,1.0
14879,False,,,,
14887,True,2.0,14759.0,7.0,1.0
14887,True,2.0,14879.0,3.0,1.0
14891,True,2.0,14827.0,6.0,1.0
14891,True,2.0,14887.0,2.0,1.0
14897,True,2.0,13873.0,10.0,1.0
14897,True,2.0,11.0,8.0,4.0
14923,True,2.0,14411.0,9.0,1.0
14923,True,2.0,14891.0,5.0,1.0
14929,True,2.0,6737.0,13.0,1.0
14929,True,2.0,14897.0,5.0,1.0
14939,True,2.0,14683.0,8.0,1.0
14939,True,2.0,14923.0,4.0,1.0
14947,True,2.0,14939.0,3.0,1.0
14947,True,2.0,12899.0,11.0,1.0
14951,True,2.0,14887.0,6.0,1.0
14951,True,2.0,14947.0,2.0,1.0
14957,True,2.0,13933.0,10.0,1.0
14957,True,2.0,10861.0,12.0,1.0
14969,True,2.0,14713.0,8.0,1.0
14983,True,2.0,14951.0,5.0,1.0
14983,True,2.0,6791.0,13.0,1.0
15013,False,,,,
15017,True,2.0,15013.0,2.0,1.0
15031,True,2.0,14519.0,9.0,1.0
15031,True,2.0,12983.0,11.0,1.0
15053,True,2.0,14029.0,10.0,1.0
15053,True,2.0,14797.0,8.0,1.0
15053,True,2.0,10957.0,12.0,1.0
15061,True,2.0,14549.0,9.0,1.0
15061,True,2.0,15053.0,3.0,1.0
15061,True,2.0,6869.0,13.0,1.0
15073,True,2.0,14561.0,9.0,1.0
15077,True,2.0,15013.0,6.0,1.0
15077,True,2.0,15061.0,4.0,1.0
15077,True,2.0,15073.0,2.0,1.0
15077,True,2.0,14821.0,8.0,1.0
15083,True,2.0,10987.0,12.0,1.0
15083,True,2.0,14827.0,8.0,1.0
15091,True,2.0,13043.0,11.0,1.0
15091,True,2.0,6899.0,13.0,1.0
15091,True,2.0,15083.0,3.0,1.0
15101,False,,,,
15107,True,2.0,15091.0,4.0,1.0
15107,True,2.0,14851.0,8.0,1.0
15107,True,2.0,14083.0,10.0,1.0
15121,False,,,,
15131,True,2.0,14107.0,10.0,1.0
15137,True,2.0,15073.0,6.0,1.0
15137,True,2.0,15121.0,4.0,1.0
15139,True,2.0,14627.0,9.0,1.0
15139,True,2.0,15131.0,3.0,1.0
15139,True,2.0,6947.0,13.0,1.0
15139,True,2.0,15107.0,5.0,1.0
15139,True,2.0,15137.0,1.0,1.0
15149,False,,,,
15161,False,,,,
15173,True,2.0,14149.0,10.0,1.0
15187,False,,,,
15193,True,2.0,7001.0,13.0,1.0
15193,True,2.0,15161.0,5.0,1.0
15199,True,2.0,13151.0,11.0,1.0
15217,False,,,,
15227,True,2.0,11131.0,12.0,1.0
15233,True,2.0,15217.0,4.0,1.0
15241,True,2.0,15233.0,3.0,1.0
15259,True,2.0,15131.0,7.0,1.0
15259,True,2.0,15227.0,5.0,1.0
15259,True,2.0,14747.0,9.0,1.0
15263,True,2.0,15199.0,6.0,1.0
15263,True,2.0,15259.0,2.0,1.0
15269,True,2.0,15013.0,8.0,1.0
15269,True,2.0,11173.0,12.0,1.0
15271,True,2.0,7079.0,13.0,1.0
15271,True,2.0,14759.0,9.0,1.0
15271,True,2.0,15269.0,1.0,1.0
15271,True,2.0,15263.0,3.0,1.0
15277,True,2.0,15149.0,7.0,1.0
15277,True,2.0,15269.0,3.0,1.0
15277,True,2.0,13229.0,11.0,1.0
15287,True,2.0,15031.0,8.0,1.0
15287,True,2.0,15271.0,4.0,1.0
15289,True,2.0,15161.0,7.0,1.0
15289,True,2.0,15287.0,1.0,1.0
15289,True,2.0,13241.0,11.0,1.0
15299,False,,,,
15307,True,2.0,15299.0,3.0,1.0
15307,True,2.0,13259.0,11.0,1.0
15313,True,2.0,7121.0,13.0,1.0
15319,True,2.0,7127.0,13.0,1.0
15319,True,2.0,15287.0,5.0,1.0
15329,True,2.0,15313.0,4.0,1.0
15329,True,2.0,15073.0,8.0,1.0
15331,True,2.0,15299.0,5.0,1.0
15331,True,2.0,15329.0,1.0,1.0
15349,False,,,,
15359,False,,,,
15361,True,2.0,15359.0,1.0,1.0
15361,True,2.0,15233.0,7.0,1.0
15361,True,2.0,15329.0,5.0,1.0
15361,True,2.0,13313.0,11.0,1.0
15373,False,,,,
15377,True,2.0,15121.0,8.0,1.0
15377,True,2.0,15373.0,2.0,1.0
15377,True,2.0,15361.0,4.0,1.0
15377,True,2.0,15313.0,6.0,1.0
15383,True,2.0,11287.0,12.0,1.0
15383,True,2.0,15319.0,6.0,1.0
15391,True,2.0,15359.0,5.0,1.0
15391,True,2.0,15263.0,7.0,1.0
15391,True,2.0,15383.0,3.0,1.0
15391,True,2.0,14879.0,9.0,1.0
15401,False,,,,
15413,True,2.0,14389.0,10.0,1.0
15413,True,2.0,15349.0,6.0,1.0
15413,True,2.0,11317.0,12.0,1.0
15427,True,2.0,15299.0,7.0,1.0
15439,True,2.0,7247.0,13.0,1.0
15443,True,2.0,14419.0,10.0,1.0
15443,True,2.0,15187.0,8.0,1.0
15443,True,2.0,15427.0,4.0,1.0
15443,True,2.0,15439.0,2.0,1.0
15451,True,2.0,14939.0,9.0,1.0
15451,True,2.0,15443.0,3.0,1.0
15461,True,2.0,14437.0,10.0,1.0
15467,True,2.0,15451.0,4.0,1.0
15473,True,2.0,14449.0,10.0,1.0
15473,True,2.0,15217.0,8.0,1.0
15493,True,2.0,15461.0,5.0,1.0
15497,True,2.0,15493.0,2.0,1.0
15497,True,2.0,15241.0,8.0,1.0
15511,True,2.0,13463.0,11.0,1.0
15511,True,2.0,15383.0,7.0,1.0
15527,True,2.0,15511.0,4.0,1.0
15527,True,2.0,14503.0,10.0,1.0
15527,True,2.0,15271.0,8.0,1.0
15541,True,2.0,15413.0,7.0,1.0
15541,True,2.0,7349.0,13.0,1.0
15551,False,,,,
15559,True,2.0,15551.0,3.0,1.0
15559,True,2.0,15527.0,5.0,1.0
15569,True,2.0,15313.0,8.0,1.0
15581,True,2.0,14557.0,10.0,1.0
15583,True,2.0,15551.0,5.0,1.0
15583,True,2.0,15581.0,1.0,1.0
15601,True,2.0,13553.0,11.0,1.0
15601,True,2.0,15569.0,5.0,1.0
15601,True,2.0,15473.0,7.0,1.0
15607,False,,,,
15619,True,2.0,15107.0,9.0,1.0
15629,True,2.0,15373.0,8.0,1.0
15629,True,2.0,5.0,2.0,6.0
15641,True,2.0,5.0,4.0,6.0
15643,True,2.0,15131.0,9.0,1.0
15643,True,2.0,15641.0,1.0,1.0
15643,True,2.0,7451.0,13.0,1.0
15647,True,2.0,11551.0,12.0,1.0
15647,True,2.0,15391.0,8.0,1.0
15647,True,2.0,15643.0,2.0,1.0
15647,True,2.0,15583.0,6.0,1.0
15649,True,2.0,7457.0,13.0,1.0
15649,True,2.0,15641.0,3.0,1.0
15649,True,2.0,15647.0,1.0,1.0
15649,True,2.0,15137.0,9.0,1.0
15661,True,2.0,13613.0,11.0,1.0
15661,True,2.0,15629.0,5.0,1.0
15661,True,2.0,15149.0,9.0,1.0
15667,True,2.0,13619.0,11.0,1.0
15671,True,2.0,15667.0,2.0,1.0
15671,True,2.0,15607.0,6.0,1.0
15679,True,2.0,15647.0,5.0,1.0
15679,True,2.0,15551.0,7.0,1.0
15679,True,2.0,7487.0,13.0,1.0
15679,True,2.0,15671.0,3.0,1.0
15683,True,2.0,15679.0,2.0,1.0
15683,True,2.0,15667.0,4.0,1.0
15683,True,2.0,15619.0,6.0,1.0
15683,True,2.0,11587.0,12.0,1.0
15683,True,2.0,15427.0,8.0,1.0
15727,True,2.0,13679.0,11.0,1.0
15731,True,2.0,15727.0,2.0,1.0
15731,True,2.0,15667.0,6.0,1.0
15733,True,2.0,7541.0,13.0,1.0
15733,True,2.0,15731.0,1.0,1.0
15737,True,2.0,15733.0,2.0,1.0
15737,True,2.0,14713.0,10.0,1.0
15739,True,2.0,7547.0,13.0,1.0
15739,True,2.0,15737.0,1.0,1.0
15739,True,2.0,15227.0,9.0,1.0
15739,True,2.0,15731.0,3.0,1.0
15739,True,2.0,13691.0,11.0,1.0
15749,True,2.0,15493.0,8.0,1.0
15749,True,2.0,15733.0,4.0,1.0
15761,True,2.0,14737.0,10.0,1.0
15767,True,2.0,15511.0,8.0,1.0
15773,True,2.0,11677.0,12.0,1.0
15787,False,,,,
15791,True,2.0,15787.0,2.0,1.0
15791,True,2.0,14767.0,10.0,1.0
15791,True,2.0,15727.0,6.0,1.0
15797,True,2.0,11701.0,12.0,1.0
15797,True,2.0,15733.0,6.0,1.0
15797,True,2.0,15541.0,8.0,1.0
15803,True,2.0,14779.0,10.0,1.0
15803,True,2.0,15787.0,4.0,1.0
15803,True,2.0,15739.0,6.0,1.0
15809,False,,,,
15817,True,2.0,15809.0,3.0,1.0
15823,True,2.0,15791.0,5.0,1.0
15859,True,2.0,15731.0,7.0,1.0
15877,True,2.0,13829.0,11.0,1.0
15877,True,2.0,15749.0,7.0,1.0
15881,True,2.0,5.0,8.0,6.0
15881,True,2.0,15817.0,6.0,1.0
15881,True,2.0,15877.0,2.0,1.0
15887,True,2.0,15823.0,6.0,1.0
15889,True,2.0,15881.0,3.0,1.0
15889,True,2.0,15761.0,7.0,1.0
15889,True,2.0,15377.0,9.0,1.0
15889,True,2.0,13841.0,11.0,1.0
15889,True,2.0,15887.0,1.0,1.0
15901,True,2.0,15773.0,7.0,1.0
15907,True,2.0,13859.0,11.0,1.0
15913,True,2.0,15401.0,9.0,1.0
15913,True,2.0,15881.0,5.0,1.0
15919,True,2.0,15791.0,7.0,1.0
15919,True,2.0,7727.0,13.0,1.0
15919,True,2.0,15887.0,5.0,1.0
15923,True,2.0,15907.0,4.0,1.0
15923,True,2.0,15919.0,2.0,1.0
15923,True,2.0,15859.0,6.0,1.0
15923,True,2.0,11827.0,12.0,1.0
15923,True,2.0,15667.0,8.0,1.0
15937,True,2.0,15809.0,7.0,1.0
15959,True,2.0,11863.0,12.0,1.0
15971,True,2.0,14947.0,10.0,1.0
15971,True,2.0,15907.0,6.0,1.0
15973,True,2.0,15461.0,9.0,1.0
15973,True,2.0,15971.0,1.0,1.0
15991,True,2.0,15959.0,5.0,1.0
16001,True,2.0,15937.0,6.0,1.0
16007,True,2.0,15991.0,4.0,1.0
16007,True,2.0,14983.0,10.0,1.0
16033,True,2.0,7841.0,13.0,1.0
16033,True,2.0,16001.0,5.0,1.0
16057,True,2.0,14009.0,11.0,1.0
16061,True,2.0,16057.0,2.0,1.0
16063,True,2.0,16061.0,1.0,1.0
16063,True,2.0,15551.0,9.0,1.0
16067,True,2.0,11971.0,12.0,1.0
16067,True,2.0,16063.0,2.0,1.0
16069,True,2.0,16061.0,3.0,1.0
16069,True,2.0,7877.0,13.0,1.0
16069,True,2.0,16067.0,1.0,1.0
16073,True,2.0,16069.0,2.0,1.0
16073,True,2.0,16057.0,4.0,1.0
16073,True,2.0,15817.0,8.0,1.0
16087,True,2.0,15959.0,7.0,1.0
16091,True,2.0,16087.0,2.0,1.0
16097,True,2.0,16033.0,6.0,1.0
16097,True,2.0,15073.0,10.0,1.0
16103,True,2.0,12007.0,12.0,1.0
16103,True,2.0,16087.0,4.0,1.0
16111,True,2.0,16103.0,3.0,1.0
16111,True,2.0,7919.0,13.0,1.0
16127,True,2.0,16111.0,4.0,1.0
16127,True,2.0,16063.0,6.0,1.0
16139,True,2.0,12043.0,12.0,1.0
16141,True,2.0,7949.0,13.0,1.0
16141,True,2.0,16139.0,1.0,1.0
16141,True,2.0,15629.0,9.0,1.0
16183,True,2.0,15671.0,9.0,1.0
16187,True,2.0,16183.0,2.0,1.0
16189,True,2.0,16187.0,1.0,1.0
16189,True,2.0,16061.0,7.0,1.0
16193,True,2.0,15937.0,8.0,1.0
16193,True,2.0,16189.0,2.0,1.0
16193,True,2.0,127.0,6.0,2.0
16193,True,2.0,12097.0,12.0,1.0
16217,True,2.0,15193.0,10.0,1.0
16223,True,2.0,15199.0,10.0,1.0
16229,True,2.0,15973.0,8.0,1.0
16231,True,2.0,8039.0,13.0,1.0
16231,True,2.0,16103.0,7.0,1.0
16231,True,2.0,16223.0,3.0,1.0
16231,True,2.0,16229.0,1.0,1.0
16249,True,2.0,16217.0,5.0,1.0
16249,True,2.0,15737.0,9.0,1.0
16253,True,2.0,12157.0,12.0,1.0
16253,True,2.0,16249.0,2.0,1.0
16253,True,2.0,16189.0,6.0,1.0
16267,True,2.0,16139.0,7.0,1.0
16273,True,2.0,8081.0,13.0,1.0
16273,True,2.0,15761.0,9.0,1.0
16301,True,2.0,15277.0,10.0,1.0
16319,True,2.0,16063.0,8.0,1.0
16333,True,2.0,16301.0,5.0,1.0
16339,True,2.0,8147.0,13.0,1.0
16349,True,2.0,12253.0,12.0,1.0
16349,True,2.0,16333.0,4.0,1.0
16361,False,,,,
16363,True,2.0,16361.0,1.0,1.0
16363,True,2.0,8171.0,13.0,1.0
16369,True,2.0,16361.0,3.0,1.0
16369,True,2.0,14321.0,11.0,1.0
16381,True,2.0,16349.0,5.0,1.0
16381,True,2.0,16253.0,7.0,1.0
16411,True,2.0,3.0,14.0,3.0
16411,True,2.0,8219.0,13.0,1.0
16417,True,2.0,14369.0,11.0,1.0
16421,True,2.0,37.0,14.0,1.0
16421,True,2.0,16417.0,2.0,1.0
16427,True,2.0,16363.0,6.0,1.0
16427,True,2.0,16411.0,4.0,1.0
16427,True,2.0,43.0,14.0,1.0
16433,True,2.0,16369.0,6.0,1.0
16433,True,2.0,7.0,14.0,2.0
16433,True,2.0,16417.0,4.0,1.0
16447,True,2.0,16319.0,7.0,1.0
16451,True,2.0,67.0,14.0,1.0
16451,True,2.0,16447.0,2.0,1.0
16451,True,2.0,15427.0,10.0,1.0
16453,True,2.0,16421.0,5.0,1.0
16453,True,2.0,16451.0,1.0,1.0
16477,True,2.0,16349.0,7.0,1.0
16481,True,2.0,16477.0,2.0,1.0
16481,True,2.0,16417.0,6.0,1.0
16481,True,2.0,97.0,14.0,1.0
16487,True,2.0,16231.0,8.0,1.0
16487,True,2.0,103.0,14.0,1.0
16487,True,2.0,12391.0,12.0,1.0
16493,True,2.0,16477.0,4.0,1.0
16493,True,2.0,109.0,14.0,1.0
16519,True,2.0,16007.0,9.0,1.0
16519,True,2.0,16487.0,5.0,1.0
16529,True,2.0,12433.0,12.0,1.0
16529,True,2.0,16273.0,8.0,1.0
16547,True,2.0,163.0,14.0,1.0
16547,True,2.0,12451.0,12.0,1.0
16553,True,2.0,12457.0,12.0,1.0
16553,True,2.0,13.0,14.0,2.0
16561,True,2.0,8369.0,13.0,1.0
16561,True,2.0,16529.0,5.0,1.0
16561,True,2.0,16433.0,7.0,1.0
16561,True,2.0,16553.0,3.0,1.0
16567,True,2.0,14519.0,11.0,1.0
16573,True,2.0,16061.0,9.0,1.0
16603,True,2.0,16091.0,9.0,1.0
16607,True,2.0,15583.0,10.0,1.0
16607,True,2.0,223.0,14.0,1.0
16607,True,2.0,16603.0,2.0,1.0
16607,True,2.0,12511.0,12.0,1.0
16619,True,2.0,16603.0,4.0,1.0
16619,True,2.0,16363.0,8.0,1.0
16631,True,2.0,16567.0,6.0,1.0
16631,True,2.0,15607.0,10.0,1.0
16633,True,2.0,16631.0,1.0,1.0
16649,True,2.0,5.0,10.0,6.0
16649,True,2.0,16633.0,4.0,1.0
16649,True,2.0,12553.0,12.0,1.0
16651,True,2.0,16139.0,9.0,1.0
16651,True,2.0,16619.0,5.0,1.0
16651,True,2.0,16649.0,1.0,1.0
16657,True,2.0,16529.0,7.0,1.0
16657,True,2.0,16649.0,3.0,1.0
16661,True,2.0,16657.0,2.0,1.0
16661,True,2.0,277.0,14.0,1.0
16673,True,2.0,12577.0,12.0,1.0
16673,True,2.0,17.0,14.0,2.0
16673,True,2.0,16657.0,4.0,1.0
16673,True,2.0,15649.0,10.0,1.0
16673,True,2.0,16417.0,8.0,1.0
16691,True,2.0,307.0,14.0,1.0
16691,True,2.0,15667.0,10.0,1.0
16693,True,2.0,16661.0,5.0,1.0
16693,True,2.0,8501.0,13.0,1.0
16693,True,2.0,16691.0,1.0,1.0
16699,True,2.0,16187.0,9.0,1.0
16699,True,2.0,16691.0,3.0,1.0
16703,True,2.0,16447.0,8.0,1.0
16703,True,2.0,16699.0,2.0,1.0
16703,True,2.0,15679.0,10.0,1.0
16729,True,2.0,8537.0,13.0,1.0
16729,True,2.0,16217.0,9.0,1.0
16741,True,2.0,16229.0,9.0,1.0
16747,True,2.0,14699.0,11.0,1.0
16747,True,2.0,16619.0,7.0,1.0
16759,True,2.0,16631.0,7.0,1.0
16763,True,2.0,16747.0,4.0,1.0
16763,True,2.0,379.0,14.0,1.0
16763,True,2.0,15739.0,10.0,1.0
16763,True,2.0,16759.0,2.0,1.0
16763,True,2.0,16699.0,6.0,1.0
16787,False,,,,
16811,True,2.0,16747.0,6.0,1.0
16811,True,2.0,7.0,2.0,5.0
16811,True,2.0,15787.0,10.0,1.0
16823,True,2.0,16759.0,6.0,1.0
16823,True,2.0,7.0,4.0,5.0
16823,True,2.0,16567.0,8.0,1.0
16823,True,2.0,439.0,14.0,1.0
16829,True,2.0,16573.0,8.0,1.0
16831,True,2.0,16319.0,9.0,1.0
16831,True,2.0,16823.0,3.0,1.0
16831,True,2.0,16703.0,7.0,1.0
16831,True,2.0,14783.0,11.0,1.0
16831,True,2.0,16829.0,1.0,1.0
16843,True,2.0,16811.0,5.0,1.0
16871,True,2.0,7.0,6.0,5.0
16871,True,2.0,487.0,14.0,1.0
16879,True,2.0,16871.0,3.0,1.0
16879,True,2.0,14831.0,11.0,1.0
16883,True,2.0,499.0,14.0,1.0
16883,True,2.0,16879.0,2.0,1.0
16883,True,2.0,15859.0,10.0,1.0
16889,True,2.0,16633.0,8.0,1.0
16901,True,2.0,15877.0,10.0,1.0
16903,True,2.0,16901.0,1.0,1.0
16903,True,2.0,16871.0,5.0,1.0
16921,True,2.0,16889.0,5.0,1.0
16927,True,2.0,14879.0,11.0,1.0
16931,True,2.0,16927.0,2.0,1.0
16931,True,2.0,15907.0,10.0,1.0
16931,True,2.0,547.0,14.0,1.0
16937,True,2.0,16921.0,4.0,1.0
16937,True,2.0,15913.0,10.0,1.0
16937,True,2.0,12841.0,12.0,1.0
16943,True,2.0,16879.0,6.0,1.0
16943,True,2.0,16927.0,4.0,1.0
16943,True,2.0,15919.0,10.0,1.0
16963,True,2.0,16931.0,5.0,1.0
16963,True,2.0,16451.0,9.0,1.0
16979,True,2.0,16963.0,4.0,1.0
16981,True,2.0,16979.0,1.0,1.0
16987,True,2.0,16979.0,3.0,1.0
16987,True,2.0,14939.0,11.0,1.0
16993,True,2.0,16481.0,9.0,1.0
17011,True,2.0,16883.0,7.0,1.0
17011,True,2.0,16979.0,5.0,1.0
17011,True,2.0,8819.0,13.0,1.0
17021,False,,,,
17027,True,2.0,17011.0,4.0,1.0
17027,True,2.0,643.0,14.0,1.0
17027,True,2.0,16963.0,6.0,1.0
17029,True,2.0,17027.0,1.0,1.0
17029,True,2.0,8837.0,13.0,1.0
17029,True,2.0,17021.0,3.0,1.0
17029,True,2.0,16901.0,7.0,1.0
17033,True,2.0,17029.0,2.0,1.0
17041,True,2.0,8849.0,13.0,1.0
17041,True,2.0,16529.0,9.0,1.0
17041,True,2.0,17033.0,3.0,1.0
17047,False,,,,
17053,True,2.0,17021.0,5.0,1.0
17053,True,2.0,8861.0,13.0,1.0
17077,False,,,,
17093,True,2.0,17077.0,4.0,1.0
17093,True,2.0,17029.0,6.0,1.0
17093,True,2.0,709.0,14.0,1.0
17093,True,2.0,16069.0,10.0,1.0
17099,True,2.0,16843.0,8.0,1.0
17099,True,2.0,13003.0,12.0,1.0
17107,True,2.0,17099.0,3.0,1.0
17107,True,2.0,16979.0,7.0,1.0
17117,True,2.0,17053.0,6.0,1.0
17117,True,2.0,733.0,14.0,1.0
17123,True,2.0,17107.0,4.0,1.0
17123,True,2.0,739.0,14.0,1.0
17137,False,,,,
17159,True,2.0,13063.0,12.0,1.0
17159,True,2.0,16903.0,8.0,1.0
17167,True,2.0,17159.0,3.0,1.0
17183,True,2.0,16927.0,8.0,1.0
17183,True,2.0,17167.0,4.0,1.0
17189,True,2.0,13093.0,12.0,1.0
17191,True,2.0,17189.0,1.0,1.0
17191,True,2.0,8999.0,13.0,1.0
17191,True,2.0,17183.0,3.0,1.0
17191,True,2.0,17159.0,5.0,1.0
17203,True,2.0,9011.0,13.0,1.0
17203,True,2.0,16691.0,9.0,1.0
17207,True,2.0,17203.0,2.0,1.0
17207,True,2.0,16183.0,10.0,1.0
17207,True,2.0,17191.0,4.0,1.0
17207,True,2.0,823.0,14.0,1.0
17209,True,2.0,15161.0,11.0,1.0
17209,True,2.0,17207.0,1.0,1.0
17231,True,2.0,17167.0,6.0,1.0
17239,True,2.0,17207.0,5.0,1.0
17239,True,2.0,17231.0,3.0,1.0
17257,False,,,,
17291,True,2.0,16267.0,10.0,1.0
17291,True,2.0,907.0,14.0,1.0
17293,True,2.0,17291.0,1.0,1.0
17299,True,2.0,17291.0,3.0,1.0
17299,True,2.0,16787.0,9.0,1.0
17317,True,2.0,17189.0,7.0,1.0
17317,True,2.0,15269.0,11.0,1.0
17321,True,2.0,17317.0,2.0,1.0
17321,True,2.0,937.0,14.0,1.0
17321,True,2.0,17257.0,6.0,1.0
17327,False,,,,
17333,True,2.0,17317.0,4.0,1.0
17333,True,2.0,17077.0,8.0,1.0
17341,True,2.0,17333.0,3.0,1.0
17341,True,2.0,16829.0,9.0,1.0
17351,True,2.0,967.0,14.0,1.0
17359,True,2.0,17351.0,3.0,1.0
17359,True,2.0,17231.0,7.0,1.0
17359,True,2.0,17327.0,5.0,1.0
17377,True,2.0,15329.0,11.0,1.0
17383,True,2.0,16871.0,9.0,1.0
17383,True,2.0,17351.0,5.0,1.0
17387,True,2.0,17383.0,2.0,1.0
17387,True,2.0,16363.0,10.0,1.0
17387,True,2.0,13291.0,12.0,1.0
17389,True,2.0,17387.0,1.0,1.0
17393,True,2.0,13297.0,12.0,1.0
17393,True,2.0,16369.0,10.0,1.0
17393,True,2.0,17137.0,8.0,1.0
17393,True,2.0,1009.0,14.0,1.0
17393,True,2.0,17377.0,4.0,1.0
17393,True,2.0,17389.0,2.0,1.0
17401,True,2.0,9209.0,13.0,1.0
17401,True,2.0,17393.0,3.0,1.0
17401,True,2.0,16889.0,9.0,1.0
17417,True,2.0,131.0,8.0,2.0
17417,True,2.0,1033.0,14.0,1.0
17417,True,2.0,17401.0,4.0,1.0
17419,True,2.0,9227.0,13.0,1.0
17419,True,2.0,17417.0,1.0,1.0
17419,True,2.0,17387.0,5.0,1.0
17419,True,2.0,17291.0,7.0,1.0
17431,True,2.0,15383.0,11.0,1.0
17431,True,2.0,9239.0,13.0,1.0
17443,True,2.0,16931.0,9.0,1.0
17449,True,2.0,9257.0,13.0,1.0
17449,True,2.0,17417.0,5.0,1.0
17449,True,2.0,17321.0,7.0,1.0
17449,True,2.0,15401.0,11.0,1.0
17449,True,2.0,16937.0,9.0,1.0
17467,False,,,,
17471,True,2.0,1087.0,14.0,1.0
17471,True,2.0,17467.0,2.0,1.0
17471,True,2.0,16447.0,10.0,1.0
17477,True,2.0,13381.0,12.0,1.0
17477,True,2.0,16453.0,10.0,1.0
17477,True,2.0,1093.0,14.0,1.0
17483,True,2.0,17467.0,4.0,1.0
17483,True,2.0,17419.0,6.0,1.0
17489,False,,,,
17491,True,2.0,15443.0,11.0,1.0
17491,True,2.0,17489.0,1.0,1.0
17491,True,2.0,17483.0,3.0,1.0
17491,True,2.0,16979.0,9.0,1.0
17497,True,2.0,17489.0,3.0,1.0
17509,True,2.0,17477.0,5.0,1.0
17509,True,2.0,15461.0,11.0,1.0
17519,False,,,,
17539,True,2.0,17027.0,9.0,1.0
17551,True,2.0,17519.0,5.0,1.0
17569,True,2.0,9377.0,13.0,1.0
17573,True,2.0,13477.0,12.0,1.0
17573,True,2.0,17317.0,8.0,1.0
17573,True,2.0,17509.0,6.0,1.0
17573,True,2.0,17569.0,2.0,1.0
17579,False,,,,
17581,True,2.0,17579.0,1.0,1.0
17581,True,2.0,17573.0,3.0,1.0
17597,True,2.0,16573.0,10.0,1.0
17597,True,2.0,17341.0,8.0,1.0
17597,True,2.0,1213.0,14.0,1.0
17597,True,2.0,17581.0,4.0,1.0
17599,True,2.0,15551.0,11.0,1.0
17599,True,2.0,17471.0,7.0,1.0
17599,True,2.0,17597.0,1.0,1.0
17609,True,2.0,13513.0,12.0,1.0
17623,True,2.0,9431.0,13.0,1.0
17627,True,2.0,16603.0,10.0,1.0
17627,True,2.0,17623.0,2.0,1.0
17657,True,2.0,16633.0,10.0,1.0
17657,True,2.0,17401.0,8.0,1.0
17659,True,2.0,17627.0,5.0,1.0
17659,True,2.0,9467.0,13.0,1.0
17659,True,2.0,17657.0,1.0,1.0
17669,False,,,,
17681,True,2.0,16657.0,10.0,1.0
17681,True,2.0,1297.0,14.0,1.0
17683,True,2.0,9491.0,13.0,1.0
17683,True,2.0,17681.0,1.0,1.0
17707,True,2.0,17579.0,7.0,1.0
17713,True,2.0,17681.0,5.0,1.0
17713,True,2.0,9521.0,13.0,1.0
17729,True,2.0,17713.0,4.0,1.0
17729,True,2.0,13633.0,12.0,1.0
17737,True,2.0,17609.0,7.0,1.0
17737,True,2.0,17729.0,3.0,1.0
17747,True,2.0,17683.0,6.0,1.0
17747,True,2.0,17491.0,8.0,1.0
17749,True,2.0,17747.0,1.0,1.0
17761,True,2.0,17729.0,5.0,1.0
17783,True,2.0,16759.0,10.0,1.0
17783,True,2.0,13687.0,12.0,1.0
17783,True,2.0,1399.0,14.0,1.0
17789,True,2.0,13693.0,12.0,1.0
17791,True,2.0,17789.0,1.0,1.0
17791,True,2.0,17783.0,3.0,1.0
17807,True,2.0,17791.0,4.0,1.0
17807,True,2.0,1423.0,14.0,1.0
17807,True,2.0,13711.0,12.0,1.0
17807,True,2.0,17551.0,8.0,1.0
17827,False,,,,
17837,True,2.0,1453.0,14.0,1.0
17837,True,2.0,17581.0,8.0,1.0
17839,True,2.0,17837.0,1.0,1.0
17839,True,2.0,15791.0,11.0,1.0
17839,True,2.0,17807.0,5.0,1.0
17839,True,2.0,17327.0,9.0,1.0
17851,True,2.0,15803.0,11.0,1.0
17863,True,2.0,17351.0,9.0,1.0
17881,True,2.0,9689.0,13.0,1.0
17891,True,2.0,17827.0,6.0,1.0
17903,True,2.0,16879.0,10.0,1.0
17903,True,2.0,17839.0,6.0,1.0
17903,True,2.0,13807.0,12.0,1.0
17909,False,,,,
17911,True,2.0,17903.0,3.0,1.0
17911,True,2.0,17909.0,1.0,1.0
17911,True,2.0,17783.0,7.0,1.0
17911,True,2.0,9719.0,13.0,1.0
17921,False,,,,
17923,True,2.0,17921.0,1.0,1.0
17923,True,2.0,17891.0,5.0,1.0
17929,True,2.0,15881.0,11.0,1.0
17929,True,2.0,17921.0,3.0,1.0
17929,True,2.0,17417.0,9.0,1.0
17939,True,2.0,17923.0,4.0,1.0
17939,True,2.0,17683.0,8.0,1.0
17957,False,,,,
17959,True,2.0,17957.0,1.0,1.0
17959,True,2.0,9767.0,13.0,1.0
17971,True,2.0,15923.0,11.0,1.0
17971,True,2.0,17939.0,5.0,1.0
17977,False,,,,
17981,True,2.0,17977.0,2.0,1.0
17981,True,2.0,1597.0,14.0,1.0
17987,True,2.0,16963.0,10.0,1.0
17987,True,2.0,17971.0,4.0,1.0
17987,True,2.0,17923.0,6.0,1.0
17989,True,2.0,17957.0,5.0,1.0
17989,True,2.0,17477.0,9.0,1.0
17989,True,2.0,17981.0,3.0,1.0
17989,True,2.0,17987.0,1.0,1.0
18013,True,2.0,17981.0,5.0,1.0
18041,True,2.0,17977.0,6.0,1.0
18041,True,2.0,1657.0,14.0,1.0
18043,True,2.0,18041.0,1.0,1.0
18043,True,2.0,9851.0,13.0,1.0
18047,True,2.0,17791.0,8.0,1.0
18047,True,2.0,18043.0,2.0,1.0
18047,True,2.0,1663.0,14.0,1.0
18049,True,2.0,16001.0,11.0,1.0
18049,True,2.0,17921.0,7.0,1.0
18049,True,2.0,18047.0,1.0,1.0
18049,True,2.0,9857.0,13.0,1.0
18049,True,2.0,18041.0,3.0,1.0
18059,True,2.0,13963.0,12.0,1.0
18059,True,2.0,18043.0,4.0,1.0
18061,True,2.0,18059.0,1.0,1.0
18077,True,2.0,1693.0,14.0,1.0
18077,True,2.0,18013.0,6.0,1.0
18077,True,2.0,17053.0,10.0,1.0
18077,True,2.0,18061.0,4.0,1.0
18089,False,,,,
18097,True,2.0,18089.0,3.0,1.0
18119,True,2.0,17863.0,8.0,1.0
18121,True,2.0,18089.0,5.0,1.0
18121,True,2.0,17609.0,9.0,1.0
18121,True,2.0,18119.0,1.0,1.0
18121,True,2.0,9929.0,13.0,1.0
18121,True,2.0,16073.0,11.0,1.0
18127,True,2.0,18119.0,3.0,1.0
18131,True,2.0,18127.0,2.0,1.0
18131,True,2.0,17107.0,10.0,1.0
18131,True,2.0,1747.0,14.0,1.0
18133,True,2.0,18131.0,1.0,1.0
18133,True,2.0,9941.0,13.0,1.0
18143,True,2.0,18127.0,4.0,1.0
18143,True,2.0,1759.0,14.0,1.0
18149,True,2.0,18133.0,4.0,1.0
18169,True,2.0,17657.0,9.0,1.0
18169,True,2.0,18041.0,7.0,1.0
18181,True,2.0,18149.0,5.0,1.0
18181,True,2.0,17669.0,9.0,1.0
18191,True,2.0,18127.0,6.0,1.0
18191,True,2.0,17167.0,10.0,1.0
18199,True,2.0,10007.0,13.0,1.0
18199,True,2.0,18191.0,3.0,1.0
18211,False,,,,
18217,True,2.0,18089.0,7.0,1.0
18223,True,2.0,18191.0,5.0,1.0
18229,True,2.0,10037.0,13.0,1.0
18233,True,2.0,43.0,14.0,2.0
18233,True,2.0,17977.0,8.0,1.0
18233,True,2.0,17209.0,10.0,1.0
18233,True,2.0,18217.0,4.0,1.0
18233,True,2.0,18169.0,6.0,1.0
18233,True,2.0,18229.0,2.0,1.0
18251,True,2.0,1867.0,14.0,1.0
18253,True,2.0,18251.0,1.0,1.0
18253,True,2.0,10061.0,13.0,1.0
18257,True,2.0,1873.0,14.0,1.0
18257,True,2.0,18253.0,2.0,1.0
18269,True,2.0,18013.0,8.0,1.0
18269,True,2.0,18253.0,4.0,1.0
18269,True,2.0,14173.0,12.0,1.0
18287,True,2.0,18223.0,6.0,1.0
18289,True,2.0,18287.0,1.0,1.0
18289,True,2.0,18257.0,5.0,1.0
18301,True,2.0,18269.0,5.0,1.0
18301,True,2.0,17789.0,9.0,1.0
18301,True,2.0,16253.0,11.0,1.0
18307,False,,,,
18311,True,2.0,18307.0,2.0,1.0
18313,True,2.0,18311.0,1.0,1.0
18329,True,2.0,18313.0,4.0,1.0
18341,True,2.0,17317.0,10.0,1.0
18353,True,2.0,18289.0,6.0,1.0
18353,True,2.0,18097.0,8.0,1.0
18367,True,2.0,16319.0,11.0,1.0
18371,True,2.0,18307.0,6.0,1.0
18371,True,2.0,1987.0,14.0,1.0
18371,True,2.0,18367.0,2.0,1.0
18379,True,2.0,18371.0,3.0,1.0
18379,True,2.0,18251.0,7.0,1.0
18397,True,2.0,18269.0,7.0,1.0
18397,True,2.0,16349.0,11.0,1.0
18401,True,2.0,18397.0,2.0,1.0
18401,True,2.0,17377.0,10.0,1.0
18401,True,2.0,2017.0,14.0,1.0
18413,True,2.0,18397.0,4.0,1.0
18413,True,2.0,2029.0,14.0,1.0
18413,True,2.0,17389.0,10.0,1.0
18427,False,,,,
18433,True,2.0,17921.0,9.0,1.0
18433,True,2.0,18401.0,5.0,1.0
18439,True,2.0,10247.0,13.0,1.0
18439,True,2.0,18311.0,7.0,1.0
18443,True,2.0,14347.0,12.0,1.0
18443,True,2.0,18427.0,4.0,1.0
18443,True,2.0,17419.0,10.0,1.0
18443,True,2.0,18439.0,2.0,1.0
18443,True,2.0,18379.0,6.0,1.0
18451,True,2.0,10259.0,13.0,1.0
18451,True,2.0,17939.0,9.0,1.0
18451,True,2.0,18443.0,3.0,1.0
18457,True,2.0,18329.0,7.0,1.0
18461,True,2.0,18397.0,6.0,1.0
18461,True,2.0,18457.0,2.0,1.0
18481,True,2.0,18353.0,7.0,1.0
18481,True,2.0,10289.0,13.0,1.0
18481,True,2.0,16433.0,11.0,1.0
18493,True,2.0,17981.0,9.0,1.0
18493,True,2.0,10301.0,13.0,1.0
18493,True,2.0,18461.0,5.0,1.0
18503,True,2.0,18439.0,6.0,1.0
18503,True,2.0,14407.0,12.0,1.0
18517,False,,,,
18521,True,2.0,17497.0,10.0,1.0
18521,True,2.0,2137.0,14.0,1.0
18521,True,2.0,18517.0,2.0,1.0
18521,True,2.0,18457.0,6.0,1.0
18523,True,2.0,10331.0,13.0,1.0
18523,True,2.0,18521.0,1.0,1.0
18539,True,2.0,18523.0,4.0,1.0
18541,True,2.0,18539.0,1.0,1.0
18541,True,2.0,16493.0,11.0,1.0
18541,True,2.0,18413.0,7.0,1.0
18553,True,2.0,18521.0,5.0,1.0
18553,True,2.0,18041.0,9.0,1.0
18583,True,2.0,10391.0,13.0,1.0
18587,True,2.0,2203.0,14.0,1.0
18587,True,2.0,18523.0,6.0,1.0
18587,True,2.0,18583.0,2.0,1.0
18593,True,2.0,47.0,14.0,2.0
18593,True,2.0,17569.0,10.0,1.0
18617,True,2.0,18553.0,6.0,1.0
18637,False,,,,
18661,True,2.0,18149.0,9.0,1.0
18671,True,2.0,2287.0,14.0,1.0
18679,True,2.0,18671.0,3.0,1.0
18679,True,2.0,10487.0,13.0,1.0
18679,True,2.0,16631.0,11.0,1.0
18691,True,2.0,10499.0,13.0,1.0
18701,True,2.0,18637.0,6.0,1.0
18713,True,2.0,18457.0,8.0,1.0
18719,False,,,,
18731,True,2.0,2347.0,14.0,1.0
18731,True,2.0,17707.0,10.0,1.0
18743,True,2.0,18679.0,6.0,1.0
18749,True,2.0,18493.0,8.0,1.0
18749,True,2.0,14653.0,12.0,1.0
18757,True,2.0,18749.0,3.0,1.0
18773,True,2.0,137.0,2.0,2.0
18773,True,2.0,18757.0,4.0,1.0
18773,True,2.0,2389.0,14.0,1.0
18773,True,2.0,18517.0,8.0,1.0
18773,True,2.0,17749.0,10.0,1.0
18787,False,,,,
18793,True,2.0,10601.0,13.0,1.0
18797,True,2.0,18793.0,2.0,1.0
18797,True,2.0,18541.0,8.0,1.0
18803,True,2.0,18787.0,4.0,1.0
18839,True,2.0,18583.0,8.0,1.0
18859,True,2.0,16811.0,11.0,1.0
18859,True,2.0,18731.0,7.0,1.0
18859,True,2.0,10667.0,13.0,1.0
18869,False,,,,
18899,False,,,,
18911,False,,,,
18913,True,2.0,18401.0,9.0,1.0
18913,True,2.0,18911.0,1.0,1.0
18917,True,2.0,18661.0,8.0,1.0
18917,True,2.0,18913.0,2.0,1.0
18917,True,2.0,14821.0,12.0,1.0
18919,True,2.0,18917.0,1.0,1.0
18919,True,2.0,18911.0,3.0,1.0
18919,True,2.0,16871.0,11.0,1.0
18947,True,2.0,17923.0,10.0,1.0
18947,True,2.0,14851.0,12.0,1.0
18947,True,2.0,18691.0,8.0,1.0
18959,False,,,,
18973,True,2.0,10781.0,13.0,1.0
18973,True,2.0,18461.0,9.0,1.0
18979,True,2.0,18947.0,5.0,1.0
18979,True,2.0,16931.0,11.0,1.0
19001,True,2.0,2617.0,14.0,1.0
19001,True,2.0,17977.0,10.0,1.0
19009,True,2.0,19001.0,3.0,1.0
19013,True,2.0,19009.0,2.0,1.0
19013,True,2.0,18757.0,8.0,1.0
19013,True,2.0,17989.0,10.0,1.0
19031,True,2.0,2647.0,14.0,1.0
19037,True,2.0,18013.0,10.0,1.0
19037,True,2.0,18973.0,6.0,1.0
19051,True,2.0,10859.0,13.0,1.0
19051,True,2.0,18539.0,9.0,1.0
19069,True,2.0,17021.0,11.0,1.0
19069,True,2.0,19037.0,5.0,1.0
19073,True,2.0,19069.0,2.0,1.0
19073,True,2.0,18049.0,10.0,1.0
19073,True,2.0,2689.0,14.0,1.0
19073,True,2.0,19009.0,6.0,1.0
19079,True,2.0,14983.0,12.0,1.0
19081,True,2.0,19073.0,3.0,1.0
19081,True,2.0,17033.0,11.0,1.0
19081,True,2.0,19079.0,1.0,1.0
19081,True,2.0,10889.0,13.0,1.0
19087,True,2.0,19079.0,3.0,1.0
19087,True,2.0,18959.0,7.0,1.0
19121,True,2.0,18097.0,10.0,1.0
19139,False,,,,
19141,True,2.0,19013.0,7.0,1.0
19141,True,2.0,19139.0,1.0,1.0
19141,True,2.0,17093.0,11.0,1.0
19141,True,2.0,10949.0,13.0,1.0
19157,True,2.0,19141.0,4.0,1.0
19157,True,2.0,15061.0,12.0,1.0
19157,True,2.0,18133.0,10.0,1.0
19163,False,,,,
19181,True,2.0,2797.0,14.0,1.0
19183,True,2.0,18671.0,9.0,1.0
19183,True,2.0,19181.0,1.0,1.0
19207,True,2.0,19079.0,7.0,1.0
19207,True,2.0,17159.0,11.0,1.0
19211,True,2.0,19207.0,2.0,1.0
19213,True,2.0,19211.0,1.0,1.0
19213,True,2.0,19181.0,5.0,1.0
19213,True,2.0,18701.0,9.0,1.0
19219,True,2.0,19211.0,3.0,1.0
19219,True,2.0,11027.0,13.0,1.0
19231,True,2.0,17183.0,11.0,1.0
19231,True,2.0,18719.0,9.0,1.0
19237,True,2.0,17189.0,11.0,1.0
19249,True,2.0,19121.0,7.0,1.0
19249,True,2.0,11057.0,13.0,1.0
19259,False,,,,
19267,True,2.0,19139.0,7.0,1.0
19267,True,2.0,19259.0,3.0,1.0
19273,False,,,,
19289,True,2.0,19273.0,4.0,1.0
19289,True,2.0,15193.0,12.0,1.0
19301,True,2.0,19237.0,6.0,1.0
19301,True,2.0,2917.0,14.0,1.0
19309,True,2.0,19181.0,7.0,1.0
19309,True,2.0,11117.0,13.0,1.0
19309,True,2.0,19301.0,3.0,1.0
19309,True,2.0,18797.0,9.0,1.0
19319,False,,,,
19333,True,2.0,19301.0,5.0,1.0
19373,True,2.0,19309.0,6.0,1.0
19373,True,2.0,15277.0,12.0,1.0
19379,False,,,,
19381,True,2.0,18869.0,9.0,1.0
19381,True,2.0,19373.0,3.0,1.0
19381,True,2.0,17333.0,11.0,1.0
19381,True,2.0,19379.0,1.0,1.0
19387,True,2.0,19379.0,3.0,1.0
19387,True,2.0,19259.0,7.0,1.0
19391,True,2.0,18367.0,10.0,1.0
19391,True,2.0,19387.0,2.0,1.0
19403,True,2.0,3019.0,14.0,1.0
19403,True,2.0,19387.0,4.0,1.0
19403,True,2.0,15307.0,12.0,1.0
19403,True,2.0,18379.0,10.0,1.0
19417,True,2.0,19289.0,7.0,1.0
19421,True,2.0,19417.0,2.0,1.0
19421,True,2.0,18397.0,10.0,1.0
19421,True,2.0,3037.0,14.0,1.0
19423,True,2.0,18911.0,9.0,1.0
19423,True,2.0,19391.0,5.0,1.0
19423,True,2.0,19421.0,1.0,1.0
19427,True,2.0,15331.0,12.0,1.0
19427,True,2.0,19423.0,2.0,1.0
19429,True,2.0,19427.0,1.0,1.0
19429,True,2.0,18917.0,9.0,1.0
19429,True,2.0,19421.0,3.0,1.0
19429,True,2.0,19301.0,7.0,1.0
19433,True,2.0,3049.0,14.0,1.0
19433,True,2.0,19417.0,4.0,1.0
19433,True,2.0,19429.0,2.0,1.0
19441,True,2.0,17393.0,11.0,1.0
19441,True,2.0,19433.0,3.0,1.0
19447,True,2.0,19319.0,7.0,1.0
19457,True,2.0,15361.0,12.0,1.0
19457,True,2.0,19441.0,4.0,1.0
19457,True,2.0,18433.0,10.0,1.0
19463,True,2.0,19207.0,8.0,1.0
19463,True,2.0,19447.0,4.0,1.0
19463,True,2.0,18439.0,10.0,1.0
19463,True,2.0,3079.0,14.0,1.0
19469,True,2.0,19213.0,8.0,1.0
19469,True,2.0,15373.0,12.0,1.0
19471,True,2.0,11279.0,13.0,1.0
19471,True,2.0,18959.0,9.0,1.0
19471,True,2.0,19463.0,3.0,1.0
19471,True,2.0,19469.0,1.0,1.0
19477,True,2.0,19469.0,3.0,1.0
19483,False,,,,
19489,True,2.0,19457.0,5.0,1.0
19501,True,2.0,19373.0,7.0,1.0
19501,True,2.0,19469.0,5.0,1.0
19507,True,2.0,19379.0,7.0,1.0
19531,True,2.0,19403.0,7.0,1.0
19531,True,2.0,17483.0,11.0,1.0
19541,True,2.0,19477.0,6.0,1.0
19541,True,2.0,18517.0,10.0,1.0
19543,True,2.0,19031.0,9.0,1.0
19543,True,2.0,19541.0,1.0,1.0
19543,True,2.0,11351.0,13.0,1.0
19553,True,2.0,3169.0,14.0,1.0
19553,True,2.0,19489.0,6.0,1.0
19559,True,2.0,19543.0,4.0,1.0
19571,True,2.0,19507.0,6.0,1.0
19571,True,2.0,3187.0,14.0,1.0
19577,True,2.0,139.0,8.0,2.0
19577,True,2.0,18553.0,10.0,1.0
19583,False,,,,
19597,True,2.0,19469.0,7.0,1.0
19603,True,2.0,19571.0,5.0,1.0
19603,True,2.0,11411.0,13.0,1.0
19609,True,2.0,19577.0,5.0,1.0
19661,True,2.0,18637.0,10.0,1.0
19661,True,2.0,19597.0,6.0,1.0
19681,True,2.0,11489.0,13.0,1.0
19681,True,2.0,19553.0,7.0,1.0
19687,True,2.0,19559.0,7.0,1.0
19687,True,2.0,3.0,2.0,9.0
19697,True,2.0,3313.0,14.0,1.0
19697,True,2.0,19441.0,8.0,1.0
19697,True,2.0,19681.0,4.0,1.0
19697,True,2.0,15601.0,12.0,1.0
19699,True,2.0,19697.0,1.0,1.0
19699,True,2.0,3.0,4.0,9.0
19699,True,2.0,19571.0,7.0,1.0
19709,False,,,,
19717,True,2.0,19709.0,3.0,1.0
19717,True,2.0,17669.0,11.0,1.0
19727,True,2.0,19471.0,8.0,1.0
19727,True,2.0,3343.0,14.0,1.0
19739,True,2.0,15643.0,12.0,1.0
19739,True,2.0,19483.0,8.0,1.0
19751,True,2.0,19687.0,6.0,1.0
19753,True,2.0,19751.0,1.0,1.0
19759,True,2.0,19751.0,3.0,1.0
19759,True,2.0,19727.0,5.0,1.0
19763,True,2.0,15667.0,12.0,1.0
19763,True,2.0,19699.0,6.0,1.0
19763,True,2.0,19507.0,8.0,1.0
19763,True,2.0,19759.0,2.0,1.0
19777,True,2.0,17729.0,11.0,1.0
19793,True,2.0,137.0,10.0,2.0
19793,True,2.0,19777.0,4.0,1.0
19801,True,2.0,19289.0,9.0,1.0
19801,True,2.0,19793.0,3.0,1.0
19813,True,2.0,11621.0,13.0,1.0
19813,True,2.0,19301.0,9.0,1.0
19819,False,,,,
19841,True,2.0,19777.0,6.0,1.0
19841,True,2.0,3457.0,14.0,1.0
19843,True,2.0,19841.0,1.0,1.0
19853,True,2.0,19597.0,8.0,1.0
19853,True,2.0,3469.0,14.0,1.0
19861,True,2.0,19853.0,3.0,1.0
19867,True,2.0,19739.0,7.0,1.0
19889,False,,,,
19891,True,2.0,19763.0,7.0,1.0
19891,True,2.0,11699.0,13.0,1.0
19891,True,2.0,19889.0,1.0,1.0
19891,True,2.0,19379.0,9.0,1.0
19913,True,2.0,3529.0,14.0,1.0
19913,True,2.0,15817.0,12.0,1.0
19919,True,2.0,15823.0,12.0,1.0
19927,True,2.0,19919.0,3.0,1.0
19937,True,2.0,19681.0,8.0,1.0
19937,True,2.0,18913.0,10.0,1.0
19949,False,,,,
19961,False,,,,
19963,True,2.0,19961.0,1.0,1.0
19973,True,2.0,15877.0,12.0,1.0
19973,True,2.0,19717.0,8.0,1.0
19979,True,2.0,19963.0,4.0,1.0
19991,True,2.0,19927.0,6.0,1.0
19991,True,2.0,3607.0,14.0,1.0
19993,True,2.0,19991.0,1.0,1.0
19993,True,2.0,19961.0,5.0,1.0
19993,True,2.0,11801.0,13.0,1.0
19997,True,2.0,19993.0,2.0,1.0
19997,True,2.0,15901.0,12.0,1.0
19997,True,2.0,3613.0,14.0,1.0
19997,True,2.0,18973.0,10.0,1.0
20011,True,2.0,19979.0,5.0,1.0
20021,True,2.0,3637.0,14.0,1.0
20023,True,2.0,20021.0,1.0,1.0
20023,True,2.0,19991.0,5.0,1.0
20023,True,2.0,11831.0,13.0,1.0
20029,True,2.0,19997.0,5.0,1.0
20029,True,2.0,20021.0,3.0,1.0
20029,True,2.0,17981.0,11.0,1.0
20047,True,2.0,19919.0,7.0,1.0
20051,True,2.0,20047.0,2.0,1.0
20063,True,2.0,20047.0,4.0,1.0
20071,True,2.0,19559.0,9.0,1.0
20071,True,2.0,20063.0,3.0,1.0
20089,True,2.0,19577.0,9.0,1.0
20089,True,2.0,11897.0,13.0,1.0
20089,True,2.0,18041.0,11.0,1.0
20089,True,2.0,19961.0,7.0,1.0
20101,True,2.0,11909.0,13.0,1.0
20101,True,2.0,19973.0,7.0,1.0
20107,True,2.0,19979.0,7.0,1.0
20107,True,2.0,18059.0,11.0,1.0
20113,False,,,,
20117,True,2.0,19861.0,8.0,1.0
20117,True,2.0,3733.0,14.0,1.0
20117,True,2.0,20113.0,2.0,1.0
20117,True,2.0,20101.0,4.0,1.0
20123,True,2.0,3739.0,14.0,1.0
20123,True,2.0,20107.0,4.0,1.0
20123,True,2.0,19867.0,8.0,1.0
20129,True,2.0,16033.0,12.0,1.0
20129,True,2.0,20113.0,4.0,1.0
20143,False,,,,
20147,True,2.0,20143.0,2.0,1.0
20147,True,2.0,19891.0,8.0,1.0
20149,True,2.0,20117.0,5.0,1.0
20149,True,2.0,20021.0,7.0,1.0
20149,True,2.0,20147.0,1.0,1.0
20161,True,2.0,11969.0,13.0,1.0
20161,True,2.0,20129.0,5.0,1.0
20173,True,2.0,19661.0,9.0,1.0
20173,True,2.0,11981.0,13.0,1.0
20177,True,2.0,20113.0,6.0,1.0
20177,True,2.0,3793.0,14.0,1.0
20177,True,2.0,20173.0,2.0,1.0
20177,True,2.0,20161.0,4.0,1.0
20183,True,2.0,19927.0,8.0,1.0
20183,True,2.0,16087.0,12.0,1.0
20201,False,,,,
20219,True,2.0,19963.0,8.0,1.0
20231,True,2.0,3847.0,14.0,1.0
20231,True,2.0,19207.0,10.0,1.0
20233,True,2.0,20231.0,1.0,1.0
20233,True,2.0,20201.0,5.0,1.0
20233,True,2.0,12041.0,13.0,1.0
20249,True,2.0,19993.0,8.0,1.0
20249,True,2.0,20233.0,4.0,1.0
20261,True,2.0,3877.0,14.0,1.0
20261,True,2.0,19237.0,10.0,1.0
20269,True,2.0,20261.0,3.0,1.0
20287,False,,,,
20297,True,2.0,19273.0,10.0,1.0
20297,True,2.0,20233.0,6.0,1.0
20323,False,,,,
20327,True,2.0,20071.0,8.0,1.0
20327,True,2.0,3943.0,14.0,1.0
20327,True,2.0,20323.0,2.0,1.0
20327,True,2.0,16231.0,12.0,1.0
20333,True,2.0,19309.0,10.0,1.0
20333,True,2.0,20269.0,6.0,1.0
20341,True,2.0,12149.0,13.0,1.0
20341,True,2.0,20333.0,3.0,1.0
20347,True,2.0,20219.0,7.0,1.0
20353,True,2.0,12161.0,13.0,1.0
20353,True,2.0,19841.0,9.0,1.0
20357,True,2.0,20101.0,8.0,1.0
20357,True,2.0,20341.0,4.0,1.0
20357,True,2.0,19333.0,10.0,1.0
20357,True,2.0,20353.0,2.0,1.0
20359,True,2.0,20231.0,7.0,1.0
20359,True,2.0,23.0,13.0,3.0
20359,True,2.0,18311.0,11.0,1.0
20359,True,2.0,20357.0,1.0,1.0
20359,True,2.0,20327.0,5.0,1.0
20369,True,2.0,20113.0,8.0,1.0
20369,True,2.0,20353.0,4.0,1.0
20369,True,2.0,16273.0,12.0,1.0
20389,True,2.0,20357.0,5.0,1.0
20389,True,2.0,18341.0,11.0,1.0
20389,True,2.0,12197.0,13.0,1.0
20389,True,2.0,20261.0,7.0,1.0
20393,True,2.0,20389.0,2.0,1.0
20399,True,2.0,20143.0,8.0,1.0
20407,True,2.0,20399.0,3.0,1.0
20411,True,2.0,4027.0,14.0,1.0
20411,True,2.0,20347.0,6.0,1.0
20411,True,2.0,19387.0,10.0,1.0
20411,True,2.0,20407.0,2.0,1.0
20431,True,2.0,20399.0,5.0,1.0
20431,True,2.0,19919.0,9.0,1.0
20431,True,2.0,12239.0,13.0,1.0
20441,True,2.0,19417.0,10.0,1.0
20441,True,2.0,4057.0,14.0,1.0
20443,True,2.0,12251.0,13.0,1.0
20443,True,2.0,20441.0,1.0,1.0
20443,True,2.0,20411.0,5.0,1.0
20477,True,2.0,4093.0,14.0,1.0
20477,True,2.0,16381.0,12.0,1.0
20479,True,2.0,20477.0,1.0,1.0
20483,True,2.0,4099.0,14.0,1.0
20483,True,2.0,20479.0,2.0,1.0
20507,True,2.0,20443.0,6.0,1.0
20507,True,2.0,19483.0,10.0,1.0
20507,True,2.0,16411.0,12.0,1.0
20509,True,2.0,18461.0,11.0,1.0
20509,True,2.0,20477.0,5.0,1.0
20509,True,2.0,19997.0,9.0,1.0
20509,True,2.0,20507.0,1.0,1.0
20521,True,2.0,20393.0,7.0,1.0
20521,True,2.0,12329.0,13.0,1.0
20533,True,2.0,20021.0,9.0,1.0
20543,True,2.0,16447.0,12.0,1.0
20543,True,2.0,4159.0,14.0,1.0
20543,True,2.0,20479.0,6.0,1.0
20543,True,2.0,20287.0,8.0,1.0
20549,True,2.0,20533.0,4.0,1.0
20549,True,2.0,16453.0,12.0,1.0
20551,True,2.0,18503.0,11.0,1.0
20551,True,2.0,20549.0,1.0,1.0
20551,True,2.0,20543.0,3.0,1.0
20563,True,2.0,20051.0,9.0,1.0
20593,True,2.0,12401.0,13.0,1.0
20599,False,,,,
20611,True,2.0,20483.0,7.0,1.0
20627,True,2.0,19603.0,10.0,1.0
20627,True,2.0,20563.0,6.0,1.0
20627,True,2.0,4243.0,14.0,1.0
20627,True,2.0,20611.0,4.0,1.0
20639,False,,,,
20641,True,2.0,18593.0,11.0,1.0
20641,True,2.0,20639.0,1.0,1.0
20641,True,2.0,20129.0,9.0,1.0
20663,True,2.0,20599.0,6.0,1.0
20663,True,2.0,20407.0,8.0,1.0
20663,True,2.0,16567.0,12.0,1.0
20681,True,2.0,4297.0,14.0,1.0
20693,False,,,,
20707,True,2.0,3.0,10.0,9.0
20717,False,,,,
20719,True,2.0,12527.0,13.0,1.0
20719,True,2.0,20717.0,1.0,1.0
20719,True,2.0,18671.0,11.0,1.0
20731,True,2.0,12539.0,13.0,1.0
20731,True,2.0,20219.0,9.0,1.0
20743,True,2.0,20231.0,9.0,1.0
20747,True,2.0,20731.0,4.0,1.0
20747,True,2.0,4363.0,14.0,1.0
20747,True,2.0,20743.0,2.0,1.0
20747,True,2.0,16651.0,12.0,1.0
20749,True,2.0,18701.0,11.0,1.0
20749,True,2.0,20747.0,1.0,1.0
20749,True,2.0,20717.0,5.0,1.0
20753,True,2.0,20749.0,2.0,1.0
20753,True,2.0,16657.0,12.0,1.0
20759,True,2.0,20743.0,4.0,1.0
20771,True,2.0,20707.0,6.0,1.0
20773,True,2.0,20771.0,1.0,1.0
20773,True,2.0,20261.0,9.0,1.0
20789,True,2.0,16693.0,12.0,1.0
20789,True,2.0,20533.0,8.0,1.0
20789,True,2.0,20773.0,4.0,1.0
20807,True,2.0,20743.0,6.0,1.0
20807,True,2.0,4423.0,14.0,1.0
20807,True,2.0,20551.0,8.0,1.0
20809,True,2.0,20807.0,1.0,1.0
20809,True,2.0,20297.0,9.0,1.0
20809,True,2.0,20681.0,7.0,1.0
20849,True,2.0,20593.0,8.0,1.0
20857,True,2.0,20849.0,3.0,1.0
20873,True,2.0,20809.0,6.0,1.0
20873,True,2.0,20857.0,4.0,1.0
20873,True,2.0,67.0,14.0,2.0
20879,False,,,,
20887,True,2.0,18839.0,11.0,1.0
20887,True,2.0,20879.0,3.0,1.0
20887,True,2.0,20759.0,7.0,1.0
20897,True,2.0,4513.0,14.0,1.0
20897,True,2.0,20641.0,8.0,1.0
20899,True,2.0,20771.0,7.0,1.0
20899,True,2.0,20897.0,1.0,1.0
20903,True,2.0,20899.0,2.0,1.0
20903,True,2.0,7.0,12.0,5.0
20903,True,2.0,4519.0,14.0,1.0
20903,True,2.0,20887.0,4.0,1.0
20921,True,2.0,20857.0,6.0,1.0
20929,True,2.0,20921.0,3.0,1.0
20929,True,2.0,20897.0,5.0,1.0
20939,True,2.0,16843.0,12.0,1.0
20947,True,2.0,18899.0,11.0,1.0
20947,True,2.0,20939.0,3.0,1.0
20959,True,2.0,18911.0,11.0,1.0
20963,True,2.0,20707.0,8.0,1.0
20963,True,2.0,20959.0,2.0,1.0
20963,True,2.0,20899.0,6.0,1.0
20963,True,2.0,20947.0,4.0,1.0
20981,True,2.0,4597.0,14.0,1.0
20983,True,2.0,12791.0,13.0,1.0
20983,True,2.0,20981.0,1.0,1.0
21001,True,2.0,20873.0,7.0,1.0
21001,True,2.0,12809.0,13.0,1.0
21011,True,2.0,20947.0,6.0,1.0
21013,True,2.0,21011.0,1.0,1.0
21013,True,2.0,12821.0,13.0,1.0
21013,True,2.0,20981.0,5.0,1.0
21017,True,2.0,21001.0,4.0,1.0
21017,True,2.0,19993.0,10.0,1.0
21017,True,2.0,21013.0,2.0,1.0
21017,True,2.0,16921.0,12.0,1.0
21019,True,2.0,21011.0,3.0,1.0
21019,True,2.0,20507.0,9.0,1.0
21019,True,2.0,21017.0,1.0,1.0
21023,True,2.0,21019.0,2.0,1.0
21023,True,2.0,4639.0,14.0,1.0
21023,True,2.0,16927.0,12.0,1.0
21023,True,2.0,20959.0,6.0,1.0
21031,True,2.0,20903.0,7.0,1.0
21031,True,2.0,21023.0,3.0,1.0
21059,True,2.0,16963.0,12.0,1.0
21061,True,2.0,21059.0,1.0,1.0
21061,True,2.0,19013.0,11.0,1.0
21061,True,2.0,20549.0,9.0,1.0
21067,True,2.0,20939.0,7.0,1.0
21067,True,2.0,21059.0,3.0,1.0
21089,True,2.0,16993.0,12.0,1.0
21101,False,,,,
21107,True,2.0,17011.0,12.0,1.0
21107,True,2.0,4723.0,14.0,1.0
21121,True,2.0,19073.0,11.0,1.0
21121,True,2.0,21089.0,5.0,1.0
21139,True,2.0,20627.0,9.0,1.0
21139,True,2.0,21011.0,7.0,1.0
21139,True,2.0,21107.0,5.0,1.0
21143,True,2.0,4759.0,14.0,1.0
21143,True,2.0,20887.0,8.0,1.0
21143,True,2.0,17047.0,12.0,1.0
21143,True,2.0,21139.0,2.0,1.0
21149,True,2.0,17053.0,12.0,1.0
21157,True,2.0,21149.0,3.0,1.0
21163,False,,,,
21169,True,2.0,19121.0,11.0,1.0
21179,True,2.0,21163.0,4.0,1.0
21187,True,2.0,21059.0,7.0,1.0
21187,True,2.0,21179.0,3.0,1.0
21187,True,2.0,19139.0,11.0,1.0
21191,True,2.0,21187.0,2.0,1.0
21193,True,2.0,20681.0,9.0,1.0
21193,True,2.0,21191.0,1.0,1.0
21193,True,2.0,13001.0,13.0,1.0
21211,True,2.0,21179.0,5.0,1.0
21211,True,2.0,19163.0,11.0,1.0
21221,True,2.0,21157.0,6.0,1.0
21227,True,2.0,21211.0,4.0,1.0
21227,True,2.0,21163.0,6.0,1.0
21247,False,,,,
21269,True,2.0,21013.0,8.0,1.0
21277,True,2.0,21149.0,7.0,1.0
21277,True,2.0,21269.0,3.0,1.0
21283,True,2.0,20771.0,9.0,1.0
21313,True,2.0,13121.0,13.0,1.0
21317,True,2.0,21313.0,2.0,1.0
21317,True,2.0,21061.0,8.0,1.0
21317,True,2.0,4933.0,14.0,1.0
21319,True,2.0,21317.0,1.0,1.0
21319,True,2.0,20807.0,9.0,1.0
21319,True,2.0,13127.0,13.0,1.0
21319,True,2.0,21191.0,7.0,1.0
21323,True,2.0,21067.0,8.0,1.0
21323,True,2.0,21319.0,2.0,1.0
21341,True,2.0,4957.0,14.0,1.0
21341,True,2.0,21277.0,6.0,1.0
21347,True,2.0,21283.0,6.0,1.0
21347,True,2.0,20323.0,10.0,1.0
21377,True,2.0,20353.0,10.0,1.0
21377,True,2.0,4993.0,14.0,1.0
21377,True,2.0,21121.0,8.0,1.0
21377,True,2.0,21313.0,6.0,1.0
21379,True,2.0,13187.0,13.0,1.0
21379,True,2.0,21347.0,5.0,1.0
21379,True,2.0,21377.0,1.0,1.0
21383,True,2.0,4999.0,14.0,1.0
21383,True,2.0,20359.0,10.0,1.0
21383,True,2.0,21319.0,6.0,1.0
21383,True,2.0,21379.0,2.0,1.0
21391,True,2.0,20879.0,9.0,1.0
21391,True,2.0,21383.0,3.0,1.0
21397,True,2.0,21269.0,7.0,1.0
21401,True,2.0,21397.0,2.0,1.0
21407,True,2.0,21391.0,4.0,1.0
21407,True,2.0,5023.0,14.0,1.0
21419,True,2.0,21163.0,8.0,1.0
21433,True,2.0,21401.0,5.0,1.0
21433,True,2.0,20921.0,9.0,1.0
21433,True,2.0,13241.0,13.0,1.0
21467,True,2.0,20443.0,10.0,1.0
21467,True,2.0,21211.0,8.0,1.0
21481,True,2.0,19433.0,11.0,1.0
21487,False,,,,
21491,True,2.0,21487.0,2.0,1.0
21491,True,2.0,5107.0,14.0,1.0
21493,True,2.0,21491.0,1.0,1.0
21493,True,2.0,20981.0,9.0,1.0
21499,True,2.0,21491.0,3.0,1.0
21499,True,2.0,21467.0,5.0,1.0
21503,True,2.0,20479.0,10.0,1.0
21503,True,2.0,21247.0,8.0,1.0
21503,True,2.0,5119.0,14.0,1.0
21503,True,2.0,21487.0,4.0,1.0
21503,True,2.0,21499.0,2.0,1.0
21517,True,2.0,19469.0,11.0,1.0
21521,True,2.0,21517.0,2.0,1.0
21523,True,2.0,21491.0,5.0,1.0
21523,True,2.0,13331.0,13.0,1.0
21523,True,2.0,21011.0,9.0,1.0
21523,True,2.0,21521.0,1.0,1.0
21529,True,2.0,21401.0,7.0,1.0
21529,True,2.0,21017.0,9.0,1.0
21529,True,2.0,13337.0,13.0,1.0
21529,True,2.0,21521.0,3.0,1.0
21557,True,2.0,21493.0,6.0,1.0
21557,True,2.0,20533.0,10.0,1.0
21559,True,2.0,21557.0,1.0,1.0
21559,True,2.0,13367.0,13.0,1.0
21563,True,2.0,21559.0,2.0,1.0
21563,True,2.0,17467.0,12.0,1.0
21563,True,2.0,5179.0,14.0,1.0
21563,True,2.0,21499.0,6.0,1.0
21569,True,2.0,21313.0,8.0,1.0
21577,True,2.0,21569.0,3.0,1.0
21587,True,2.0,20563.0,10.0,1.0
21587,True,2.0,21523.0,6.0,1.0
21587,True,2.0,17491.0,12.0,1.0
21589,True,2.0,13397.0,13.0,1.0
21589,True,2.0,21587.0,1.0,1.0
21589,True,2.0,21557.0,5.0,1.0
21589,True,2.0,19541.0,11.0,1.0
21599,False,,,,
21601,True,2.0,21089.0,9.0,1.0
21601,True,2.0,21569.0,5.0,1.0
21601,True,2.0,19553.0,11.0,1.0
21601,True,2.0,21599.0,1.0,1.0
21611,True,2.0,5227.0,14.0,1.0
21613,True,2.0,13421.0,13.0,1.0
21613,True,2.0,21611.0,1.0,1.0
21613,True,2.0,21101.0,9.0,1.0
21617,True,2.0,21613.0,2.0,1.0
21617,True,2.0,21601.0,4.0,1.0
21617,True,2.0,20593.0,10.0,1.0
21617,True,2.0,5233.0,14.0,1.0
21647,True,2.0,17551.0,12.0,1.0
21647,True,2.0,21391.0,8.0,1.0
21649,True,2.0,21647.0,1.0,1.0
21649,True,2.0,21521.0,7.0,1.0
21649,True,2.0,13457.0,13.0,1.0
21649,True,2.0,21617.0,5.0,1.0
21661,True,2.0,13469.0,13.0,1.0
21661,True,2.0,21149.0,9.0,1.0
21673,False,,,,
21683,False,,,,
21701,False,,,,
21713,True,2.0,73.0,14.0,2.0
21713,True,2.0,21649.0,6.0,1.0
21727,True,2.0,21599.0,7.0,1.0
21737,True,2.0,21481.0,8.0,1.0
21737,True,2.0,21673.0,6.0,1.0
21739,True,2.0,21611.0,7.0,1.0
21739,True,2.0,21227.0,9.0,1.0
21739,True,2.0,21737.0,1.0,1.0
21751,False,,,,
21757,True,2.0,19709.0,11.0,1.0
21767,True,2.0,20743.0,10.0,1.0
21767,True,2.0,21751.0,4.0,1.0
21773,True,2.0,21757.0,4.0,1.0
21773,True,2.0,20749.0,10.0,1.0
21773,True,2.0,21517.0,8.0,1.0
21787,True,2.0,19739.0,11.0,1.0
21799,True,2.0,21767.0,5.0,1.0
21799,True,2.0,19751.0,11.0,1.0
21803,True,2.0,17707.0,12.0,1.0
21803,True,2.0,5419.0,14.0,1.0
21803,True,2.0,21787.0,4.0,1.0
21803,True,2.0,21739.0,6.0,1.0
21803,True,2.0,21799.0,2.0,1.0
21817,False,,,,
21821,True,2.0,21757.0,6.0,1.0
21821,True,2.0,21817.0,2.0,1.0
21821,True,2.0,5437.0,14.0,1.0
21839,False,,,,
21841,True,2.0,19793.0,11.0,1.0
21841,True,2.0,21713.0,7.0,1.0
21841,True,2.0,13649.0,13.0,1.0
21841,True,2.0,21839.0,1.0,1.0
21851,True,2.0,21787.0,6.0,1.0
21859,True,2.0,21851.0,3.0,1.0
21859,True,2.0,21347.0,9.0,1.0
21863,True,2.0,5479.0,14.0,1.0
21863,True,2.0,21799.0,6.0,1.0
21863,True,2.0,21859.0,2.0,1.0
21871,True,2.0,13679.0,13.0,1.0
21871,True,2.0,21863.0,3.0,1.0
21871,True,2.0,21839.0,5.0,1.0
21881,True,2.0,21817.0,6.0,1.0
21881,True,2.0,20857.0,10.0,1.0
21893,False,,,,
21911,True,2.0,5527.0,14.0,1.0
21911,True,2.0,20887.0,10.0,1.0
21929,True,2.0,21673.0,8.0,1.0
21937,True,2.0,21929.0,3.0,1.0
21937,True,2.0,19889.0,11.0,1.0
21943,True,2.0,21911.0,5.0,1.0
21943,True,2.0,13751.0,13.0,1.0
21961,True,2.0,21929.0,5.0,1.0
21961,True,2.0,19913.0,11.0,1.0
21977,True,2.0,17881.0,12.0,1.0
21977,True,2.0,21961.0,4.0,1.0
21991,True,2.0,13799.0,13.0,1.0
21991,True,2.0,21863.0,7.0,1.0
21997,True,2.0,19949.0,11.0,1.0
22003,True,2.0,21491.0,9.0,1.0
22013,True,2.0,21757.0,8.0,1.0
22013,True,2.0,21997.0,4.0,1.0
22027,True,2.0,19979.0,11.0,1.0
22031,True,2.0,22027.0,2.0,1.0
22031,True,2.0,5647.0,14.0,1.0
22037,True,2.0,5653.0,14.0,1.0
22037,True,2.0,21013.0,10.0,1.0
22039,True,2.0,21911.0,7.0,1.0
22039,True,2.0,22031.0,3.0,1.0
22039,True,2.0,22037.0,1.0,1.0
22039,True,2.0,19991.0,11.0,1.0
22051,True,2.0,13859.0,13.0,1.0
22063,True,2.0,22031.0,5.0,1.0
22067,True,2.0,22051.0,4.0,1.0
22067,True,2.0,17971.0,12.0,1.0
22067,True,2.0,22003.0,6.0,1.0
22067,True,2.0,22063.0,2.0,1.0
22067,True,2.0,5683.0,14.0,1.0
22073,True,2.0,17977.0,12.0,1.0
22073,True,2.0,5689.0,14.0,1.0
22073,True,2.0,21817.0,8.0,1.0
22079,True,2.0,22063.0,4.0,1.0
22091,True,2.0,21067.0,10.0,1.0
22091,True,2.0,22027.0,6.0,1.0
22093,True,2.0,13901.0,13.0,1.0
22093,True,2.0,22091.0,1.0,1.0
22109,True,2.0,22093.0,4.0,1.0
22109,True,2.0,18013.0,12.0,1.0
22111,True,2.0,22109.0,1.0,1.0
22111,True,2.0,22079.0,5.0,1.0
22111,True,2.0,20063.0,11.0,1.0
22111,True,2.0,21599.0,9.0,1.0
22123,True,2.0,22091.0,5.0,1.0
22123,True,2.0,21611.0,9.0,1.0
22123,True,2.0,13931.0,13.0,1.0
22129,True,2.0,21617.0,9.0,1.0
22133,True,2.0,22129.0,2.0,1.0
22133,True,2.0,5749.0,14.0,1.0
22147,False,,,,
22153,False,,,,
22157,True,2.0,22153.0,2.0,1.0
22157,True,2.0,22093.0,6.0,1.0
22157,True,2.0,18061.0,12.0,1.0
22159,True,2.0,22157.0,1.0,1.0
22159,True,2.0,22031.0,7.0,1.0
22159,True,2.0,13967.0,13.0,1.0
22159,True,2.0,21647.0,9.0,1.0
22171,True,2.0,20123.0,11.0,1.0
22189,True,2.0,22157.0,5.0,1.0
22189,True,2.0,13997.0,13.0,1.0
22193,True,2.0,21169.0,10.0,1.0
22193,True,2.0,22189.0,2.0,1.0
22193,True,2.0,18097.0,12.0,1.0
22193,True,2.0,21937.0,8.0,1.0
22193,True,2.0,22129.0,6.0,1.0
22229,True,2.0,18133.0,12.0,1.0
22247,True,2.0,21991.0,8.0,1.0
22259,True,2.0,22003.0,8.0,1.0
22271,True,2.0,21247.0,10.0,1.0
22273,True,2.0,22271.0,1.0,1.0
22273,True,2.0,14081.0,13.0,1.0
22277,True,2.0,18181.0,12.0,1.0
22277,True,2.0,22273.0,2.0,1.0
22279,True,2.0,22247.0,5.0,1.0
22279,True,2.0,21767.0,9.0,1.0
22279,True,2.0,22277.0,1.0,1.0
22279,True,2.0,20231.0,11.0,1.0
22279,True,2.0,14087.0,13.0,1.0
22279,True,2.0,22271.0,3.0,1.0
22283,True,2.0,22279.0,2.0,1.0
22283,True,2.0,22027.0,8.0,1.0
22291,True,2.0,22259.0,5.0,1.0
22291,True,2.0,22283.0,3.0,1.0
22303,True,2.0,22271.0,5.0,1.0
22307,True,2.0,22303.0,2.0,1.0
22307,True,2.0,22051.0,8.0,1.0
22307,True,2.0,21283.0,10.0,1.0
22307,True,2.0,22291.0,4.0,1.0
22307,True,2.0,18211.0,12.0,1.0
22307,True,2.0,5923.0,14.0,1.0
22343,True,2.0,21319.0,10.0,1.0
22343,True,2.0,22279.0,6.0,1.0
22349,True,2.0,22093.0,8.0,1.0
22349,True,2.0,18253.0,12.0,1.0
22367,True,2.0,22303.0,6.0,1.0
22367,True,2.0,22111.0,8.0,1.0
22369,True,2.0,14177.0,13.0,1.0
22369,True,2.0,22367.0,1.0,1.0
22381,True,2.0,20333.0,11.0,1.0
22381,True,2.0,22349.0,5.0,1.0
22391,True,2.0,6007.0,14.0,1.0
22397,True,2.0,18301.0,12.0,1.0
22397,True,2.0,22381.0,4.0,1.0
22409,True,2.0,22153.0,8.0,1.0
22409,True,2.0,18313.0,12.0,1.0
22433,True,2.0,22369.0,6.0,1.0
22441,True,2.0,21929.0,9.0,1.0
22441,True,2.0,22409.0,5.0,1.0
22441,True,2.0,14249.0,13.0,1.0
22441,True,2.0,20393.0,11.0,1.0
22441,True,2.0,22433.0,3.0,1.0
22447,True,2.0,20399.0,11.0,1.0
22453,False,,,,
22469,True,2.0,22453.0,4.0,1.0
22481,False,,,,
22483,True,2.0,22481.0,1.0,1.0
22501,True,2.0,22469.0,5.0,1.0
22511,True,2.0,22447.0,6.0,1.0
22511,True,2.0,21487.0,10.0,1.0
22531,True,2.0,20483.0,11.0,1.0
22541,True,2.0,21517.0,10.0,1.0
22543,True,2.0,22541.0,1.0,1.0
22543,True,2.0,22511.0,5.0,1.0
22543,True,2.0,22031.0,9.0,1.0
22549,True,2.0,22541.0,3.0,1.0
22549,True,2.0,22037.0,9.0,1.0
22567,False,,,,
22571,True,2.0,22567.0,2.0,1.0
22573,True,2.0,22571.0,1.0,1.0
22573,True,2.0,22541.0,5.0,1.0
22613,True,2.0,18517.0,12.0,1.0
22613,True,2.0,21589.0,10.0,1.0
22613,True,2.0,22549.0,6.0,1.0
22613,True,2.0,6229.0,14.0,1.0
22619,True,2.0,18523.0,12.0,1.0
22621,True,2.0,22109.0,9.0,1.0
22621,True,2.0,22613.0,3.0,1.0
22621,True,2.0,22619.0,1.0,1.0
22637,True,2.0,22573.0,6.0,1.0
22637,True,2.0,22621.0,4.0,1.0
22637,True,2.0,22381.0,8.0,1.0
22637,True,2.0,18541.0,12.0,1.0
22637,True,2.0,21613.0,10.0,1.0
22639,True,2.0,14447.0,13.0,1.0
22639,True,2.0,22637.0,1.0,1.0
22639,True,2.0,22511.0,7.0,1.0
22643,True,2.0,22639.0,2.0,1.0
22651,True,2.0,22643.0,3.0,1.0
22651,True,2.0,22619.0,5.0,1.0
22669,True,2.0,22157.0,9.0,1.0
22669,True,2.0,22637.0,5.0,1.0
22669,True,2.0,22541.0,7.0,1.0
22679,True,2.0,18583.0,12.0,1.0
22691,False,,,,
22697,True,2.0,21673.0,10.0,1.0
22697,True,2.0,22441.0,8.0,1.0
22699,True,2.0,22571.0,7.0,1.0
22699,True,2.0,22697.0,1.0,1.0
22699,True,2.0,22691.0,3.0,1.0
22709,True,2.0,22453.0,8.0,1.0
22717,True,2.0,22709.0,3.0,1.0
22721,True,2.0,22717.0,2.0,1.0
22721,True,2.0,6337.0,14.0,1.0
22727,True,2.0,6343.0,14.0,1.0
22739,True,2.0,22483.0,8.0,1.0
22741,True,2.0,22229.0,9.0,1.0
22741,True,2.0,22709.0,5.0,1.0
22741,True,2.0,22739.0,1.0,1.0
22741,True,2.0,20693.0,11.0,1.0
22741,True,2.0,22613.0,7.0,1.0
22741,True,2.0,14549.0,13.0,1.0
22751,True,2.0,21727.0,10.0,1.0
22751,True,2.0,6367.0,14.0,1.0
22769,False,,,,
22777,True,2.0,22769.0,3.0,1.0
22783,True,2.0,14591.0,13.0,1.0
22783,True,2.0,22271.0,9.0,1.0
22783,True,2.0,22751.0,5.0,1.0
22787,True,2.0,18691.0,12.0,1.0
22787,True,2.0,22531.0,8.0,1.0
22787,True,2.0,22783.0,2.0,1.0
22807,True,2.0,22679.0,7.0,1.0
22807,True,2.0,20759.0,11.0,1.0
22811,True,2.0,6427.0,14.0,1.0
22811,True,2.0,22807.0,2.0,1.0
22811,True,2.0,21787.0,10.0,1.0
22817,True,2.0,151.0,4.0,2.0
22853,True,2.0,6469.0,14.0,1.0
22853,True,2.0,18757.0,12.0,1.0
22859,False,,,,
22861,True,2.0,14669.0,13.0,1.0
22861,True,2.0,22853.0,3.0,1.0
22861,True,2.0,22349.0,9.0,1.0
22861,True,2.0,22859.0,1.0,1.0
22871,True,2.0,22807.0,6.0,1.0
22877,True,2.0,22861.0,4.0,1.0
22877,True,2.0,22621.0,8.0,1.0
22901,False,,,,
22907,True,2.0,22651.0,8.0,1.0
22921,True,2.0,20873.0,11.0,1.0
22921,True,2.0,22409.0,9.0,1.0
22937,True,2.0,22921.0,4.0,1.0
22937,True,2.0,6553.0,14.0,1.0
22943,False,,,,
22961,True,2.0,21937.0,10.0,1.0
22961,True,2.0,6577.0,14.0,1.0
22963,True,2.0,22961.0,1.0,1.0
22963,True,2.0,14771.0,13.0,1.0
22973,True,2.0,22717.0,8.0,1.0
22993,True,2.0,22481.0,9.0,1.0
22993,True,2.0,22961.0,5.0,1.0
23003,True,2.0,6619.0,14.0,1.0
23011,True,2.0,23003.0,3.0,1.0
23011,True,2.0,20963.0,11.0,1.0
23017,False,,,,
23021,True,2.0,6637.0,14.0,1.0
23021,True,2.0,21997.0,10.0,1.0
23021,True,2.0,23017.0,2.0,1.0
23027,True,2.0,22963.0,6.0,1.0
23027,True,2.0,22003.0,10.0,1.0
23027,True,2.0,23011.0,4.0,1.0
23029,True,2.0,23021.0,3.0,1.0
23029,True,2.0,23027.0,1.0,1.0
23029,True,2.0,22901.0,7.0,1.0
23029,True,2.0,20981.0,11.0,1.0
23039,True,2.0,22783.0,8.0,1.0
23041,True,2.0,23039.0,1.0,1.0
23053,True,2.0,23021.0,5.0,1.0
23053,True,2.0,22541.0,9.0,1.0
23057,True,2.0,6673.0,14.0,1.0
23057,True,2.0,151.0,8.0,2.0
23057,True,2.0,23041.0,4.0,1.0
23057,True,2.0,22993.0,6.0,1.0
23057,True,2.0,23053.0,2.0,1.0
23059,True,2.0,23057.0,1.0,1.0
23059,True,2.0,21011.0,11.0,1.0
23059,True,2.0,14867.0,13.0,1.0
23059,True,2.0,23027.0,5.0,1.0
23063,True,2.0,22807.0,8.0,1.0
23063,True,2.0,6679.0,14.0,1.0
23063,True,2.0,22039.0,10.0,1.0
23063,True,2.0,23059.0,2.0,1.0
23071,True,2.0,22943.0,7.0,1.0
23071,True,2.0,14879.0,13.0,1.0
23071,True,2.0,23039.0,5.0,1.0
23071,True,2.0,23063.0,3.0,1.0
23071,True,2.0,21023.0,11.0,1.0
23081,True,2.0,23017.0,6.0,1.0
23087,True,2.0,22063.0,10.0,1.0
23087,True,2.0,6703.0,14.0,1.0
23087,True,2.0,23071.0,4.0,1.0
23099,False,,,,
23117,True,2.0,23053.0,6.0,1.0
23117,True,2.0,6733.0,14.0,1.0
23117,True,2.0,22093.0,10.0,1.0
23117,True,2.0,22861.0,8.0,1.0
23131,True,2.0,23003.0,7.0,1.0
23131,True,2.0,14939.0,13.0,1.0
23131,True,2.0,23099.0,5.0,1.0
23131,True,2.0,22619.0,9.0,1.0
23143,True,2.0,14951.0,13.0,1.0
23159,True,2.0,23143.0,4.0,1.0
23167,True,2.0,23159.0,3.0,1.0
23167,True,2.0,23039.0,7.0,1.0
23173,False,,,,
23189,True,2.0,23173.0,4.0,1.0
23197,True,2.0,23189.0,3.0,1.0
23197,True,2.0,21149.0,11.0,1.0
23201,True,2.0,23197.0,2.0,1.0
23203,True,2.0,22691.0,9.0,1.0
23203,True,2.0,23201.0,1.0,1.0
23209,True,2.0,23201.0,3.0,1.0
23209,True,2.0,15017.0,13.0,1.0
23209,True,2.0,22697.0,9.0,1.0
23209,True,2.0,23081.0,7.0,1.0
23227,True,2.0,21179.0,11.0,1.0
23227,True,2.0,23099.0,7.0,1.0
23251,True,2.0,22739.0,9.0,1.0
23269,True,2.0,15077.0,13.0,1.0
23269,True,2.0,21221.0,11.0,1.0
23279,True,2.0,19183.0,12.0,1.0
23291,True,2.0,23227.0,6.0,1.0
23291,True,2.0,6907.0,14.0,1.0
23293,True,2.0,15101.0,13.0,1.0
23293,True,2.0,23291.0,1.0,1.0
23297,True,2.0,23041.0,8.0,1.0
23297,True,2.0,23293.0,2.0,1.0
23297,True,2.0,22273.0,10.0,1.0
23311,True,2.0,23279.0,5.0,1.0
23321,False,,,,
23327,True,2.0,23311.0,4.0,1.0
23327,True,2.0,19231.0,12.0,1.0
23327,True,2.0,22303.0,10.0,1.0
23327,True,2.0,23071.0,8.0,1.0
23333,True,2.0,6949.0,14.0,1.0
23333,True,2.0,19237.0,12.0,1.0
23333,True,2.0,23269.0,6.0,1.0
23339,False,,,,
23357,True,2.0,23293.0,6.0,1.0
23369,True,2.0,19273.0,12.0,1.0
23371,True,2.0,21323.0,11.0,1.0
23371,True,2.0,22859.0,9.0,1.0
23371,True,2.0,23369.0,1.0,1.0
23371,True,2.0,23339.0,5.0,1.0
23399,True,2.0,23143.0,8.0,1.0
23417,True,2.0,139.0,12.0,2.0
23431,True,2.0,23399.0,5.0,1.0
23431,True,2.0,21383.0,11.0,1.0
23447,True,2.0,23431.0,4.0,1.0
23459,True,2.0,23203.0,8.0,1.0
23473,True,2.0,22961.0,9.0,1.0
23497,True,2.0,23369.0,7.0,1.0
23509,False,,,,
23531,False,,,,
23537,True,2.0,19441.0,12.0,1.0
23537,True,2.0,23473.0,6.0,1.0
23539,True,2.0,23537.0,1.0,1.0
23539,True,2.0,21491.0,11.0,1.0
23539,True,2.0,23531.0,3.0,1.0
23539,True,2.0,23027.0,9.0,1.0
23549,True,2.0,23293.0,8.0,1.0
23557,True,2.0,23549.0,3.0,1.0
23561,True,2.0,23557.0,2.0,1.0
23561,True,2.0,7177.0,14.0,1.0
23561,True,2.0,23497.0,6.0,1.0
23563,True,2.0,23561.0,1.0,1.0
23563,True,2.0,23531.0,5.0,1.0
23567,True,2.0,23563.0,2.0,1.0
23567,True,2.0,19471.0,12.0,1.0
23567,True,2.0,23311.0,8.0,1.0
23567,True,2.0,22543.0,10.0,1.0
23581,True,2.0,23549.0,5.0,1.0
23593,True,2.0,23081.0,9.0,1.0
23593,True,2.0,23561.0,5.0,1.0
23593,True,2.0,15401.0,13.0,1.0
23599,True,2.0,23087.0,9.0,1.0
23599,True,2.0,23567.0,5.0,1.0
23603,True,2.0,23539.0,6.0,1.0
23603,True,2.0,7219.0,14.0,1.0
23603,True,2.0,19507.0,12.0,1.0
23603,True,2.0,23599.0,2.0,1.0
23609,True,2.0,23593.0,4.0,1.0
23623,False,,,,
23627,True,2.0,7243.0,14.0,1.0
23627,True,2.0,19531.0,12.0,1.0
23627,True,2.0,23371.0,8.0,1.0
23627,True,2.0,23623.0,2.0,1.0
23627,True,2.0,23563.0,6.0,1.0
23629,True,2.0,23627.0,1.0,1.0
23629,True,2.0,23117.0,9.0,1.0
23633,True,2.0,23629.0,2.0,1.0
23663,True,2.0,23599.0,6.0,1.0
23663,True,2.0,22639.0,10.0,1.0
23669,False,,,,
23671,True,2.0,23159.0,9.0,1.0
23671,True,2.0,23669.0,1.0,1.0
23671,True,2.0,23663.0,3.0,1.0
23677,True,2.0,23669.0,3.0,1.0
23677,True,2.0,23549.0,7.0,1.0
23687,True,2.0,23671.0,4.0,1.0
23687,True,2.0,23623.0,6.0,1.0
23687,True,2.0,23431.0,8.0,1.0
23689,True,2.0,23687.0,1.0,1.0
23689,True,2.0,15497.0,13.0,1.0
23689,True,2.0,23561.0,7.0,1.0
23719,True,2.0,15527.0,13.0,1.0
23719,True,2.0,23687.0,5.0,1.0
23741,True,2.0,23677.0,6.0,1.0
23741,True,2.0,22717.0,10.0,1.0
23743,True,2.0,15551.0,13.0,1.0
23743,True,2.0,23741.0,1.0,1.0
23747,True,2.0,23743.0,2.0,1.0
23753,True,2.0,23689.0,6.0,1.0
23753,True,2.0,7369.0,14.0,1.0
23753,True,2.0,23497.0,8.0,1.0
23761,True,2.0,21713.0,11.0,1.0
23761,True,2.0,15569.0,13.0,1.0
23761,True,2.0,23633.0,7.0,1.0
23761,True,2.0,23753.0,3.0,1.0
23767,False,,,,
23773,True,2.0,23741.0,5.0,1.0
23773,True,2.0,15581.0,13.0,1.0
23789,True,2.0,23773.0,4.0,1.0
23801,True,2.0,22777.0,10.0,1.0
23801,True,2.0,7417.0,14.0,1.0
23813,True,2.0,23557.0,8.0,1.0
23813,True,2.0,19717.0,12.0,1.0
23819,True,2.0,23563.0,8.0,1.0
23827,True,2.0,23819.0,3.0,1.0
23831,True,2.0,22807.0,10.0,1.0
23831,True,2.0,23767.0,6.0,1.0
23831,True,2.0,23827.0,2.0,1.0
23833,True,2.0,23801.0,5.0,1.0
23833,True,2.0,23831.0,1.0,1.0
23833,True,2.0,15641.0,13.0,1.0
23833,True,2.0,23321.0,9.0,1.0
23857,False,,,,
23869,True,2.0,23357.0,9.0,1.0
23869,True,2.0,21821.0,11.0,1.0
23869,True,2.0,23741.0,7.0,1.0
23873,True,2.0,7489.0,14.0,1.0
23873,True,2.0,23869.0,2.0,1.0
23873,True,2.0,19777.0,12.0,1.0
23873,True,2.0,23857.0,4.0,1.0
23879,True,2.0,23623.0,8.0,1.0
23887,True,2.0,21839.0,11.0,1.0
23887,True,2.0,23879.0,3.0,1.0
23893,False,,,,
23899,True,2.0,21851.0,11.0,1.0
23909,True,2.0,19813.0,12.0,1.0
23909,True,2.0,23893.0,4.0,1.0
23911,True,2.0,23879.0,5.0,1.0
23911,True,2.0,23909.0,1.0,1.0
23911,True,2.0,21863.0,11.0,1.0
23911,True,2.0,23399.0,9.0,1.0
23917,True,2.0,23909.0,3.0,1.0
23917,True,2.0,23789.0,7.0,1.0
23929,True,2.0,23801.0,7.0,1.0
23929,True,2.0,15737.0,13.0,1.0
23929,True,2.0,21881.0,11.0,1.0
23929,True,2.0,23417.0,9.0,1.0
23957,True,2.0,23893.0,6.0,1.0
23957,True,2.0,19861.0,12.0,1.0
23957,True,2.0,7573.0,14.0,1.0
23971,True,2.0,23459.0,9.0,1.0
23977,True,2.0,21929.0,11.0,1.0
23981,True,2.0,23917.0,6.0,1.0
23981,True,2.0,23977.0,2.0,1.0
23993,True,2.0,23977.0,4.0,1.0
23993,True,2.0,23929.0,6.0,1.0
24001,True,2.0,15809.0,13.0,1.0
24001,True,2.0,23993.0,3.0,1.0
24001,True,2.0,23873.0,7.0,1.0
24007,True,2.0,23879.0,7.0,1.0
24019,False,,,,
24023,True,2.0,24019.0,2.0,1.0
24023,True,2.0,23767.0,8.0,1.0
24023,True,2.0,19927.0,12.0,1.0
24023,True,2.0,7639.0,14.0,1.0
24023,True,2.0,24007.0,4.0,1.0
24029,True,2.0,23773.0,8.0,1.0
24043,True,2.0,23531.0,9.0,1.0
24049,True,2.0,23537.0,9.0,1.0
24061,True,2.0,23549.0,9.0,1.0
24061,True,2.0,22013.0,11.0,1.0
24061,True,2.0,24029.0,5.0,1.0
24071,True,2.0,24007.0,6.0,1.0
24071,True,2.0,7687.0,14.0,1.0
24077,True,2.0,24061.0,4.0,1.0
24077,True,2.0,23053.0,10.0,1.0
24083,True,2.0,23827.0,8.0,1.0
24083,True,2.0,7699.0,14.0,1.0
24083,True,2.0,23059.0,10.0,1.0
24083,True,2.0,24019.0,6.0,1.0
24091,True,2.0,24083.0,3.0,1.0
24097,False,,,,
24103,True,2.0,24071.0,5.0,1.0
24107,True,2.0,7723.0,14.0,1.0
24107,True,2.0,24043.0,6.0,1.0
24107,True,2.0,24091.0,4.0,1.0
24107,True,2.0,24103.0,2.0,1.0
24107,True,2.0,20011.0,12.0,1.0
24109,True,2.0,24077.0,5.0,1.0
24109,True,2.0,24107.0,1.0,1.0
24109,True,2.0,23981.0,7.0,1.0
24113,True,2.0,24109.0,2.0,1.0
24113,True,2.0,23857.0,8.0,1.0
24113,True,2.0,24097.0,4.0,1.0
24113,True,2.0,24049.0,6.0,1.0
24121,True,2.0,23993.0,7.0,1.0
24121,True,2.0,24113.0,3.0,1.0
24121,True,2.0,22073.0,11.0,1.0
24121,True,2.0,23609.0,9.0,1.0
24133,False,,,,
24137,True,2.0,7753.0,14.0,1.0
24137,True,2.0,24121.0,4.0,1.0
24137,True,2.0,24133.0,2.0,1.0
24151,True,2.0,15959.0,13.0,1.0
24151,True,2.0,24023.0,7.0,1.0
24169,True,2.0,24137.0,5.0,1.0
24179,False,,,,
24181,True,2.0,24179.0,1.0,1.0
24181,True,2.0,23669.0,9.0,1.0
24181,True,2.0,22133.0,11.0,1.0
24197,True,2.0,23173.0,10.0,1.0
24197,True,2.0,24181.0,4.0,1.0
24197,True,2.0,24133.0,6.0,1.0
24197,True,2.0,20101.0,12.0,1.0
24203,True,2.0,20107.0,12.0,1.0
24223,False,,,,
24229,True,2.0,24197.0,5.0,1.0
24239,True,2.0,24223.0,4.0,1.0
24239,True,2.0,20143.0,12.0,1.0
24247,True,2.0,24239.0,3.0,1.0
24251,True,2.0,24247.0,2.0,1.0
24251,True,2.0,23227.0,10.0,1.0
24251,True,2.0,7867.0,14.0,1.0
24281,False,,,,
24317,True,2.0,24061.0,8.0,1.0
24317,True,2.0,23293.0,10.0,1.0
24317,True,2.0,7933.0,14.0,1.0
24329,True,2.0,20233.0,12.0,1.0
24337,True,2.0,24329.0,3.0,1.0
24359,True,2.0,24103.0,8.0,1.0
24371,False,,,,
24373,True,2.0,24371.0,1.0,1.0
24379,True,2.0,16187.0,13.0,1.0
24379,True,2.0,24251.0,7.0,1.0
24379,True,2.0,24371.0,3.0,1.0
24391,True,2.0,23879.0,9.0,1.0
24391,True,2.0,24359.0,5.0,1.0
24391,True,2.0,22343.0,11.0,1.0
24391,True,2.0,29.0,1.0,3.0
24407,True,2.0,24391.0,4.0,1.0
24407,True,2.0,24151.0,8.0,1.0
24413,False,,,,
24419,True,2.0,20323.0,12.0,1.0
24421,True,2.0,29.0,5.0,3.0
24421,True,2.0,24413.0,3.0,1.0
24421,True,2.0,24419.0,1.0,1.0
24421,True,2.0,23909.0,9.0,1.0
24421,True,2.0,16229.0,13.0,1.0
24439,True,2.0,22391.0,11.0,1.0
24439,True,2.0,24407.0,5.0,1.0
24443,True,2.0,24379.0,6.0,1.0
24443,True,2.0,8059.0,14.0,1.0
24443,True,2.0,24439.0,2.0,1.0
24443,True,2.0,20347.0,12.0,1.0
24469,True,2.0,23957.0,9.0,1.0
24473,True,2.0,24469.0,2.0,1.0
24473,True,2.0,8089.0,14.0,1.0
24481,True,2.0,22433.0,11.0,1.0
24481,True,2.0,24473.0,3.0,1.0
24499,True,2.0,24371.0,7.0,1.0
24509,False,,,,
24517,True,2.0,24509.0,3.0,1.0
24517,True,2.0,29.0,7.0,3.0
24517,True,2.0,22469.0,11.0,1.0
24527,True,2.0,20431.0,12.0,1.0
24533,True,2.0,24517.0,4.0,1.0
24533,True,2.0,23509.0,10.0,1.0
24533,True,2.0,24469.0,6.0,1.0
24547,True,2.0,24419.0,7.0,1.0
24551,True,2.0,24547.0,2.0,1.0
24551,True,2.0,8167.0,14.0,1.0
24571,True,2.0,24443.0,7.0,1.0
24593,True,2.0,8209.0,14.0,1.0
24593,True,2.0,24337.0,8.0,1.0
24611,True,2.0,24547.0,6.0,1.0
24623,True,2.0,23599.0,10.0,1.0
24631,True,2.0,24623.0,3.0,1.0
24659,True,2.0,20563.0,12.0,1.0
24671,True,2.0,8287.0,14.0,1.0
24677,True,2.0,8293.0,14.0,1.0
24677,True,2.0,24421.0,8.0,1.0
24683,False,,,,
24691,True,2.0,24179.0,9.0,1.0
24691,True,2.0,22643.0,11.0,1.0
24691,True,2.0,24659.0,5.0,1.0
24691,True,2.0,24683.0,3.0,1.0
24697,False,,,,
24709,True,2.0,24677.0,5.0,1.0
24709,True,2.0,24197.0,9.0,1.0
24733,False,,,,
24749,True,2.0,24733.0,4.0,1.0
24763,True,2.0,24251.0,9.0,1.0
24767,True,2.0,24763.0,2.0,1.0
24767,True,2.0,23743.0,10.0,1.0
24781,True,2.0,24749.0,5.0,1.0
24793,True,2.0,24281.0,9.0,1.0
24799,True,2.0,24671.0,7.0,1.0
24799,True,2.0,22751.0,11.0,1.0
24799,True,2.0,16607.0,13.0,1.0
24799,True,2.0,24767.0,5.0,1.0
24809,True,2.0,24793.0,4.0,1.0
24821,False,,,,
24841,True,2.0,24809.0,5.0,1.0
24841,True,2.0,16649.0,13.0,1.0
24841,True,2.0,24329.0,9.0,1.0
24847,False,,,,
24851,True,2.0,24847.0,2.0,1.0
24851,True,2.0,8467.0,14.0,1.0
24851,True,2.0,23827.0,10.0,1.0
24859,True,2.0,24851.0,3.0,1.0
24859,True,2.0,22811.0,11.0,1.0
24877,True,2.0,24749.0,7.0,1.0
24889,False,,,,
24907,True,2.0,22859.0,11.0,1.0
24917,True,2.0,23893.0,10.0,1.0
24919,True,2.0,24917.0,1.0,1.0
24919,True,2.0,24407.0,9.0,1.0
24919,True,2.0,22871.0,11.0,1.0
24923,True,2.0,23899.0,10.0,1.0
24923,True,2.0,24907.0,4.0,1.0
24923,True,2.0,8539.0,14.0,1.0
24923,True,2.0,24919.0,2.0,1.0
24923,True,2.0,24859.0,6.0,1.0
24943,False,,,,
24953,True,2.0,20857.0,12.0,1.0
24953,True,2.0,23929.0,10.0,1.0
24953,True,2.0,24889.0,6.0,1.0
24953,True,2.0,24697.0,8.0,1.0
24967,False,,,,
24971,True,2.0,24907.0,6.0,1.0
24971,True,2.0,24967.0,2.0,1.0
24977,False,,,,
24979,True,2.0,24971.0,3.0,1.0
24979,True,2.0,24851.0,7.0,1.0
24979,True,2.0,16787.0,13.0,1.0
24979,True,2.0,24977.0,1.0,1.0
24989,True,2.0,24733.0,8.0,1.0
25013,True,2.0,8629.0,14.0,1.0
25031,True,2.0,24967.0,6.0,1.0
25031,True,2.0,8647.0,14.0,1.0
25031,True,2.0,24007.0,10.0,1.0
25033,True,2.0,25031.0,1.0,1.0
25037,True,2.0,24781.0,8.0,1.0
25037,True,2.0,25033.0,2.0,1.0
25057,False,,,,
25073,True,2.0,25057.0,4.0,1.0
25073,True,2.0,8689.0,14.0,1.0
25073,True,2.0,24049.0,10.0,1.0
25087,True,2.0,23039.0,11.0,1.0
25097,True,2.0,8713.0,14.0,1.0
25097,True,2.0,25033.0,6.0,1.0
25097,True,2.0,24841.0,8.0,1.0
25097,True,2.0,21001.0,12.0,1.0
25111,True,2.0,23063.0,11.0,1.0
25117,True,2.0,24989.0,7.0,1.0
25121,True,2.0,8737.0,14.0,1.0
25121,True,2.0,25057.0,6.0,1.0
25121,True,2.0,25117.0,2.0,1.0
25121,True,2.0,24097.0,10.0,1.0
25127,True,2.0,25111.0,4.0,1.0
25127,True,2.0,24103.0,10.0,1.0
25127,True,2.0,21031.0,12.0,1.0
25147,True,2.0,23099.0,11.0,1.0
25153,True,2.0,25121.0,5.0,1.0
25163,True,2.0,8779.0,14.0,1.0
25163,True,2.0,24907.0,8.0,1.0
25163,True,2.0,21067.0,12.0,1.0
25163,True,2.0,25147.0,4.0,1.0
25169,True,2.0,25153.0,4.0,1.0
25171,True,2.0,25163.0,3.0,1.0
25171,True,2.0,24659.0,9.0,1.0
25171,True,2.0,25169.0,1.0,1.0
25171,True,2.0,16979.0,13.0,1.0
25183,True,2.0,24671.0,9.0,1.0
25189,True,2.0,24677.0,9.0,1.0
25219,True,2.0,17027.0,13.0,1.0
25229,False,,,,
25237,True,2.0,25229.0,3.0,1.0
25237,True,2.0,23189.0,11.0,1.0
25243,False,,,,
25247,True,2.0,25243.0,2.0,1.0
25247,True,2.0,25183.0,6.0,1.0
25247,True,2.0,8863.0,14.0,1.0
25247,True,2.0,24223.0,10.0,1.0
25253,True,2.0,24229.0,10.0,1.0
25253,True,2.0,25189.0,6.0,1.0
25253,True,2.0,25237.0,4.0,1.0
25253,True,2.0,21157.0,12.0,1.0
25261,True,2.0,24749.0,9.0,1.0
25261,True,2.0,25253.0,3.0,1.0
25261,True,2.0,25229.0,5.0,1.0
25301,True,2.0,25237.0,6.0,1.0
25303,True,2.0,25301.0,1.0,1.0
25307,True,2.0,21211.0,12.0,1.0
25307,True,2.0,25243.0,6.0,1.0
25307,True,2.0,25303.0,2.0,1.0
25307,True,2.0,8923.0,14.0,1.0
25309,True,2.0,25301.0,3.0,1.0
25309,True,2.0,17117.0,13.0,1.0
25309,True,2.0,25307.0,1.0,1.0
25321,True,2.0,24809.0,9.0,1.0
25339,True,2.0,23291.0,11.0,1.0
25339,True,2.0,25307.0,5.0,1.0
25343,True,2.0,25339.0,2.0,1.0
25343,True,2.0,21247.0,12.0,1.0
25343,True,2.0,25087.0,8.0,1.0
25349,False,,,,
25357,True,2.0,25229.0,7.0,1.0
25357,True,2.0,25349.0,3.0,1.0
25367,True,2.0,25303.0,6.0,1.0
25367,True,2.0,25111.0,8.0,1.0
25373,True,2.0,25117.0,8.0,1.0
25373,True,2.0,21277.0,12.0,1.0
25373,True,2.0,25309.0,6.0,1.0
25373,True,2.0,25357.0,4.0,1.0
25391,True,2.0,9007.0,14.0,1.0
25409,True,2.0,25153.0,8.0,1.0
25409,True,2.0,21313.0,12.0,1.0
25411,True,2.0,25409.0,1.0,1.0
25423,True,2.0,25391.0,5.0,1.0
25423,True,2.0,17231.0,13.0,1.0
25439,True,2.0,25183.0,8.0,1.0
25439,True,2.0,25423.0,4.0,1.0
25447,True,2.0,25439.0,3.0,1.0
25447,True,2.0,23399.0,11.0,1.0
25453,False,,,,
25457,True,2.0,25453.0,2.0,1.0
25463,True,2.0,25447.0,4.0,1.0
25463,True,2.0,24439.0,10.0,1.0
25469,True,2.0,25453.0,4.0,1.0
25471,True,2.0,25439.0,5.0,1.0
25471,True,2.0,25343.0,7.0,1.0
25471,True,2.0,25469.0,1.0,1.0
25471,True,2.0,25463.0,3.0,1.0
25523,True,2.0,24499.0,10.0,1.0
25537,True,2.0,25409.0,7.0,1.0
25541,True,2.0,25537.0,2.0,1.0
25541,True,2.0,9157.0,14.0,1.0
25541,True,2.0,24517.0,10.0,1.0
25561,False,,,,
25577,True,2.0,25561.0,4.0,1.0
25577,True,2.0,21481.0,12.0,1.0
25577,True,2.0,25321.0,8.0,1.0
25579,True,2.0,25577.0,1.0,1.0
25579,True,2.0,17387.0,13.0,1.0
25579,True,2.0,23531.0,11.0,1.0
25583,True,2.0,21487.0,12.0,1.0
25583,True,2.0,9199.0,14.0,1.0
25583,True,2.0,25579.0,2.0,1.0
25589,True,2.0,21493.0,12.0,1.0
25601,True,2.0,25537.0,6.0,1.0
25603,True,2.0,25601.0,1.0,1.0
25609,True,2.0,23561.0,11.0,1.0
25609,True,2.0,25601.0,3.0,1.0
25609,True,2.0,25577.0,5.0,1.0
25609,True,2.0,17417.0,13.0,1.0
25609,True,2.0,25097.0,9.0,1.0
25621,True,2.0,25589.0,5.0,1.0
25633,True,2.0,25601.0,5.0,1.0
25633,True,2.0,25121.0,9.0,1.0
25639,True,2.0,25127.0,9.0,1.0
25643,True,2.0,25579.0,6.0,1.0
25643,True,2.0,25639.0,2.0,1.0
25657,True,2.0,23609.0,11.0,1.0
25667,True,2.0,9283.0,14.0,1.0
25667,True,2.0,25603.0,6.0,1.0
25667,True,2.0,25411.0,8.0,1.0
25673,True,2.0,25609.0,6.0,1.0
25673,True,2.0,157.0,10.0,2.0
25673,True,2.0,25657.0,4.0,1.0
25673,True,2.0,21577.0,12.0,1.0
25679,True,2.0,25423.0,8.0,1.0
25693,False,,,,
25703,True,2.0,25639.0,6.0,1.0
25703,True,2.0,25447.0,8.0,1.0
25703,True,2.0,9319.0,14.0,1.0
25717,True,2.0,23669.0,11.0,1.0
25717,True,2.0,25589.0,7.0,1.0
25733,True,2.0,24709.0,10.0,1.0
25733,True,2.0,25717.0,4.0,1.0
25733,True,2.0,9349.0,14.0,1.0
25741,True,2.0,25733.0,3.0,1.0
25741,True,2.0,25229.0,9.0,1.0
25747,False,,,,
25759,True,2.0,25247.0,9.0,1.0
25763,True,2.0,25759.0,2.0,1.0
25763,True,2.0,25747.0,4.0,1.0
25771,True,2.0,25643.0,7.0,1.0
25771,True,2.0,25763.0,3.0,1.0
25771,True,2.0,17579.0,13.0,1.0
25793,True,2.0,97.0,14.0,2.0
25793,True,2.0,25537.0,8.0,1.0
25799,False,,,,
25801,True,2.0,23753.0,11.0,1.0
25801,True,2.0,25799.0,1.0,1.0
25801,True,2.0,25793.0,3.0,1.0
25801,True,2.0,17609.0,13.0,1.0
25801,True,2.0,25673.0,7.0,1.0
25819,True,2.0,25307.0,9.0,1.0
25819,True,2.0,17627.0,13.0,1.0
25841,False,,,,
25847,True,2.0,21751.0,12.0,1.0
25847,True,2.0,9463.0,14.0,1.0
25849,True,2.0,25847.0,1.0,1.0
25849,True,2.0,17657.0,13.0,1.0
25849,True,2.0,23801.0,11.0,1.0
25849,True,2.0,25841.0,3.0,1.0
25867,True,2.0,23819.0,11.0,1.0
25873,True,2.0,17681.0,13.0,1.0
25873,True,2.0,25841.0,5.0,1.0
25889,True,2.0,25873.0,4.0,1.0
25889,True,2.0,25633.0,8.0,1.0
25903,True,2.0,25391.0,9.0,1.0
25913,True,2.0,24889.0,10.0,1.0
25913,True,2.0,25657.0,8.0,1.0
25913,True,2.0,25849.0,6.0,1.0
25913,True,2.0,21817.0,12.0,1.0
25919,True,2.0,25903.0,4.0,1.0
25931,True,2.0,9547.0,14.0,1.0
25931,True,2.0,24907.0,10.0,1.0
25931,True,2.0,25867.0,6.0,1.0
25933,True,2.0,25931.0,1.0,1.0
25939,True,2.0,25931.0,3.0,1.0
25939,True,2.0,17747.0,13.0,1.0
25943,True,2.0,25939.0,2.0,1.0
25943,True,2.0,24919.0,10.0,1.0
25951,True,2.0,25943.0,3.0,1.0
25951,True,2.0,25439.0,9.0,1.0
25951,True,2.0,25919.0,5.0,1.0
25969,True,2.0,25841.0,7.0,1.0
25969,True,2.0,25457.0,9.0,1.0
25981,True,2.0,25469.0,9.0,1.0
25981,True,2.0,17789.0,13.0,1.0
25997,True,2.0,25981.0,4.0,1.0
25997,True,2.0,9613.0,14.0,1.0
25997,True,2.0,25741.0,8.0,1.0
25997,True,2.0,25933.0,6.0,1.0
25999,True,2.0,25997.0,1.0,1.0
25999,True,2.0,17807.0,13.0,1.0
26003,True,2.0,25939.0,6.0,1.0
26003,True,2.0,24979.0,10.0,1.0
26003,True,2.0,25747.0,8.0,1.0
26003,True,2.0,9619.0,14.0,1.0
26003,True,2.0,25999.0,2.0,1.0
26017,True,2.0,25889.0,7.0,1.0
26021,True,2.0,26017.0,2.0,1.0
26029,True,2.0,23981.0,11.0,1.0
26029,True,2.0,17837.0,13.0,1.0
26029,True,2.0,25997.0,5.0,1.0
26029,True,2.0,26021.0,3.0,1.0
26041,True,2.0,25913.0,7.0,1.0
26041,True,2.0,23993.0,11.0,1.0
26053,True,2.0,26021.0,5.0,1.0
26053,True,2.0,25541.0,9.0,1.0
26083,True,2.0,17891.0,13.0,1.0
26099,True,2.0,26083.0,4.0,1.0
26099,True,2.0,22003.0,12.0,1.0
26107,True,2.0,26099.0,3.0,1.0
26111,True,2.0,25087.0,10.0,1.0
26111,True,2.0,26107.0,2.0,1.0
26113,True,2.0,26111.0,1.0,1.0
26113,True,2.0,17921.0,13.0,1.0
26113,True,2.0,25601.0,9.0,1.0
26119,True,2.0,26111.0,3.0,1.0
26119,True,2.0,24071.0,11.0,1.0
26141,True,2.0,25117.0,10.0,1.0
26153,True,2.0,9769.0,14.0,1.0
26161,True,2.0,24113.0,11.0,1.0
26161,True,2.0,26153.0,3.0,1.0
26171,True,2.0,25147.0,10.0,1.0
26171,True,2.0,26107.0,6.0,1.0
26171,True,2.0,9787.0,14.0,1.0
26177,True,2.0,25153.0,10.0,1.0
26177,True,2.0,26113.0,6.0,1.0
26177,True,2.0,26161.0,4.0,1.0
26183,True,2.0,26119.0,6.0,1.0
26189,True,2.0,25933.0,8.0,1.0
26189,True,2.0,22093.0,12.0,1.0
26203,True,2.0,26171.0,5.0,1.0
26209,True,2.0,26177.0,5.0,1.0
26227,True,2.0,26099.0,7.0,1.0
26227,True,2.0,24179.0,11.0,1.0
26237,True,2.0,25981.0,8.0,1.0
26249,True,2.0,22153.0,12.0,1.0
26251,True,2.0,26249.0,1.0,1.0
26251,True,2.0,24203.0,11.0,1.0
26251,True,2.0,18059.0,13.0,1.0
26261,True,2.0,25237.0,10.0,1.0
26263,True,2.0,26261.0,1.0,1.0
26267,True,2.0,22171.0,12.0,1.0
26267,True,2.0,26263.0,2.0,1.0
26267,True,2.0,26203.0,6.0,1.0
26267,True,2.0,26251.0,4.0,1.0
26267,True,2.0,25243.0,10.0,1.0
26267,True,2.0,9883.0,14.0,1.0
26293,True,2.0,26261.0,5.0,1.0
26297,True,2.0,149.0,12.0,2.0
26297,True,2.0,26293.0,2.0,1.0
26297,True,2.0,26041.0,8.0,1.0
26309,True,2.0,26293.0,4.0,1.0
26309,True,2.0,26053.0,8.0,1.0
26317,True,2.0,26189.0,7.0,1.0
26317,True,2.0,26309.0,3.0,1.0
26321,True,2.0,26317.0,2.0,1.0
26339,True,2.0,26083.0,8.0,1.0
26347,True,2.0,26339.0,3.0,1.0
26357,True,2.0,26293.0,6.0,1.0
26357,True,2.0,9973.0,14.0,1.0
26371,True,2.0,26339.0,5.0,1.0
26387,True,2.0,22291.0,12.0,1.0
26387,True,2.0,26371.0,4.0,1.0
26393,True,2.0,10009.0,14.0,1.0
26399,True,2.0,22303.0,12.0,1.0
26407,True,2.0,26399.0,3.0,1.0
26407,True,2.0,24359.0,11.0,1.0
26417,True,2.0,26161.0,8.0,1.0
26423,True,2.0,10039.0,14.0,1.0
26423,True,2.0,26407.0,4.0,1.0
26431,True,2.0,26423.0,3.0,1.0
26431,True,2.0,25919.0,9.0,1.0
26431,True,2.0,26399.0,5.0,1.0
26437,True,2.0,26309.0,7.0,1.0
26437,True,2.0,29.0,11.0,3.0
26449,True,2.0,26417.0,5.0,1.0
26449,True,2.0,26321.0,7.0,1.0
26449,True,2.0,18257.0,13.0,1.0
26459,True,2.0,26203.0,8.0,1.0
26479,True,2.0,18287.0,13.0,1.0
26489,False,,,,
26497,True,2.0,26489.0,3.0,1.0
26501,True,2.0,26497.0,2.0,1.0
26501,True,2.0,26437.0,6.0,1.0
26513,True,2.0,26449.0,6.0,1.0
26513,True,2.0,26497.0,4.0,1.0
26539,False,,,,
26557,True,2.0,24509.0,11.0,1.0
26561,True,2.0,26497.0,6.0,1.0
26561,True,2.0,10177.0,14.0,1.0
26561,True,2.0,25537.0,10.0,1.0
26561,True,2.0,26557.0,2.0,1.0
26573,True,2.0,26317.0,8.0,1.0
26573,True,2.0,163.0,2.0,2.0
26573,True,2.0,26557.0,4.0,1.0
26591,False,,,,
26597,True,2.0,22501.0,12.0,1.0
26627,True,2.0,22531.0,12.0,1.0
26627,True,2.0,25603.0,10.0,1.0
26627,True,2.0,10243.0,14.0,1.0
26627,True,2.0,26371.0,8.0,1.0
26633,True,2.0,163.0,6.0,2.0
26633,True,2.0,25609.0,10.0,1.0
26641,True,2.0,26513.0,7.0,1.0
26641,True,2.0,26633.0,3.0,1.0
26641,True,2.0,24593.0,11.0,1.0
26647,False,,,,
26669,True,2.0,22573.0,12.0,1.0
26681,True,2.0,25657.0,10.0,1.0
26683,True,2.0,26681.0,1.0,1.0
26683,True,2.0,26171.0,9.0,1.0
26687,True,2.0,26683.0,2.0,1.0
26687,True,2.0,26431.0,8.0,1.0
26687,True,2.0,10303.0,14.0,1.0
26693,True,2.0,26437.0,8.0,1.0
26699,True,2.0,26683.0,4.0,1.0
26701,True,2.0,26189.0,9.0,1.0
26701,True,2.0,26693.0,3.0,1.0
26701,True,2.0,26669.0,5.0,1.0
26701,True,2.0,26573.0,7.0,1.0
26701,True,2.0,26699.0,1.0,1.0
26711,True,2.0,26647.0,6.0,1.0
26713,True,2.0,26711.0,1.0,1.0
26713,True,2.0,26681.0,5.0,1.0
26713,True,2.0,18521.0,13.0,1.0
26717,True,2.0,26701.0,4.0,1.0
26717,True,2.0,10333.0,14.0,1.0
26717,True,2.0,26713.0,2.0,1.0
26717,True,2.0,25693.0,10.0,1.0
26717,True,2.0,22621.0,12.0,1.0
26723,False,,,,
26729,True,2.0,26713.0,4.0,1.0
26731,True,2.0,18539.0,13.0,1.0
26731,True,2.0,26723.0,3.0,1.0
26731,True,2.0,26729.0,1.0,1.0
26731,True,2.0,24683.0,11.0,1.0
26731,True,2.0,26699.0,5.0,1.0
26737,True,2.0,26729.0,3.0,1.0
26759,False,,,,
26777,True,2.0,26713.0,6.0,1.0
26783,True,2.0,10399.0,14.0,1.0
26783,True,2.0,25759.0,10.0,1.0
26801,True,2.0,26737.0,6.0,1.0
26813,True,2.0,10429.0,14.0,1.0
26813,True,2.0,26557.0,8.0,1.0
26813,True,2.0,22717.0,12.0,1.0
26821,True,2.0,26813.0,3.0,1.0
26821,True,2.0,26693.0,7.0,1.0
26821,True,2.0,26309.0,9.0,1.0
26833,True,2.0,26321.0,9.0,1.0
26833,True,2.0,26801.0,5.0,1.0
26839,True,2.0,26711.0,7.0,1.0
26849,True,2.0,26833.0,4.0,1.0
26861,True,2.0,10477.0,14.0,1.0
26863,True,2.0,18671.0,13.0,1.0
26863,True,2.0,26861.0,1.0,1.0
26879,True,2.0,22783.0,12.0,1.0
26879,True,2.0,26863.0,4.0,1.0
26881,True,2.0,26849.0,5.0,1.0
26881,True,2.0,26879.0,1.0,1.0
26891,True,2.0,25867.0,10.0,1.0
26893,True,2.0,18701.0,13.0,1.0
26893,True,2.0,26891.0,1.0,1.0
26893,True,2.0,26861.0,5.0,1.0
26903,True,2.0,26647.0,8.0,1.0
26903,True,2.0,26839.0,6.0,1.0
26903,True,2.0,22807.0,12.0,1.0
26921,False,,,,
26927,True,2.0,25903.0,10.0,1.0
26927,True,2.0,26863.0,6.0,1.0
26947,False,,,,
26951,True,2.0,10567.0,14.0,1.0
26951,True,2.0,26947.0,2.0,1.0
26953,True,2.0,26921.0,5.0,1.0
26953,True,2.0,26951.0,1.0,1.0
26959,True,2.0,26951.0,3.0,1.0
26959,True,2.0,26927.0,5.0,1.0
26981,True,2.0,10597.0,14.0,1.0
26987,True,2.0,26731.0,8.0,1.0
26993,True,2.0,103.0,14.0,2.0
26993,True,2.0,26737.0,8.0,1.0
26993,True,2.0,25969.0,10.0,1.0
27011,True,2.0,10627.0,14.0,1.0
27011,True,2.0,26947.0,6.0,1.0
27017,True,2.0,22921.0,12.0,1.0
27017,True,2.0,26953.0,6.0,1.0
27031,True,2.0,26903.0,7.0,1.0
27031,True,2.0,18839.0,13.0,1.0
27043,True,2.0,27011.0,5.0,1.0
27059,True,2.0,22963.0,12.0,1.0
27059,True,2.0,27043.0,4.0,1.0
27061,True,2.0,18869.0,13.0,1.0
27061,True,2.0,27059.0,1.0,1.0
27061,True,2.0,25013.0,11.0,1.0
27067,True,2.0,27059.0,3.0,1.0
27073,True,2.0,26561.0,9.0,1.0
27077,True,2.0,26053.0,10.0,1.0
27077,True,2.0,26821.0,8.0,1.0
27077,True,2.0,27073.0,2.0,1.0
27077,True,2.0,27061.0,4.0,1.0
27091,True,2.0,27059.0,5.0,1.0
27091,True,2.0,18899.0,13.0,1.0
27103,True,2.0,18911.0,13.0,1.0
27103,True,2.0,26591.0,9.0,1.0
27107,True,2.0,26083.0,10.0,1.0
27107,True,2.0,27103.0,2.0,1.0
27107,True,2.0,10723.0,14.0,1.0
27107,True,2.0,27091.0,4.0,1.0
27107,True,2.0,23011.0,12.0,1.0
27107,True,2.0,27043.0,6.0,1.0
27109,True,2.0,26981.0,7.0,1.0
27109,True,2.0,26597.0,9.0,1.0
27109,True,2.0,27107.0,1.0,1.0
27109,True,2.0,27077.0,5.0,1.0
27109,True,2.0,18917.0,13.0,1.0
27127,False,,,,
27143,True,2.0,27127.0,4.0,1.0
27143,True,2.0,26119.0,10.0,1.0
27179,False,,,,
27191,True,2.0,27127.0,6.0,1.0
27197,False,,,,
27211,True,2.0,25163.0,11.0,1.0
27211,True,2.0,26699.0,9.0,1.0
27211,True,2.0,27179.0,5.0,1.0
27239,True,2.0,23143.0,12.0,1.0
27241,True,2.0,26729.0,9.0,1.0
27241,True,2.0,27239.0,1.0,1.0
27253,False,,,,
27259,False,,,,
27271,True,2.0,19079.0,13.0,1.0
27271,True,2.0,27239.0,5.0,1.0
27271,True,2.0,27143.0,7.0,1.0
27271,True,2.0,26759.0,9.0,1.0
27277,True,2.0,25229.0,11.0,1.0
27281,True,2.0,27277.0,2.0,1.0
27283,True,2.0,27281.0,1.0,1.0
27299,True,2.0,23203.0,12.0,1.0
27299,True,2.0,27283.0,4.0,1.0
27299,True,2.0,27043.0,8.0,1.0
27329,True,2.0,27073.0,8.0,1.0
27337,True,2.0,27329.0,3.0,1.0
27361,True,2.0,27329.0,5.0,1.0
27361,True,2.0,26849.0,9.0,1.0
27367,True,2.0,27239.0,7.0,1.0
27397,True,2.0,25349.0,11.0,1.0
27407,True,2.0,23311.0,12.0,1.0
27409,True,2.0,27281.0,7.0,1.0
27409,True,2.0,27407.0,1.0,1.0
27427,True,2.0,27299.0,7.0,1.0
27431,True,2.0,26407.0,10.0,1.0
27431,True,2.0,27367.0,6.0,1.0
27431,True,2.0,11047.0,14.0,1.0
27431,True,2.0,27427.0,2.0,1.0
27437,False,,,,
27449,False,,,,
27457,True,2.0,27449.0,3.0,1.0
27457,True,2.0,27329.0,7.0,1.0
27457,True,2.0,25409.0,11.0,1.0
27479,False,,,,
27481,True,2.0,19289.0,13.0,1.0
27481,True,2.0,27449.0,5.0,1.0
27481,True,2.0,27479.0,1.0,1.0
27487,True,2.0,27479.0,3.0,1.0
27487,True,2.0,25439.0,11.0,1.0
27509,True,2.0,27253.0,8.0,1.0
27527,True,2.0,23431.0,12.0,1.0
27527,True,2.0,27271.0,8.0,1.0
27529,True,2.0,27527.0,1.0,1.0
27529,True,2.0,27017.0,9.0,1.0
27539,True,2.0,27283.0,8.0,1.0
27541,True,2.0,27539.0,1.0,1.0
27541,True,2.0,27509.0,5.0,1.0
27551,True,2.0,27487.0,6.0,1.0
27581,True,2.0,11197.0,14.0,1.0
27581,True,2.0,26557.0,10.0,1.0
27583,True,2.0,27551.0,5.0,1.0
27583,True,2.0,27581.0,1.0,1.0
27583,True,2.0,19391.0,13.0,1.0
27611,False,,,,
27617,True,2.0,27361.0,8.0,1.0
27631,True,2.0,25583.0,11.0,1.0
27647,True,2.0,27583.0,6.0,1.0
27647,True,2.0,27631.0,4.0,1.0
27653,True,2.0,23557.0,12.0,1.0
27653,True,2.0,27397.0,8.0,1.0
27673,False,,,,
27689,True,2.0,23593.0,12.0,1.0
27689,True,2.0,27673.0,4.0,1.0
27691,True,2.0,25643.0,11.0,1.0
27691,True,2.0,27179.0,9.0,1.0
27691,True,2.0,27689.0,1.0,1.0
27697,True,2.0,27689.0,3.0,1.0
27701,True,2.0,27697.0,2.0,1.0
27701,True,2.0,11317.0,14.0,1.0
27733,True,2.0,19541.0,13.0,1.0
27733,True,2.0,27701.0,5.0,1.0
27737,True,2.0,27481.0,8.0,1.0
27737,True,2.0,26713.0,10.0,1.0
27737,True,2.0,27673.0,6.0,1.0
27737,True,2.0,27733.0,2.0,1.0
27737,True,2.0,11353.0,14.0,1.0
27739,True,2.0,27737.0,1.0,1.0
27739,True,2.0,27611.0,7.0,1.0
27743,True,2.0,27739.0,2.0,1.0
27743,True,2.0,27487.0,8.0,1.0
27749,True,2.0,27733.0,4.0,1.0
27751,True,2.0,27749.0,1.0,1.0
27751,True,2.0,19559.0,13.0,1.0
27751,True,2.0,27743.0,3.0,1.0
27751,True,2.0,25703.0,11.0,1.0
27751,True,2.0,27239.0,9.0,1.0
27763,True,2.0,19571.0,13.0,1.0
27767,True,2.0,27763.0,2.0,1.0
27767,True,2.0,27751.0,4.0,1.0
27767,True,2.0,23671.0,12.0,1.0
27767,True,2.0,11383.0,14.0,1.0
27773,True,2.0,23677.0,12.0,1.0
27779,True,2.0,27763.0,4.0,1.0
27791,False,,,,
27793,True,2.0,27281.0,9.0,1.0
27793,True,2.0,27791.0,1.0,1.0
27799,True,2.0,27767.0,5.0,1.0
27799,True,2.0,27791.0,3.0,1.0
27803,True,2.0,27799.0,2.0,1.0
27803,True,2.0,27739.0,6.0,1.0
27809,True,2.0,27793.0,4.0,1.0
27817,True,2.0,27809.0,3.0,1.0
27817,True,2.0,27689.0,7.0,1.0
27823,True,2.0,27791.0,5.0,1.0
27827,True,2.0,11443.0,14.0,1.0
27827,True,2.0,27823.0,2.0,1.0
27827,True,2.0,27763.0,6.0,1.0
27847,True,2.0,25799.0,11.0,1.0
27851,True,2.0,27847.0,2.0,1.0
27851,True,2.0,11467.0,14.0,1.0
27883,True,2.0,27851.0,5.0,1.0
27893,True,2.0,167.0,2.0,2.0
27901,True,2.0,27773.0,7.0,1.0
27901,True,2.0,19709.0,13.0,1.0
27901,True,2.0,27893.0,3.0,1.0
27917,True,2.0,26893.0,10.0,1.0
27917,True,2.0,27901.0,4.0,1.0
27919,True,2.0,19727.0,13.0,1.0
27919,True,2.0,27791.0,7.0,1.0
27919,True,2.0,27407.0,9.0,1.0
27919,True,2.0,27917.0,1.0,1.0
27941,False,,,,
27943,True,2.0,19751.0,13.0,1.0
27943,True,2.0,27431.0,9.0,1.0
27943,True,2.0,27941.0,1.0,1.0
27947,True,2.0,27691.0,8.0,1.0
27947,True,2.0,27883.0,6.0,1.0
27947,True,2.0,27943.0,2.0,1.0
27953,True,2.0,23857.0,12.0,1.0
27953,True,2.0,27697.0,8.0,1.0
27953,True,2.0,167.0,6.0,2.0
27961,True,2.0,25913.0,11.0,1.0
27961,True,2.0,27953.0,3.0,1.0
27961,True,2.0,27449.0,9.0,1.0
27967,True,2.0,25919.0,11.0,1.0
27983,True,2.0,23887.0,12.0,1.0
27983,True,2.0,27919.0,6.0,1.0
27983,True,2.0,27967.0,4.0,1.0
27983,True,2.0,26959.0,10.0,1.0
27997,False,,,,
28001,True,2.0,27997.0,2.0,1.0
28001,True,2.0,11617.0,14.0,1.0
28019,True,2.0,27763.0,8.0,1.0
28027,True,2.0,28019.0,3.0,1.0
28031,True,2.0,28027.0,2.0,1.0
28031,True,2.0,27967.0,6.0,1.0
28051,True,2.0,26003.0,11.0,1.0
28051,True,2.0,27539.0,9.0,1.0
28051,True,2.0,28019.0,5.0,1.0
28057,False,,,,
28069,True,2.0,27941.0,7.0,1.0
28069,True,2.0,26021.0,11.0,1.0
28081,True,2.0,19889.0,13.0,1.0
28081,True,2.0,27953.0,7.0,1.0
28087,False,,,,
28097,True,2.0,28081.0,4.0,1.0
28097,True,2.0,27073.0,10.0,1.0
28097,True,2.0,24001.0,12.0,1.0
28099,True,2.0,28097.0,1.0,1.0
28109,False,,,,
28111,True,2.0,19919.0,13.0,1.0
28111,True,2.0,28109.0,1.0,1.0
28111,True,2.0,27983.0,7.0,1.0
28123,True,2.0,27611.0,9.0,1.0
28151,True,2.0,27127.0,10.0,1.0
28151,True,2.0,28087.0,6.0,1.0
28163,True,2.0,11779.0,14.0,1.0
28163,True,2.0,28099.0,6.0,1.0
28181,False,,,,
28183,True,2.0,28151.0,5.0,1.0
28183,True,2.0,28181.0,1.0,1.0
28183,True,2.0,19991.0,13.0,1.0
28201,True,2.0,27689.0,9.0,1.0
28201,True,2.0,26153.0,11.0,1.0
28211,True,2.0,11827.0,14.0,1.0
28219,True,2.0,26171.0,11.0,1.0
28219,True,2.0,28211.0,3.0,1.0
28229,True,2.0,24133.0,12.0,1.0
28277,True,2.0,24181.0,12.0,1.0
28277,True,2.0,27253.0,10.0,1.0
28279,True,2.0,28277.0,1.0,1.0
28279,True,2.0,27767.0,9.0,1.0
28279,True,2.0,28151.0,7.0,1.0
28283,True,2.0,27259.0,10.0,1.0
28283,True,2.0,28219.0,6.0,1.0
28283,True,2.0,28027.0,8.0,1.0
28283,True,2.0,28279.0,2.0,1.0
28289,False,,,,
28297,True,2.0,28289.0,3.0,1.0
28297,True,2.0,26249.0,11.0,1.0
28307,True,2.0,27283.0,10.0,1.0
28307,True,2.0,11923.0,14.0,1.0
28307,True,2.0,28051.0,8.0,1.0
28309,True,2.0,28181.0,7.0,1.0
28309,True,2.0,28307.0,1.0,1.0
28309,True,2.0,20117.0,13.0,1.0
28309,True,2.0,28277.0,5.0,1.0
28309,True,2.0,26261.0,11.0,1.0
28319,True,2.0,24223.0,12.0,1.0
28349,False,,,,
28351,True,2.0,28319.0,5.0,1.0
28351,True,2.0,28349.0,1.0,1.0
28387,True,2.0,26339.0,11.0,1.0
28393,True,2.0,20201.0,13.0,1.0
28403,True,2.0,28387.0,4.0,1.0
28409,True,2.0,28393.0,4.0,1.0
28411,True,2.0,28283.0,7.0,1.0
28411,True,2.0,28409.0,1.0,1.0
28411,True,2.0,20219.0,13.0,1.0
28411,True,2.0,28403.0,3.0,1.0
28429,True,2.0,27917.0,9.0,1.0
28433,True,2.0,24337.0,12.0,1.0
28433,True,2.0,28429.0,2.0,1.0
28433,True,2.0,27409.0,10.0,1.0
28433,True,2.0,12049.0,14.0,1.0
28439,True,2.0,28183.0,8.0,1.0
28447,True,2.0,28439.0,3.0,1.0
28447,True,2.0,26399.0,11.0,1.0
28447,True,2.0,28319.0,7.0,1.0
28463,True,2.0,28447.0,4.0,1.0
28477,True,2.0,28349.0,7.0,1.0
28493,True,2.0,28477.0,4.0,1.0
28493,True,2.0,28429.0,6.0,1.0
28493,True,2.0,12109.0,14.0,1.0
28499,False,,,,
28513,True,2.0,28001.0,9.0,1.0
28517,True,2.0,24421.0,12.0,1.0
28517,True,2.0,28513.0,2.0,1.0
28537,True,2.0,28409.0,7.0,1.0
28537,True,2.0,26489.0,11.0,1.0
28541,True,2.0,28537.0,2.0,1.0
28541,True,2.0,28477.0,6.0,1.0
28541,True,2.0,12157.0,14.0,1.0
28547,True,2.0,12163.0,14.0,1.0
28549,True,2.0,28517.0,5.0,1.0
28549,True,2.0,20357.0,13.0,1.0
28549,True,2.0,26501.0,11.0,1.0
28549,True,2.0,28547.0,1.0,1.0
28549,True,2.0,28541.0,3.0,1.0
28559,False,,,,
28571,False,,,,
28573,True,2.0,28541.0,5.0,1.0
28573,True,2.0,28571.0,1.0,1.0
28579,True,2.0,28547.0,5.0,1.0
28579,True,2.0,28571.0,3.0,1.0
28591,True,2.0,28463.0,7.0,1.0
28591,True,2.0,20399.0,13.0,1.0
28591,True,2.0,28559.0,5.0,1.0
28597,False,,,,
28603,True,2.0,28571.0,5.0,1.0
28603,True,2.0,20411.0,13.0,1.0
28607,True,2.0,28591.0,4.0,1.0
28607,True,2.0,28351.0,8.0,1.0
28607,True,2.0,28603.0,2.0,1.0
28607,True,2.0,27583.0,10.0,1.0
28619,True,2.0,28603.0,4.0,1.0
28621,True,2.0,28619.0,1.0,1.0
28621,True,2.0,28109.0,9.0,1.0
28621,True,2.0,26573.0,11.0,1.0
28621,True,2.0,28493.0,7.0,1.0
28627,True,2.0,28619.0,3.0,1.0
28627,True,2.0,28499.0,7.0,1.0
28631,True,2.0,28627.0,2.0,1.0
28643,True,2.0,28387.0,8.0,1.0
28643,True,2.0,28627.0,4.0,1.0
28643,True,2.0,28579.0,6.0,1.0
28643,True,2.0,24547.0,12.0,1.0
28649,True,2.0,28393.0,8.0,1.0
28657,True,2.0,28649.0,3.0,1.0
28661,True,2.0,28597.0,6.0,1.0
28661,True,2.0,12277.0,14.0,1.0
28661,True,2.0,28657.0,2.0,1.0
28663,True,2.0,28661.0,1.0,1.0
28663,True,2.0,28151.0,9.0,1.0
28663,True,2.0,28631.0,5.0,1.0
28669,True,2.0,20477.0,13.0,1.0
28669,True,2.0,28661.0,3.0,1.0
28669,True,2.0,28541.0,7.0,1.0
28687,True,2.0,28559.0,7.0,1.0
28697,True,2.0,27673.0,10.0,1.0
28703,True,2.0,28447.0,8.0,1.0
28703,True,2.0,28687.0,4.0,1.0
28711,True,2.0,28703.0,3.0,1.0
28723,True,2.0,28211.0,9.0,1.0
28729,True,2.0,26681.0,11.0,1.0
28729,True,2.0,28697.0,5.0,1.0
28751,True,2.0,28687.0,6.0,1.0
28753,True,2.0,28751.0,1.0,1.0
28759,True,2.0,28631.0,7.0,1.0
28759,True,2.0,28751.0,3.0,1.0
28759,True,2.0,26711.0,11.0,1.0
28771,True,2.0,26723.0,11.0,1.0
28771,True,2.0,28643.0,7.0,1.0
28789,True,2.0,28661.0,7.0,1.0
28789,True,2.0,28277.0,9.0,1.0
28793,True,2.0,12409.0,14.0,1.0
28793,True,2.0,28789.0,2.0,1.0
28793,True,2.0,28537.0,8.0,1.0
28793,True,2.0,28729.0,6.0,1.0
28793,True,2.0,24697.0,12.0,1.0
28807,True,2.0,26759.0,11.0,1.0
28813,False,,,,
28817,True,2.0,13.0,8.0,4.0
28817,True,2.0,12433.0,14.0,1.0
28817,True,2.0,27793.0,10.0,1.0
28817,True,2.0,28753.0,6.0,1.0
28817,True,2.0,28813.0,2.0,1.0
28837,False,,,,
28843,False,,,,
28859,True,2.0,24763.0,12.0,1.0
28859,True,2.0,28843.0,4.0,1.0
28859,True,2.0,28603.0,8.0,1.0
28867,True,2.0,28859.0,3.0,1.0
28871,True,2.0,28807.0,6.0,1.0
28871,True,2.0,28867.0,2.0,1.0
28871,True,2.0,27847.0,10.0,1.0
28871,True,2.0,12487.0,14.0,1.0
28879,True,2.0,28871.0,3.0,1.0
28879,True,2.0,28751.0,7.0,1.0
28901,True,2.0,28837.0,6.0,1.0
28901,True,2.0,12517.0,14.0,1.0
28909,True,2.0,26861.0,11.0,1.0
28909,True,2.0,28901.0,3.0,1.0
28909,True,2.0,20717.0,13.0,1.0
28921,True,2.0,28793.0,7.0,1.0
28921,True,2.0,28409.0,9.0,1.0
28927,True,2.0,26879.0,11.0,1.0
28933,True,2.0,28901.0,5.0,1.0
28949,True,2.0,28933.0,4.0,1.0
28961,True,2.0,12577.0,14.0,1.0
28979,True,2.0,28723.0,8.0,1.0
29009,True,2.0,28753.0,8.0,1.0
29017,True,2.0,29009.0,3.0,1.0
29021,True,2.0,29017.0,2.0,1.0
29021,True,2.0,27997.0,10.0,1.0
29021,True,2.0,12637.0,14.0,1.0
29023,True,2.0,29021.0,1.0,1.0
29027,True,2.0,28771.0,8.0,1.0
29027,True,2.0,29023.0,2.0,1.0
29033,True,2.0,29017.0,4.0,1.0
29059,True,2.0,29027.0,5.0,1.0
29059,True,2.0,28547.0,9.0,1.0
29059,True,2.0,27011.0,11.0,1.0
29063,True,2.0,24967.0,12.0,1.0
29063,True,2.0,28807.0,8.0,1.0
29063,True,2.0,29059.0,2.0,1.0
29077,True,2.0,28949.0,7.0,1.0
29101,False,,,,
29123,True,2.0,28867.0,8.0,1.0
29123,True,2.0,28099.0,10.0,1.0
29123,True,2.0,12739.0,14.0,1.0
29123,True,2.0,29059.0,6.0,1.0
29129,True,2.0,25033.0,12.0,1.0
29131,True,2.0,29129.0,1.0,1.0
29131,True,2.0,28619.0,9.0,1.0
29131,True,2.0,20939.0,13.0,1.0
29131,True,2.0,29123.0,3.0,1.0
29137,True,2.0,29009.0,7.0,1.0
29137,True,2.0,29129.0,3.0,1.0
29147,True,2.0,29131.0,4.0,1.0
29147,True,2.0,28123.0,10.0,1.0
29147,True,2.0,12763.0,14.0,1.0
29153,True,2.0,113.0,14.0,2.0
29153,True,2.0,29137.0,4.0,1.0
29153,True,2.0,25057.0,12.0,1.0
29167,False,,,,
29173,True,2.0,28661.0,9.0,1.0
29173,True,2.0,20981.0,13.0,1.0
29179,True,2.0,29147.0,5.0,1.0
29191,True,2.0,29063.0,7.0,1.0
29191,True,2.0,27143.0,11.0,1.0
29201,True,2.0,29137.0,6.0,1.0
29207,True,2.0,25111.0,12.0,1.0
29207,True,2.0,29191.0,4.0,1.0
29207,True,2.0,28183.0,10.0,1.0
29207,True,2.0,12823.0,14.0,1.0
29209,True,2.0,28697.0,9.0,1.0
29209,True,2.0,21017.0,13.0,1.0
29209,True,2.0,29207.0,1.0,1.0
29209,True,2.0,29201.0,3.0,1.0
29221,False,,,,
29231,True,2.0,29167.0,6.0,1.0
29243,True,2.0,25147.0,12.0,1.0
29243,True,2.0,28219.0,10.0,1.0
29243,True,2.0,29179.0,6.0,1.0
29251,True,2.0,21059.0,13.0,1.0
29251,True,2.0,29123.0,7.0,1.0
29251,True,2.0,29243.0,3.0,1.0
29269,False,,,,
29287,True,2.0,27239.0,11.0,1.0
29297,False,,,,
29303,True,2.0,28279.0,10.0,1.0
29303,True,2.0,12919.0,14.0,1.0
29303,True,2.0,29287.0,4.0,1.0
29311,True,2.0,29303.0,3.0,1.0
29327,True,2.0,29311.0,4.0,1.0
29333,True,2.0,29077.0,8.0,1.0
29333,True,2.0,28309.0,10.0,1.0
29333,True,2.0,29269.0,6.0,1.0
29333,True,2.0,25237.0,12.0,1.0
29339,True,2.0,25243.0,12.0,1.0
29347,True,2.0,29339.0,3.0,1.0
29347,True,2.0,27299.0,11.0,1.0
29363,True,2.0,12979.0,14.0,1.0
29363,True,2.0,29347.0,4.0,1.0
29383,True,2.0,21191.0,13.0,1.0
29383,True,2.0,28871.0,9.0,1.0
29387,True,2.0,29383.0,2.0,1.0
29387,True,2.0,29131.0,8.0,1.0
29387,True,2.0,13003.0,14.0,1.0
29389,True,2.0,29387.0,1.0,1.0
29399,True,2.0,25303.0,12.0,1.0
29399,True,2.0,29383.0,4.0,1.0
29401,True,2.0,29399.0,1.0,1.0
29411,True,2.0,29347.0,6.0,1.0
29411,True,2.0,28387.0,10.0,1.0
29423,True,2.0,29167.0,8.0,1.0
29429,True,2.0,29173.0,8.0,1.0
29437,True,2.0,29429.0,3.0,1.0
29443,True,2.0,29411.0,5.0,1.0
29453,True,2.0,29437.0,4.0,1.0
29453,True,2.0,28429.0,10.0,1.0
29453,True,2.0,29389.0,6.0,1.0
29453,True,2.0,25357.0,12.0,1.0
29473,True,2.0,28961.0,9.0,1.0
29483,True,2.0,13099.0,14.0,1.0
29501,True,2.0,28477.0,10.0,1.0
29501,True,2.0,29437.0,6.0,1.0
29527,True,2.0,29399.0,7.0,1.0
29527,True,2.0,27479.0,11.0,1.0
29531,True,2.0,13147.0,14.0,1.0
29531,True,2.0,29527.0,2.0,1.0
29537,True,2.0,29473.0,6.0,1.0
29537,True,2.0,28513.0,10.0,1.0
29567,True,2.0,25471.0,12.0,1.0
29567,True,2.0,13183.0,14.0,1.0
29567,True,2.0,29311.0,8.0,1.0
29569,True,2.0,21377.0,13.0,1.0
29569,True,2.0,29567.0,1.0,1.0
29569,True,2.0,29537.0,5.0,1.0
29573,True,2.0,28549.0,10.0,1.0
29573,True,2.0,29569.0,2.0,1.0
29581,True,2.0,29453.0,7.0,1.0
29581,True,2.0,29573.0,3.0,1.0
29587,True,2.0,27539.0,11.0,1.0
29599,True,2.0,29567.0,5.0,1.0
29599,True,2.0,27551.0,11.0,1.0
29599,True,2.0,21407.0,13.0,1.0
29611,True,2.0,21419.0,13.0,1.0
29611,True,2.0,29483.0,7.0,1.0
29629,True,2.0,27581.0,11.0,1.0
29629,True,2.0,29501.0,7.0,1.0
29633,True,2.0,13249.0,14.0,1.0
29633,True,2.0,29629.0,2.0,1.0
29633,True,2.0,29569.0,6.0,1.0
29633,True,2.0,25537.0,12.0,1.0
29641,True,2.0,29129.0,9.0,1.0
29641,True,2.0,29633.0,3.0,1.0
29663,True,2.0,29599.0,6.0,1.0
29669,False,,,,
29671,True,2.0,29663.0,3.0,1.0
29671,True,2.0,29669.0,1.0,1.0
29683,True,2.0,21491.0,13.0,1.0
29717,True,2.0,25621.0,12.0,1.0
29723,True,2.0,13339.0,14.0,1.0
29741,False,,,,
29753,True,2.0,25657.0,12.0,1.0
29753,True,2.0,28729.0,10.0,1.0
29759,False,,,,
29761,True,2.0,29633.0,7.0,1.0
29761,True,2.0,29759.0,1.0,1.0
29761,True,2.0,21569.0,13.0,1.0
29761,True,2.0,29753.0,3.0,1.0
29789,True,2.0,25693.0,12.0,1.0
29803,True,2.0,21611.0,13.0,1.0
29819,True,2.0,29803.0,4.0,1.0
29833,False,,,,
29837,True,2.0,29833.0,2.0,1.0
29837,True,2.0,25741.0,12.0,1.0
29837,True,2.0,28813.0,10.0,1.0
29837,True,2.0,29581.0,8.0,1.0
29851,True,2.0,27803.0,11.0,1.0
29851,True,2.0,29339.0,9.0,1.0
29851,True,2.0,29723.0,7.0,1.0
29851,True,2.0,29819.0,5.0,1.0
29863,False,,,,
29867,True,2.0,29803.0,6.0,1.0
29867,True,2.0,29851.0,4.0,1.0
29867,True,2.0,25771.0,12.0,1.0
29867,True,2.0,29611.0,8.0,1.0
29867,True,2.0,29863.0,2.0,1.0
29867,True,2.0,28843.0,10.0,1.0
29873,False,,,,
29879,True,2.0,29863.0,4.0,1.0
29881,True,2.0,29879.0,1.0,1.0
29881,True,2.0,29753.0,7.0,1.0
29881,True,2.0,29873.0,3.0,1.0
29917,True,2.0,29789.0,7.0,1.0
29921,True,2.0,13537.0,14.0,1.0
29921,True,2.0,29917.0,2.0,1.0
29927,True,2.0,29671.0,8.0,1.0
29927,True,2.0,29863.0,6.0,1.0
29947,True,2.0,29819.0,7.0,1.0
29959,True,2.0,29927.0,5.0,1.0
29959,True,2.0,21767.0,13.0,1.0
29983,False,,,,
29989,True,2.0,27941.0,11.0,1.0
30011,True,2.0,13627.0,14.0,1.0
30011,True,2.0,29947.0,6.0,1.0
30013,True,2.0,30011.0,1.0,1.0
30013,True,2.0,21821.0,13.0,1.0
30013,True,2.0,29501.0,9.0,1.0
30029,True,2.0,25933.0,12.0,1.0
30029,True,2.0,30013.0,4.0,1.0
30047,True,2.0,29023.0,10.0,1.0
30047,True,2.0,31.0,8.0,3.0
30047,True,2.0,25951.0,12.0,1.0
30047,True,2.0,29983.0,6.0,1.0
30059,True,2.0,29803.0,8.0,1.0
30071,True,2.0,13687.0,14.0,1.0
30089,True,2.0,29833.0,8.0,1.0
30091,True,2.0,30089.0,1.0,1.0
30091,True,2.0,30059.0,5.0,1.0
30097,True,2.0,30089.0,3.0,1.0
30103,True,2.0,21911.0,13.0,1.0
30103,True,2.0,30071.0,5.0,1.0
30109,False,,,,
30113,True,2.0,13729.0,14.0,1.0
30113,True,2.0,30097.0,4.0,1.0
30113,True,2.0,26017.0,12.0,1.0
30113,True,2.0,30109.0,2.0,1.0
30119,True,2.0,29863.0,8.0,1.0
30119,True,2.0,30103.0,4.0,1.0
30133,False,,,,
30137,True,2.0,30133.0,2.0,1.0
30137,True,2.0,26041.0,12.0,1.0
30137,True,2.0,29881.0,8.0,1.0
30139,True,2.0,30137.0,1.0,1.0
30139,True,2.0,30011.0,7.0,1.0
30161,True,2.0,29137.0,10.0,1.0
30161,True,2.0,30097.0,6.0,1.0
30169,True,2.0,30137.0,5.0,1.0
30169,True,2.0,21977.0,13.0,1.0
30169,True,2.0,30161.0,3.0,1.0
30181,True,2.0,29669.0,9.0,1.0
30187,True,2.0,30059.0,7.0,1.0
30197,True,2.0,29173.0,10.0,1.0
30197,True,2.0,30133.0,6.0,1.0
30197,True,2.0,30181.0,4.0,1.0
30203,True,2.0,26107.0,12.0,1.0
30203,True,2.0,30139.0,6.0,1.0
30203,True,2.0,29179.0,10.0,1.0
30203,True,2.0,29947.0,8.0,1.0
30203,True,2.0,30187.0,4.0,1.0
30211,True,2.0,30203.0,3.0,1.0
30211,True,2.0,28163.0,11.0,1.0
30223,True,2.0,22031.0,13.0,1.0
30241,True,2.0,30113.0,7.0,1.0
30253,True,2.0,29741.0,9.0,1.0
30259,True,2.0,28211.0,11.0,1.0
30259,True,2.0,22067.0,13.0,1.0
30269,True,2.0,30253.0,4.0,1.0
30269,True,2.0,30013.0,8.0,1.0
30271,True,2.0,29759.0,9.0,1.0
30271,True,2.0,30269.0,1.0,1.0
30271,True,2.0,22079.0,13.0,1.0
30293,True,2.0,29269.0,10.0,1.0
30307,False,,,,
30313,False,,,,
30319,False,,,,
30323,True,2.0,30259.0,6.0,1.0
30323,True,2.0,30319.0,2.0,1.0
30323,True,2.0,30307.0,4.0,1.0
30323,True,2.0,26227.0,12.0,1.0
30341,False,,,,
30347,True,2.0,30091.0,8.0,1.0
30347,True,2.0,26251.0,12.0,1.0
30347,True,2.0,13963.0,14.0,1.0
30367,True,2.0,28319.0,11.0,1.0
30389,True,2.0,30133.0,8.0,1.0
30389,True,2.0,26293.0,12.0,1.0
30391,True,2.0,30389.0,1.0,1.0
30391,True,2.0,29879.0,9.0,1.0
30403,False,,,,
30427,False,,,,
30431,True,2.0,30427.0,2.0,1.0
30431,True,2.0,30367.0,6.0,1.0
30449,False,,,,
30467,True,2.0,30403.0,6.0,1.0
30467,True,2.0,30211.0,8.0,1.0
30467,True,2.0,29443.0,10.0,1.0
30467,True,2.0,26371.0,12.0,1.0
30467,True,2.0,14083.0,14.0,1.0
30469,True,2.0,22277.0,13.0,1.0
30469,True,2.0,30467.0,1.0,1.0
30469,True,2.0,30341.0,7.0,1.0
30491,True,2.0,30427.0,6.0,1.0
30491,True,2.0,14107.0,14.0,1.0
30493,True,2.0,30491.0,1.0,1.0
30497,True,2.0,30493.0,2.0,1.0
30497,True,2.0,30241.0,8.0,1.0
30497,True,2.0,29473.0,10.0,1.0
30509,True,2.0,30253.0,8.0,1.0
30509,True,2.0,30493.0,4.0,1.0
30517,True,2.0,30509.0,3.0,1.0
30517,True,2.0,30389.0,7.0,1.0
30529,True,2.0,30497.0,5.0,1.0
30539,False,,,,
30553,False,,,,
30557,True,2.0,30493.0,6.0,1.0
30557,True,2.0,30553.0,2.0,1.0
30557,True,2.0,14173.0,14.0,1.0
30559,True,2.0,30431.0,7.0,1.0
30559,True,2.0,22367.0,13.0,1.0
30559,True,2.0,30047.0,9.0,1.0
30559,True,2.0,30557.0,1.0,1.0
30577,True,2.0,30449.0,7.0,1.0
30593,True,2.0,26497.0,12.0,1.0
30593,True,2.0,29569.0,10.0,1.0
30593,True,2.0,30529.0,6.0,1.0
30593,True,2.0,30577.0,4.0,1.0
30631,True,2.0,30119.0,9.0,1.0
30637,True,2.0,30509.0,7.0,1.0
30643,False,,,,
30649,True,2.0,30137.0,9.0,1.0
30661,True,2.0,22469.0,13.0,1.0
30671,False,,,,
30677,True,2.0,14293.0,14.0,1.0
30677,True,2.0,30661.0,4.0,1.0
30689,False,,,,
30697,True,2.0,28649.0,11.0,1.0
30697,True,2.0,30689.0,3.0,1.0
30703,True,2.0,22511.0,13.0,1.0
30703,True,2.0,30671.0,5.0,1.0
30707,True,2.0,30643.0,6.0,1.0
30707,True,2.0,30703.0,2.0,1.0
30707,True,2.0,29683.0,10.0,1.0
30707,True,2.0,14323.0,14.0,1.0
30713,True,2.0,30649.0,6.0,1.0
30713,True,2.0,30697.0,4.0,1.0
30727,False,,,,
30757,False,,,,
30763,True,2.0,22571.0,13.0,1.0
30773,True,2.0,14389.0,14.0,1.0
30773,True,2.0,30757.0,4.0,1.0
30773,True,2.0,30517.0,8.0,1.0
30781,True,2.0,30269.0,9.0,1.0
30781,True,2.0,30773.0,3.0,1.0
30803,True,2.0,14419.0,14.0,1.0
30809,True,2.0,26713.0,12.0,1.0
30809,True,2.0,30553.0,8.0,1.0
30817,True,2.0,30809.0,3.0,1.0
30817,True,2.0,30689.0,7.0,1.0
30829,True,2.0,22637.0,13.0,1.0
30839,False,,,,
30841,True,2.0,28793.0,11.0,1.0
30841,True,2.0,30713.0,7.0,1.0
30841,True,2.0,30809.0,5.0,1.0
30841,True,2.0,30839.0,1.0,1.0
30851,False,,,,
30853,True,2.0,30341.0,9.0,1.0
30853,True,2.0,30851.0,1.0,1.0
30859,True,2.0,30851.0,3.0,1.0
30859,True,2.0,30347.0,9.0,1.0
30869,True,2.0,30853.0,4.0,1.0
30871,True,2.0,30869.0,1.0,1.0
30871,True,2.0,22679.0,13.0,1.0
30871,True,2.0,30839.0,5.0,1.0
30881,True,2.0,30817.0,6.0,1.0
30893,True,2.0,30637.0,8.0,1.0
30893,True,2.0,30829.0,6.0,1.0
30911,False,,,,
30931,True,2.0,30803.0,7.0,1.0
30931,True,2.0,22739.0,13.0,1.0
30937,True,2.0,30809.0,7.0,1.0
30941,True,2.0,14557.0,14.0,1.0
30941,True,2.0,29917.0,10.0,1.0
30941,True,2.0,30937.0,2.0,1.0
30949,True,2.0,30941.0,3.0,1.0
30949,True,2.0,28901.0,11.0,1.0
30971,True,2.0,29947.0,10.0,1.0
30977,True,2.0,14593.0,14.0,1.0
30977,True,2.0,26881.0,12.0,1.0
30983,True,2.0,30727.0,8.0,1.0
30983,True,2.0,29959.0,10.0,1.0
31013,True,2.0,30949.0,6.0,1.0
31013,True,2.0,29989.0,10.0,1.0
31013,True,2.0,30757.0,8.0,1.0
31013,True,2.0,14629.0,14.0,1.0
31019,True,2.0,30763.0,8.0,1.0
31033,False,,,,
31039,True,2.0,30911.0,7.0,1.0
31051,True,2.0,22859.0,13.0,1.0
31051,True,2.0,30539.0,9.0,1.0
31051,True,2.0,31019.0,5.0,1.0
31063,True,2.0,22871.0,13.0,1.0
31069,True,2.0,29021.0,11.0,1.0
31069,True,2.0,30557.0,9.0,1.0
31069,True,2.0,30941.0,7.0,1.0
31069,True,2.0,22877.0,13.0,1.0
31079,True,2.0,31063.0,4.0,1.0
31081,True,2.0,31079.0,1.0,1.0
31081,True,2.0,29033.0,11.0,1.0
31091,False,,,,
31121,True,2.0,14737.0,14.0,1.0
31121,True,2.0,30097.0,10.0,1.0
31123,True,2.0,31121.0,1.0,1.0
31123,True,2.0,31091.0,5.0,1.0
31139,True,2.0,31123.0,4.0,1.0
31139,True,2.0,27043.0,12.0,1.0
31147,True,2.0,31019.0,7.0,1.0
31147,True,2.0,31139.0,3.0,1.0
31151,True,2.0,14767.0,14.0,1.0
31151,True,2.0,31147.0,2.0,1.0
31153,True,2.0,31121.0,5.0,1.0
31153,True,2.0,31151.0,1.0,1.0
31153,True,2.0,22961.0,13.0,1.0
31159,True,2.0,31151.0,3.0,1.0
31177,True,2.0,29129.0,11.0,1.0
31181,True,2.0,31177.0,2.0,1.0
31181,True,2.0,14797.0,14.0,1.0
31183,True,2.0,31181.0,1.0,1.0
31183,True,2.0,31151.0,5.0,1.0
31183,True,2.0,30671.0,9.0,1.0
31189,True,2.0,31181.0,3.0,1.0
31189,True,2.0,30677.0,9.0,1.0
31193,True,2.0,30937.0,8.0,1.0
31193,True,2.0,30169.0,10.0,1.0
31193,True,2.0,31177.0,4.0,1.0
31193,True,2.0,31189.0,2.0,1.0
31219,True,2.0,23027.0,13.0,1.0
31219,True,2.0,30707.0,9.0,1.0
31219,True,2.0,31091.0,7.0,1.0
31223,True,2.0,27127.0,12.0,1.0
31223,True,2.0,31219.0,2.0,1.0
31223,True,2.0,31159.0,6.0,1.0
31231,True,2.0,23039.0,13.0,1.0
31231,True,2.0,31223.0,3.0,1.0
31237,False,,,,
31247,True,2.0,30223.0,10.0,1.0
31247,True,2.0,31231.0,4.0,1.0
31247,True,2.0,31183.0,6.0,1.0
31249,True,2.0,23057.0,13.0,1.0
31249,True,2.0,31247.0,1.0,1.0
31249,True,2.0,29201.0,11.0,1.0
31249,True,2.0,31121.0,7.0,1.0
31253,True,2.0,31237.0,4.0,1.0
31253,True,2.0,31189.0,6.0,1.0
31253,True,2.0,31249.0,2.0,1.0
31253,True,2.0,14869.0,14.0,1.0
31259,False,,,,
31267,True,2.0,31139.0,7.0,1.0
31267,True,2.0,31259.0,3.0,1.0
31271,True,2.0,14887.0,14.0,1.0
31271,True,2.0,31267.0,2.0,1.0
31277,True,2.0,30253.0,10.0,1.0
31307,True,2.0,27211.0,12.0,1.0
31307,True,2.0,14923.0,14.0,1.0
31307,True,2.0,31051.0,8.0,1.0
31319,True,2.0,31063.0,8.0,1.0
31321,True,2.0,31319.0,1.0,1.0
31321,True,2.0,31193.0,7.0,1.0
31321,True,2.0,30809.0,9.0,1.0
31327,True,2.0,31319.0,3.0,1.0
31333,False,,,,
31337,True,2.0,27241.0,12.0,1.0
31337,True,2.0,30313.0,10.0,1.0
31337,True,2.0,31321.0,4.0,1.0
31337,True,2.0,31333.0,2.0,1.0
31337,True,2.0,31081.0,8.0,1.0
31357,False,,,,
31379,True,2.0,31123.0,8.0,1.0
31379,True,2.0,27283.0,12.0,1.0
31387,True,2.0,31379.0,3.0,1.0
31387,True,2.0,31259.0,7.0,1.0
31387,True,2.0,29339.0,11.0,1.0
31391,True,2.0,30367.0,10.0,1.0
31391,True,2.0,31387.0,2.0,1.0
31391,True,2.0,31327.0,6.0,1.0
31393,True,2.0,31391.0,1.0,1.0
31393,True,2.0,23201.0,13.0,1.0
31393,True,2.0,30881.0,9.0,1.0
31397,True,2.0,15013.0,14.0,1.0
31397,True,2.0,31333.0,6.0,1.0
31397,True,2.0,31393.0,2.0,1.0
31469,False,,,,
31477,True,2.0,29429.0,11.0,1.0
31477,True,2.0,31469.0,3.0,1.0
31481,True,2.0,31477.0,2.0,1.0
31489,True,2.0,30977.0,9.0,1.0
31489,True,2.0,31481.0,3.0,1.0
31489,True,2.0,23297.0,13.0,1.0
31511,False,,,,
31513,True,2.0,31511.0,1.0,1.0
31513,True,2.0,31481.0,5.0,1.0
31513,True,2.0,23321.0,13.0,1.0
31517,True,2.0,30493.0,10.0,1.0
31517,True,2.0,31513.0,2.0,1.0
31531,True,2.0,29483.0,11.0,1.0
31531,True,2.0,31019.0,9.0,1.0
31531,True,2.0,23339.0,13.0,1.0
31541,True,2.0,31477.0,6.0,1.0
31541,True,2.0,30517.0,10.0,1.0
31543,True,2.0,31511.0,5.0,1.0
31543,True,2.0,31541.0,1.0,1.0
31547,True,2.0,31531.0,4.0,1.0
31547,True,2.0,31543.0,2.0,1.0
31567,False,,,,
31573,True,2.0,31541.0,5.0,1.0
31583,True,2.0,15199.0,14.0,1.0
31583,True,2.0,30559.0,10.0,1.0
31583,True,2.0,31567.0,4.0,1.0
31583,True,2.0,31327.0,8.0,1.0
31583,True,2.0,27487.0,12.0,1.0
31601,True,2.0,15217.0,14.0,1.0
31601,True,2.0,30577.0,10.0,1.0
31607,True,2.0,31543.0,6.0,1.0
31627,False,,,,
31643,True,2.0,31387.0,8.0,1.0
31643,True,2.0,31627.0,4.0,1.0
31643,True,2.0,15259.0,14.0,1.0
31649,True,2.0,31393.0,8.0,1.0
31657,True,2.0,31649.0,3.0,1.0
31663,True,2.0,31151.0,9.0,1.0
31667,True,2.0,30643.0,10.0,1.0
31667,True,2.0,31663.0,2.0,1.0
31687,False,,,,
31699,True,2.0,31667.0,5.0,1.0
31721,True,2.0,31657.0,6.0,1.0
31721,True,2.0,30697.0,10.0,1.0
31723,True,2.0,23531.0,13.0,1.0
31723,True,2.0,31721.0,1.0,1.0
31727,True,2.0,30703.0,10.0,1.0
31727,True,2.0,27631.0,12.0,1.0
31727,True,2.0,31663.0,6.0,1.0
31727,True,2.0,31723.0,2.0,1.0
31729,True,2.0,31727.0,1.0,1.0
31729,True,2.0,31601.0,7.0,1.0
31729,True,2.0,31721.0,3.0,1.0
31729,True,2.0,23537.0,13.0,1.0
31741,True,2.0,23549.0,13.0,1.0
31751,True,2.0,31687.0,6.0,1.0
31751,True,2.0,30727.0,10.0,1.0
31769,True,2.0,31513.0,8.0,1.0
31769,True,2.0,27673.0,12.0,1.0
31771,True,2.0,31259.0,9.0,1.0
31771,True,2.0,31643.0,7.0,1.0
31771,True,2.0,29723.0,11.0,1.0
31771,True,2.0,31769.0,1.0,1.0
31793,True,2.0,27697.0,12.0,1.0
31793,True,2.0,31729.0,6.0,1.0
31799,True,2.0,31543.0,8.0,1.0
31817,False,,,,
31847,True,2.0,27751.0,12.0,1.0
31849,True,2.0,31817.0,5.0,1.0
31849,True,2.0,31721.0,7.0,1.0
31849,True,2.0,31847.0,1.0,1.0
31849,True,2.0,31337.0,9.0,1.0
31859,True,2.0,27763.0,12.0,1.0
31873,False,,,,
31883,True,2.0,30859.0,10.0,1.0
31883,True,2.0,31627.0,8.0,1.0
31891,True,2.0,31859.0,5.0,1.0
31891,True,2.0,31379.0,9.0,1.0
31891,True,2.0,31883.0,3.0,1.0
31907,True,2.0,31891.0,4.0,1.0
31957,False,,,,
31963,False,,,,
31973,True,2.0,31957.0,4.0,1.0
31973,True,2.0,30949.0,10.0,1.0
31981,True,2.0,23789.0,13.0,1.0
31981,True,2.0,31973.0,3.0,1.0
31981,True,2.0,31469.0,9.0,1.0
31991,True,2.0,15607.0,14.0,1.0
32003,True,2.0,15619.0,14.0,1.0
32009,True,2.0,5.0,14.0,6.0
32027,True,2.0,31963.0,6.0,1.0
32027,True,2.0,15643.0,14.0,1.0
32027,True,2.0,31771.0,8.0,1.0
32029,True,2.0,32027.0,1.0,1.0
32029,True,2.0,31517.0,9.0,1.0
32051,True,2.0,15667.0,14.0,1.0
32057,True,2.0,179.0,4.0,2.0
32057,True,2.0,27961.0,12.0,1.0
32057,True,2.0,31033.0,10.0,1.0
32059,True,2.0,32027.0,5.0,1.0
32059,True,2.0,30011.0,11.0,1.0
32059,True,2.0,31547.0,9.0,1.0
32059,True,2.0,32057.0,1.0,1.0
32059,True,2.0,32051.0,3.0,1.0
32063,True,2.0,32059.0,2.0,1.0
32063,True,2.0,31039.0,10.0,1.0
32063,True,2.0,15679.0,14.0,1.0
32063,True,2.0,27967.0,12.0,1.0
32069,False,,,,
32077,True,2.0,30029.0,11.0,1.0
32077,True,2.0,32069.0,3.0,1.0
32083,True,2.0,32051.0,5.0,1.0
32089,True,2.0,32057.0,5.0,1.0
32099,True,2.0,32083.0,4.0,1.0
32117,True,2.0,15733.0,14.0,1.0
32119,True,2.0,30071.0,11.0,1.0
32119,True,2.0,31607.0,9.0,1.0
32119,True,2.0,31991.0,7.0,1.0
32119,True,2.0,32117.0,1.0,1.0
32141,True,2.0,32077.0,6.0,1.0
32143,True,2.0,32141.0,1.0,1.0
32159,True,2.0,32143.0,4.0,1.0
32173,True,2.0,32141.0,5.0,1.0
32173,True,2.0,23981.0,13.0,1.0
32183,True,2.0,32119.0,6.0,1.0
32183,True,2.0,31159.0,10.0,1.0
32183,True,2.0,28087.0,12.0,1.0
32189,True,2.0,32173.0,4.0,1.0
32191,True,2.0,32063.0,7.0,1.0
32191,True,2.0,32159.0,5.0,1.0
32191,True,2.0,32189.0,1.0,1.0
32191,True,2.0,32183.0,3.0,1.0
32203,False,,,,
32213,True,2.0,31957.0,8.0,1.0
32213,True,2.0,31189.0,10.0,1.0
32233,True,2.0,31721.0,9.0,1.0
32237,True,2.0,31981.0,8.0,1.0
32237,True,2.0,32233.0,2.0,1.0
32237,True,2.0,32173.0,6.0,1.0
32251,True,2.0,30203.0,11.0,1.0
32257,False,,,,
32261,True,2.0,32257.0,2.0,1.0
32261,True,2.0,31237.0,10.0,1.0
32261,True,2.0,15877.0,14.0,1.0
32297,True,2.0,28201.0,12.0,1.0
32297,True,2.0,179.0,8.0,2.0
32297,True,2.0,32233.0,6.0,1.0
32297,True,2.0,15913.0,14.0,1.0
32299,True,2.0,24107.0,13.0,1.0
32299,True,2.0,32297.0,1.0,1.0
32303,True,2.0,32299.0,2.0,1.0
32303,True,2.0,15919.0,14.0,1.0
32309,False,,,,
32321,True,2.0,32257.0,6.0,1.0
32321,True,2.0,15937.0,14.0,1.0
32323,True,2.0,32321.0,1.0,1.0
32327,True,2.0,32323.0,2.0,1.0
32341,True,2.0,32309.0,5.0,1.0
32341,True,2.0,30293.0,11.0,1.0
32341,True,2.0,32213.0,7.0,1.0
32353,True,2.0,32321.0,5.0,1.0
32359,True,2.0,32327.0,5.0,1.0
32359,True,2.0,31847.0,9.0,1.0
32363,True,2.0,32299.0,6.0,1.0
32363,True,2.0,32359.0,2.0,1.0
32369,True,2.0,32353.0,4.0,1.0
32371,True,2.0,31859.0,9.0,1.0
32371,True,2.0,30323.0,11.0,1.0
32371,True,2.0,32369.0,1.0,1.0
32371,True,2.0,32363.0,3.0,1.0
32371,True,2.0,24179.0,13.0,1.0
32377,True,2.0,32369.0,3.0,1.0
32381,True,2.0,32377.0,2.0,1.0
32381,True,2.0,31357.0,10.0,1.0
32401,True,2.0,32369.0,5.0,1.0
32411,True,2.0,31387.0,10.0,1.0
32413,True,2.0,32381.0,5.0,1.0
32413,True,2.0,32411.0,1.0,1.0
32423,True,2.0,32359.0,6.0,1.0
32429,True,2.0,32173.0,8.0,1.0
32429,True,2.0,32413.0,4.0,1.0
32441,True,2.0,32377.0,6.0,1.0
32441,True,2.0,16057.0,14.0,1.0
32443,True,2.0,24251.0,13.0,1.0
32443,True,2.0,32441.0,1.0,1.0
32443,True,2.0,32411.0,5.0,1.0
32467,False,,,,
32479,True,2.0,30431.0,11.0,1.0
32491,True,2.0,32363.0,7.0,1.0
32497,True,2.0,30449.0,11.0,1.0
32497,True,2.0,32369.0,7.0,1.0
32503,True,2.0,31991.0,9.0,1.0
32507,True,2.0,32443.0,6.0,1.0
32507,True,2.0,32491.0,4.0,1.0
32507,True,2.0,32503.0,2.0,1.0
32507,True,2.0,28411.0,12.0,1.0
32507,True,2.0,32251.0,8.0,1.0
32531,True,2.0,32467.0,6.0,1.0
32533,True,2.0,32531.0,1.0,1.0
32537,True,2.0,32533.0,2.0,1.0
32537,True,2.0,31513.0,10.0,1.0
32561,True,2.0,32497.0,6.0,1.0
32563,True,2.0,32531.0,5.0,1.0
32563,True,2.0,24371.0,13.0,1.0
32563,True,2.0,32561.0,1.0,1.0
32563,True,2.0,32051.0,9.0,1.0
32569,True,2.0,32057.0,9.0,1.0
32569,True,2.0,32561.0,3.0,1.0
32569,True,2.0,32441.0,7.0,1.0
32569,True,2.0,32537.0,5.0,1.0
32573,True,2.0,32569.0,2.0,1.0
32573,True,2.0,16189.0,14.0,1.0
32573,True,2.0,28477.0,12.0,1.0
32579,True,2.0,32563.0,4.0,1.0
32579,True,2.0,32323.0,8.0,1.0
32587,True,2.0,32579.0,3.0,1.0
32587,True,2.0,30539.0,11.0,1.0
32603,True,2.0,32587.0,4.0,1.0
32609,True,2.0,28513.0,12.0,1.0
32609,True,2.0,32353.0,8.0,1.0
32611,True,2.0,32609.0,1.0,1.0
32611,True,2.0,32579.0,5.0,1.0
32611,True,2.0,32099.0,9.0,1.0
32611,True,2.0,32603.0,3.0,1.0
32611,True,2.0,24419.0,13.0,1.0
32621,False,,,,
32633,True,2.0,28537.0,12.0,1.0
32633,True,2.0,32569.0,6.0,1.0
32633,True,2.0,16249.0,14.0,1.0
32633,True,2.0,32377.0,8.0,1.0
32647,False,,,,
32653,True,2.0,32141.0,9.0,1.0
32653,True,2.0,32621.0,5.0,1.0
32687,True,2.0,31663.0,10.0,1.0
32687,True,2.0,28591.0,12.0,1.0
32693,True,2.0,28597.0,12.0,1.0
32707,True,2.0,32579.0,7.0,1.0
32713,False,,,,
32717,True,2.0,28621.0,12.0,1.0
32717,True,2.0,32653.0,6.0,1.0
32717,True,2.0,16333.0,14.0,1.0
32717,True,2.0,32713.0,2.0,1.0
32719,True,2.0,32687.0,5.0,1.0
32719,True,2.0,24527.0,13.0,1.0
32719,True,2.0,32717.0,1.0,1.0
32719,True,2.0,30671.0,11.0,1.0
32749,True,2.0,32717.0,5.0,1.0
32749,True,2.0,32621.0,7.0,1.0
32749,True,2.0,32237.0,9.0,1.0
32771,True,2.0,3.0,15.0,1.0
32771,True,2.0,32707.0,6.0,1.0
32779,True,2.0,32771.0,3.0,1.0
32779,True,2.0,11.0,15.0,1.0
32783,True,2.0,32779.0,2.0,1.0
32783,True,2.0,28687.0,12.0,1.0
32783,True,2.0,32719.0,6.0,1.0
32789,True,2.0,32533.0,8.0,1.0
32797,True,2.0,29.0,15.0,1.0
32797,True,2.0,32789.0,3.0,1.0
32801,True,2.0,16417.0,14.0,1.0
32801,True,2.0,32797.0,2.0,1.0
32803,True,2.0,32771.0,5.0,1.0
32803,True,2.0,32801.0,1.0,1.0
32803,True,2.0,24611.0,13.0,1.0
32831,True,2.0,16447.0,14.0,1.0
32833,True,2.0,32831.0,1.0,1.0
32833,True,2.0,32321.0,9.0,1.0
32833,True,2.0,32801.0,5.0,1.0
32839,True,2.0,32831.0,3.0,1.0
32839,True,2.0,71.0,15.0,1.0
32839,True,2.0,32327.0,9.0,1.0
32843,True,2.0,32587.0,8.0,1.0
32843,True,2.0,32779.0,6.0,1.0
32843,True,2.0,32839.0,2.0,1.0
32869,True,2.0,24677.0,13.0,1.0
32869,True,2.0,101.0,15.0,1.0
32887,True,2.0,30839.0,11.0,1.0
32909,True,2.0,28813.0,12.0,1.0
32909,True,2.0,32653.0,8.0,1.0
32911,True,2.0,32909.0,1.0,1.0
32911,True,2.0,32783.0,7.0,1.0
32917,True,2.0,149.0,15.0,1.0
32917,True,2.0,32909.0,3.0,1.0
32917,True,2.0,32789.0,7.0,1.0
32917,True,2.0,30869.0,11.0,1.0
32933,True,2.0,28837.0,12.0,1.0
32933,True,2.0,32869.0,6.0,1.0
32933,True,2.0,32917.0,4.0,1.0
32939,True,2.0,28843.0,12.0,1.0
32941,True,2.0,173.0,15.0,1.0
32941,True,2.0,32909.0,5.0,1.0
32941,True,2.0,32429.0,9.0,1.0
32941,True,2.0,30893.0,11.0,1.0
32941,True,2.0,32933.0,3.0,1.0
32941,True,2.0,24749.0,13.0,1.0
32941,True,2.0,32939.0,1.0,1.0
32957,True,2.0,32941.0,4.0,1.0
32957,True,2.0,16573.0,14.0,1.0
32969,True,2.0,32713.0,8.0,1.0
32971,True,2.0,32843.0,7.0,1.0
32971,True,2.0,32939.0,5.0,1.0
32971,True,2.0,32969.0,1.0,1.0
32983,False,,,,
32987,True,2.0,16603.0,14.0,1.0
32987,True,2.0,31963.0,10.0,1.0
32987,True,2.0,32971.0,4.0,1.0
32987,True,2.0,32983.0,2.0,1.0
32993,False,,,,
32999,True,2.0,32983.0,4.0,1.0
33013,True,2.0,24821.0,13.0,1.0
33023,True,2.0,28927.0,12.0,1.0
33029,True,2.0,28933.0,12.0,1.0
33029,True,2.0,33013.0,4.0,1.0
33037,True,2.0,33029.0,3.0,1.0
33037,True,2.0,269.0,15.0,1.0
33037,True,2.0,32909.0,7.0,1.0
33049,True,2.0,281.0,15.0,1.0
33049,True,2.0,32537.0,9.0,1.0
33053,True,2.0,33049.0,2.0,1.0
33053,True,2.0,32797.0,8.0,1.0
33053,True,2.0,33037.0,4.0,1.0
33053,True,2.0,32029.0,10.0,1.0
33071,False,,,,
33073,True,2.0,33071.0,1.0,1.0
33073,True,2.0,32561.0,9.0,1.0
33083,True,2.0,32059.0,10.0,1.0
33083,True,2.0,16699.0,14.0,1.0
33091,True,2.0,32579.0,9.0,1.0
33091,True,2.0,33083.0,3.0,1.0
33107,True,2.0,33091.0,4.0,1.0
33107,True,2.0,32083.0,10.0,1.0
33113,True,2.0,32089.0,10.0,1.0
33113,True,2.0,29017.0,12.0,1.0
33113,True,2.0,33049.0,6.0,1.0
33113,True,2.0,16729.0,14.0,1.0
33119,True,2.0,29023.0,12.0,1.0
33149,False,,,,
33151,True,2.0,33149.0,1.0,1.0
33151,True,2.0,33119.0,5.0,1.0
33151,True,2.0,383.0,15.0,1.0
33151,True,2.0,33023.0,7.0,1.0
33161,False,,,,
33179,False,,,,
33181,True,2.0,33053.0,7.0,1.0
33181,True,2.0,24989.0,13.0,1.0
33181,True,2.0,33149.0,5.0,1.0
33181,True,2.0,33179.0,1.0,1.0
33191,True,2.0,7.0,14.0,5.0
33199,True,2.0,32687.0,9.0,1.0
33199,True,2.0,31151.0,11.0,1.0
33199,True,2.0,33071.0,7.0,1.0
33199,True,2.0,431.0,15.0,1.0
33199,True,2.0,33191.0,3.0,1.0
33203,True,2.0,33199.0,2.0,1.0
33211,True,2.0,33179.0,5.0,1.0
33211,True,2.0,33203.0,3.0,1.0
33211,True,2.0,33083.0,7.0,1.0
33211,True,2.0,443.0,15.0,1.0
33223,True,2.0,33191.0,5.0,1.0
33223,True,2.0,25031.0,13.0,1.0
33247,True,2.0,33119.0,7.0,1.0
33247,True,2.0,479.0,15.0,1.0
33287,True,2.0,29191.0,12.0,1.0
33287,True,2.0,16903.0,14.0,1.0
33287,True,2.0,33223.0,6.0,1.0
33289,True,2.0,25097.0,13.0,1.0
33289,True,2.0,521.0,15.0,1.0
33289,True,2.0,33161.0,7.0,1.0
33289,True,2.0,33287.0,1.0,1.0
33301,True,2.0,31253.0,11.0,1.0
33301,True,2.0,32789.0,9.0,1.0
33311,True,2.0,16927.0,14.0,1.0
33311,True,2.0,33247.0,6.0,1.0
33317,True,2.0,33301.0,4.0,1.0
33317,True,2.0,29221.0,12.0,1.0
33329,True,2.0,33073.0,8.0,1.0
33331,True,2.0,563.0,15.0,1.0
33331,True,2.0,33203.0,7.0,1.0
33331,True,2.0,33329.0,1.0,1.0
33343,True,2.0,32831.0,9.0,1.0
33343,True,2.0,33311.0,5.0,1.0
33347,True,2.0,33091.0,8.0,1.0
33347,True,2.0,33331.0,4.0,1.0
33347,True,2.0,33343.0,2.0,1.0
33347,True,2.0,32323.0,10.0,1.0
33347,True,2.0,29251.0,12.0,1.0
33347,True,2.0,16963.0,14.0,1.0
33349,True,2.0,33317.0,5.0,1.0
33349,True,2.0,33347.0,1.0,1.0
33353,True,2.0,33349.0,2.0,1.0
33353,True,2.0,33289.0,6.0,1.0
33359,True,2.0,33343.0,4.0,1.0
33377,True,2.0,16993.0,14.0,1.0
33377,True,2.0,32353.0,10.0,1.0
33391,True,2.0,33359.0,5.0,1.0
33403,False,,,,
33409,True,2.0,33377.0,5.0,1.0
33409,True,2.0,641.0,15.0,1.0
33413,True,2.0,33349.0,6.0,1.0
33413,True,2.0,33409.0,2.0,1.0
33413,True,2.0,17029.0,14.0,1.0
33427,True,2.0,31379.0,11.0,1.0
33427,True,2.0,659.0,15.0,1.0
33457,True,2.0,33329.0,7.0,1.0
33461,True,2.0,17077.0,14.0,1.0
33461,True,2.0,33457.0,2.0,1.0
33469,True,2.0,32957.0,9.0,1.0
33469,True,2.0,33461.0,3.0,1.0
33469,True,2.0,701.0,15.0,1.0
33479,True,2.0,33223.0,8.0,1.0
33479,True,2.0,29383.0,12.0,1.0
33487,True,2.0,33359.0,7.0,1.0
33487,True,2.0,719.0,15.0,1.0
33487,True,2.0,33479.0,3.0,1.0
33493,True,2.0,25301.0,13.0,1.0
33493,True,2.0,33461.0,5.0,1.0
33503,True,2.0,33487.0,4.0,1.0
33503,True,2.0,33247.0,8.0,1.0
33503,True,2.0,32479.0,10.0,1.0
33521,True,2.0,17137.0,14.0,1.0
33521,True,2.0,33457.0,6.0,1.0
33521,True,2.0,32497.0,10.0,1.0
33529,True,2.0,31481.0,11.0,1.0
33529,True,2.0,33521.0,3.0,1.0
33529,True,2.0,761.0,15.0,1.0
33533,True,2.0,33529.0,2.0,1.0
33533,True,2.0,29437.0,12.0,1.0
33533,True,2.0,33469.0,6.0,1.0
33547,False,,,,
33563,True,2.0,33547.0,4.0,1.0
33569,True,2.0,29473.0,12.0,1.0
33577,True,2.0,33569.0,3.0,1.0
33577,True,2.0,809.0,15.0,1.0
33581,True,2.0,33577.0,2.0,1.0
33587,True,2.0,32563.0,10.0,1.0
33587,True,2.0,33331.0,8.0,1.0
33587,True,2.0,17203.0,14.0,1.0
33589,True,2.0,33587.0,1.0,1.0
33589,True,2.0,821.0,15.0,1.0
33589,True,2.0,33461.0,7.0,1.0
33589,True,2.0,31541.0,11.0,1.0
33589,True,2.0,33581.0,3.0,1.0
33599,True,2.0,33343.0,8.0,1.0
33601,True,2.0,25409.0,13.0,1.0
33601,True,2.0,33569.0,5.0,1.0
33601,True,2.0,33599.0,1.0,1.0
33613,True,2.0,33581.0,5.0,1.0
33617,True,2.0,33601.0,4.0,1.0
33617,True,2.0,33613.0,2.0,1.0
33619,True,2.0,33587.0,5.0,1.0
33619,True,2.0,33617.0,1.0,1.0
33619,True,2.0,33107.0,9.0,1.0
33623,True,2.0,33619.0,2.0,1.0
33623,True,2.0,17239.0,14.0,1.0
33623,True,2.0,29527.0,12.0,1.0
33629,True,2.0,33613.0,4.0,1.0
33637,True,2.0,33629.0,3.0,1.0
33641,True,2.0,17257.0,14.0,1.0
33641,True,2.0,33577.0,6.0,1.0
33641,True,2.0,33637.0,2.0,1.0
33647,True,2.0,33391.0,8.0,1.0
33679,True,2.0,911.0,15.0,1.0
33679,True,2.0,33647.0,5.0,1.0
33703,True,2.0,33191.0,9.0,1.0
33713,True,2.0,33457.0,8.0,1.0
33721,True,2.0,953.0,15.0,1.0
33721,True,2.0,33713.0,3.0,1.0
33739,True,2.0,971.0,15.0,1.0
33749,True,2.0,33493.0,8.0,1.0
33751,True,2.0,33623.0,7.0,1.0
33751,True,2.0,983.0,15.0,1.0
33751,True,2.0,33749.0,1.0,1.0
33757,True,2.0,33749.0,3.0,1.0
33757,True,2.0,33629.0,7.0,1.0
33767,True,2.0,17383.0,14.0,1.0
33767,True,2.0,29671.0,12.0,1.0
33767,True,2.0,33703.0,6.0,1.0
33767,True,2.0,33751.0,4.0,1.0
33769,True,2.0,25577.0,13.0,1.0
33769,True,2.0,31721.0,11.0,1.0
33769,True,2.0,33641.0,7.0,1.0
33769,True,2.0,33767.0,1.0,1.0
33773,True,2.0,17389.0,14.0,1.0
33773,True,2.0,33769.0,2.0,1.0
33773,True,2.0,32749.0,10.0,1.0
33773,True,2.0,33757.0,4.0,1.0
33791,False,,,,
33797,False,,,,
33809,False,,,,
33811,True,2.0,33809.0,1.0,1.0
33827,True,2.0,33811.0,4.0,1.0
33827,True,2.0,17443.0,14.0,1.0
33827,True,2.0,32803.0,10.0,1.0
33829,True,2.0,1061.0,15.0,1.0
33829,True,2.0,33827.0,1.0,1.0
33829,True,2.0,33797.0,5.0,1.0
33829,True,2.0,33317.0,9.0,1.0
33851,True,2.0,17467.0,14.0,1.0
33857,True,2.0,29761.0,12.0,1.0
33857,True,2.0,32833.0,10.0,1.0
33857,True,2.0,33601.0,8.0,1.0
33863,True,2.0,32839.0,10.0,1.0
33871,True,2.0,33863.0,3.0,1.0
33871,True,2.0,33359.0,9.0,1.0
33871,True,2.0,1103.0,15.0,1.0
33871,True,2.0,25679.0,13.0,1.0
33889,True,2.0,33857.0,5.0,1.0
33889,True,2.0,33377.0,9.0,1.0
33893,True,2.0,17509.0,14.0,1.0
33893,True,2.0,33829.0,6.0,1.0
33893,True,2.0,32869.0,10.0,1.0
33893,True,2.0,33637.0,8.0,1.0
33893,True,2.0,33889.0,2.0,1.0
33911,True,2.0,32887.0,10.0,1.0
33923,True,2.0,17539.0,14.0,1.0
33931,True,2.0,33923.0,3.0,1.0
33931,True,2.0,31883.0,11.0,1.0
33931,True,2.0,1163.0,15.0,1.0
33937,True,2.0,33809.0,7.0,1.0
33941,True,2.0,33937.0,2.0,1.0
33941,True,2.0,32917.0,10.0,1.0
33961,True,2.0,1193.0,15.0,1.0
33967,False,,,,
33997,True,2.0,1229.0,15.0,1.0
34019,False,,,,
34031,True,2.0,33967.0,6.0,1.0
34033,True,2.0,25841.0,13.0,1.0
34033,True,2.0,33521.0,9.0,1.0
34033,True,2.0,34031.0,1.0,1.0
34039,True,2.0,31991.0,11.0,1.0
34039,True,2.0,34031.0,3.0,1.0
34039,True,2.0,25847.0,13.0,1.0
34039,True,2.0,33911.0,7.0,1.0
34057,True,2.0,32009.0,11.0,1.0
34057,True,2.0,1289.0,15.0,1.0
34061,True,2.0,33037.0,10.0,1.0
34061,True,2.0,33997.0,6.0,1.0
34061,True,2.0,34057.0,2.0,1.0
34123,True,2.0,25931.0,13.0,1.0
34127,True,2.0,33871.0,8.0,1.0
34127,True,2.0,34123.0,2.0,1.0
34129,True,2.0,1361.0,15.0,1.0
34129,True,2.0,34127.0,1.0,1.0
34129,True,2.0,33617.0,9.0,1.0
34141,True,2.0,33629.0,9.0,1.0
34141,True,2.0,1373.0,15.0,1.0
34147,True,2.0,32099.0,11.0,1.0
34147,True,2.0,34019.0,7.0,1.0
34157,True,2.0,34141.0,4.0,1.0
34159,True,2.0,34031.0,7.0,1.0
34159,True,2.0,33647.0,9.0,1.0
34159,True,2.0,34127.0,5.0,1.0
34159,True,2.0,34157.0,1.0,1.0
34171,False,,,,
34183,False,,,,
34211,True,2.0,34147.0,6.0,1.0
34211,True,2.0,17827.0,14.0,1.0
34213,True,2.0,26021.0,13.0,1.0
34213,True,2.0,34211.0,1.0,1.0
34217,True,2.0,34213.0,2.0,1.0
34217,True,2.0,33961.0,8.0,1.0
34231,True,2.0,32183.0,11.0,1.0
34253,True,2.0,33997.0,8.0,1.0
34259,False,,,,
34261,True,2.0,34253.0,3.0,1.0
34261,True,2.0,34259.0,1.0,1.0
34261,True,2.0,33749.0,9.0,1.0
34261,True,2.0,32213.0,11.0,1.0
34261,True,2.0,1493.0,15.0,1.0
34267,True,2.0,34259.0,3.0,1.0
34267,True,2.0,1499.0,15.0,1.0
34273,False,,,,
34283,True,2.0,34267.0,4.0,1.0
34283,True,2.0,30187.0,12.0,1.0
34297,False,,,,
34301,True,2.0,34297.0,2.0,1.0
34303,True,2.0,26111.0,13.0,1.0
34303,True,2.0,33791.0,9.0,1.0
34303,True,2.0,34301.0,1.0,1.0
34313,True,2.0,34057.0,8.0,1.0
34313,True,2.0,33289.0,10.0,1.0
34313,True,2.0,17929.0,14.0,1.0
34313,True,2.0,34297.0,4.0,1.0
34319,True,2.0,30223.0,12.0,1.0
34319,True,2.0,34303.0,4.0,1.0
34327,True,2.0,34319.0,3.0,1.0
34327,True,2.0,1559.0,15.0,1.0
34337,True,2.0,30241.0,12.0,1.0
34337,True,2.0,34273.0,6.0,1.0
34351,True,2.0,32303.0,11.0,1.0
34351,True,2.0,34319.0,5.0,1.0
34351,True,2.0,1583.0,15.0,1.0
34361,True,2.0,34297.0,6.0,1.0
34361,True,2.0,17977.0,14.0,1.0
34367,True,2.0,34303.0,6.0,1.0
34367,True,2.0,33343.0,10.0,1.0
34367,True,2.0,30271.0,12.0,1.0
34367,True,2.0,34351.0,4.0,1.0
34369,True,2.0,1601.0,15.0,1.0
34369,True,2.0,33857.0,9.0,1.0
34369,True,2.0,34361.0,3.0,1.0
34369,True,2.0,34367.0,1.0,1.0
34369,True,2.0,32321.0,11.0,1.0
34369,True,2.0,26177.0,13.0,1.0
34369,True,2.0,34337.0,5.0,1.0
34381,True,2.0,26189.0,13.0,1.0
34381,True,2.0,34253.0,7.0,1.0
34381,True,2.0,1613.0,15.0,1.0
34403,True,2.0,34147.0,8.0,1.0
34403,True,2.0,30307.0,12.0,1.0
34421,False,,,,
34429,True,2.0,34421.0,3.0,1.0
34429,True,2.0,26237.0,13.0,1.0
34429,True,2.0,34301.0,7.0,1.0
34429,True,2.0,32381.0,11.0,1.0
34439,True,2.0,34183.0,8.0,1.0
34457,False,,,,
34469,True,2.0,34213.0,8.0,1.0
34471,True,2.0,32423.0,11.0,1.0
34471,True,2.0,34439.0,5.0,1.0
34471,True,2.0,34469.0,1.0,1.0
34483,False,,,,
34487,True,2.0,34471.0,4.0,1.0
34487,True,2.0,34483.0,2.0,1.0
34487,True,2.0,34231.0,8.0,1.0
34487,True,2.0,30391.0,12.0,1.0
34499,True,2.0,30403.0,12.0,1.0
34499,True,2.0,34483.0,4.0,1.0
34501,True,2.0,34469.0,5.0,1.0
34501,True,2.0,1733.0,15.0,1.0
34501,True,2.0,34499.0,1.0,1.0
34501,True,2.0,26309.0,13.0,1.0
34511,True,2.0,33487.0,10.0,1.0
34511,True,2.0,18127.0,14.0,1.0
34513,True,2.0,26321.0,13.0,1.0
34513,True,2.0,34511.0,1.0,1.0
34519,True,2.0,34487.0,5.0,1.0
34519,True,2.0,34511.0,3.0,1.0
34537,False,,,,
34543,True,2.0,34511.0,5.0,1.0
34543,True,2.0,34031.0,9.0,1.0
34549,True,2.0,34421.0,7.0,1.0
34549,True,2.0,26357.0,13.0,1.0
34583,True,2.0,34327.0,8.0,1.0
34583,True,2.0,18199.0,14.0,1.0
34583,True,2.0,34519.0,6.0,1.0
34589,True,2.0,30493.0,12.0,1.0
34591,True,2.0,34589.0,1.0,1.0
34591,True,2.0,34583.0,3.0,1.0
34591,True,2.0,26399.0,13.0,1.0
34591,True,2.0,1823.0,15.0,1.0
34603,False,,,,
34607,True,2.0,34603.0,2.0,1.0
34607,True,2.0,18223.0,14.0,1.0
34607,True,2.0,34543.0,6.0,1.0
34607,True,2.0,34591.0,4.0,1.0
34607,True,2.0,34351.0,8.0,1.0
34613,True,2.0,18229.0,14.0,1.0
34613,True,2.0,33589.0,10.0,1.0
34613,True,2.0,34549.0,6.0,1.0
34613,True,2.0,30517.0,12.0,1.0
34631,False,,,,
34649,True,2.0,30553.0,12.0,1.0
34651,True,2.0,26459.0,13.0,1.0
34651,True,2.0,34649.0,1.0,1.0
34651,True,2.0,32603.0,11.0,1.0
34667,True,2.0,34651.0,4.0,1.0
34667,True,2.0,34603.0,6.0,1.0
34673,True,2.0,30577.0,12.0,1.0
34673,True,2.0,18289.0,14.0,1.0
34679,False,,,,
34687,True,2.0,34679.0,3.0,1.0
34693,True,2.0,26501.0,13.0,1.0
34703,True,2.0,33679.0,10.0,1.0
34703,True,2.0,34687.0,4.0,1.0
34721,False,,,,
34729,True,2.0,34217.0,9.0,1.0
34729,True,2.0,34721.0,3.0,1.0
34739,True,2.0,34483.0,8.0,1.0
34739,True,2.0,30643.0,12.0,1.0
34747,True,2.0,1979.0,15.0,1.0
34747,True,2.0,34739.0,3.0,1.0
34757,True,2.0,34501.0,8.0,1.0
34757,True,2.0,30661.0,12.0,1.0
34757,True,2.0,34693.0,6.0,1.0
34759,True,2.0,34631.0,7.0,1.0
34759,True,2.0,34757.0,1.0,1.0
34763,True,2.0,34759.0,2.0,1.0
34763,True,2.0,18379.0,14.0,1.0
34763,True,2.0,34747.0,4.0,1.0
34763,True,2.0,33739.0,10.0,1.0
34781,True,2.0,18397.0,14.0,1.0
34781,True,2.0,33757.0,10.0,1.0
34807,True,2.0,2039.0,15.0,1.0
34807,True,2.0,34679.0,7.0,1.0
34819,True,2.0,26627.0,13.0,1.0
34819,True,2.0,32771.0,11.0,1.0
34841,True,2.0,18457.0,14.0,1.0
34843,True,2.0,34841.0,1.0,1.0
34847,True,2.0,34843.0,2.0,1.0
34847,True,2.0,34591.0,8.0,1.0
34849,True,2.0,34847.0,1.0,1.0
34849,True,2.0,34721.0,7.0,1.0
34849,True,2.0,34337.0,9.0,1.0
34849,True,2.0,2081.0,15.0,1.0
34849,True,2.0,34841.0,3.0,1.0
34849,True,2.0,32801.0,11.0,1.0
34871,True,2.0,34807.0,6.0,1.0
34877,True,2.0,30781.0,12.0,1.0
34877,True,2.0,18493.0,14.0,1.0
34883,True,2.0,34819.0,6.0,1.0
34897,True,2.0,2129.0,15.0,1.0
34913,True,2.0,33889.0,10.0,1.0
34913,True,2.0,30817.0,12.0,1.0
34913,True,2.0,34849.0,6.0,1.0
34913,True,2.0,34897.0,4.0,1.0
34919,False,,,,
34939,False,,,,
34949,True,2.0,34693.0,8.0,1.0
34949,True,2.0,30853.0,12.0,1.0
34961,True,2.0,34897.0,6.0,1.0
34961,True,2.0,33937.0,10.0,1.0
34963,True,2.0,34961.0,1.0,1.0
34981,True,2.0,34949.0,5.0,1.0
34981,True,2.0,34469.0,9.0,1.0
34981,True,2.0,32933.0,11.0,1.0
34981,True,2.0,2213.0,15.0,1.0
35023,True,2.0,34511.0,9.0,1.0
35027,True,2.0,34963.0,6.0,1.0
35027,True,2.0,35023.0,2.0,1.0
35027,True,2.0,30931.0,12.0,1.0
35051,False,,,,
35053,True,2.0,35051.0,1.0,1.0
35053,True,2.0,26861.0,13.0,1.0
35059,True,2.0,35051.0,3.0,1.0
35059,True,2.0,35027.0,5.0,1.0
35069,True,2.0,35053.0,4.0,1.0
35081,True,2.0,34057.0,10.0,1.0
35083,True,2.0,35051.0,5.0,1.0
35083,True,2.0,26891.0,13.0,1.0
35083,True,2.0,35081.0,1.0,1.0
35089,True,2.0,34961.0,7.0,1.0
35089,True,2.0,35081.0,3.0,1.0
35099,True,2.0,35083.0,4.0,1.0
35099,True,2.0,34843.0,8.0,1.0
35107,True,2.0,35099.0,3.0,1.0
35107,True,2.0,2339.0,15.0,1.0
35111,True,2.0,35107.0,2.0,1.0
35117,True,2.0,35053.0,6.0,1.0
35129,True,2.0,31033.0,12.0,1.0
35141,True,2.0,18757.0,14.0,1.0
35149,True,2.0,2381.0,15.0,1.0
35149,True,2.0,35141.0,3.0,1.0
35149,True,2.0,35117.0,5.0,1.0
35153,True,2.0,34897.0,8.0,1.0
35153,True,2.0,35089.0,6.0,1.0
35153,True,2.0,137.0,14.0,2.0
35153,True,2.0,34129.0,10.0,1.0
35153,True,2.0,35149.0,2.0,1.0
35159,True,2.0,31063.0,12.0,1.0
35171,True,2.0,34147.0,10.0,1.0
35171,True,2.0,18787.0,14.0,1.0
35171,True,2.0,35107.0,6.0,1.0
35201,False,,,,
35221,False,,,,
35227,True,2.0,2459.0,15.0,1.0
35227,True,2.0,35099.0,7.0,1.0
35227,True,2.0,33179.0,11.0,1.0
35251,True,2.0,33203.0,11.0,1.0
35251,True,2.0,34739.0,9.0,1.0
35251,True,2.0,27059.0,13.0,1.0
35257,True,2.0,35129.0,7.0,1.0
35267,True,2.0,35251.0,4.0,1.0
35279,True,2.0,31183.0,12.0,1.0
35279,True,2.0,35023.0,8.0,1.0
35281,True,2.0,35279.0,1.0,1.0
35281,True,2.0,35153.0,7.0,1.0
35291,True,2.0,34267.0,10.0,1.0
35291,True,2.0,35227.0,6.0,1.0
35311,True,2.0,2543.0,15.0,1.0
35311,True,2.0,35279.0,5.0,1.0
35317,True,2.0,2549.0,15.0,1.0
35323,True,2.0,35291.0,5.0,1.0
35327,True,2.0,31231.0,12.0,1.0
35327,True,2.0,35311.0,4.0,1.0
35327,True,2.0,34303.0,10.0,1.0
35327,True,2.0,35323.0,2.0,1.0
35339,True,2.0,35083.0,8.0,1.0
35339,True,2.0,35323.0,4.0,1.0
35353,True,2.0,34841.0,9.0,1.0
35363,True,2.0,18979.0,14.0,1.0
35363,True,2.0,35107.0,8.0,1.0
35363,True,2.0,31267.0,12.0,1.0
35381,True,2.0,35317.0,6.0,1.0
35393,True,2.0,34369.0,10.0,1.0
35393,True,2.0,19009.0,14.0,1.0
35401,True,2.0,35393.0,3.0,1.0
35401,True,2.0,2633.0,15.0,1.0
35401,True,2.0,33353.0,11.0,1.0
35407,True,2.0,35279.0,7.0,1.0
35407,True,2.0,33359.0,11.0,1.0
35419,True,2.0,35291.0,7.0,1.0
35423,True,2.0,31327.0,12.0,1.0
35423,True,2.0,35419.0,2.0,1.0
35423,True,2.0,35407.0,4.0,1.0
35437,False,,,,
35447,False,,,,
35449,True,2.0,35447.0,1.0,1.0
35461,True,2.0,34949.0,9.0,1.0
35461,True,2.0,33413.0,11.0,1.0
35461,True,2.0,2693.0,15.0,1.0
35491,True,2.0,27299.0,13.0,1.0
35491,True,2.0,35363.0,7.0,1.0
35507,True,2.0,34483.0,10.0,1.0
35507,True,2.0,35251.0,8.0,1.0
35507,True,2.0,35491.0,4.0,1.0
35509,True,2.0,33461.0,11.0,1.0
35509,True,2.0,35381.0,7.0,1.0
35509,True,2.0,2741.0,15.0,1.0
35509,True,2.0,35507.0,1.0,1.0
35521,True,2.0,2753.0,15.0,1.0
35521,True,2.0,35393.0,7.0,1.0
35521,True,2.0,27329.0,13.0,1.0
35527,True,2.0,33479.0,11.0,1.0
35531,True,2.0,35527.0,2.0,1.0
35533,True,2.0,35531.0,1.0,1.0
35537,True,2.0,34513.0,10.0,1.0
35537,True,2.0,35533.0,2.0,1.0
35537,True,2.0,35521.0,4.0,1.0
35537,True,2.0,35281.0,8.0,1.0
35543,True,2.0,35527.0,4.0,1.0
35543,True,2.0,34519.0,10.0,1.0
35569,True,2.0,33521.0,11.0,1.0
35569,True,2.0,35537.0,5.0,1.0
35569,True,2.0,2801.0,15.0,1.0
35573,True,2.0,35569.0,2.0,1.0
35573,True,2.0,31477.0,12.0,1.0
35573,True,2.0,34549.0,10.0,1.0
35573,True,2.0,35509.0,6.0,1.0
35573,True,2.0,35317.0,8.0,1.0
35591,True,2.0,19207.0,14.0,1.0
35591,True,2.0,35527.0,6.0,1.0
35593,True,2.0,35591.0,1.0,1.0
35593,True,2.0,35081.0,9.0,1.0
35597,True,2.0,19213.0,14.0,1.0
35597,True,2.0,35593.0,2.0,1.0
35597,True,2.0,35533.0,6.0,1.0
35603,True,2.0,19219.0,14.0,1.0
35617,True,2.0,33569.0,11.0,1.0
35671,True,2.0,35543.0,7.0,1.0
35671,True,2.0,33623.0,11.0,1.0
35671,True,2.0,27479.0,13.0,1.0
35671,True,2.0,35159.0,9.0,1.0
35671,True,2.0,2903.0,15.0,1.0
35677,True,2.0,2909.0,15.0,1.0
35677,True,2.0,33629.0,11.0,1.0
35729,False,,,,
35731,True,2.0,35729.0,1.0,1.0
35731,True,2.0,35603.0,7.0,1.0
35731,True,2.0,2963.0,15.0,1.0
35731,True,2.0,27539.0,13.0,1.0
35747,True,2.0,35491.0,8.0,1.0
35747,True,2.0,35731.0,4.0,1.0
35753,True,2.0,31657.0,12.0,1.0
35753,True,2.0,34729.0,10.0,1.0
35759,True,2.0,31663.0,12.0,1.0
35771,True,2.0,34747.0,10.0,1.0
35771,True,2.0,19387.0,14.0,1.0
35797,True,2.0,33749.0,11.0,1.0
35801,True,2.0,35797.0,2.0,1.0
35801,True,2.0,19417.0,14.0,1.0
35803,True,2.0,27611.0,13.0,1.0
35803,True,2.0,35771.0,5.0,1.0
35803,True,2.0,35801.0,1.0,1.0
35803,True,2.0,35291.0,9.0,1.0
35809,True,2.0,35801.0,3.0,1.0
35809,True,2.0,27617.0,13.0,1.0
35809,True,2.0,3041.0,15.0,1.0
35831,True,2.0,19447.0,14.0,1.0
35831,True,2.0,34807.0,10.0,1.0
35837,True,2.0,31741.0,12.0,1.0
35839,True,2.0,33791.0,11.0,1.0
35839,True,2.0,35837.0,1.0,1.0
35839,True,2.0,27647.0,13.0,1.0
35839,True,2.0,35327.0,9.0,1.0
35839,True,2.0,35831.0,3.0,1.0
35851,True,2.0,3083.0,15.0,1.0
35851,True,2.0,35339.0,9.0,1.0
35863,True,2.0,35831.0,5.0,1.0
35869,True,2.0,35837.0,5.0,1.0
35879,True,2.0,35863.0,4.0,1.0
35897,False,,,,
35899,True,2.0,33851.0,11.0,1.0
35899,True,2.0,35771.0,7.0,1.0
35899,True,2.0,35897.0,1.0,1.0
35911,True,2.0,33863.0,11.0,1.0
35911,True,2.0,35879.0,5.0,1.0
35923,False,,,,
35933,True,2.0,35869.0,6.0,1.0
35933,True,2.0,35677.0,8.0,1.0
35951,False,,,,
35963,True,2.0,34939.0,10.0,1.0
35963,True,2.0,35899.0,6.0,1.0
35969,True,2.0,31873.0,12.0,1.0
35977,True,2.0,3209.0,15.0,1.0
35977,True,2.0,35969.0,3.0,1.0
35983,True,2.0,35951.0,5.0,1.0
35983,True,2.0,27791.0,13.0,1.0
35993,True,2.0,19609.0,14.0,1.0
35993,True,2.0,35977.0,4.0,1.0
35999,True,2.0,35983.0,4.0,1.0
36007,True,2.0,35879.0,7.0,1.0
36007,True,2.0,35999.0,3.0,1.0
36011,True,2.0,36007.0,2.0,1.0
36013,True,2.0,36011.0,1.0,1.0
36017,True,2.0,36013.0,2.0,1.0
36037,False,,,,
36061,True,2.0,35933.0,7.0,1.0
36067,True,2.0,3299.0,15.0,1.0
36067,True,2.0,34019.0,11.0,1.0
36067,True,2.0,3.0,14.0,9.0
36073,False,,,,
36083,True,2.0,36067.0,4.0,1.0
36083,True,2.0,35059.0,10.0,1.0
36083,True,2.0,19699.0,14.0,1.0
36097,True,2.0,3329.0,15.0,1.0
36097,True,2.0,35969.0,7.0,1.0
36107,True,2.0,35083.0,10.0,1.0
36107,True,2.0,35851.0,8.0,1.0
36109,True,2.0,34061.0,11.0,1.0
36109,True,2.0,27917.0,13.0,1.0
36109,True,2.0,35597.0,9.0,1.0
36109,True,2.0,36107.0,1.0,1.0
36131,True,2.0,36067.0,6.0,1.0
36131,True,2.0,35107.0,10.0,1.0
36137,True,2.0,36073.0,6.0,1.0
36137,True,2.0,179.0,12.0,2.0
36137,True,2.0,19753.0,14.0,1.0
36151,False,,,,
36161,True,2.0,36097.0,6.0,1.0
36161,True,2.0,19777.0,14.0,1.0
36187,False,,,,
36191,True,2.0,36187.0,2.0,1.0
36209,False,,,,
36217,True,2.0,3449.0,15.0,1.0
36217,True,2.0,36209.0,3.0,1.0
36229,True,2.0,3461.0,15.0,1.0
36241,True,2.0,36209.0,5.0,1.0
36241,True,2.0,35729.0,9.0,1.0
36251,True,2.0,19867.0,14.0,1.0
36251,True,2.0,36187.0,6.0,1.0
36251,True,2.0,35227.0,10.0,1.0
36263,True,2.0,36007.0,8.0,1.0
36269,True,2.0,32173.0,12.0,1.0
36269,True,2.0,36013.0,8.0,1.0
36277,True,2.0,36269.0,3.0,1.0
36293,True,2.0,36277.0,4.0,1.0
36293,True,2.0,36229.0,6.0,1.0
36293,True,2.0,36037.0,8.0,1.0
36299,True,2.0,32203.0,12.0,1.0
36307,True,2.0,34259.0,11.0,1.0
36307,True,2.0,36299.0,3.0,1.0
36307,True,2.0,3539.0,15.0,1.0
36313,True,2.0,35801.0,9.0,1.0
36319,True,2.0,36191.0,7.0,1.0
36341,True,2.0,35317.0,10.0,1.0
36341,True,2.0,36277.0,6.0,1.0
36343,True,2.0,28151.0,13.0,1.0
36343,True,2.0,36341.0,1.0,1.0
36343,True,2.0,35831.0,9.0,1.0
36353,True,2.0,32257.0,12.0,1.0
36353,True,2.0,36097.0,8.0,1.0
36373,True,2.0,28181.0,13.0,1.0
36373,True,2.0,36341.0,5.0,1.0
36383,True,2.0,36319.0,6.0,1.0
36389,True,2.0,36373.0,4.0,1.0
36433,False,,,,
36451,True,2.0,34403.0,11.0,1.0
36457,False,,,,
36467,True,2.0,36451.0,4.0,1.0
36467,True,2.0,32371.0,12.0,1.0
36469,True,2.0,28277.0,13.0,1.0
36469,True,2.0,36341.0,7.0,1.0
36469,True,2.0,3701.0,15.0,1.0
36469,True,2.0,36467.0,1.0,1.0
36469,True,2.0,34421.0,11.0,1.0
36473,True,2.0,20089.0,14.0,1.0
36473,True,2.0,36457.0,4.0,1.0
36473,True,2.0,36217.0,8.0,1.0
36473,True,2.0,32377.0,12.0,1.0
36473,True,2.0,35449.0,10.0,1.0
36473,True,2.0,36469.0,2.0,1.0
36479,False,,,,
36493,False,,,,
36497,True,2.0,20113.0,14.0,1.0
36497,True,2.0,191.0,4.0,2.0
36497,True,2.0,36433.0,6.0,1.0
36497,True,2.0,36241.0,8.0,1.0
36497,True,2.0,36493.0,2.0,1.0
36497,True,2.0,32401.0,12.0,1.0
36523,True,2.0,36011.0,9.0,1.0
36527,True,2.0,20143.0,14.0,1.0
36527,True,2.0,36523.0,2.0,1.0
36529,True,2.0,36497.0,5.0,1.0
36529,True,2.0,36527.0,1.0,1.0
36529,True,2.0,3761.0,15.0,1.0
36529,True,2.0,36017.0,9.0,1.0
36541,True,2.0,28349.0,13.0,1.0
36551,True,2.0,35527.0,10.0,1.0
36559,True,2.0,36527.0,5.0,1.0
36559,True,2.0,34511.0,11.0,1.0
36559,True,2.0,36551.0,3.0,1.0
36563,True,2.0,32467.0,12.0,1.0
36563,True,2.0,36307.0,8.0,1.0
36563,True,2.0,36559.0,2.0,1.0
36571,True,2.0,3803.0,15.0,1.0
36571,True,2.0,36563.0,3.0,1.0
36583,True,2.0,36551.0,5.0,1.0
36587,True,2.0,36583.0,2.0,1.0
36587,True,2.0,32491.0,12.0,1.0
36587,True,2.0,36571.0,4.0,1.0
36587,True,2.0,36523.0,6.0,1.0
36599,True,2.0,36583.0,4.0,1.0
36599,True,2.0,32503.0,12.0,1.0
36599,True,2.0,36343.0,8.0,1.0
36607,True,2.0,36479.0,7.0,1.0
36607,True,2.0,36599.0,3.0,1.0
36629,True,2.0,36373.0,8.0,1.0
36629,True,2.0,32533.0,12.0,1.0
36637,True,2.0,36629.0,3.0,1.0
36637,True,2.0,34589.0,11.0,1.0
36643,True,2.0,36131.0,9.0,1.0
36653,True,2.0,36637.0,4.0,1.0
36653,True,2.0,20269.0,14.0,1.0
36671,True,2.0,20287.0,14.0,1.0
36671,True,2.0,36607.0,6.0,1.0
36677,False,,,,
36683,True,2.0,32587.0,12.0,1.0
36691,True,2.0,36563.0,7.0,1.0
36691,True,2.0,36683.0,3.0,1.0
36691,True,2.0,3923.0,15.0,1.0
36691,True,2.0,28499.0,13.0,1.0
36697,True,2.0,34649.0,11.0,1.0
36697,True,2.0,3929.0,15.0,1.0
36709,True,2.0,36677.0,5.0,1.0
36709,True,2.0,28517.0,13.0,1.0
36713,True,2.0,36697.0,4.0,1.0
36713,True,2.0,36457.0,8.0,1.0
36713,True,2.0,36709.0,2.0,1.0
36721,True,2.0,36209.0,9.0,1.0
36721,True,2.0,36713.0,3.0,1.0
36721,True,2.0,34673.0,11.0,1.0
36739,True,2.0,28547.0,13.0,1.0
36749,True,2.0,36493.0,8.0,1.0
36749,True,2.0,32653.0,12.0,1.0
36761,True,2.0,36697.0,6.0,1.0
36767,False,,,,
36779,True,2.0,36523.0,8.0,1.0
36781,True,2.0,36779.0,1.0,1.0
36781,True,2.0,4013.0,15.0,1.0
36781,True,2.0,36653.0,7.0,1.0
36781,True,2.0,36749.0,5.0,1.0
36781,True,2.0,36269.0,9.0,1.0
36787,True,2.0,34739.0,11.0,1.0
36787,True,2.0,36779.0,3.0,1.0
36787,True,2.0,4019.0,15.0,1.0
36791,True,2.0,20407.0,14.0,1.0
36791,True,2.0,36787.0,2.0,1.0
36793,True,2.0,36761.0,5.0,1.0
36793,True,2.0,36791.0,1.0,1.0
36809,True,2.0,32713.0,12.0,1.0
36809,True,2.0,36793.0,4.0,1.0
36821,True,2.0,35797.0,10.0,1.0
36833,True,2.0,35809.0,10.0,1.0
36847,True,2.0,4079.0,15.0,1.0
36857,True,2.0,181.0,12.0,2.0
36857,True,2.0,36793.0,6.0,1.0
36871,False,,,,
36877,True,2.0,36749.0,7.0,1.0
36887,True,2.0,36871.0,4.0,1.0
36887,True,2.0,35863.0,10.0,1.0
36899,True,2.0,32803.0,12.0,1.0
36899,True,2.0,36643.0,8.0,1.0
36901,True,2.0,36389.0,9.0,1.0
36901,True,2.0,36899.0,1.0,1.0
36901,True,2.0,4133.0,15.0,1.0
36913,False,,,,
36919,True,2.0,36791.0,7.0,1.0
36919,True,2.0,34871.0,11.0,1.0
36919,True,2.0,36887.0,5.0,1.0
36923,True,2.0,35899.0,10.0,1.0
36923,True,2.0,36919.0,2.0,1.0
36929,True,2.0,36913.0,4.0,1.0
36929,True,2.0,32833.0,12.0,1.0
36931,True,2.0,36899.0,5.0,1.0
36931,True,2.0,34883.0,11.0,1.0
36931,True,2.0,36929.0,1.0,1.0
36931,True,2.0,36923.0,3.0,1.0
36943,True,2.0,28751.0,13.0,1.0
36947,True,2.0,36691.0,8.0,1.0
36947,True,2.0,36943.0,2.0,1.0
36947,True,2.0,35923.0,10.0,1.0
36947,True,2.0,20563.0,14.0,1.0
36947,True,2.0,36931.0,4.0,1.0
36973,False,,,,
36979,True,2.0,36947.0,5.0,1.0
36979,True,2.0,36467.0,9.0,1.0
36979,True,2.0,4211.0,15.0,1.0
36997,True,2.0,34949.0,11.0,1.0
36997,True,2.0,4229.0,15.0,1.0
37003,False,,,,
37013,True,2.0,36997.0,4.0,1.0
37013,True,2.0,32917.0,12.0,1.0
37019,True,2.0,37003.0,4.0,1.0
37021,True,2.0,4253.0,15.0,1.0
37021,True,2.0,37019.0,1.0,1.0
37021,True,2.0,37013.0,3.0,1.0
37039,True,2.0,4271.0,15.0,1.0
37039,True,2.0,36527.0,9.0,1.0
37049,True,2.0,36793.0,8.0,1.0
37057,True,2.0,4289.0,15.0,1.0
37057,True,2.0,36929.0,7.0,1.0
37057,True,2.0,37049.0,3.0,1.0
37061,True,2.0,36037.0,10.0,1.0
37061,True,2.0,36997.0,6.0,1.0
37061,True,2.0,37057.0,2.0,1.0
37087,False,,,,
37097,True,2.0,36073.0,10.0,1.0
37117,True,2.0,35069.0,11.0,1.0
37117,True,2.0,4349.0,15.0,1.0
37123,False,,,,
37139,True,2.0,37123.0,4.0,1.0
37159,True,2.0,35111.0,11.0,1.0
37159,True,2.0,4391.0,15.0,1.0
37171,True,2.0,28979.0,13.0,1.0
37171,True,2.0,37139.0,5.0,1.0
37181,True,2.0,37117.0,6.0,1.0
37189,True,2.0,37061.0,7.0,1.0
37189,True,2.0,36677.0,9.0,1.0
37189,True,2.0,35141.0,11.0,1.0
37189,True,2.0,4421.0,15.0,1.0
37189,True,2.0,37181.0,3.0,1.0
37199,True,2.0,36943.0,8.0,1.0
37201,True,2.0,37199.0,1.0,1.0
37201,True,2.0,29009.0,13.0,1.0
37201,True,2.0,35153.0,11.0,1.0
37217,True,2.0,37201.0,4.0,1.0
37223,True,2.0,37159.0,6.0,1.0
37243,False,,,,
37253,True,2.0,193.0,2.0,2.0
37253,True,2.0,36229.0,10.0,1.0
37253,True,2.0,37189.0,6.0,1.0
37253,True,2.0,36997.0,8.0,1.0
37273,True,2.0,36761.0,9.0,1.0
37277,True,2.0,37021.0,8.0,1.0
37277,True,2.0,33181.0,12.0,1.0
37277,True,2.0,37273.0,2.0,1.0
37307,True,2.0,37243.0,6.0,1.0
37307,True,2.0,33211.0,12.0,1.0
37309,True,2.0,37181.0,7.0,1.0
37309,True,2.0,37307.0,1.0,1.0
37309,True,2.0,37277.0,5.0,1.0
37313,True,2.0,193.0,6.0,2.0
37313,True,2.0,20929.0,14.0,1.0
37313,True,2.0,37309.0,2.0,1.0
37313,True,2.0,37057.0,8.0,1.0
37321,True,2.0,29129.0,13.0,1.0
37321,True,2.0,36809.0,9.0,1.0
37321,True,2.0,37313.0,3.0,1.0
37337,True,2.0,37321.0,4.0,1.0
37337,True,2.0,37273.0,6.0,1.0
37337,True,2.0,36313.0,10.0,1.0
37339,True,2.0,37337.0,1.0,1.0
37339,True,2.0,35291.0,11.0,1.0
37339,True,2.0,37307.0,5.0,1.0
37339,True,2.0,29147.0,13.0,1.0
37357,False,,,,
37361,True,2.0,37357.0,2.0,1.0
37363,True,2.0,37361.0,1.0,1.0
37369,True,2.0,36857.0,9.0,1.0
37369,True,2.0,37361.0,3.0,1.0
37369,True,2.0,37337.0,5.0,1.0
37379,True,2.0,37123.0,8.0,1.0
37379,True,2.0,37363.0,4.0,1.0
37397,True,2.0,36373.0,10.0,1.0
37397,True,2.0,21013.0,14.0,1.0
37397,True,2.0,33301.0,12.0,1.0
37409,False,,,,
37423,True,2.0,29231.0,13.0,1.0
37441,True,2.0,37313.0,7.0,1.0
37441,True,2.0,37409.0,5.0,1.0
37441,True,2.0,36929.0,9.0,1.0
37441,True,2.0,35393.0,11.0,1.0
37441,True,2.0,4673.0,15.0,1.0
37447,True,2.0,4679.0,15.0,1.0
37463,True,2.0,37447.0,4.0,1.0
37483,False,,,,
37489,True,2.0,4721.0,15.0,1.0
37489,True,2.0,37361.0,7.0,1.0
37489,True,2.0,29297.0,13.0,1.0
37493,True,2.0,37489.0,2.0,1.0
37493,True,2.0,36469.0,10.0,1.0
37501,True,2.0,37493.0,3.0,1.0
37501,True,2.0,4733.0,15.0,1.0
37507,True,2.0,37379.0,7.0,1.0
37511,True,2.0,37447.0,6.0,1.0
37511,True,2.0,37507.0,2.0,1.0
37517,True,2.0,36493.0,10.0,1.0
37517,True,2.0,37501.0,4.0,1.0
37529,True,2.0,37273.0,8.0,1.0
37537,True,2.0,37409.0,7.0,1.0
37537,True,2.0,37529.0,3.0,1.0
37547,True,2.0,21163.0,14.0,1.0
37547,True,2.0,37483.0,6.0,1.0
37547,True,2.0,36523.0,10.0,1.0
37549,True,2.0,37547.0,1.0,1.0
37549,True,2.0,37517.0,5.0,1.0
37561,True,2.0,37529.0,5.0,1.0
37561,True,2.0,37049.0,9.0,1.0
37561,True,2.0,4793.0,15.0,1.0
37567,True,2.0,4799.0,15.0,1.0
37571,True,2.0,21187.0,14.0,1.0
37571,True,2.0,37507.0,6.0,1.0
37571,True,2.0,37567.0,2.0,1.0
37573,True,2.0,37571.0,1.0,1.0
37573,True,2.0,37061.0,9.0,1.0
37579,True,2.0,37571.0,3.0,1.0
37579,True,2.0,35531.0,11.0,1.0
37579,True,2.0,37547.0,5.0,1.0
37579,True,2.0,29387.0,13.0,1.0
37589,True,2.0,37573.0,4.0,1.0
37589,True,2.0,33493.0,12.0,1.0
37591,True,2.0,29399.0,13.0,1.0
37591,True,2.0,37463.0,7.0,1.0
37591,True,2.0,35543.0,11.0,1.0
37591,True,2.0,37589.0,1.0,1.0
37607,True,2.0,37591.0,4.0,1.0
37607,True,2.0,36583.0,10.0,1.0
37619,True,2.0,37363.0,8.0,1.0
37633,False,,,,
37643,True,2.0,33547.0,12.0,1.0
37643,True,2.0,37579.0,6.0,1.0
37649,True,2.0,37633.0,4.0,1.0
37657,True,2.0,37529.0,7.0,1.0
37657,True,2.0,4889.0,15.0,1.0
37657,True,2.0,37649.0,3.0,1.0
37663,False,,,,
37691,False,,,,
37693,True,2.0,29501.0,13.0,1.0
37693,True,2.0,37691.0,1.0,1.0
37693,True,2.0,37181.0,9.0,1.0
37699,True,2.0,4931.0,15.0,1.0
37699,True,2.0,37691.0,3.0,1.0
37699,True,2.0,37571.0,7.0,1.0
37717,True,2.0,37589.0,7.0,1.0
37747,True,2.0,37619.0,7.0,1.0
37781,True,2.0,37717.0,6.0,1.0
37781,True,2.0,21397.0,14.0,1.0
37783,True,2.0,37781.0,1.0,1.0
37799,True,2.0,33703.0,12.0,1.0
37799,True,2.0,37783.0,4.0,1.0
37811,True,2.0,36787.0,10.0,1.0
37811,True,2.0,37747.0,6.0,1.0
37813,True,2.0,37781.0,5.0,1.0
37813,True,2.0,37811.0,1.0,1.0
37831,True,2.0,37799.0,5.0,1.0
37847,True,2.0,37831.0,4.0,1.0
37847,True,2.0,33751.0,12.0,1.0
37847,True,2.0,37591.0,8.0,1.0
37847,True,2.0,37783.0,6.0,1.0
37853,True,2.0,33757.0,12.0,1.0
37861,True,2.0,29669.0,13.0,1.0
37861,True,2.0,37853.0,3.0,1.0
37871,True,2.0,36847.0,10.0,1.0
37871,True,2.0,21487.0,14.0,1.0
37879,True,2.0,37847.0,5.0,1.0
37879,True,2.0,35831.0,11.0,1.0
37879,True,2.0,37871.0,3.0,1.0
37889,True,2.0,37633.0,8.0,1.0
37897,True,2.0,37889.0,3.0,1.0
37907,True,2.0,21523.0,14.0,1.0
37907,True,2.0,33811.0,12.0,1.0
37951,True,2.0,29759.0,13.0,1.0
37957,True,2.0,5189.0,15.0,1.0
37963,False,,,,
37967,True,2.0,37963.0,2.0,1.0
37967,True,2.0,33871.0,12.0,1.0
37967,True,2.0,36943.0,10.0,1.0
37967,True,2.0,37951.0,4.0,1.0
37987,False,,,,
37991,True,2.0,37987.0,2.0,1.0
37993,True,2.0,37991.0,1.0,1.0
37997,True,2.0,36973.0,10.0,1.0
37997,True,2.0,37993.0,2.0,1.0
37997,True,2.0,21613.0,14.0,1.0
38011,True,2.0,29819.0,13.0,1.0
38011,True,2.0,35963.0,11.0,1.0
38039,True,2.0,37783.0,8.0,1.0
38047,True,2.0,5279.0,15.0,1.0
38047,True,2.0,35999.0,11.0,1.0
38047,True,2.0,38039.0,3.0,1.0
38053,False,,,,
38069,True,2.0,37813.0,8.0,1.0
38069,True,2.0,38053.0,4.0,1.0
38083,True,2.0,37571.0,9.0,1.0
38113,True,2.0,29921.0,13.0,1.0
38119,True,2.0,37991.0,7.0,1.0
38119,True,2.0,29927.0,13.0,1.0
38119,True,2.0,5351.0,15.0,1.0
38119,True,2.0,37607.0,9.0,1.0
38149,True,2.0,5381.0,15.0,1.0
38153,True,2.0,34057.0,12.0,1.0
38153,True,2.0,37897.0,8.0,1.0
38153,True,2.0,38149.0,2.0,1.0
38167,True,2.0,5399.0,15.0,1.0
38167,True,2.0,38039.0,7.0,1.0
38177,True,2.0,38113.0,6.0,1.0
38183,True,2.0,38119.0,6.0,1.0
38183,True,2.0,21799.0,14.0,1.0
38183,True,2.0,37159.0,10.0,1.0
38183,True,2.0,38167.0,4.0,1.0
38189,False,,,,
38197,True,2.0,38069.0,7.0,1.0
38197,True,2.0,38189.0,3.0,1.0
38201,True,2.0,21817.0,14.0,1.0
38201,True,2.0,38197.0,2.0,1.0
38219,True,2.0,37963.0,8.0,1.0
38219,True,2.0,34123.0,12.0,1.0
38231,True,2.0,38167.0,6.0,1.0
38237,True,2.0,34141.0,12.0,1.0
38239,True,2.0,30047.0,13.0,1.0
38239,True,2.0,5471.0,15.0,1.0
38239,True,2.0,38231.0,3.0,1.0
38239,True,2.0,36191.0,11.0,1.0
38239,True,2.0,38237.0,1.0,1.0
38261,True,2.0,38197.0,6.0,1.0
38273,True,2.0,193.0,10.0,2.0
38281,True,2.0,38153.0,7.0,1.0
38281,True,2.0,38273.0,3.0,1.0
38281,True,2.0,30089.0,13.0,1.0
38287,True,2.0,5519.0,15.0,1.0
38299,True,2.0,36251.0,11.0,1.0
38299,True,2.0,5531.0,15.0,1.0
38303,True,2.0,38047.0,8.0,1.0
38303,True,2.0,38299.0,2.0,1.0
38303,True,2.0,38287.0,4.0,1.0
38303,True,2.0,38239.0,6.0,1.0
38317,True,2.0,38189.0,7.0,1.0
38317,True,2.0,36269.0,11.0,1.0
38321,True,2.0,21937.0,14.0,1.0
38321,True,2.0,38317.0,2.0,1.0
38327,True,2.0,34231.0,12.0,1.0
38327,True,2.0,21943.0,14.0,1.0
38329,True,2.0,38201.0,7.0,1.0
38329,True,2.0,30137.0,13.0,1.0
38329,True,2.0,38327.0,1.0,1.0
38329,True,2.0,38321.0,3.0,1.0
38333,True,2.0,38329.0,2.0,1.0
38333,True,2.0,37309.0,10.0,1.0
38333,True,2.0,38317.0,4.0,1.0
38351,True,2.0,38287.0,6.0,1.0
38371,False,,,,
38377,False,,,,
38393,True,2.0,38329.0,6.0,1.0
38393,True,2.0,37369.0,10.0,1.0
38393,True,2.0,34297.0,12.0,1.0
38393,True,2.0,38377.0,4.0,1.0
38431,True,2.0,38303.0,7.0,1.0
38431,True,2.0,36383.0,11.0,1.0
38447,True,2.0,34351.0,12.0,1.0
38447,True,2.0,38431.0,4.0,1.0
38447,True,2.0,22063.0,14.0,1.0
38447,True,2.0,37423.0,10.0,1.0
38449,True,2.0,38447.0,1.0,1.0
38449,True,2.0,38321.0,7.0,1.0
38453,True,2.0,38197.0,8.0,1.0
38453,True,2.0,38449.0,2.0,1.0
38459,False,,,,
38461,True,2.0,5693.0,15.0,1.0
38461,True,2.0,38453.0,3.0,1.0
38461,True,2.0,30269.0,13.0,1.0
38461,True,2.0,38459.0,1.0,1.0
38461,True,2.0,38333.0,7.0,1.0
38501,False,,,,
38543,True,2.0,38287.0,8.0,1.0
38543,True,2.0,22159.0,14.0,1.0
38557,False,,,,
38561,True,2.0,37537.0,10.0,1.0
38561,True,2.0,38557.0,2.0,1.0
38567,True,2.0,34471.0,12.0,1.0
38569,True,2.0,5801.0,15.0,1.0
38569,True,2.0,38567.0,1.0,1.0
38569,True,2.0,38561.0,3.0,1.0
38593,True,2.0,38561.0,5.0,1.0
38603,True,2.0,37579.0,10.0,1.0
38609,True,2.0,34513.0,12.0,1.0
38609,True,2.0,38593.0,4.0,1.0
38611,True,2.0,38603.0,3.0,1.0
38611,True,2.0,36563.0,11.0,1.0
38611,True,2.0,38609.0,1.0,1.0
38611,True,2.0,5843.0,15.0,1.0
38629,True,2.0,5861.0,15.0,1.0
38629,True,2.0,38501.0,7.0,1.0
38639,True,2.0,34543.0,12.0,1.0
38651,False,,,,
38653,True,2.0,38651.0,1.0,1.0
38669,True,2.0,38653.0,4.0,1.0
38671,True,2.0,38543.0,7.0,1.0
38671,True,2.0,38639.0,5.0,1.0
38671,True,2.0,38669.0,1.0,1.0
38671,True,2.0,5903.0,15.0,1.0
38677,True,2.0,36629.0,11.0,1.0
38677,True,2.0,38669.0,3.0,1.0
38693,True,2.0,38629.0,6.0,1.0
38693,True,2.0,38677.0,4.0,1.0
38699,True,2.0,34603.0,12.0,1.0
38707,True,2.0,38699.0,3.0,1.0
38707,True,2.0,5939.0,15.0,1.0
38711,True,2.0,38707.0,2.0,1.0
38713,True,2.0,38711.0,1.0,1.0
38713,True,2.0,38201.0,9.0,1.0
38723,True,2.0,38707.0,4.0,1.0
38723,True,2.0,37699.0,10.0,1.0
38729,True,2.0,38713.0,4.0,1.0
38737,True,2.0,38609.0,7.0,1.0
38737,True,2.0,38729.0,3.0,1.0
38747,True,2.0,34651.0,12.0,1.0
38749,True,2.0,38237.0,9.0,1.0
38749,True,2.0,30557.0,13.0,1.0
38749,True,2.0,38747.0,1.0,1.0
38749,True,2.0,5981.0,15.0,1.0
38767,True,2.0,38639.0,7.0,1.0
38783,True,2.0,38767.0,4.0,1.0
38783,True,2.0,34687.0,12.0,1.0
38791,True,2.0,38783.0,3.0,1.0
38803,False,,,,
38821,True,2.0,38693.0,7.0,1.0
38821,True,2.0,6053.0,15.0,1.0
38833,True,2.0,38321.0,9.0,1.0
38839,True,2.0,38711.0,7.0,1.0
38839,True,2.0,38327.0,9.0,1.0
38839,True,2.0,36791.0,11.0,1.0
38851,True,2.0,38723.0,7.0,1.0
38861,False,,,,
38867,True,2.0,38611.0,8.0,1.0
38867,True,2.0,38803.0,6.0,1.0
38867,True,2.0,38851.0,4.0,1.0
38867,True,2.0,22483.0,14.0,1.0
38873,True,2.0,197.0,6.0,2.0
38891,False,,,,
38903,True,2.0,38839.0,6.0,1.0
38903,True,2.0,37879.0,10.0,1.0
38903,True,2.0,34807.0,12.0,1.0
38917,False,,,,
38921,True,2.0,38917.0,2.0,1.0
38921,True,2.0,37897.0,10.0,1.0
38923,True,2.0,38891.0,5.0,1.0
38923,True,2.0,38921.0,1.0,1.0
38933,True,2.0,22549.0,14.0,1.0
38933,True,2.0,38917.0,4.0,1.0
38933,True,2.0,38677.0,8.0,1.0
38953,True,2.0,38921.0,5.0,1.0
38959,True,2.0,38447.0,9.0,1.0
38971,True,2.0,36923.0,11.0,1.0
38971,True,2.0,38459.0,9.0,1.0
38971,True,2.0,6203.0,15.0,1.0
38977,True,2.0,36929.0,11.0,1.0
38993,True,2.0,38977.0,4.0,1.0
38993,True,2.0,34897.0,12.0,1.0
38993,True,2.0,38737.0,8.0,1.0
39019,True,2.0,38891.0,7.0,1.0
39023,True,2.0,38767.0,8.0,1.0
39023,True,2.0,38959.0,6.0,1.0
39023,True,2.0,22639.0,14.0,1.0
39023,True,2.0,39019.0,2.0,1.0
39041,True,2.0,38977.0,6.0,1.0
39043,True,2.0,39041.0,1.0,1.0
39043,True,2.0,30851.0,13.0,1.0
39047,True,2.0,38791.0,8.0,1.0
39047,True,2.0,39043.0,2.0,1.0
39079,True,2.0,6311.0,15.0,1.0
39079,True,2.0,39047.0,5.0,1.0
39079,True,2.0,38567.0,9.0,1.0
39089,True,2.0,38833.0,8.0,1.0
39097,True,2.0,6329.0,15.0,1.0
39097,True,2.0,39089.0,3.0,1.0
39097,True,2.0,37049.0,11.0,1.0
39103,True,2.0,30911.0,13.0,1.0
39107,True,2.0,39103.0,2.0,1.0
39107,True,2.0,39043.0,6.0,1.0
39107,True,2.0,38851.0,8.0,1.0
39107,True,2.0,38083.0,10.0,1.0
39113,True,2.0,39097.0,4.0,1.0
39119,True,2.0,35023.0,12.0,1.0
39119,True,2.0,39103.0,4.0,1.0
39133,True,2.0,30941.0,13.0,1.0
39139,True,2.0,39107.0,5.0,1.0
39157,True,2.0,6389.0,15.0,1.0
39161,True,2.0,39157.0,2.0,1.0
39161,True,2.0,39097.0,6.0,1.0
39161,True,2.0,22777.0,14.0,1.0
39163,True,2.0,39161.0,1.0,1.0
39163,True,2.0,38651.0,9.0,1.0
39163,True,2.0,30971.0,13.0,1.0
39181,True,2.0,38669.0,9.0,1.0
39191,True,2.0,22807.0,14.0,1.0
39191,True,2.0,38167.0,10.0,1.0
39199,True,2.0,39191.0,3.0,1.0
39209,True,2.0,38953.0,8.0,1.0
39217,True,2.0,6449.0,15.0,1.0
39217,True,2.0,39089.0,7.0,1.0
39217,True,2.0,39209.0,3.0,1.0
39227,True,2.0,39163.0,6.0,1.0
39227,True,2.0,38971.0,8.0,1.0
39229,True,2.0,37181.0,11.0,1.0
39229,True,2.0,39227.0,1.0,1.0
39233,True,2.0,39217.0,4.0,1.0
39233,True,2.0,38977.0,8.0,1.0
39233,True,2.0,39229.0,2.0,1.0
39239,False,,,,
39241,True,2.0,39113.0,7.0,1.0
39241,True,2.0,39209.0,5.0,1.0
39241,True,2.0,39233.0,3.0,1.0
39241,True,2.0,39239.0,1.0,1.0
39241,True,2.0,6473.0,15.0,1.0
39241,True,2.0,38729.0,9.0,1.0
39251,False,,,,
39293,True,2.0,39229.0,6.0,1.0
39301,True,2.0,37253.0,11.0,1.0
39301,True,2.0,39293.0,3.0,1.0
39313,True,2.0,31121.0,13.0,1.0
39317,True,2.0,39313.0,2.0,1.0
39317,True,2.0,35221.0,12.0,1.0
39317,True,2.0,39301.0,4.0,1.0
39323,True,2.0,38299.0,10.0,1.0
39323,True,2.0,35227.0,12.0,1.0
39341,True,2.0,38317.0,10.0,1.0
39343,True,2.0,39341.0,1.0,1.0
39343,True,2.0,31151.0,13.0,1.0
39359,True,2.0,39343.0,4.0,1.0
39359,True,2.0,39103.0,8.0,1.0
39367,True,2.0,39239.0,7.0,1.0
39367,True,2.0,6599.0,15.0,1.0
39367,True,2.0,39359.0,3.0,1.0
39371,True,2.0,39367.0,2.0,1.0
39373,True,2.0,31181.0,13.0,1.0
39373,True,2.0,39371.0,1.0,1.0
39373,True,2.0,39341.0,5.0,1.0
39373,True,2.0,38861.0,9.0,1.0
39383,True,2.0,39367.0,4.0,1.0
39397,False,,,,
39409,True,2.0,37361.0,11.0,1.0
39419,True,2.0,39163.0,8.0,1.0
39419,True,2.0,35323.0,12.0,1.0
39439,True,2.0,31247.0,13.0,1.0
39443,True,2.0,23059.0,14.0,1.0
39443,True,2.0,39439.0,2.0,1.0
39451,True,2.0,39419.0,5.0,1.0
39451,True,2.0,31259.0,13.0,1.0
39451,True,2.0,39443.0,3.0,1.0
39451,True,2.0,39323.0,7.0,1.0
39461,True,2.0,39397.0,6.0,1.0
39499,True,2.0,39371.0,7.0,1.0
39499,True,2.0,31307.0,13.0,1.0
39503,True,2.0,39439.0,6.0,1.0
39503,True,2.0,35407.0,12.0,1.0
39503,True,2.0,39499.0,2.0,1.0
39509,False,,,,
39511,True,2.0,39383.0,7.0,1.0
39511,True,2.0,37463.0,11.0,1.0
39511,True,2.0,39509.0,1.0,1.0
39511,True,2.0,31319.0,13.0,1.0
39511,True,2.0,39503.0,3.0,1.0
39521,False,,,,
39541,True,2.0,39509.0,5.0,1.0
39541,True,2.0,37493.0,11.0,1.0
39551,True,2.0,23167.0,14.0,1.0
39563,True,2.0,39499.0,6.0,1.0
39569,True,2.0,39313.0,8.0,1.0
39581,True,2.0,23197.0,14.0,1.0
39581,True,2.0,38557.0,10.0,1.0
39607,False,,,,
39619,True,2.0,39107.0,9.0,1.0
39619,True,2.0,37571.0,11.0,1.0
39623,True,2.0,39367.0,8.0,1.0
39623,True,2.0,39607.0,4.0,1.0
39623,True,2.0,35527.0,12.0,1.0
39623,True,2.0,39619.0,2.0,1.0
39631,True,2.0,39119.0,9.0,1.0
39631,True,2.0,39503.0,7.0,1.0
39631,True,2.0,6863.0,15.0,1.0
39631,True,2.0,39623.0,3.0,1.0
39659,False,,,,
39667,True,2.0,6899.0,15.0,1.0
39667,True,2.0,39659.0,3.0,1.0
39667,True,2.0,37619.0,11.0,1.0
39671,True,2.0,39667.0,2.0,1.0
39671,True,2.0,39607.0,6.0,1.0
39679,True,2.0,6911.0,15.0,1.0
39679,True,2.0,39671.0,3.0,1.0
39679,True,2.0,39551.0,7.0,1.0
39703,True,2.0,39191.0,9.0,1.0
39703,True,2.0,39671.0,5.0,1.0
39703,True,2.0,31511.0,13.0,1.0
39709,True,2.0,39581.0,7.0,1.0
39709,True,2.0,31517.0,13.0,1.0
39719,True,2.0,39703.0,4.0,1.0
39727,True,2.0,6959.0,15.0,1.0
39727,True,2.0,39719.0,3.0,1.0
39733,True,2.0,31541.0,13.0,1.0
39749,True,2.0,39733.0,4.0,1.0
39761,True,2.0,38737.0,10.0,1.0
39769,True,2.0,7001.0,15.0,1.0
39769,True,2.0,39761.0,3.0,1.0
39779,False,,,,
39791,True,2.0,39727.0,6.0,1.0
39791,True,2.0,38767.0,10.0,1.0
39799,True,2.0,39671.0,7.0,1.0
39799,True,2.0,39791.0,3.0,1.0
39799,True,2.0,31607.0,13.0,1.0
39821,False,,,,
39827,True,2.0,38803.0,10.0,1.0
39827,True,2.0,35731.0,12.0,1.0
39829,True,2.0,39827.0,1.0,1.0
39829,True,2.0,39317.0,9.0,1.0
39829,True,2.0,37781.0,11.0,1.0
39829,True,2.0,39821.0,3.0,1.0
39839,False,,,,
39841,True,2.0,39839.0,1.0,1.0
39841,True,2.0,31649.0,13.0,1.0
39847,True,2.0,39839.0,3.0,1.0
39847,True,2.0,39719.0,7.0,1.0
39847,True,2.0,37799.0,11.0,1.0
39847,True,2.0,7079.0,15.0,1.0
39857,True,2.0,39841.0,4.0,1.0
39857,True,2.0,23473.0,14.0,1.0
39857,True,2.0,199.0,8.0,2.0
39857,True,2.0,38833.0,10.0,1.0
39863,True,2.0,39607.0,8.0,1.0
39863,True,2.0,39847.0,4.0,1.0
39863,True,2.0,38839.0,10.0,1.0
39863,True,2.0,39799.0,6.0,1.0
39869,False,,,,
39877,True,2.0,39869.0,3.0,1.0
39877,True,2.0,7109.0,15.0,1.0
39877,True,2.0,39749.0,7.0,1.0
39883,True,2.0,39371.0,9.0,1.0
39887,True,2.0,39883.0,2.0,1.0
39887,True,2.0,39631.0,8.0,1.0
39901,True,2.0,39869.0,5.0,1.0
39901,True,2.0,37853.0,11.0,1.0
39929,False,,,,
39937,True,2.0,37889.0,11.0,1.0
39937,True,2.0,39929.0,3.0,1.0
39953,True,2.0,39937.0,4.0,1.0
39971,False,,,,
39979,True,2.0,7211.0,15.0,1.0
39979,True,2.0,39971.0,3.0,1.0
39983,True,2.0,39979.0,2.0,1.0
39983,True,2.0,23599.0,14.0,1.0
39983,True,2.0,38959.0,10.0,1.0
39983,True,2.0,39727.0,8.0,1.0
39989,True,2.0,39733.0,8.0,1.0
40009,True,2.0,31817.0,13.0,1.0
40013,True,2.0,23629.0,14.0,1.0
40013,True,2.0,40009.0,2.0,1.0
40031,False,,,,
40037,False,,,,
40039,True,2.0,37991.0,11.0,1.0
40039,True,2.0,40031.0,3.0,1.0
40039,True,2.0,40037.0,1.0,1.0
40039,True,2.0,31847.0,13.0,1.0
40063,True,2.0,39551.0,9.0,1.0
40063,True,2.0,40031.0,5.0,1.0
40087,True,2.0,38039.0,11.0,1.0
40093,True,2.0,39581.0,9.0,1.0
40099,True,2.0,31907.0,13.0,1.0
40099,True,2.0,7331.0,15.0,1.0
40099,True,2.0,39971.0,7.0,1.0
40111,True,2.0,39983.0,7.0,1.0
40123,False,,,,
40127,True,2.0,39103.0,10.0,1.0
40127,True,2.0,40123.0,2.0,1.0
40127,True,2.0,23743.0,14.0,1.0
40127,True,2.0,40063.0,6.0,1.0
40127,True,2.0,40111.0,4.0,1.0
40129,True,2.0,40127.0,1.0,1.0
40151,True,2.0,23767.0,14.0,1.0
40151,True,2.0,40087.0,6.0,1.0
40153,True,2.0,40151.0,1.0,1.0
40163,True,2.0,39139.0,10.0,1.0
40163,True,2.0,40099.0,6.0,1.0
40163,True,2.0,36067.0,12.0,1.0
40169,True,2.0,36073.0,12.0,1.0
40169,True,2.0,40153.0,4.0,1.0
40177,True,2.0,40169.0,3.0,1.0
40189,False,,,,
40193,True,2.0,40129.0,6.0,1.0
40193,True,2.0,40189.0,2.0,1.0
40193,True,2.0,39937.0,8.0,1.0
40193,True,2.0,40177.0,4.0,1.0
40193,True,2.0,36097.0,12.0,1.0
40213,False,,,,
40231,True,2.0,38183.0,11.0,1.0
40231,True,2.0,39719.0,9.0,1.0
40237,True,2.0,38189.0,11.0,1.0
40241,True,2.0,40177.0,6.0,1.0
40241,True,2.0,39217.0,10.0,1.0
40241,True,2.0,23857.0,14.0,1.0
40241,True,2.0,40237.0,2.0,1.0
40253,True,2.0,40189.0,6.0,1.0
40253,True,2.0,23869.0,14.0,1.0
40253,True,2.0,39229.0,10.0,1.0
40253,True,2.0,40237.0,4.0,1.0
40277,True,2.0,40213.0,6.0,1.0
40277,True,2.0,23893.0,14.0,1.0
40283,True,2.0,23899.0,14.0,1.0
40283,True,2.0,36187.0,12.0,1.0
40289,False,,,,
40343,True,2.0,40087.0,8.0,1.0
40351,True,2.0,39839.0,9.0,1.0
40351,True,2.0,38303.0,11.0,1.0
40351,True,2.0,7583.0,15.0,1.0
40351,True,2.0,32159.0,13.0,1.0
40351,True,2.0,40343.0,3.0,1.0
40357,True,2.0,7589.0,15.0,1.0
40361,True,2.0,40357.0,2.0,1.0
40361,True,2.0,23977.0,14.0,1.0
40387,False,,,,
40423,False,,,,
40427,True,2.0,24043.0,14.0,1.0
40427,True,2.0,40423.0,2.0,1.0
40429,True,2.0,32237.0,13.0,1.0
40429,True,2.0,40427.0,1.0,1.0
40433,True,2.0,24049.0,14.0,1.0
40433,True,2.0,39409.0,10.0,1.0
40433,True,2.0,40177.0,8.0,1.0
40433,True,2.0,40429.0,2.0,1.0
40459,True,2.0,7691.0,15.0,1.0
40459,True,2.0,40427.0,5.0,1.0
40471,True,2.0,7703.0,15.0,1.0
40471,True,2.0,40343.0,7.0,1.0
40483,True,2.0,39971.0,9.0,1.0
40487,True,2.0,40231.0,8.0,1.0
40487,True,2.0,40423.0,6.0,1.0
40487,True,2.0,40471.0,4.0,1.0
40487,True,2.0,24103.0,14.0,1.0
40487,True,2.0,40483.0,2.0,1.0
40493,True,2.0,40237.0,8.0,1.0
40493,True,2.0,40429.0,6.0,1.0
40493,True,2.0,24109.0,14.0,1.0
40499,True,2.0,40483.0,4.0,1.0
40507,True,2.0,38459.0,11.0,1.0
40507,True,2.0,40499.0,3.0,1.0
40519,True,2.0,32327.0,13.0,1.0
40519,True,2.0,40487.0,5.0,1.0
40529,True,2.0,36433.0,12.0,1.0
40531,True,2.0,40529.0,1.0,1.0
40531,True,2.0,40499.0,5.0,1.0
40543,True,2.0,40031.0,9.0,1.0
40559,True,2.0,40543.0,4.0,1.0
40577,True,2.0,191.0,12.0,2.0
40583,True,2.0,40519.0,6.0,1.0
40591,True,2.0,7823.0,15.0,1.0
40591,True,2.0,40559.0,5.0,1.0
40591,True,2.0,40583.0,3.0,1.0
40591,True,2.0,38543.0,11.0,1.0
40597,True,2.0,7829.0,15.0,1.0
40609,True,2.0,7841.0,15.0,1.0
40609,True,2.0,40577.0,5.0,1.0
40609,True,2.0,38561.0,11.0,1.0
40627,True,2.0,40499.0,7.0,1.0
40637,True,2.0,36541.0,12.0,1.0
40639,True,2.0,40127.0,9.0,1.0
40639,True,2.0,40637.0,1.0,1.0
40693,False,,,,
40697,True,2.0,40693.0,2.0,1.0
40699,True,2.0,32507.0,13.0,1.0
40699,True,2.0,40697.0,1.0,1.0
40699,True,2.0,38651.0,11.0,1.0
40709,True,2.0,40693.0,4.0,1.0
40739,True,2.0,40483.0,8.0,1.0
40739,True,2.0,36643.0,12.0,1.0
40751,True,2.0,39727.0,10.0,1.0
40759,True,2.0,38711.0,11.0,1.0
40759,True,2.0,40751.0,3.0,1.0
40763,True,2.0,24379.0,14.0,1.0
40763,True,2.0,40699.0,6.0,1.0
40763,True,2.0,40507.0,8.0,1.0
40763,True,2.0,40759.0,2.0,1.0
40771,True,2.0,40763.0,3.0,1.0
40771,True,2.0,38723.0,11.0,1.0
40771,True,2.0,32579.0,13.0,1.0
40771,True,2.0,40739.0,5.0,1.0
40787,True,2.0,40531.0,8.0,1.0
40787,True,2.0,36691.0,12.0,1.0
40787,True,2.0,40771.0,4.0,1.0
40801,True,2.0,32609.0,13.0,1.0
40801,True,2.0,40289.0,9.0,1.0
40813,True,2.0,32621.0,13.0,1.0
40819,True,2.0,40787.0,5.0,1.0
40823,True,2.0,24439.0,14.0,1.0
40823,True,2.0,40819.0,2.0,1.0
40823,True,2.0,39799.0,10.0,1.0
40823,True,2.0,40759.0,6.0,1.0
40829,True,2.0,40813.0,4.0,1.0
40841,False,,,,
40847,True,2.0,40591.0,8.0,1.0
40849,True,2.0,40841.0,3.0,1.0
40849,True,2.0,40847.0,1.0,1.0
40849,True,2.0,8081.0,15.0,1.0
40853,True,2.0,40849.0,2.0,1.0
40853,True,2.0,39829.0,10.0,1.0
40853,True,2.0,40597.0,8.0,1.0
40853,True,2.0,24469.0,14.0,1.0
40867,True,2.0,40739.0,7.0,1.0
40879,True,2.0,40751.0,7.0,1.0
40879,True,2.0,40847.0,5.0,1.0
40879,True,2.0,32687.0,13.0,1.0
40879,True,2.0,8111.0,15.0,1.0
40883,True,2.0,36787.0,12.0,1.0
40883,True,2.0,40867.0,4.0,1.0
40883,True,2.0,40819.0,6.0,1.0
40883,True,2.0,40879.0,2.0,1.0
40883,True,2.0,24499.0,14.0,1.0
40883,True,2.0,40627.0,8.0,1.0
40897,False,,,,
40903,False,,,,
40927,False,,,,
40933,False,,,,
40939,True,2.0,38891.0,11.0,1.0
40939,True,2.0,8171.0,15.0,1.0
40939,True,2.0,40427.0,9.0,1.0
40949,True,2.0,40693.0,8.0,1.0
40949,True,2.0,40933.0,4.0,1.0
40961,True,2.0,40897.0,6.0,1.0
40961,True,2.0,39937.0,10.0,1.0
40973,True,2.0,36877.0,12.0,1.0
40993,True,2.0,32801.0,13.0,1.0
40993,True,2.0,40961.0,5.0,1.0
41011,True,2.0,40883.0,7.0,1.0
41011,True,2.0,40499.0,9.0,1.0
41011,True,2.0,8243.0,15.0,1.0
41017,False,,,,
41023,True,2.0,32831.0,13.0,1.0
41039,True,2.0,41023.0,4.0,1.0
41039,True,2.0,36943.0,12.0,1.0
41047,True,2.0,41039.0,3.0,1.0
41051,True,2.0,41047.0,2.0,1.0
41057,True,2.0,40801.0,8.0,1.0
41057,True,2.0,40993.0,6.0,1.0
41077,True,2.0,40949.0,7.0,1.0
41081,True,2.0,24697.0,14.0,1.0
41081,True,2.0,41017.0,6.0,1.0
41081,True,2.0,41077.0,2.0,1.0
41113,True,2.0,41081.0,5.0,1.0
41117,True,2.0,41113.0,2.0,1.0
41117,True,2.0,40093.0,10.0,1.0
41117,True,2.0,24733.0,14.0,1.0
41117,True,2.0,37021.0,12.0,1.0
41131,True,2.0,8363.0,15.0,1.0
41131,True,2.0,32939.0,13.0,1.0
41141,True,2.0,41077.0,6.0,1.0
41143,True,2.0,41141.0,1.0,1.0
41149,True,2.0,32957.0,13.0,1.0
41149,True,2.0,40637.0,9.0,1.0
41149,True,2.0,41117.0,5.0,1.0
41149,True,2.0,41141.0,3.0,1.0
41161,True,2.0,39113.0,11.0,1.0
41161,True,2.0,32969.0,13.0,1.0
41177,True,2.0,40153.0,10.0,1.0
41177,True,2.0,41113.0,6.0,1.0
41177,True,2.0,24793.0,14.0,1.0
41177,True,2.0,41161.0,4.0,1.0
41179,True,2.0,41177.0,1.0,1.0
41179,True,2.0,41051.0,7.0,1.0
41179,True,2.0,32987.0,13.0,1.0
41183,True,2.0,41179.0,2.0,1.0
41183,True,2.0,37087.0,12.0,1.0
41183,True,2.0,24799.0,14.0,1.0
41183,True,2.0,40927.0,8.0,1.0
41189,True,2.0,40933.0,8.0,1.0
41201,True,2.0,40177.0,10.0,1.0
41203,True,2.0,41201.0,1.0,1.0
41213,True,2.0,37117.0,12.0,1.0
41213,True,2.0,41149.0,6.0,1.0
41213,True,2.0,40189.0,10.0,1.0
41221,True,2.0,41189.0,5.0,1.0
41221,True,2.0,33029.0,13.0,1.0
41221,True,2.0,40709.0,9.0,1.0
41221,True,2.0,41213.0,3.0,1.0
41227,False,,,,
41231,True,2.0,24847.0,14.0,1.0
41231,True,2.0,41227.0,2.0,1.0
41233,True,2.0,41201.0,5.0,1.0
41233,True,2.0,41231.0,1.0,1.0
41243,True,2.0,24859.0,14.0,1.0
41243,True,2.0,41227.0,4.0,1.0
41243,True,2.0,41179.0,6.0,1.0
41257,True,2.0,39209.0,11.0,1.0
41263,True,2.0,41231.0,5.0,1.0
41263,True,2.0,33071.0,13.0,1.0
41263,True,2.0,40751.0,9.0,1.0
41269,True,2.0,41141.0,7.0,1.0
41269,True,2.0,8501.0,15.0,1.0
41281,True,2.0,39233.0,11.0,1.0
41281,True,2.0,8513.0,15.0,1.0
41299,True,2.0,39251.0,11.0,1.0
41299,True,2.0,33107.0,13.0,1.0
41299,True,2.0,40787.0,9.0,1.0
41333,True,2.0,41077.0,8.0,1.0
41333,True,2.0,41269.0,6.0,1.0
41341,True,2.0,33149.0,13.0,1.0
41341,True,2.0,41333.0,3.0,1.0
41341,True,2.0,40829.0,9.0,1.0
41341,True,2.0,39293.0,11.0,1.0
41341,True,2.0,41213.0,7.0,1.0
41341,True,2.0,8573.0,15.0,1.0
41351,True,2.0,24967.0,14.0,1.0
41357,True,2.0,41341.0,4.0,1.0
41381,True,2.0,40357.0,10.0,1.0
41387,True,2.0,41131.0,8.0,1.0
41389,True,2.0,39341.0,11.0,1.0
41389,True,2.0,41381.0,3.0,1.0
41389,True,2.0,41387.0,1.0,1.0
41389,True,2.0,41357.0,5.0,1.0
41399,True,2.0,41143.0,8.0,1.0
41411,True,2.0,40387.0,10.0,1.0
41413,True,2.0,41381.0,5.0,1.0
41413,True,2.0,41411.0,1.0,1.0
41443,True,2.0,41411.0,5.0,1.0
41453,True,2.0,40429.0,10.0,1.0
41453,True,2.0,37357.0,12.0,1.0
41453,True,2.0,41389.0,6.0,1.0
41467,True,2.0,39419.0,11.0,1.0
41467,True,2.0,8699.0,15.0,1.0
41479,True,2.0,33287.0,13.0,1.0
41479,True,2.0,41351.0,7.0,1.0
41491,True,2.0,39443.0,11.0,1.0
41507,True,2.0,41491.0,4.0,1.0
41507,True,2.0,40483.0,10.0,1.0
41507,True,2.0,41443.0,6.0,1.0
41513,True,2.0,41257.0,8.0,1.0
41519,True,2.0,41263.0,8.0,1.0
41519,True,2.0,37423.0,12.0,1.0
41521,True,2.0,33329.0,13.0,1.0
41521,True,2.0,8753.0,15.0,1.0
41521,True,2.0,41519.0,1.0,1.0
41521,True,2.0,41513.0,3.0,1.0
41539,True,2.0,33347.0,13.0,1.0
41539,True,2.0,41411.0,7.0,1.0
41539,True,2.0,41507.0,5.0,1.0
41543,True,2.0,41539.0,2.0,1.0
41543,True,2.0,40519.0,10.0,1.0
41543,True,2.0,37447.0,12.0,1.0
41543,True,2.0,41479.0,6.0,1.0
41549,False,,,,
41579,True,2.0,37483.0,12.0,1.0
41593,True,2.0,41081.0,9.0,1.0
41597,True,2.0,37501.0,12.0,1.0
41597,True,2.0,41341.0,8.0,1.0
41597,True,2.0,41593.0,2.0,1.0
41603,True,2.0,25219.0,14.0,1.0
41603,True,2.0,37507.0,12.0,1.0
41603,True,2.0,41539.0,6.0,1.0
41609,True,2.0,41593.0,4.0,1.0
41611,True,2.0,41579.0,5.0,1.0
41611,True,2.0,39563.0,11.0,1.0
41611,True,2.0,41609.0,1.0,1.0
41611,True,2.0,41603.0,3.0,1.0
41617,True,2.0,39569.0,11.0,1.0
41617,True,2.0,41609.0,3.0,1.0
41617,True,2.0,8849.0,15.0,1.0
41621,True,2.0,41617.0,2.0,1.0
41621,True,2.0,40597.0,10.0,1.0
41621,True,2.0,25237.0,14.0,1.0
41627,True,2.0,25243.0,14.0,1.0
41627,True,2.0,41611.0,4.0,1.0
41641,True,2.0,41513.0,7.0,1.0
41641,True,2.0,41609.0,5.0,1.0
41647,True,2.0,41519.0,7.0,1.0
41651,True,2.0,41647.0,2.0,1.0
41651,True,2.0,40627.0,10.0,1.0
41659,True,2.0,41651.0,3.0,1.0
41659,True,2.0,41627.0,5.0,1.0
41669,True,2.0,41413.0,8.0,1.0
41669,True,2.0,37573.0,12.0,1.0
41681,True,2.0,41617.0,6.0,1.0
41687,True,2.0,25303.0,14.0,1.0
41687,True,2.0,37591.0,12.0,1.0
41719,True,2.0,8951.0,15.0,1.0
41719,True,2.0,39671.0,11.0,1.0
41719,True,2.0,41687.0,5.0,1.0
41729,True,2.0,37633.0,12.0,1.0
41737,True,2.0,41609.0,7.0,1.0
41737,True,2.0,8969.0,15.0,1.0
41737,True,2.0,41729.0,3.0,1.0
41759,True,2.0,37663.0,12.0,1.0
41761,True,2.0,33569.0,13.0,1.0
41761,True,2.0,41759.0,1.0,1.0
41761,True,2.0,41729.0,5.0,1.0
41771,False,,,,
41777,True,2.0,41521.0,8.0,1.0
41777,True,2.0,41761.0,4.0,1.0
41801,True,2.0,41737.0,6.0,1.0
41809,True,2.0,41681.0,7.0,1.0
41809,True,2.0,9041.0,15.0,1.0
41809,True,2.0,39761.0,11.0,1.0
41809,True,2.0,41801.0,3.0,1.0
41809,True,2.0,33617.0,13.0,1.0
41809,True,2.0,41777.0,5.0,1.0
41813,True,2.0,37717.0,12.0,1.0
41813,True,2.0,41809.0,2.0,1.0
41843,True,2.0,37747.0,12.0,1.0
41843,True,2.0,40819.0,10.0,1.0
41849,True,2.0,41593.0,8.0,1.0
41851,True,2.0,41843.0,3.0,1.0
41851,True,2.0,41849.0,1.0,1.0
41863,True,2.0,41351.0,9.0,1.0
41879,True,2.0,41863.0,4.0,1.0
41879,True,2.0,37783.0,12.0,1.0
41887,True,2.0,41759.0,7.0,1.0
41887,True,2.0,39839.0,11.0,1.0
41887,True,2.0,41879.0,3.0,1.0
41893,True,2.0,41381.0,9.0,1.0
41897,True,2.0,41893.0,2.0,1.0
41897,True,2.0,41641.0,8.0,1.0
41903,True,2.0,40879.0,10.0,1.0
41903,True,2.0,41887.0,4.0,1.0
41903,True,2.0,41647.0,8.0,1.0
41911,True,2.0,39863.0,11.0,1.0
41911,True,2.0,41879.0,5.0,1.0
41911,True,2.0,41903.0,3.0,1.0
41911,True,2.0,41399.0,9.0,1.0
41927,True,2.0,41911.0,4.0,1.0
41927,True,2.0,37831.0,12.0,1.0
41927,True,2.0,40903.0,10.0,1.0
41927,True,2.0,41863.0,6.0,1.0
41941,True,2.0,33749.0,13.0,1.0
41941,True,2.0,9173.0,15.0,1.0
41941,True,2.0,41813.0,7.0,1.0
41947,False,,,,
41953,False,,,,
41957,True,2.0,41941.0,4.0,1.0
41957,True,2.0,40933.0,10.0,1.0
41957,True,2.0,41893.0,6.0,1.0
41957,True,2.0,41953.0,2.0,1.0
41957,True,2.0,37861.0,12.0,1.0
41959,True,2.0,41957.0,1.0,1.0
41959,True,2.0,33767.0,13.0,1.0
41959,True,2.0,41927.0,5.0,1.0
41969,True,2.0,41953.0,4.0,1.0
41981,False,,,,
41983,True,2.0,41981.0,1.0,1.0
41983,True,2.0,33791.0,13.0,1.0
41999,True,2.0,41983.0,4.0,1.0
42013,True,2.0,41981.0,5.0,1.0
42017,True,2.0,40993.0,10.0,1.0
42017,True,2.0,41761.0,8.0,1.0
42017,True,2.0,41953.0,6.0,1.0
42017,True,2.0,42013.0,2.0,1.0
42017,True,2.0,25633.0,14.0,1.0
42019,True,2.0,33827.0,13.0,1.0
42019,True,2.0,39971.0,11.0,1.0
42019,True,2.0,42017.0,1.0,1.0
42019,True,2.0,41507.0,9.0,1.0
42023,True,2.0,25639.0,14.0,1.0
42023,True,2.0,42019.0,2.0,1.0
42023,True,2.0,41959.0,6.0,1.0
42043,True,2.0,33851.0,13.0,1.0
42061,True,2.0,40013.0,11.0,1.0
42061,True,2.0,9293.0,15.0,1.0
42061,True,2.0,41549.0,9.0,1.0
42071,True,2.0,41047.0,10.0,1.0
42073,True,2.0,42071.0,1.0,1.0
42083,True,2.0,37987.0,12.0,1.0
42083,True,2.0,42019.0,6.0,1.0
42089,True,2.0,37993.0,12.0,1.0
42089,True,2.0,42073.0,4.0,1.0
42101,True,2.0,41077.0,10.0,1.0
42101,True,2.0,25717.0,14.0,1.0
42131,True,2.0,25747.0,14.0,1.0
42139,True,2.0,42131.0,3.0,1.0
42139,True,2.0,41627.0,9.0,1.0
42139,True,2.0,9371.0,15.0,1.0
42157,False,,,,
42169,False,,,,
42179,True,2.0,38083.0,12.0,1.0
42181,True,2.0,41669.0,9.0,1.0
42181,True,2.0,9413.0,15.0,1.0
42181,True,2.0,42179.0,1.0,1.0
42187,True,2.0,42179.0,3.0,1.0
42187,True,2.0,9419.0,15.0,1.0
42193,True,2.0,41681.0,9.0,1.0
42197,True,2.0,42181.0,4.0,1.0
42197,True,2.0,41941.0,8.0,1.0
42197,True,2.0,42193.0,2.0,1.0
42209,True,2.0,38113.0,12.0,1.0
42209,True,2.0,41953.0,8.0,1.0
42209,True,2.0,42193.0,4.0,1.0
42221,True,2.0,42157.0,6.0,1.0
42223,True,2.0,34031.0,13.0,1.0
42223,True,2.0,42221.0,1.0,1.0
42227,True,2.0,41203.0,10.0,1.0
42227,True,2.0,42223.0,2.0,1.0
42239,True,2.0,42223.0,4.0,1.0
42239,True,2.0,41983.0,8.0,1.0
42257,True,2.0,25873.0,14.0,1.0
42257,True,2.0,42193.0,6.0,1.0
42257,True,2.0,41233.0,10.0,1.0
42281,True,2.0,41257.0,10.0,1.0
42283,True,2.0,42281.0,1.0,1.0
42283,True,2.0,41771.0,9.0,1.0
42293,True,2.0,41269.0,10.0,1.0
42293,True,2.0,38197.0,12.0,1.0
42299,True,2.0,42283.0,4.0,1.0
42299,True,2.0,42043.0,8.0,1.0
42307,True,2.0,9539.0,15.0,1.0
42307,True,2.0,42179.0,7.0,1.0
42307,True,2.0,42299.0,3.0,1.0
42323,True,2.0,41299.0,10.0,1.0
42323,True,2.0,25939.0,14.0,1.0
42323,True,2.0,42307.0,4.0,1.0
42331,True,2.0,40283.0,11.0,1.0
42331,True,2.0,42323.0,3.0,1.0
42331,True,2.0,42299.0,5.0,1.0
42337,True,2.0,40289.0,11.0,1.0
42337,True,2.0,42209.0,7.0,1.0
42349,True,2.0,34157.0,13.0,1.0
42349,True,2.0,42221.0,7.0,1.0
42359,False,,,,
42373,False,,,,
42379,False,,,,
42391,True,2.0,42359.0,5.0,1.0
42391,True,2.0,9623.0,15.0,1.0
42391,True,2.0,40343.0,11.0,1.0
42391,True,2.0,41879.0,9.0,1.0
42397,True,2.0,9629.0,15.0,1.0
42403,True,2.0,34211.0,13.0,1.0
42407,True,2.0,42403.0,2.0,1.0
42407,True,2.0,42391.0,4.0,1.0
42409,True,2.0,41897.0,9.0,1.0
42409,True,2.0,42407.0,1.0,1.0
42409,True,2.0,40361.0,11.0,1.0
42409,True,2.0,34217.0,13.0,1.0
42409,True,2.0,42281.0,7.0,1.0
42433,False,,,,
42437,True,2.0,41413.0,10.0,1.0
42437,True,2.0,42373.0,6.0,1.0
42437,True,2.0,26053.0,14.0,1.0
42437,True,2.0,42433.0,2.0,1.0
42437,True,2.0,42181.0,8.0,1.0
42443,True,2.0,42187.0,8.0,1.0
42443,True,2.0,42379.0,6.0,1.0
42451,True,2.0,42443.0,3.0,1.0
42451,True,2.0,42323.0,7.0,1.0
42451,True,2.0,34259.0,13.0,1.0
42457,True,2.0,9689.0,15.0,1.0
42461,True,2.0,42457.0,2.0,1.0
42461,True,2.0,42397.0,6.0,1.0
42463,True,2.0,42461.0,1.0,1.0
42467,True,2.0,42463.0,2.0,1.0
42467,True,2.0,38371.0,12.0,1.0
42467,True,2.0,42451.0,4.0,1.0
42467,True,2.0,26083.0,14.0,1.0
42467,True,2.0,41443.0,10.0,1.0
42467,True,2.0,42403.0,6.0,1.0
42473,True,2.0,38377.0,12.0,1.0
42473,True,2.0,42409.0,6.0,1.0
42473,True,2.0,42457.0,4.0,1.0
42487,True,2.0,9719.0,15.0,1.0
42487,True,2.0,42359.0,7.0,1.0
42491,True,2.0,26107.0,14.0,1.0
42491,True,2.0,42487.0,2.0,1.0
42491,True,2.0,41467.0,10.0,1.0
42499,True,2.0,42491.0,3.0,1.0
42499,True,2.0,42467.0,5.0,1.0
42509,False,,,,
42533,False,,,,
42557,True,2.0,38461.0,12.0,1.0
42569,False,,,,
42571,True,2.0,42443.0,7.0,1.0
42571,True,2.0,42569.0,1.0,1.0
42571,True,2.0,9803.0,15.0,1.0
42577,True,2.0,42569.0,3.0,1.0
42577,True,2.0,40529.0,11.0,1.0
42589,True,2.0,42461.0,7.0,1.0
42589,True,2.0,42557.0,5.0,1.0
42611,True,2.0,26227.0,14.0,1.0
42641,True,2.0,41617.0,10.0,1.0
42641,True,2.0,42577.0,6.0,1.0
42643,True,2.0,42131.0,9.0,1.0
42643,True,2.0,42641.0,1.0,1.0
42643,True,2.0,42611.0,5.0,1.0
42649,True,2.0,34457.0,13.0,1.0
42649,True,2.0,42641.0,3.0,1.0
42667,False,,,,
42677,True,2.0,26293.0,14.0,1.0
42683,True,2.0,42667.0,4.0,1.0
42683,True,2.0,41659.0,10.0,1.0
42689,True,2.0,38593.0,12.0,1.0
42689,True,2.0,42433.0,8.0,1.0
42697,True,2.0,9929.0,15.0,1.0
42697,True,2.0,42569.0,7.0,1.0
42697,True,2.0,42689.0,3.0,1.0
42701,True,2.0,26317.0,14.0,1.0
42701,True,2.0,42697.0,2.0,1.0
42703,True,2.0,42701.0,1.0,1.0
42703,True,2.0,34511.0,13.0,1.0
42709,True,2.0,9941.0,15.0,1.0
42709,True,2.0,42677.0,5.0,1.0
42709,True,2.0,42701.0,3.0,1.0
42709,True,2.0,42197.0,9.0,1.0
42719,True,2.0,42703.0,4.0,1.0
42719,True,2.0,42463.0,8.0,1.0
42727,True,2.0,42719.0,3.0,1.0
42737,False,,,,
42743,True,2.0,42727.0,4.0,1.0
42743,True,2.0,41719.0,10.0,1.0
42743,True,2.0,42487.0,8.0,1.0
42751,True,2.0,42743.0,3.0,1.0
42751,True,2.0,42719.0,5.0,1.0
42751,True,2.0,42239.0,9.0,1.0
42767,True,2.0,42751.0,4.0,1.0
42767,True,2.0,42703.0,6.0,1.0
42767,True,2.0,38671.0,12.0,1.0
42773,True,2.0,42709.0,6.0,1.0
42773,True,2.0,38677.0,12.0,1.0
42787,True,2.0,40739.0,11.0,1.0
42793,True,2.0,42281.0,9.0,1.0
42797,True,2.0,42793.0,2.0,1.0
42821,True,2.0,26437.0,14.0,1.0
42829,True,2.0,42701.0,7.0,1.0
42829,True,2.0,42797.0,5.0,1.0
42829,True,2.0,42821.0,3.0,1.0
42829,True,2.0,10061.0,15.0,1.0
42839,False,,,,
42841,True,2.0,34649.0,13.0,1.0
42841,True,2.0,42839.0,1.0,1.0
42853,True,2.0,42821.0,5.0,1.0
42859,True,2.0,10091.0,15.0,1.0
42859,True,2.0,34667.0,13.0,1.0
42863,True,2.0,38767.0,12.0,1.0
42863,True,2.0,42859.0,2.0,1.0
42863,True,2.0,26479.0,14.0,1.0
42899,True,2.0,38803.0,12.0,1.0
42899,True,2.0,42643.0,8.0,1.0
42901,True,2.0,10133.0,15.0,1.0
42901,True,2.0,40853.0,11.0,1.0
42901,True,2.0,42899.0,1.0,1.0
42901,True,2.0,42773.0,7.0,1.0
42923,True,2.0,42667.0,8.0,1.0
42923,True,2.0,42859.0,6.0,1.0
42923,True,2.0,26539.0,14.0,1.0
42929,True,2.0,38833.0,12.0,1.0
42937,True,2.0,42929.0,3.0,1.0
42937,True,2.0,10169.0,15.0,1.0
42943,False,,,,
42953,True,2.0,163.0,14.0,2.0
42953,True,2.0,42937.0,4.0,1.0
42953,True,2.0,42697.0,8.0,1.0
42961,True,2.0,42953.0,3.0,1.0
42961,True,2.0,10193.0,15.0,1.0
42961,True,2.0,42929.0,5.0,1.0
42967,True,2.0,42839.0,7.0,1.0
42979,True,2.0,42467.0,9.0,1.0
42979,True,2.0,10211.0,15.0,1.0
42989,False,,,,
43003,True,2.0,42491.0,9.0,1.0
43013,True,2.0,38917.0,12.0,1.0
43019,True,2.0,38923.0,12.0,1.0
43019,True,2.0,43003.0,4.0,1.0
43037,True,2.0,42013.0,10.0,1.0
43049,True,2.0,42793.0,8.0,1.0
43049,True,2.0,38953.0,12.0,1.0
43051,True,2.0,42923.0,7.0,1.0
43051,True,2.0,43019.0,5.0,1.0
43051,True,2.0,43049.0,1.0,1.0
43063,True,2.0,34871.0,13.0,1.0
43067,True,2.0,43051.0,4.0,1.0
43067,True,2.0,42043.0,10.0,1.0
43067,True,2.0,38971.0,12.0,1.0
43067,True,2.0,26683.0,14.0,1.0
43067,True,2.0,43003.0,6.0,1.0
43067,True,2.0,43063.0,2.0,1.0
43093,False,,,,
43103,False,,,,
43117,True,2.0,42989.0,7.0,1.0
43133,True,2.0,43117.0,4.0,1.0
43151,False,,,,
43159,True,2.0,10391.0,15.0,1.0
43159,True,2.0,43151.0,3.0,1.0
43177,True,2.0,43049.0,7.0,1.0
43189,True,2.0,41141.0,11.0,1.0
43189,True,2.0,42677.0,9.0,1.0
43201,True,2.0,42689.0,9.0,1.0
43201,True,2.0,10433.0,15.0,1.0
43207,False,,,,
43223,True,2.0,43159.0,6.0,1.0
43223,True,2.0,43207.0,4.0,1.0
43223,True,2.0,42967.0,8.0,1.0
43223,True,2.0,26839.0,14.0,1.0
43237,True,2.0,41189.0,11.0,1.0
43261,True,2.0,35069.0,13.0,1.0
43261,True,2.0,41213.0,11.0,1.0
43261,True,2.0,43133.0,7.0,1.0
43271,True,2.0,43207.0,6.0,1.0
43283,False,,,,
43291,True,2.0,43283.0,3.0,1.0
43291,True,2.0,35099.0,13.0,1.0
43291,True,2.0,41243.0,11.0,1.0
43313,True,2.0,39217.0,12.0,1.0
43319,True,2.0,43063.0,8.0,1.0
43321,True,2.0,35129.0,13.0,1.0
43321,True,2.0,43313.0,3.0,1.0
43321,True,2.0,43319.0,1.0,1.0
43331,True,2.0,42307.0,10.0,1.0
43331,True,2.0,26947.0,14.0,1.0
43391,False,,,,
43397,True,2.0,39301.0,12.0,1.0
43397,True,2.0,42373.0,10.0,1.0
43399,True,2.0,43391.0,3.0,1.0
43399,True,2.0,43397.0,1.0,1.0
43399,True,2.0,43271.0,7.0,1.0
43399,True,2.0,41351.0,11.0,1.0
43399,True,2.0,10631.0,15.0,1.0
43403,True,2.0,43399.0,2.0,1.0
43403,True,2.0,42379.0,10.0,1.0
43411,True,2.0,43283.0,7.0,1.0
43411,True,2.0,43403.0,3.0,1.0
43411,True,2.0,42899.0,9.0,1.0
43427,True,2.0,42403.0,10.0,1.0
43427,True,2.0,43411.0,4.0,1.0
43427,True,2.0,27043.0,14.0,1.0
43441,True,2.0,43313.0,7.0,1.0
43441,True,2.0,42929.0,9.0,1.0
43451,True,2.0,27067.0,14.0,1.0
43457,True,2.0,42433.0,10.0,1.0
43457,True,2.0,43201.0,8.0,1.0
43457,True,2.0,43441.0,4.0,1.0
43457,True,2.0,27073.0,14.0,1.0
43481,True,2.0,42457.0,10.0,1.0
43487,True,2.0,27103.0,14.0,1.0
43487,True,2.0,42463.0,10.0,1.0
43499,False,,,,
43517,True,2.0,43261.0,8.0,1.0
43541,False,,,,
43543,True,2.0,43541.0,1.0,1.0
43573,True,2.0,35381.0,13.0,1.0
43573,True,2.0,43541.0,5.0,1.0
43577,True,2.0,43321.0,8.0,1.0
43577,True,2.0,43573.0,2.0,1.0
43579,True,2.0,43577.0,1.0,1.0
43579,True,2.0,43067.0,9.0,1.0
43579,True,2.0,43451.0,7.0,1.0
43591,True,2.0,41543.0,11.0,1.0
43597,True,2.0,41549.0,11.0,1.0
43607,True,2.0,39511.0,12.0,1.0
43607,True,2.0,43591.0,4.0,1.0
43607,True,2.0,43543.0,6.0,1.0
43609,True,2.0,43607.0,1.0,1.0
43609,True,2.0,43481.0,7.0,1.0
43609,True,2.0,43577.0,5.0,1.0
43613,True,2.0,43597.0,4.0,1.0
43613,True,2.0,42589.0,10.0,1.0
43613,True,2.0,43609.0,2.0,1.0
43627,True,2.0,41579.0,11.0,1.0
43627,True,2.0,10859.0,15.0,1.0
43627,True,2.0,43499.0,7.0,1.0
43633,False,,,,
43649,True,2.0,43633.0,4.0,1.0
43651,True,2.0,10883.0,15.0,1.0
43651,True,2.0,41603.0,11.0,1.0
43651,True,2.0,43649.0,1.0,1.0
43661,True,2.0,27277.0,14.0,1.0
43661,True,2.0,43597.0,6.0,1.0
43669,True,2.0,43541.0,7.0,1.0
43669,True,2.0,41621.0,11.0,1.0
43669,True,2.0,43661.0,3.0,1.0
43691,True,2.0,42667.0,10.0,1.0
43691,True,2.0,43627.0,6.0,1.0
43711,False,,,,
43717,True,2.0,10949.0,15.0,1.0
43717,True,2.0,41669.0,11.0,1.0
43721,True,2.0,27337.0,14.0,1.0
43721,True,2.0,42697.0,10.0,1.0
43721,True,2.0,43717.0,2.0,1.0
43753,True,2.0,43721.0,5.0,1.0
43759,False,,,,
43777,True,2.0,43649.0,7.0,1.0
43777,True,2.0,41729.0,11.0,1.0
43781,True,2.0,27397.0,14.0,1.0
43781,True,2.0,43777.0,2.0,1.0
43781,True,2.0,43717.0,6.0,1.0
43783,True,2.0,43781.0,1.0,1.0
43783,True,2.0,35591.0,13.0,1.0
43783,True,2.0,43271.0,9.0,1.0
43787,True,2.0,43783.0,2.0,1.0
43789,True,2.0,43781.0,3.0,1.0
43789,True,2.0,43661.0,7.0,1.0
43789,True,2.0,43787.0,1.0,1.0
43789,True,2.0,35597.0,13.0,1.0
43793,True,2.0,27409.0,14.0,1.0
43793,True,2.0,43777.0,4.0,1.0
43793,True,2.0,43789.0,2.0,1.0
43801,True,2.0,43793.0,3.0,1.0
43853,True,2.0,42829.0,10.0,1.0
43853,True,2.0,43789.0,6.0,1.0
43853,True,2.0,43597.0,8.0,1.0
43867,False,,,,
43889,True,2.0,43633.0,8.0,1.0
43891,True,2.0,43889.0,1.0,1.0
43891,True,2.0,41843.0,11.0,1.0
43913,True,2.0,27529.0,14.0,1.0
43933,False,,,,
43943,True,2.0,39847.0,12.0,1.0
43951,True,2.0,41903.0,11.0,1.0
43951,True,2.0,43943.0,3.0,1.0
43951,True,2.0,35759.0,13.0,1.0
43961,True,2.0,42937.0,10.0,1.0
43963,True,2.0,43451.0,9.0,1.0
43963,True,2.0,35771.0,13.0,1.0
43963,True,2.0,43961.0,1.0,1.0
43969,True,2.0,43961.0,3.0,1.0
43969,True,2.0,43457.0,9.0,1.0
43973,True,2.0,43717.0,8.0,1.0
43973,True,2.0,39877.0,12.0,1.0
43973,True,2.0,43969.0,2.0,1.0
43987,False,,,,
43991,True,2.0,42967.0,10.0,1.0
43991,True,2.0,43987.0,2.0,1.0
43997,True,2.0,39901.0,12.0,1.0
43997,True,2.0,43933.0,6.0,1.0
44017,True,2.0,43889.0,7.0,1.0
44017,True,2.0,41969.0,11.0,1.0
44021,True,2.0,44017.0,2.0,1.0
44027,True,2.0,43963.0,6.0,1.0
44027,True,2.0,43003.0,10.0,1.0
44029,True,2.0,43517.0,9.0,1.0
44029,True,2.0,43997.0,5.0,1.0
44029,True,2.0,35837.0,13.0,1.0
44029,True,2.0,41981.0,11.0,1.0
44029,True,2.0,44027.0,1.0,1.0
44029,True,2.0,44021.0,3.0,1.0
44029,True,2.0,11261.0,15.0,1.0
44041,True,2.0,43913.0,7.0,1.0
44041,True,2.0,11273.0,15.0,1.0
44053,True,2.0,44021.0,5.0,1.0
44053,True,2.0,43541.0,9.0,1.0
44059,True,2.0,44027.0,5.0,1.0
44071,True,2.0,35879.0,13.0,1.0
44071,True,2.0,42023.0,11.0,1.0
44071,True,2.0,43943.0,7.0,1.0
44087,True,2.0,44071.0,4.0,1.0
44087,True,2.0,43063.0,10.0,1.0
44089,True,2.0,35897.0,13.0,1.0
44089,True,2.0,11321.0,15.0,1.0
44089,True,2.0,43577.0,9.0,1.0
44089,True,2.0,43961.0,7.0,1.0
44089,True,2.0,44087.0,1.0,1.0
44101,True,2.0,43973.0,7.0,1.0
44111,False,,,,
44119,True,2.0,43991.0,7.0,1.0
44119,True,2.0,44111.0,3.0,1.0
44119,True,2.0,44087.0,5.0,1.0
44119,True,2.0,11351.0,15.0,1.0
44119,True,2.0,42071.0,11.0,1.0
44119,True,2.0,43607.0,9.0,1.0
44123,True,2.0,44059.0,6.0,1.0
44123,True,2.0,44119.0,2.0,1.0
44123,True,2.0,27739.0,14.0,1.0
44123,True,2.0,43867.0,8.0,1.0
44129,False,,,,
44131,True,2.0,44123.0,3.0,1.0
44131,True,2.0,44129.0,1.0,1.0
44131,True,2.0,42083.0,11.0,1.0
44159,True,2.0,40063.0,12.0,1.0
44171,False,,,,
44179,True,2.0,11411.0,15.0,1.0
44179,True,2.0,44171.0,3.0,1.0
44179,True,2.0,42131.0,11.0,1.0
44189,True,2.0,40093.0,12.0,1.0
44189,True,2.0,43933.0,8.0,1.0
44201,True,2.0,27817.0,14.0,1.0
44201,True,2.0,43177.0,10.0,1.0
44203,True,2.0,44201.0,1.0,1.0
44203,True,2.0,44171.0,5.0,1.0
44203,True,2.0,43691.0,9.0,1.0
44203,True,2.0,36011.0,13.0,1.0
44207,True,2.0,27823.0,14.0,1.0
44207,True,2.0,40111.0,12.0,1.0
44207,True,2.0,44203.0,2.0,1.0
44207,True,2.0,43951.0,8.0,1.0
44221,True,2.0,44189.0,5.0,1.0
44249,True,2.0,40153.0,12.0,1.0
44257,True,2.0,44249.0,3.0,1.0
44257,True,2.0,42209.0,11.0,1.0
44257,True,2.0,11489.0,15.0,1.0
44257,True,2.0,44129.0,7.0,1.0
44263,False,,,,
44267,True,2.0,44263.0,2.0,1.0
44267,True,2.0,27883.0,14.0,1.0
44267,True,2.0,44203.0,6.0,1.0
44269,True,2.0,42221.0,11.0,1.0
44269,True,2.0,44267.0,1.0,1.0
44273,True,2.0,44017.0,8.0,1.0
44273,True,2.0,167.0,14.0,2.0
44273,True,2.0,44257.0,4.0,1.0
44273,True,2.0,44269.0,2.0,1.0
44273,True,2.0,40177.0,12.0,1.0
44279,True,2.0,44263.0,4.0,1.0
44281,True,2.0,44273.0,3.0,1.0
44281,True,2.0,44279.0,1.0,1.0
44281,True,2.0,44249.0,5.0,1.0
44293,True,2.0,43781.0,9.0,1.0
44351,True,2.0,27967.0,14.0,1.0
44357,True,2.0,44293.0,6.0,1.0
44357,True,2.0,44101.0,8.0,1.0
44371,True,2.0,42323.0,11.0,1.0
44381,True,2.0,27997.0,14.0,1.0
44383,True,2.0,44381.0,1.0,1.0
44383,True,2.0,44351.0,5.0,1.0
44383,True,2.0,36191.0,13.0,1.0
44389,True,2.0,44381.0,3.0,1.0
44389,True,2.0,11621.0,15.0,1.0
44389,True,2.0,44357.0,5.0,1.0
44417,False,,,,
44449,True,2.0,11681.0,15.0,1.0
44449,True,2.0,44417.0,5.0,1.0
44453,True,2.0,40357.0,12.0,1.0
44453,True,2.0,44449.0,2.0,1.0
44453,True,2.0,44389.0,6.0,1.0
44453,True,2.0,28069.0,14.0,1.0
44483,True,2.0,40387.0,12.0,1.0
44483,True,2.0,28099.0,14.0,1.0
44491,True,2.0,36299.0,13.0,1.0
44491,True,2.0,44483.0,3.0,1.0
44491,True,2.0,42443.0,11.0,1.0
44497,False,,,,
44501,True,2.0,44497.0,2.0,1.0
44507,True,2.0,44491.0,4.0,1.0
44507,True,2.0,28123.0,14.0,1.0
44519,True,2.0,40423.0,12.0,1.0
44519,True,2.0,44263.0,8.0,1.0
44531,False,,,,
44533,True,2.0,44021.0,9.0,1.0
44533,True,2.0,36341.0,13.0,1.0
44533,True,2.0,44501.0,5.0,1.0
44533,True,2.0,44531.0,1.0,1.0
44537,True,2.0,44281.0,8.0,1.0
44537,True,2.0,211.0,4.0,2.0
44537,True,2.0,44533.0,2.0,1.0
44543,False,,,,
44549,True,2.0,44293.0,8.0,1.0
44549,True,2.0,44533.0,4.0,1.0
44563,True,2.0,44531.0,5.0,1.0
44579,True,2.0,44563.0,4.0,1.0
44579,True,2.0,40483.0,12.0,1.0
44587,True,2.0,44579.0,3.0,1.0
44617,True,2.0,42569.0,11.0,1.0
44621,True,2.0,44617.0,2.0,1.0
44621,True,2.0,43597.0,10.0,1.0
44623,True,2.0,44111.0,9.0,1.0
44623,True,2.0,44621.0,1.0,1.0
44633,True,2.0,43609.0,10.0,1.0
44633,True,2.0,44617.0,4.0,1.0
44641,True,2.0,44129.0,9.0,1.0
44641,True,2.0,44633.0,3.0,1.0
44647,True,2.0,44519.0,7.0,1.0
44651,True,2.0,43627.0,10.0,1.0
44651,True,2.0,44587.0,6.0,1.0
44651,True,2.0,44647.0,2.0,1.0
44657,True,2.0,44641.0,4.0,1.0
44657,True,2.0,43633.0,10.0,1.0
44683,True,2.0,44171.0,9.0,1.0
44683,True,2.0,44651.0,5.0,1.0
44687,True,2.0,44623.0,6.0,1.0
44687,True,2.0,40591.0,12.0,1.0
44687,True,2.0,44683.0,2.0,1.0
44699,True,2.0,44683.0,4.0,1.0
44701,True,2.0,44189.0,9.0,1.0
44701,True,2.0,44699.0,1.0,1.0
44701,True,2.0,11933.0,15.0,1.0
44711,True,2.0,44647.0,6.0,1.0
44729,False,,,,
44741,True,2.0,43717.0,10.0,1.0
44753,True,2.0,44497.0,8.0,1.0
44771,True,2.0,28387.0,14.0,1.0
44773,True,2.0,44771.0,1.0,1.0
44773,True,2.0,44741.0,5.0,1.0
44777,True,2.0,28393.0,14.0,1.0
44777,True,2.0,43753.0,10.0,1.0
44777,True,2.0,211.0,8.0,2.0
44777,True,2.0,44773.0,2.0,1.0
44789,True,2.0,44773.0,4.0,1.0
44789,True,2.0,40693.0,12.0,1.0
44789,True,2.0,44533.0,8.0,1.0
44797,True,2.0,44789.0,3.0,1.0
44809,True,2.0,12041.0,15.0,1.0
44809,True,2.0,44777.0,5.0,1.0
44819,True,2.0,44563.0,8.0,1.0
44839,True,2.0,44711.0,7.0,1.0
44839,True,2.0,12071.0,15.0,1.0
44843,True,2.0,44587.0,8.0,1.0
44843,True,2.0,44839.0,2.0,1.0
44851,True,2.0,44843.0,3.0,1.0
44851,True,2.0,44819.0,5.0,1.0
44867,True,2.0,40771.0,12.0,1.0
44867,True,2.0,44851.0,4.0,1.0
44879,True,2.0,44623.0,8.0,1.0
44887,True,2.0,12119.0,15.0,1.0
44887,True,2.0,42839.0,11.0,1.0
44887,True,2.0,44879.0,3.0,1.0
44893,True,2.0,44381.0,9.0,1.0
44909,True,2.0,40813.0,12.0,1.0
44909,True,2.0,44893.0,4.0,1.0
44917,True,2.0,44789.0,7.0,1.0
44917,True,2.0,12149.0,15.0,1.0
44917,True,2.0,44909.0,3.0,1.0
44927,False,,,,
44939,True,2.0,44683.0,8.0,1.0
44953,True,2.0,36761.0,13.0,1.0
44959,True,2.0,36767.0,13.0,1.0
44959,True,2.0,44927.0,5.0,1.0
44963,True,2.0,28579.0,14.0,1.0
44963,True,2.0,44959.0,2.0,1.0
44963,True,2.0,40867.0,12.0,1.0
44971,True,2.0,36779.0,13.0,1.0
44971,True,2.0,44843.0,7.0,1.0
44971,True,2.0,44963.0,3.0,1.0
44971,True,2.0,42923.0,11.0,1.0
44971,True,2.0,12203.0,15.0,1.0
44971,True,2.0,44939.0,5.0,1.0
44983,True,2.0,36791.0,13.0,1.0
44987,True,2.0,44983.0,2.0,1.0
44987,True,2.0,44971.0,4.0,1.0
44987,True,2.0,43963.0,10.0,1.0
44987,True,2.0,28603.0,14.0,1.0
45007,True,2.0,44879.0,7.0,1.0
45007,True,2.0,12239.0,15.0,1.0
45013,True,2.0,44501.0,9.0,1.0
45013,True,2.0,36821.0,13.0,1.0
45053,True,2.0,44797.0,8.0,1.0
45053,True,2.0,44029.0,10.0,1.0
45053,True,2.0,28669.0,14.0,1.0
45061,True,2.0,44549.0,9.0,1.0
45061,True,2.0,43013.0,11.0,1.0
45061,True,2.0,45053.0,3.0,1.0
45077,True,2.0,44053.0,10.0,1.0
45077,True,2.0,45061.0,4.0,1.0
45077,True,2.0,45013.0,6.0,1.0
45083,True,2.0,44059.0,10.0,1.0
45119,True,2.0,41023.0,12.0,1.0
45121,True,2.0,36929.0,13.0,1.0
45121,True,2.0,45119.0,1.0,1.0
45127,True,2.0,45119.0,3.0,1.0
45131,True,2.0,45127.0,2.0,1.0
45137,True,2.0,28753.0,14.0,1.0
45137,True,2.0,45121.0,4.0,1.0
45139,True,2.0,45137.0,1.0,1.0
45139,True,2.0,36947.0,13.0,1.0
45139,True,2.0,45131.0,3.0,1.0
45161,False,,,,
45179,False,,,,
45181,True,2.0,12413.0,15.0,1.0
45181,True,2.0,45053.0,7.0,1.0
45181,True,2.0,43133.0,11.0,1.0
45181,True,2.0,45179.0,1.0,1.0
45191,True,2.0,45127.0,6.0,1.0
45191,True,2.0,28807.0,14.0,1.0
45197,True,2.0,45181.0,4.0,1.0
45197,True,2.0,28813.0,14.0,1.0
45233,False,,,,
45247,True,2.0,45119.0,7.0,1.0
45247,True,2.0,12479.0,15.0,1.0
45259,True,2.0,45131.0,7.0,1.0
45259,True,2.0,12491.0,15.0,1.0
45263,True,2.0,45247.0,4.0,1.0
45263,True,2.0,28879.0,14.0,1.0
45263,True,2.0,45007.0,8.0,1.0
45263,True,2.0,45259.0,2.0,1.0
45281,True,2.0,44257.0,10.0,1.0
45289,True,2.0,37097.0,13.0,1.0
45289,True,2.0,45281.0,3.0,1.0
45289,True,2.0,44777.0,9.0,1.0
45289,True,2.0,45161.0,7.0,1.0
45293,True,2.0,45289.0,2.0,1.0
45293,True,2.0,44269.0,10.0,1.0
45293,True,2.0,28909.0,14.0,1.0
45307,True,2.0,12539.0,15.0,1.0
45307,True,2.0,45179.0,7.0,1.0
45317,True,2.0,45061.0,8.0,1.0
45317,True,2.0,28933.0,14.0,1.0
45317,True,2.0,41221.0,12.0,1.0
45317,True,2.0,44293.0,10.0,1.0
45319,True,2.0,45317.0,1.0,1.0
45319,True,2.0,43271.0,11.0,1.0
45319,True,2.0,45191.0,7.0,1.0
45329,True,2.0,41233.0,12.0,1.0
45337,True,2.0,45329.0,3.0,1.0
45337,True,2.0,12569.0,15.0,1.0
45341,True,2.0,45337.0,2.0,1.0
45343,True,2.0,45341.0,1.0,1.0
45361,True,2.0,43313.0,11.0,1.0
45361,True,2.0,45329.0,5.0,1.0
45361,True,2.0,45233.0,7.0,1.0
45377,True,2.0,45121.0,8.0,1.0
45377,True,2.0,41281.0,12.0,1.0
45377,True,2.0,45361.0,4.0,1.0
45389,False,,,,
45403,False,,,,
45413,True,2.0,44389.0,10.0,1.0
45427,True,2.0,12659.0,15.0,1.0
45433,False,,,,
45439,True,2.0,44927.0,9.0,1.0
45439,True,2.0,12671.0,15.0,1.0
45439,True,2.0,43391.0,11.0,1.0
45481,True,2.0,12713.0,15.0,1.0
45491,True,2.0,45427.0,6.0,1.0
45497,True,2.0,45433.0,6.0,1.0
45497,True,2.0,45481.0,4.0,1.0
45503,True,2.0,45247.0,8.0,1.0
45503,True,2.0,45439.0,6.0,1.0
45523,True,2.0,45491.0,5.0,1.0
45533,False,,,,
45541,True,2.0,45533.0,3.0,1.0
45541,True,2.0,45413.0,7.0,1.0
45553,True,2.0,37361.0,13.0,1.0
45557,True,2.0,45541.0,4.0,1.0
45557,True,2.0,45553.0,2.0,1.0
45557,True,2.0,44533.0,10.0,1.0
45557,True,2.0,29173.0,14.0,1.0
45569,True,2.0,45553.0,4.0,1.0
45587,True,2.0,45523.0,6.0,1.0
45587,True,2.0,41491.0,12.0,1.0
45587,True,2.0,44563.0,10.0,1.0
45589,True,2.0,12821.0,15.0,1.0
45589,True,2.0,43541.0,11.0,1.0
45589,True,2.0,45077.0,9.0,1.0
45589,True,2.0,45587.0,1.0,1.0
45589,True,2.0,37397.0,13.0,1.0
45589,True,2.0,45557.0,5.0,1.0
45599,True,2.0,45343.0,8.0,1.0
45613,False,,,,
45631,True,2.0,45119.0,9.0,1.0
45631,True,2.0,45503.0,7.0,1.0
45631,True,2.0,45599.0,5.0,1.0
45641,True,2.0,44617.0,10.0,1.0
45659,True,2.0,45403.0,8.0,1.0
45667,True,2.0,45659.0,3.0,1.0
45667,True,2.0,12899.0,15.0,1.0
45673,True,2.0,45161.0,9.0,1.0
45673,True,2.0,45641.0,5.0,1.0
45677,True,2.0,45673.0,2.0,1.0
45677,True,2.0,45613.0,6.0,1.0
45691,True,2.0,45179.0,9.0,1.0
45691,True,2.0,45659.0,5.0,1.0
45691,True,2.0,12923.0,15.0,1.0
45697,True,2.0,43649.0,11.0,1.0
45697,True,2.0,45569.0,7.0,1.0
45707,True,2.0,45691.0,4.0,1.0
45707,True,2.0,44683.0,10.0,1.0
45707,True,2.0,41611.0,12.0,1.0
45737,True,2.0,45481.0,8.0,1.0
45737,True,2.0,41641.0,12.0,1.0
45737,True,2.0,45673.0,6.0,1.0
45751,True,2.0,12983.0,15.0,1.0
45757,False,,,,
45763,True,2.0,37571.0,13.0,1.0
45767,True,2.0,29383.0,14.0,1.0
45767,True,2.0,45763.0,2.0,1.0
45767,True,2.0,45751.0,4.0,1.0
45779,True,2.0,45763.0,4.0,1.0
45779,True,2.0,45523.0,8.0,1.0
45817,True,2.0,13049.0,15.0,1.0
45821,True,2.0,29437.0,14.0,1.0
45821,True,2.0,44797.0,10.0,1.0
45821,True,2.0,45757.0,6.0,1.0
45821,True,2.0,45817.0,2.0,1.0
45823,True,2.0,45821.0,1.0,1.0
45827,True,2.0,45763.0,6.0,1.0
45827,True,2.0,29443.0,14.0,1.0
45827,True,2.0,45823.0,2.0,1.0
45833,True,2.0,44809.0,10.0,1.0
45833,True,2.0,41737.0,12.0,1.0
45833,True,2.0,45817.0,4.0,1.0
45841,True,2.0,45329.0,9.0,1.0
45841,True,2.0,37649.0,13.0,1.0
45841,True,2.0,45833.0,3.0,1.0
45841,True,2.0,43793.0,11.0,1.0
45853,True,2.0,45821.0,5.0,1.0
45853,True,2.0,45341.0,9.0,1.0
45863,True,2.0,44839.0,10.0,1.0
45869,True,2.0,45853.0,4.0,1.0
45869,True,2.0,45613.0,8.0,1.0
45887,True,2.0,45823.0,6.0,1.0
45887,True,2.0,45631.0,8.0,1.0
45893,False,,,,
45943,False,,,,
45949,True,2.0,45821.0,7.0,1.0
45953,True,2.0,29569.0,14.0,1.0
45953,True,2.0,45697.0,8.0,1.0
45953,True,2.0,45949.0,2.0,1.0
45959,True,2.0,41863.0,12.0,1.0
45959,True,2.0,45943.0,4.0,1.0
45971,True,2.0,29587.0,14.0,1.0
45979,True,2.0,45971.0,3.0,1.0
45989,True,2.0,41893.0,12.0,1.0
46021,True,2.0,43973.0,11.0,1.0
46021,True,2.0,45989.0,5.0,1.0
46021,True,2.0,45893.0,7.0,1.0
46027,True,2.0,13259.0,15.0,1.0
46049,True,2.0,41953.0,12.0,1.0
46051,True,2.0,46049.0,1.0,1.0
46061,False,,,,
46073,True,2.0,45817.0,8.0,1.0
46091,True,2.0,46027.0,6.0,1.0
46093,True,2.0,46091.0,1.0,1.0
46093,True,2.0,46061.0,5.0,1.0
46099,True,2.0,13331.0,15.0,1.0
46099,True,2.0,45971.0,7.0,1.0
46099,True,2.0,45587.0,9.0,1.0
46099,True,2.0,46091.0,3.0,1.0
46099,True,2.0,37907.0,13.0,1.0
46103,True,2.0,46099.0,2.0,1.0
46133,False,,,,
46141,True,2.0,46133.0,3.0,1.0
46147,False,,,,
46153,True,2.0,45641.0,9.0,1.0
46171,True,2.0,44123.0,11.0,1.0
46171,True,2.0,45659.0,9.0,1.0
46181,False,,,,
46183,True,2.0,37991.0,13.0,1.0
46183,True,2.0,46181.0,1.0,1.0
46187,True,2.0,46183.0,2.0,1.0
46187,True,2.0,29803.0,14.0,1.0
46187,True,2.0,46171.0,4.0,1.0
46199,True,2.0,46183.0,4.0,1.0
46199,True,2.0,45943.0,8.0,1.0
46219,True,2.0,13451.0,15.0,1.0
46219,True,2.0,46187.0,5.0,1.0
46219,True,2.0,46091.0,7.0,1.0
46219,True,2.0,45707.0,9.0,1.0
46219,True,2.0,44171.0,11.0,1.0
46229,False,,,,
46237,True,2.0,44189.0,11.0,1.0
46237,True,2.0,46229.0,3.0,1.0
46237,True,2.0,13469.0,15.0,1.0
46261,True,2.0,46229.0,5.0,1.0
46261,True,2.0,38069.0,13.0,1.0
46261,True,2.0,46133.0,7.0,1.0
46271,True,2.0,45247.0,10.0,1.0
46273,True,2.0,46271.0,1.0,1.0
46279,True,2.0,46271.0,3.0,1.0
46279,True,2.0,45767.0,9.0,1.0
46301,True,2.0,46237.0,6.0,1.0
46301,True,2.0,29917.0,14.0,1.0
46307,True,2.0,46051.0,8.0,1.0
46309,True,2.0,46307.0,1.0,1.0
46309,True,2.0,46301.0,3.0,1.0
46309,True,2.0,46181.0,7.0,1.0
46327,True,2.0,46199.0,7.0,1.0
46327,True,2.0,44279.0,11.0,1.0
46337,True,2.0,46273.0,6.0,1.0
46349,True,2.0,46093.0,8.0,1.0
46351,True,2.0,46349.0,1.0,1.0
46381,True,2.0,46349.0,5.0,1.0
46381,True,2.0,45869.0,9.0,1.0
46381,True,2.0,13613.0,15.0,1.0
46381,True,2.0,38189.0,13.0,1.0
46399,True,2.0,45887.0,9.0,1.0
46399,True,2.0,46271.0,7.0,1.0
46399,True,2.0,44351.0,11.0,1.0
46411,True,2.0,38219.0,13.0,1.0
46439,True,2.0,46183.0,8.0,1.0
46441,True,2.0,46439.0,1.0,1.0
46447,True,2.0,46439.0,3.0,1.0
46447,True,2.0,13679.0,15.0,1.0
46451,True,2.0,46447.0,2.0,1.0
46451,True,2.0,45427.0,10.0,1.0
46457,True,2.0,45433.0,10.0,1.0
46457,True,2.0,46441.0,4.0,1.0
46471,True,2.0,46439.0,5.0,1.0
46471,True,2.0,45959.0,9.0,1.0
46477,True,2.0,13709.0,15.0,1.0
46477,True,2.0,46349.0,7.0,1.0
46489,True,2.0,46457.0,5.0,1.0
46489,True,2.0,13721.0,15.0,1.0
46499,True,2.0,42403.0,12.0,1.0
46507,True,2.0,46499.0,3.0,1.0
46511,True,2.0,46507.0,2.0,1.0
46511,True,2.0,46447.0,6.0,1.0
46523,True,2.0,30139.0,14.0,1.0
46523,True,2.0,46507.0,4.0,1.0
46549,True,2.0,13781.0,15.0,1.0
46549,True,2.0,44501.0,11.0,1.0
46559,True,2.0,42463.0,12.0,1.0
46567,True,2.0,46439.0,7.0,1.0
46567,True,2.0,46559.0,3.0,1.0
46567,True,2.0,44519.0,11.0,1.0
46567,True,2.0,13799.0,15.0,1.0
46573,True,2.0,46061.0,9.0,1.0
46589,True,2.0,46573.0,4.0,1.0
46591,True,2.0,46559.0,5.0,1.0
46591,True,2.0,46589.0,1.0,1.0
46591,True,2.0,44543.0,11.0,1.0
46601,False,,,,
46619,False,,,,
46633,True,2.0,46601.0,5.0,1.0
46639,True,2.0,46511.0,7.0,1.0
46639,True,2.0,38447.0,13.0,1.0
46643,True,2.0,30259.0,14.0,1.0
46643,True,2.0,46639.0,2.0,1.0
46649,True,2.0,46633.0,4.0,1.0
46663,False,,,,
46679,True,2.0,46663.0,4.0,1.0
46681,True,2.0,46649.0,5.0,1.0
46681,True,2.0,44633.0,11.0,1.0
46681,True,2.0,46679.0,1.0,1.0
46681,True,2.0,13913.0,15.0,1.0
46687,True,2.0,46559.0,7.0,1.0
46687,True,2.0,46679.0,3.0,1.0
46691,True,2.0,46687.0,2.0,1.0
46691,True,2.0,45667.0,10.0,1.0
46691,True,2.0,30307.0,14.0,1.0
46703,True,2.0,46687.0,4.0,1.0
46703,True,2.0,30319.0,14.0,1.0
46703,True,2.0,46639.0,6.0,1.0
46703,True,2.0,46447.0,8.0,1.0
46723,True,2.0,46691.0,5.0,1.0
46727,True,2.0,46723.0,2.0,1.0
46727,True,2.0,46471.0,8.0,1.0
46727,True,2.0,46663.0,6.0,1.0
46747,True,2.0,44699.0,11.0,1.0
46747,True,2.0,46619.0,7.0,1.0
46751,True,2.0,30367.0,14.0,1.0
46751,True,2.0,46747.0,2.0,1.0
46751,True,2.0,46687.0,6.0,1.0
46757,False,,,,
46769,False,,,,
46771,True,2.0,46769.0,1.0,1.0
46771,True,2.0,46643.0,7.0,1.0
46807,True,2.0,46679.0,7.0,1.0
46811,True,2.0,30427.0,14.0,1.0
46811,True,2.0,46747.0,6.0,1.0
46811,True,2.0,46807.0,2.0,1.0
46817,False,,,,
46819,True,2.0,46811.0,3.0,1.0
46819,True,2.0,44771.0,11.0,1.0
46819,True,2.0,46817.0,1.0,1.0
46819,True,2.0,46691.0,7.0,1.0
46819,True,2.0,14051.0,15.0,1.0
46819,True,2.0,46307.0,9.0,1.0
46829,True,2.0,46573.0,8.0,1.0
46831,True,2.0,38639.0,13.0,1.0
46831,True,2.0,46829.0,1.0,1.0
46831,True,2.0,46703.0,7.0,1.0
46853,True,2.0,30469.0,14.0,1.0
46861,True,2.0,46853.0,3.0,1.0
46861,True,2.0,46829.0,5.0,1.0
46861,True,2.0,38669.0,13.0,1.0
46861,True,2.0,46349.0,9.0,1.0
46867,True,2.0,44819.0,11.0,1.0
46877,True,2.0,30493.0,14.0,1.0
46877,True,2.0,45853.0,10.0,1.0
46877,True,2.0,46861.0,4.0,1.0
46889,True,2.0,46633.0,8.0,1.0
46889,True,2.0,42793.0,12.0,1.0
46901,True,2.0,30517.0,14.0,1.0
46919,True,2.0,46663.0,8.0,1.0
46933,True,2.0,46901.0,5.0,1.0
46957,True,2.0,44909.0,11.0,1.0
46957,True,2.0,46829.0,7.0,1.0
46993,False,,,,
46997,True,2.0,42901.0,12.0,1.0
46997,True,2.0,46933.0,6.0,1.0
46997,True,2.0,46993.0,2.0,1.0
47017,True,2.0,14249.0,15.0,1.0
47017,True,2.0,46889.0,7.0,1.0
47041,False,,,,
47051,True,2.0,46027.0,10.0,1.0
47057,True,2.0,46993.0,6.0,1.0
47057,True,2.0,47041.0,4.0,1.0
47057,True,2.0,42961.0,12.0,1.0
47059,True,2.0,47051.0,3.0,1.0
47059,True,2.0,47057.0,1.0,1.0
47059,True,2.0,38867.0,13.0,1.0
47087,True,2.0,30703.0,14.0,1.0
47087,True,2.0,46831.0,8.0,1.0
47093,False,,,,
47111,True,2.0,30727.0,14.0,1.0
47119,True,2.0,47111.0,3.0,1.0
47119,True,2.0,47087.0,5.0,1.0
47123,True,2.0,47119.0,2.0,1.0
47123,True,2.0,46099.0,10.0,1.0
47123,True,2.0,47059.0,6.0,1.0
47123,True,2.0,46867.0,8.0,1.0
47129,False,,,,
47137,True,2.0,47129.0,3.0,1.0
47137,True,2.0,14369.0,15.0,1.0
47143,True,2.0,47111.0,5.0,1.0
47147,True,2.0,47143.0,2.0,1.0
47147,True,2.0,43051.0,12.0,1.0
47147,True,2.0,30763.0,14.0,1.0
47149,True,2.0,47147.0,1.0,1.0
47161,True,2.0,46649.0,9.0,1.0
47161,True,2.0,47129.0,5.0,1.0
47189,True,2.0,46933.0,8.0,1.0
47189,True,2.0,43093.0,12.0,1.0
47207,True,2.0,47143.0,6.0,1.0
47207,True,2.0,46183.0,10.0,1.0
47221,True,2.0,47189.0,5.0,1.0
47221,True,2.0,47093.0,7.0,1.0
47237,True,2.0,47221.0,4.0,1.0
47237,True,2.0,30853.0,14.0,1.0
47251,True,2.0,47123.0,7.0,1.0
47269,True,2.0,47237.0,5.0,1.0
47269,True,2.0,46757.0,9.0,1.0
47279,False,,,,
47287,True,2.0,47279.0,3.0,1.0
47287,True,2.0,14519.0,15.0,1.0
47293,False,,,,
47297,True,2.0,46273.0,10.0,1.0
47297,True,2.0,43201.0,12.0,1.0
47297,True,2.0,47041.0,8.0,1.0
47297,True,2.0,47293.0,2.0,1.0
47303,True,2.0,43207.0,12.0,1.0
47303,True,2.0,46279.0,10.0,1.0
47303,True,2.0,47287.0,4.0,1.0
47309,True,2.0,47293.0,4.0,1.0
47317,True,2.0,47189.0,7.0,1.0
47317,True,2.0,14549.0,15.0,1.0
47317,True,2.0,47309.0,3.0,1.0
47339,False,,,,
47351,True,2.0,47287.0,6.0,1.0
47351,True,2.0,46327.0,10.0,1.0
47353,True,2.0,47351.0,1.0,1.0
47353,True,2.0,39161.0,13.0,1.0
47363,False,,,,
47381,True,2.0,47317.0,6.0,1.0
47387,True,2.0,43291.0,12.0,1.0
47389,True,2.0,47381.0,3.0,1.0
47389,True,2.0,45341.0,11.0,1.0
47389,True,2.0,14621.0,15.0,1.0
47389,True,2.0,47387.0,1.0,1.0
47389,True,2.0,46877.0,9.0,1.0
47407,True,2.0,47279.0,7.0,1.0
47407,True,2.0,14639.0,15.0,1.0
47417,True,2.0,47161.0,8.0,1.0
47417,True,2.0,31033.0,14.0,1.0
47417,True,2.0,47353.0,6.0,1.0
47417,True,2.0,43321.0,12.0,1.0
47419,True,2.0,39227.0,13.0,1.0
47419,True,2.0,47417.0,1.0,1.0
47419,True,2.0,47387.0,5.0,1.0
47431,True,2.0,47303.0,7.0,1.0
47431,True,2.0,46919.0,9.0,1.0
47431,True,2.0,39239.0,13.0,1.0
47441,False,,,,
47459,False,,,,
47491,True,2.0,47459.0,5.0,1.0
47491,True,2.0,14723.0,15.0,1.0
47491,True,2.0,47363.0,7.0,1.0
47497,False,,,,
47501,True,2.0,46477.0,10.0,1.0
47501,True,2.0,47497.0,2.0,1.0
47507,True,2.0,47491.0,4.0,1.0
47507,True,2.0,43411.0,12.0,1.0
47507,True,2.0,31123.0,14.0,1.0
47507,True,2.0,47251.0,8.0,1.0
47513,True,2.0,47497.0,4.0,1.0
47513,True,2.0,46489.0,10.0,1.0
47521,True,2.0,14753.0,15.0,1.0
47521,True,2.0,47513.0,3.0,1.0
47527,True,2.0,14759.0,15.0,1.0
47533,True,2.0,39341.0,13.0,1.0
47533,True,2.0,47501.0,5.0,1.0
47543,True,2.0,47527.0,4.0,1.0
47543,True,2.0,31159.0,14.0,1.0
47543,True,2.0,47287.0,8.0,1.0
47563,True,2.0,39371.0,13.0,1.0
47563,True,2.0,47051.0,9.0,1.0
47569,True,2.0,47441.0,7.0,1.0
47569,True,2.0,47057.0,9.0,1.0
47581,True,2.0,14813.0,15.0,1.0
47581,True,2.0,45533.0,11.0,1.0
47591,True,2.0,47527.0,6.0,1.0
47591,True,2.0,46567.0,10.0,1.0
47599,True,2.0,14831.0,15.0,1.0
47599,True,2.0,47591.0,3.0,1.0
47599,True,2.0,47087.0,9.0,1.0
47609,True,2.0,47353.0,8.0,1.0
47623,True,2.0,47591.0,5.0,1.0
47623,True,2.0,47111.0,9.0,1.0
47629,True,2.0,47501.0,7.0,1.0
47639,True,2.0,43543.0,12.0,1.0
47639,True,2.0,47623.0,4.0,1.0
47653,True,2.0,39461.0,13.0,1.0
47657,True,2.0,47653.0,2.0,1.0
47657,True,2.0,46633.0,10.0,1.0
47659,True,2.0,14891.0,15.0,1.0
47659,True,2.0,47147.0,9.0,1.0
47659,True,2.0,47657.0,1.0,1.0
47681,False,,,,
47699,False,,,,
47701,True,2.0,47189.0,9.0,1.0
47701,True,2.0,39509.0,13.0,1.0
47701,True,2.0,47699.0,1.0,1.0
47711,True,2.0,31327.0,14.0,1.0
47711,True,2.0,46687.0,10.0,1.0
47713,True,2.0,47711.0,1.0,1.0
47713,True,2.0,47681.0,5.0,1.0
47713,True,2.0,39521.0,13.0,1.0
47717,True,2.0,47701.0,4.0,1.0
47717,True,2.0,47653.0,6.0,1.0
47717,True,2.0,47713.0,2.0,1.0
47717,True,2.0,31333.0,14.0,1.0
47737,True,2.0,14969.0,15.0,1.0
47737,True,2.0,47609.0,7.0,1.0
47741,True,2.0,47737.0,2.0,1.0
47741,True,2.0,31357.0,14.0,1.0
47743,True,2.0,47741.0,1.0,1.0
47743,True,2.0,47711.0,5.0,1.0
47743,True,2.0,39551.0,13.0,1.0
47777,True,2.0,31393.0,14.0,1.0
47777,True,2.0,47713.0,6.0,1.0
47777,True,2.0,47521.0,8.0,1.0
47779,True,2.0,47777.0,1.0,1.0
47791,True,2.0,47279.0,9.0,1.0
47797,False,,,,
47807,True,2.0,43711.0,12.0,1.0
47807,True,2.0,47743.0,6.0,1.0
47807,True,2.0,47791.0,4.0,1.0
47809,True,2.0,47681.0,7.0,1.0
47809,True,2.0,47807.0,1.0,1.0
47809,True,2.0,47297.0,9.0,1.0
47809,True,2.0,47777.0,5.0,1.0
47819,True,2.0,47563.0,8.0,1.0
47837,True,2.0,47581.0,8.0,1.0
47843,True,2.0,47779.0,6.0,1.0
47843,True,2.0,46819.0,10.0,1.0
47857,False,,,,
47869,True,2.0,45821.0,11.0,1.0
47869,True,2.0,47741.0,7.0,1.0
47869,True,2.0,15101.0,15.0,1.0
47869,True,2.0,47837.0,5.0,1.0
47881,True,2.0,45833.0,11.0,1.0
47903,False,,,,
47911,True,2.0,47903.0,3.0,1.0
47911,True,2.0,39719.0,13.0,1.0
47911,True,2.0,45863.0,11.0,1.0
47917,True,2.0,45869.0,11.0,1.0
47917,True,2.0,15149.0,15.0,1.0
47933,True,2.0,47869.0,6.0,1.0
47933,True,2.0,47917.0,4.0,1.0
47939,False,,,,
47947,True,2.0,47939.0,3.0,1.0
47947,True,2.0,47819.0,7.0,1.0
47951,True,2.0,31567.0,14.0,1.0
47951,True,2.0,47947.0,2.0,1.0
47963,True,2.0,47947.0,4.0,1.0
47963,True,2.0,43867.0,12.0,1.0
47969,True,2.0,47713.0,8.0,1.0
47977,True,2.0,47969.0,3.0,1.0
47981,True,2.0,46957.0,10.0,1.0
47981,True,2.0,47917.0,6.0,1.0
47981,True,2.0,47977.0,2.0,1.0
48017,True,2.0,46993.0,10.0,1.0
48023,False,,,,
48029,True,2.0,43933.0,12.0,1.0
48049,True,2.0,48017.0,5.0,1.0
48049,True,2.0,39857.0,13.0,1.0
48073,False,,,,
48079,True,2.0,39887.0,13.0,1.0
48079,True,2.0,47951.0,7.0,1.0
48091,True,2.0,47963.0,7.0,1.0
48109,True,2.0,47981.0,7.0,1.0
48109,True,2.0,46061.0,11.0,1.0
48119,False,,,,
48121,True,2.0,48119.0,1.0,1.0
48121,True,2.0,47609.0,9.0,1.0
48121,True,2.0,39929.0,13.0,1.0
48121,True,2.0,46073.0,11.0,1.0
48131,False,,,,
48157,True,2.0,48029.0,7.0,1.0
48163,True,2.0,39971.0,13.0,1.0
48163,True,2.0,48131.0,5.0,1.0
48179,True,2.0,48163.0,4.0,1.0
48187,True,2.0,48179.0,3.0,1.0
48193,True,2.0,47681.0,9.0,1.0
48197,True,2.0,48193.0,2.0,1.0
48197,True,2.0,44101.0,12.0,1.0
48221,True,2.0,48157.0,6.0,1.0
48239,False,,,,
48247,True,2.0,48239.0,3.0,1.0
48247,True,2.0,46199.0,11.0,1.0
48247,True,2.0,48119.0,7.0,1.0
48259,True,2.0,48131.0,7.0,1.0
48271,True,2.0,48239.0,5.0,1.0
48281,False,,,,
48299,True,2.0,44203.0,12.0,1.0
48311,True,2.0,47287.0,10.0,1.0
48311,True,2.0,48247.0,6.0,1.0
48313,True,2.0,48311.0,1.0,1.0
48313,True,2.0,48281.0,5.0,1.0
48337,True,2.0,15569.0,15.0,1.0
48341,True,2.0,31957.0,14.0,1.0
48341,True,2.0,48337.0,2.0,1.0
48341,True,2.0,47317.0,10.0,1.0
48353,True,2.0,48337.0,4.0,1.0
48353,True,2.0,44257.0,12.0,1.0
48371,False,,,,
48383,False,,,,
48397,True,2.0,15629.0,15.0,1.0
48397,True,2.0,46349.0,11.0,1.0
48407,False,,,,
48409,True,2.0,48407.0,1.0,1.0
48409,True,2.0,48281.0,7.0,1.0
48409,True,2.0,15641.0,15.0,1.0
48413,True,2.0,47389.0,10.0,1.0
48413,True,2.0,48409.0,2.0,1.0
48413,True,2.0,48397.0,4.0,1.0
48413,True,2.0,32029.0,14.0,1.0
48413,True,2.0,48157.0,8.0,1.0
48437,False,,,,
48449,True,2.0,48193.0,8.0,1.0
48463,True,2.0,47951.0,9.0,1.0
48473,True,2.0,48409.0,6.0,1.0
48473,True,2.0,32089.0,14.0,1.0
48479,True,2.0,48463.0,4.0,1.0
48479,True,2.0,44383.0,12.0,1.0
48481,True,2.0,48449.0,5.0,1.0
48481,True,2.0,40289.0,13.0,1.0
48481,True,2.0,48479.0,1.0,1.0
48481,True,2.0,47969.0,9.0,1.0
48481,True,2.0,48353.0,7.0,1.0
48481,True,2.0,48473.0,3.0,1.0
48487,True,2.0,46439.0,11.0,1.0
48487,True,2.0,48479.0,3.0,1.0
48491,True,2.0,48487.0,2.0,1.0
48497,True,2.0,48481.0,4.0,1.0
48523,True,2.0,48491.0,5.0,1.0
48527,True,2.0,32143.0,14.0,1.0
48527,True,2.0,48271.0,8.0,1.0
48527,True,2.0,48463.0,6.0,1.0
48527,True,2.0,48523.0,2.0,1.0
48533,False,,,,
48539,True,2.0,48523.0,4.0,1.0
48541,True,2.0,48539.0,1.0,1.0
48541,True,2.0,15773.0,15.0,1.0
48541,True,2.0,48413.0,7.0,1.0
48541,True,2.0,48533.0,3.0,1.0
48541,True,2.0,48029.0,9.0,1.0
48563,False,,,,
48571,True,2.0,48539.0,5.0,1.0
48571,True,2.0,15803.0,15.0,1.0
48571,True,2.0,46523.0,11.0,1.0
48571,True,2.0,48563.0,3.0,1.0
48589,False,,,,
48593,True,2.0,44497.0,12.0,1.0
48593,True,2.0,48337.0,8.0,1.0
48593,True,2.0,47569.0,10.0,1.0
48593,True,2.0,48589.0,2.0,1.0
48611,False,,,,
48619,True,2.0,48491.0,7.0,1.0
48619,True,2.0,48611.0,3.0,1.0
48619,True,2.0,40427.0,13.0,1.0
48623,True,2.0,48619.0,2.0,1.0
48623,True,2.0,47599.0,10.0,1.0
48647,True,2.0,47623.0,10.0,1.0
48649,True,2.0,15881.0,15.0,1.0
48649,True,2.0,48647.0,1.0,1.0
48649,True,2.0,46601.0,11.0,1.0
48661,True,2.0,48533.0,7.0,1.0
48673,False,,,,
48677,True,2.0,47653.0,10.0,1.0
48677,True,2.0,48673.0,2.0,1.0
48677,True,2.0,48661.0,4.0,1.0
48679,True,2.0,40487.0,13.0,1.0
48679,True,2.0,48647.0,5.0,1.0
48679,True,2.0,48677.0,1.0,1.0
48731,False,,,,
48733,True,2.0,48221.0,9.0,1.0
48733,True,2.0,48731.0,1.0,1.0
48751,True,2.0,48623.0,7.0,1.0
48751,True,2.0,40559.0,13.0,1.0
48751,True,2.0,46703.0,11.0,1.0
48751,True,2.0,48239.0,9.0,1.0
48757,False,,,,
48761,True,2.0,47737.0,10.0,1.0
48761,True,2.0,32377.0,14.0,1.0
48761,True,2.0,48757.0,2.0,1.0
48767,True,2.0,48751.0,4.0,1.0
48767,True,2.0,47743.0,10.0,1.0
48779,True,2.0,48523.0,8.0,1.0
48779,True,2.0,44683.0,12.0,1.0
48781,True,2.0,48779.0,1.0,1.0
48787,True,2.0,48779.0,3.0,1.0
48799,True,2.0,48767.0,5.0,1.0
48799,True,2.0,46751.0,11.0,1.0
48809,False,,,,
48817,True,2.0,46769.0,11.0,1.0
48817,True,2.0,48809.0,3.0,1.0
48821,True,2.0,47797.0,10.0,1.0
48821,True,2.0,48817.0,2.0,1.0
48821,True,2.0,48757.0,6.0,1.0
48823,True,2.0,48821.0,1.0,1.0
48823,True,2.0,48311.0,9.0,1.0
48847,False,,,,
48857,False,,,,
48859,True,2.0,48731.0,7.0,1.0
48859,True,2.0,46811.0,11.0,1.0
48859,True,2.0,48857.0,1.0,1.0
48859,True,2.0,16091.0,15.0,1.0
48869,True,2.0,44773.0,12.0,1.0
48871,True,2.0,16103.0,15.0,1.0
48871,True,2.0,48869.0,1.0,1.0
48883,True,2.0,48371.0,9.0,1.0
48889,True,2.0,48761.0,7.0,1.0
48889,True,2.0,40697.0,13.0,1.0
48889,True,2.0,48857.0,5.0,1.0
48907,True,2.0,16139.0,15.0,1.0
48907,True,2.0,48779.0,7.0,1.0
48947,True,2.0,32563.0,14.0,1.0
48947,True,2.0,44851.0,12.0,1.0
48947,True,2.0,48883.0,6.0,1.0
48953,True,2.0,32569.0,14.0,1.0
48953,True,2.0,48889.0,6.0,1.0
48973,False,,,,
48989,True,2.0,48733.0,8.0,1.0
48989,True,2.0,48973.0,4.0,1.0
48989,True,2.0,44893.0,12.0,1.0
48991,True,2.0,48479.0,9.0,1.0
48991,True,2.0,48989.0,1.0,1.0
48991,True,2.0,16223.0,15.0,1.0
49003,True,2.0,48491.0,9.0,1.0
49009,True,2.0,48497.0,9.0,1.0
49019,True,2.0,49003.0,4.0,1.0
49031,True,2.0,32647.0,14.0,1.0
49033,True,2.0,40841.0,13.0,1.0
49033,True,2.0,49031.0,1.0,1.0
49037,True,2.0,49033.0,2.0,1.0
49037,True,2.0,48781.0,8.0,1.0
49037,True,2.0,48973.0,6.0,1.0
49037,True,2.0,32653.0,14.0,1.0
49043,True,2.0,48787.0,8.0,1.0
49057,False,,,,
49069,True,2.0,49037.0,5.0,1.0
49069,True,2.0,16301.0,15.0,1.0
49081,True,2.0,48953.0,7.0,1.0
49103,True,2.0,32719.0,14.0,1.0
49103,True,2.0,48847.0,8.0,1.0
49103,True,2.0,48079.0,10.0,1.0
49103,True,2.0,45007.0,12.0,1.0
49109,True,2.0,45013.0,12.0,1.0
49117,True,2.0,16349.0,15.0,1.0
49117,True,2.0,48989.0,7.0,1.0
49117,True,2.0,49109.0,3.0,1.0
49121,True,2.0,49057.0,6.0,1.0
49121,True,2.0,49117.0,2.0,1.0
49123,True,2.0,49121.0,1.0,1.0
49123,True,2.0,48611.0,9.0,1.0
49139,True,2.0,48883.0,8.0,1.0
49139,True,2.0,49123.0,4.0,1.0
49157,True,2.0,45061.0,12.0,1.0
49169,False,,,,
49171,True,2.0,49139.0,5.0,1.0
49171,True,2.0,47123.0,11.0,1.0
49171,True,2.0,49169.0,1.0,1.0
49171,True,2.0,49043.0,7.0,1.0
49177,True,2.0,47129.0,11.0,1.0
49177,True,2.0,49169.0,3.0,1.0
49193,True,2.0,49177.0,4.0,1.0
49199,False,,,,
49201,True,2.0,16433.0,15.0,1.0
49201,True,2.0,49193.0,3.0,1.0
49201,True,2.0,49199.0,1.0,1.0
49201,True,2.0,49169.0,5.0,1.0
49207,True,2.0,49199.0,3.0,1.0
49211,True,2.0,48187.0,10.0,1.0
49211,True,2.0,49207.0,2.0,1.0
49223,True,2.0,49207.0,4.0,1.0
49223,True,2.0,45127.0,12.0,1.0
49223,True,2.0,32839.0,14.0,1.0
49253,True,2.0,32869.0,14.0,1.0
49261,True,2.0,16493.0,15.0,1.0
49261,True,2.0,49253.0,3.0,1.0
49277,True,2.0,45181.0,12.0,1.0
49277,True,2.0,49261.0,4.0,1.0
49279,True,2.0,49277.0,1.0,1.0
49279,True,2.0,48767.0,9.0,1.0
49297,True,2.0,16529.0,15.0,1.0
49297,True,2.0,49169.0,7.0,1.0
49307,False,,,,
49331,False,,,,
49333,True,2.0,48821.0,9.0,1.0
49333,True,2.0,41141.0,13.0,1.0
49333,True,2.0,49331.0,1.0,1.0
49339,True,2.0,49211.0,7.0,1.0
49339,True,2.0,49307.0,5.0,1.0
49339,True,2.0,49331.0,3.0,1.0
49363,True,2.0,49331.0,5.0,1.0
49367,True,2.0,49363.0,2.0,1.0
49367,True,2.0,32983.0,14.0,1.0
49369,True,2.0,41177.0,13.0,1.0
49369,True,2.0,49367.0,1.0,1.0
49369,True,2.0,48857.0,9.0,1.0
49391,False,,,,
49393,True,2.0,41201.0,13.0,1.0
49393,True,2.0,49391.0,1.0,1.0
49409,True,2.0,49393.0,4.0,1.0
49411,True,2.0,47363.0,11.0,1.0
49411,True,2.0,49409.0,1.0,1.0
49417,True,2.0,16649.0,15.0,1.0
49417,True,2.0,49409.0,3.0,1.0
49429,True,2.0,16661.0,15.0,1.0
49429,True,2.0,47381.0,11.0,1.0
49433,True,2.0,45337.0,12.0,1.0
49433,True,2.0,49417.0,4.0,1.0
49433,True,2.0,49429.0,2.0,1.0
49433,True,2.0,48409.0,10.0,1.0
49433,True,2.0,33049.0,14.0,1.0
49433,True,2.0,49177.0,8.0,1.0
49433,True,2.0,49369.0,6.0,1.0
49451,False,,,,
49459,True,2.0,49451.0,3.0,1.0
49459,True,2.0,49331.0,7.0,1.0
49459,True,2.0,16691.0,15.0,1.0
49459,True,2.0,48947.0,9.0,1.0
49463,True,2.0,49207.0,8.0,1.0
49463,True,2.0,49459.0,2.0,1.0
49477,False,,,,
49481,True,2.0,49417.0,6.0,1.0
49481,True,2.0,49477.0,2.0,1.0
49499,True,2.0,45403.0,12.0,1.0
49523,True,2.0,49459.0,6.0,1.0
49523,True,2.0,45427.0,12.0,1.0
49529,True,2.0,45433.0,12.0,1.0
49531,True,2.0,16763.0,15.0,1.0
49531,True,2.0,49529.0,1.0,1.0
49531,True,2.0,49019.0,9.0,1.0
49531,True,2.0,49499.0,5.0,1.0
49531,True,2.0,49523.0,3.0,1.0
49537,True,2.0,49409.0,7.0,1.0
49537,True,2.0,49529.0,3.0,1.0
49547,True,2.0,48523.0,10.0,1.0
49547,True,2.0,49531.0,4.0,1.0
49549,True,2.0,49037.0,9.0,1.0
49549,True,2.0,41357.0,13.0,1.0
49549,True,2.0,47501.0,11.0,1.0
49549,True,2.0,49547.0,1.0,1.0
49559,False,,,,
49597,True,2.0,16829.0,15.0,1.0
49603,True,2.0,41411.0,13.0,1.0
49613,True,2.0,49597.0,4.0,1.0
49613,True,2.0,48589.0,10.0,1.0
49613,True,2.0,49549.0,6.0,1.0
49627,True,2.0,49499.0,7.0,1.0
49633,True,2.0,49121.0,9.0,1.0
49639,True,2.0,16871.0,15.0,1.0
49639,True,2.0,47591.0,11.0,1.0
49663,False,,,,
49667,True,2.0,49411.0,8.0,1.0
49667,True,2.0,49663.0,2.0,1.0
49667,True,2.0,49603.0,6.0,1.0
49669,True,2.0,16901.0,15.0,1.0
49669,True,2.0,49157.0,9.0,1.0
49669,True,2.0,49667.0,1.0,1.0
49681,True,2.0,49169.0,9.0,1.0
49697,True,2.0,48673.0,10.0,1.0
49697,True,2.0,49633.0,6.0,1.0
49697,True,2.0,49681.0,4.0,1.0
49711,True,2.0,16943.0,15.0,1.0
49711,True,2.0,41519.0,13.0,1.0
49711,True,2.0,49199.0,9.0,1.0
49727,True,2.0,33343.0,14.0,1.0
49727,True,2.0,49711.0,4.0,1.0
49727,True,2.0,49663.0,6.0,1.0
49727,True,2.0,45631.0,12.0,1.0
49739,False,,,,
49741,True,2.0,49739.0,1.0,1.0
49741,True,2.0,41549.0,13.0,1.0
49741,True,2.0,49613.0,7.0,1.0
49747,True,2.0,49739.0,3.0,1.0
49747,True,2.0,47699.0,11.0,1.0
49747,True,2.0,16979.0,15.0,1.0
49757,True,2.0,49741.0,4.0,1.0
49757,True,2.0,48733.0,10.0,1.0
49783,False,,,,
49787,True,2.0,45691.0,12.0,1.0
49787,True,2.0,33403.0,14.0,1.0
49787,True,2.0,49531.0,8.0,1.0
49787,True,2.0,49783.0,2.0,1.0
49789,True,2.0,49277.0,9.0,1.0
49789,True,2.0,49787.0,1.0,1.0
49789,True,2.0,17021.0,15.0,1.0
49789,True,2.0,47741.0,11.0,1.0
49789,True,2.0,41597.0,13.0,1.0
49789,True,2.0,49757.0,5.0,1.0
49801,True,2.0,41609.0,13.0,1.0
49801,True,2.0,17033.0,15.0,1.0
49807,False,,,,
49811,True,2.0,48787.0,10.0,1.0
49811,True,2.0,49747.0,6.0,1.0
49811,True,2.0,33427.0,14.0,1.0
49811,True,2.0,49807.0,2.0,1.0
49823,True,2.0,48799.0,10.0,1.0
49823,True,2.0,49807.0,4.0,1.0
49831,True,2.0,49823.0,3.0,1.0
49843,True,2.0,41651.0,13.0,1.0
49843,True,2.0,49811.0,5.0,1.0
49843,True,2.0,49331.0,9.0,1.0
49853,True,2.0,45757.0,12.0,1.0
49853,True,2.0,49789.0,6.0,1.0
49853,True,2.0,49597.0,8.0,1.0
49853,True,2.0,33469.0,14.0,1.0
49871,True,2.0,48847.0,10.0,1.0
49871,True,2.0,49807.0,6.0,1.0
49871,True,2.0,33487.0,14.0,1.0
49877,True,2.0,33493.0,14.0,1.0
49891,True,2.0,47843.0,11.0,1.0
49891,True,2.0,17123.0,15.0,1.0
49919,True,2.0,49663.0,8.0,1.0
49919,True,2.0,45823.0,12.0,1.0
49921,True,2.0,41729.0,13.0,1.0
49921,True,2.0,49409.0,9.0,1.0
49921,True,2.0,49919.0,1.0,1.0
49927,True,2.0,17159.0,15.0,1.0
49927,True,2.0,49919.0,3.0,1.0
49937,True,2.0,45841.0,12.0,1.0
49937,True,2.0,49921.0,4.0,1.0
49937,True,2.0,49681.0,8.0,1.0
49939,True,2.0,49811.0,7.0,1.0
49939,True,2.0,49937.0,1.0,1.0
49943,True,2.0,49939.0,2.0,1.0
49943,True,2.0,49927.0,4.0,1.0
49957,True,2.0,17189.0,15.0,1.0
49991,True,2.0,49927.0,6.0,1.0
49993,True,2.0,49481.0,9.0,1.0
49993,True,2.0,41801.0,13.0,1.0
49993,True,2.0,49991.0,1.0,1.0
49999,True,2.0,47951.0,11.0,1.0
49999,True,2.0,17231.0,15.0,1.0
49999,True,2.0,49991.0,3.0,1.0
49999,True,2.0,49871.0,7.0,1.0
50021,True,2.0,33637.0,14.0,1.0
50021,True,2.0,49957.0,6.0,1.0
50023,True,2.0,49991.0,5.0,1.0
50023,True,2.0,50021.0,1.0,1.0
50033,True,2.0,49009.0,10.0,1.0
50047,True,2.0,49919.0,7.0,1.0
50051,True,2.0,50047.0,2.0,1.0
50053,True,2.0,50051.0,1.0,1.0
50053,True,2.0,50021.0,5.0,1.0
50069,True,2.0,50053.0,4.0,1.0
50077,True,2.0,48029.0,11.0,1.0
50077,True,2.0,50069.0,3.0,1.0
50087,True,2.0,49831.0,8.0,1.0
50087,True,2.0,33703.0,14.0,1.0
50087,True,2.0,50023.0,6.0,1.0
50093,True,2.0,49069.0,10.0,1.0
50093,True,2.0,50077.0,4.0,1.0
50101,True,2.0,50069.0,5.0,1.0
50101,True,2.0,17333.0,15.0,1.0
50101,True,2.0,50093.0,3.0,1.0
50111,True,2.0,50047.0,6.0,1.0
50119,True,2.0,50111.0,3.0,1.0
50119,True,2.0,49991.0,7.0,1.0
50119,True,2.0,17351.0,15.0,1.0
50119,True,2.0,41927.0,13.0,1.0
50119,True,2.0,50087.0,5.0,1.0
50123,True,2.0,33739.0,14.0,1.0
50123,True,2.0,50119.0,2.0,1.0
50123,True,2.0,46027.0,12.0,1.0
50129,False,,,,
50131,True,2.0,50123.0,3.0,1.0
50131,True,2.0,50129.0,1.0,1.0
50147,True,2.0,46051.0,12.0,1.0
50147,True,2.0,49123.0,10.0,1.0
50147,True,2.0,50131.0,4.0,1.0
50147,True,2.0,49891.0,8.0,1.0
50153,True,2.0,33769.0,14.0,1.0
50159,False,,,,
50177,True,2.0,49921.0,8.0,1.0
50207,False,,,,
50221,True,2.0,50093.0,7.0,1.0
50227,True,2.0,48179.0,11.0,1.0
50231,True,2.0,49207.0,10.0,1.0
50231,True,2.0,50227.0,2.0,1.0
50261,False,,,,
50263,True,2.0,50261.0,1.0,1.0
50263,True,2.0,42071.0,13.0,1.0
50263,True,2.0,50231.0,5.0,1.0
50273,True,2.0,33889.0,14.0,1.0
50287,True,2.0,17519.0,15.0,1.0
50287,True,2.0,48239.0,11.0,1.0
50287,True,2.0,50159.0,7.0,1.0
50291,True,2.0,50227.0,6.0,1.0
50291,True,2.0,50287.0,2.0,1.0
50311,False,,,,
50321,True,2.0,49297.0,10.0,1.0
50321,True,2.0,33937.0,14.0,1.0
50329,True,2.0,50321.0,3.0,1.0
50329,True,2.0,48281.0,11.0,1.0
50333,True,2.0,46237.0,12.0,1.0
50333,True,2.0,50329.0,2.0,1.0
50333,True,2.0,50077.0,8.0,1.0
50341,True,2.0,50333.0,3.0,1.0
50341,True,2.0,17573.0,15.0,1.0
50359,True,2.0,50231.0,7.0,1.0
50359,True,2.0,48311.0,11.0,1.0
50363,True,2.0,50359.0,2.0,1.0
50363,True,2.0,49339.0,10.0,1.0
50377,True,2.0,17609.0,15.0,1.0
50383,True,2.0,49871.0,9.0,1.0
50387,True,2.0,50131.0,8.0,1.0
50387,True,2.0,49363.0,10.0,1.0
50387,True,2.0,50383.0,2.0,1.0
50411,False,,,,
50417,True,2.0,49393.0,10.0,1.0
50417,True,2.0,34033.0,14.0,1.0
50423,True,2.0,46327.0,12.0,1.0
50423,True,2.0,50359.0,6.0,1.0
50423,True,2.0,34039.0,14.0,1.0
50441,True,2.0,34057.0,14.0,1.0
50441,True,2.0,50377.0,6.0,1.0
50441,True,2.0,49417.0,10.0,1.0
50459,False,,,,
50461,True,2.0,50333.0,7.0,1.0
50461,True,2.0,48413.0,11.0,1.0
50461,True,2.0,50459.0,1.0,1.0
50497,True,2.0,48449.0,11.0,1.0
50497,True,2.0,17729.0,15.0,1.0
50503,True,2.0,49991.0,9.0,1.0
50513,True,2.0,34129.0,14.0,1.0
50513,True,2.0,50497.0,4.0,1.0
50527,True,2.0,48479.0,11.0,1.0
50539,True,2.0,50411.0,7.0,1.0
50539,True,2.0,48491.0,11.0,1.0
50543,True,2.0,50539.0,2.0,1.0
50543,True,2.0,34159.0,14.0,1.0
50543,True,2.0,50287.0,8.0,1.0
50543,True,2.0,46447.0,12.0,1.0
50543,True,2.0,50527.0,4.0,1.0
50549,False,,,,
50551,True,2.0,42359.0,13.0,1.0
50551,True,2.0,50543.0,3.0,1.0
50551,True,2.0,50423.0,7.0,1.0
50551,True,2.0,50549.0,1.0,1.0
50551,True,2.0,17783.0,15.0,1.0
50581,True,2.0,50549.0,5.0,1.0
50581,True,2.0,48533.0,11.0,1.0
50581,True,2.0,50069.0,9.0,1.0
50587,True,2.0,50459.0,7.0,1.0
50587,True,2.0,48539.0,11.0,1.0
50591,True,2.0,50587.0,2.0,1.0
50591,True,2.0,50527.0,6.0,1.0
50593,True,2.0,50591.0,1.0,1.0
50599,True,2.0,42407.0,13.0,1.0
50599,True,2.0,50087.0,9.0,1.0
50599,True,2.0,50591.0,3.0,1.0
50627,True,2.0,49603.0,10.0,1.0
50647,False,,,,
50651,True,2.0,49627.0,10.0,1.0
50651,True,2.0,50587.0,6.0,1.0
50651,True,2.0,34267.0,14.0,1.0
50651,True,2.0,50647.0,2.0,1.0
50671,True,2.0,48623.0,11.0,1.0
50671,True,2.0,50543.0,7.0,1.0
50671,True,2.0,17903.0,15.0,1.0
50671,True,2.0,50159.0,9.0,1.0
50683,True,2.0,42491.0,13.0,1.0
50683,True,2.0,50651.0,5.0,1.0
50707,True,2.0,17939.0,15.0,1.0
50723,True,2.0,50707.0,4.0,1.0
50741,False,,,,
50753,True,2.0,223.0,10.0,2.0
50753,True,2.0,34369.0,14.0,1.0
50753,True,2.0,50497.0,8.0,1.0
50767,False,,,,
50773,True,2.0,50741.0,5.0,1.0
50773,True,2.0,50261.0,9.0,1.0
50777,True,2.0,50773.0,2.0,1.0
50777,True,2.0,46681.0,12.0,1.0
50789,True,2.0,50773.0,4.0,1.0
50821,True,2.0,50789.0,5.0,1.0
50833,True,2.0,50321.0,9.0,1.0
50833,True,2.0,42641.0,13.0,1.0
50839,False,,,,
50849,True,2.0,50833.0,4.0,1.0
50849,True,2.0,50593.0,8.0,1.0
50857,True,2.0,50849.0,3.0,1.0
50857,True,2.0,18089.0,15.0,1.0
50857,True,2.0,48809.0,11.0,1.0
50867,True,2.0,46771.0,12.0,1.0
50867,True,2.0,49843.0,10.0,1.0
50867,True,2.0,34483.0,14.0,1.0
50873,True,2.0,50857.0,4.0,1.0
50891,False,,,,
50893,True,2.0,50891.0,1.0,1.0
50893,True,2.0,42701.0,13.0,1.0
50909,True,2.0,37.0,8.0,3.0
50909,True,2.0,50893.0,4.0,1.0
50923,True,2.0,50411.0,9.0,1.0
50923,True,2.0,50891.0,5.0,1.0
50929,True,2.0,42737.0,13.0,1.0
50929,True,2.0,50417.0,9.0,1.0
50951,True,2.0,49927.0,10.0,1.0
50957,True,2.0,46861.0,12.0,1.0
50957,True,2.0,50893.0,6.0,1.0
50969,False,,,,
50971,True,2.0,50969.0,1.0,1.0
50971,True,2.0,50459.0,9.0,1.0
50989,True,2.0,42797.0,13.0,1.0
50989,True,2.0,50957.0,5.0,1.0
50993,True,2.0,50989.0,2.0,1.0
50993,True,2.0,50929.0,6.0,1.0
51001,True,2.0,50993.0,3.0,1.0
51001,True,2.0,48953.0,11.0,1.0
51001,True,2.0,50969.0,5.0,1.0
51001,True,2.0,18233.0,15.0,1.0
51001,True,2.0,50873.0,7.0,1.0
51031,True,2.0,42839.0,13.0,1.0
51043,False,,,,
51047,True,2.0,51031.0,4.0,1.0
51047,True,2.0,51043.0,2.0,1.0
51047,True,2.0,50023.0,10.0,1.0
51059,True,2.0,51043.0,4.0,1.0
51061,True,2.0,50549.0,9.0,1.0
51061,True,2.0,51059.0,1.0,1.0
51071,True,2.0,50047.0,10.0,1.0
51071,True,2.0,34687.0,14.0,1.0
51109,True,2.0,18341.0,15.0,1.0
51131,True,2.0,34747.0,14.0,1.0
51133,True,2.0,51131.0,1.0,1.0
51137,True,2.0,51133.0,2.0,1.0
51137,True,2.0,47041.0,12.0,1.0
51151,True,2.0,49103.0,11.0,1.0
51157,True,2.0,49109.0,11.0,1.0
51169,True,2.0,49121.0,11.0,1.0
51169,True,2.0,18401.0,15.0,1.0
51169,True,2.0,51137.0,5.0,1.0
51193,False,,,,
51197,True,2.0,51193.0,2.0,1.0
51197,True,2.0,51133.0,6.0,1.0
51199,True,2.0,51197.0,1.0,1.0
51199,True,2.0,51071.0,7.0,1.0
51203,True,2.0,34819.0,14.0,1.0
51203,True,2.0,51199.0,2.0,1.0
51217,True,2.0,49169.0,11.0,1.0
51229,True,2.0,51197.0,5.0,1.0
51229,True,2.0,18461.0,15.0,1.0
51229,True,2.0,43037.0,13.0,1.0
51239,True,2.0,47143.0,12.0,1.0
51241,True,2.0,51239.0,1.0,1.0
51241,True,2.0,49193.0,11.0,1.0
51241,True,2.0,43049.0,13.0,1.0
51257,True,2.0,51001.0,8.0,1.0
51257,True,2.0,51241.0,4.0,1.0
51257,True,2.0,51193.0,6.0,1.0
51257,True,2.0,47161.0,12.0,1.0
51263,True,2.0,51199.0,6.0,1.0
51283,False,,,,
51287,True,2.0,50263.0,10.0,1.0
51287,True,2.0,51283.0,2.0,1.0
51287,True,2.0,51031.0,8.0,1.0
51307,True,2.0,18539.0,15.0,1.0
51329,False,,,,
51341,False,,,,
51343,True,2.0,43151.0,13.0,1.0
51343,True,2.0,51341.0,1.0,1.0
51347,True,2.0,51283.0,6.0,1.0
51347,True,2.0,34963.0,14.0,1.0
51347,True,2.0,51343.0,2.0,1.0
51347,True,2.0,47251.0,12.0,1.0
51349,True,2.0,51341.0,3.0,1.0
51349,True,2.0,51347.0,1.0,1.0
51361,True,2.0,50849.0,9.0,1.0
51361,True,2.0,51329.0,5.0,1.0
51361,True,2.0,18593.0,15.0,1.0
51383,True,2.0,47287.0,12.0,1.0
51383,True,2.0,50359.0,10.0,1.0
51407,True,2.0,35023.0,14.0,1.0
51407,True,2.0,51343.0,6.0,1.0
51407,True,2.0,50383.0,10.0,1.0
51407,True,2.0,51151.0,8.0,1.0
51413,True,2.0,51157.0,8.0,1.0
51413,True,2.0,47317.0,12.0,1.0
51413,True,2.0,51349.0,6.0,1.0
51419,False,,,,
51421,True,2.0,51413.0,3.0,1.0
51421,True,2.0,50909.0,9.0,1.0
51421,True,2.0,51419.0,1.0,1.0
51427,True,2.0,51419.0,3.0,1.0
51431,True,2.0,51427.0,2.0,1.0
51437,True,2.0,51421.0,4.0,1.0
51437,True,2.0,35053.0,14.0,1.0
51439,True,2.0,49391.0,11.0,1.0
51439,True,2.0,51437.0,1.0,1.0
51439,True,2.0,51407.0,5.0,1.0
51439,True,2.0,18671.0,15.0,1.0
51439,True,2.0,51431.0,3.0,1.0
51449,True,2.0,47353.0,12.0,1.0
51449,True,2.0,51193.0,8.0,1.0
51461,False,,,,
51473,True,2.0,35089.0,14.0,1.0
51473,True,2.0,51217.0,8.0,1.0
51479,False,,,,
51481,True,2.0,51479.0,1.0,1.0
51481,True,2.0,51449.0,5.0,1.0
51481,True,2.0,50969.0,9.0,1.0
51481,True,2.0,49433.0,11.0,1.0
51481,True,2.0,18713.0,15.0,1.0
51481,True,2.0,51473.0,3.0,1.0
51487,True,2.0,51479.0,3.0,1.0
51487,True,2.0,18719.0,15.0,1.0
51503,True,2.0,51487.0,4.0,1.0
51503,True,2.0,47407.0,12.0,1.0
51503,True,2.0,51439.0,6.0,1.0
51511,True,2.0,43319.0,13.0,1.0
51511,True,2.0,18743.0,15.0,1.0
51511,True,2.0,51383.0,7.0,1.0
51511,True,2.0,49463.0,11.0,1.0
51511,True,2.0,51479.0,5.0,1.0
51511,True,2.0,51503.0,3.0,1.0
51517,True,2.0,18749.0,15.0,1.0
51521,True,2.0,50497.0,10.0,1.0
51521,True,2.0,51517.0,2.0,1.0
51539,True,2.0,51283.0,8.0,1.0
51551,True,2.0,50527.0,10.0,1.0
51551,True,2.0,51487.0,6.0,1.0
51563,True,2.0,50539.0,10.0,1.0
51563,True,2.0,51307.0,8.0,1.0
51577,True,2.0,51449.0,7.0,1.0
51577,True,2.0,49529.0,11.0,1.0
51581,True,2.0,51577.0,2.0,1.0
51581,True,2.0,51517.0,6.0,1.0
51593,True,2.0,227.0,6.0,2.0
51593,True,2.0,51577.0,4.0,1.0
51593,True,2.0,47497.0,12.0,1.0
51599,True,2.0,51343.0,8.0,1.0
51607,True,2.0,51479.0,7.0,1.0
51607,True,2.0,18839.0,15.0,1.0
51607,True,2.0,51599.0,3.0,1.0
51607,True,2.0,49559.0,11.0,1.0
51613,True,2.0,51581.0,5.0,1.0
51631,True,2.0,51599.0,5.0,1.0
51631,True,2.0,51503.0,7.0,1.0
51637,True,2.0,18869.0,15.0,1.0
51647,True,2.0,51631.0,4.0,1.0
51659,True,2.0,47563.0,12.0,1.0
51673,True,2.0,43481.0,13.0,1.0
51679,True,2.0,51647.0,5.0,1.0
51679,True,2.0,43487.0,13.0,1.0
51679,True,2.0,51551.0,7.0,1.0
51679,True,2.0,18911.0,15.0,1.0
51683,True,2.0,51427.0,8.0,1.0
51683,True,2.0,51679.0,2.0,1.0
51691,True,2.0,51659.0,5.0,1.0
51691,True,2.0,43499.0,13.0,1.0
51691,True,2.0,51563.0,7.0,1.0
51691,True,2.0,51683.0,3.0,1.0
51713,False,,,,
51719,True,2.0,47623.0,12.0,1.0
51721,True,2.0,51713.0,3.0,1.0
51721,True,2.0,51719.0,1.0,1.0
51721,True,2.0,51593.0,7.0,1.0
51749,True,2.0,47653.0,12.0,1.0
51767,True,2.0,51511.0,8.0,1.0
51769,True,2.0,51257.0,9.0,1.0
51769,True,2.0,51767.0,1.0,1.0
51769,True,2.0,43577.0,13.0,1.0
51769,True,2.0,19001.0,15.0,1.0
51787,True,2.0,51659.0,7.0,1.0
51787,True,2.0,49739.0,11.0,1.0
51797,True,2.0,50773.0,10.0,1.0
51797,True,2.0,47701.0,12.0,1.0
51803,True,2.0,35419.0,14.0,1.0
51803,True,2.0,51787.0,4.0,1.0
51817,False,,,,
51827,False,,,,
51829,True,2.0,51827.0,1.0,1.0
51829,True,2.0,51797.0,5.0,1.0
51839,True,2.0,47743.0,12.0,1.0
51853,True,2.0,43661.0,13.0,1.0
51853,True,2.0,51341.0,9.0,1.0
51859,True,2.0,51347.0,9.0,1.0
51859,True,2.0,51827.0,5.0,1.0
51859,True,2.0,49811.0,11.0,1.0
51869,True,2.0,51613.0,8.0,1.0
51869,True,2.0,51853.0,4.0,1.0
51871,True,2.0,49823.0,11.0,1.0
51871,True,2.0,51869.0,1.0,1.0
51871,True,2.0,51839.0,5.0,1.0
51893,True,2.0,47797.0,12.0,1.0
51893,True,2.0,35509.0,14.0,1.0
51893,True,2.0,51829.0,6.0,1.0
51893,True,2.0,51637.0,8.0,1.0
51899,False,,,,
51907,True,2.0,19139.0,15.0,1.0
51907,True,2.0,51899.0,3.0,1.0
51913,True,2.0,43721.0,13.0,1.0
51929,True,2.0,51913.0,4.0,1.0
51929,True,2.0,51673.0,8.0,1.0
51941,False,,,,
51949,True,2.0,51437.0,9.0,1.0
51949,True,2.0,51941.0,3.0,1.0
51949,True,2.0,19181.0,15.0,1.0
51971,True,2.0,51907.0,6.0,1.0
51973,True,2.0,51971.0,1.0,1.0
51973,True,2.0,43781.0,13.0,1.0
51973,True,2.0,51941.0,5.0,1.0
51973,True,2.0,51461.0,9.0,1.0
51977,True,2.0,35593.0,14.0,1.0
51977,True,2.0,51973.0,2.0,1.0
51977,True,2.0,51913.0,6.0,1.0
51977,True,2.0,47881.0,12.0,1.0
51977,True,2.0,51721.0,8.0,1.0
51991,True,2.0,49943.0,11.0,1.0
51991,True,2.0,51479.0,9.0,1.0
52009,True,2.0,51977.0,5.0,1.0
52021,True,2.0,51893.0,7.0,1.0
52027,True,2.0,51899.0,7.0,1.0
52027,True,2.0,19259.0,15.0,1.0
52051,True,2.0,51539.0,9.0,1.0
52057,True,2.0,51929.0,7.0,1.0
52057,True,2.0,19289.0,15.0,1.0
52067,True,2.0,52051.0,4.0,1.0
52067,True,2.0,51043.0,10.0,1.0
52069,True,2.0,52067.0,1.0,1.0
52069,True,2.0,51941.0,7.0,1.0
52069,True,2.0,19301.0,15.0,1.0
52069,True,2.0,50021.0,11.0,1.0
52081,True,2.0,43889.0,13.0,1.0
52081,True,2.0,50033.0,11.0,1.0
52103,False,,,,
52121,True,2.0,52057.0,6.0,1.0
52127,True,2.0,51871.0,8.0,1.0
52147,True,2.0,19379.0,15.0,1.0
52153,True,2.0,43961.0,13.0,1.0
52153,True,2.0,52121.0,5.0,1.0
52163,True,2.0,51907.0,8.0,1.0
52163,True,2.0,52147.0,4.0,1.0
52177,True,2.0,50129.0,11.0,1.0
52181,True,2.0,35797.0,14.0,1.0
52181,True,2.0,51157.0,10.0,1.0
52181,True,2.0,52177.0,2.0,1.0
52183,True,2.0,52181.0,1.0,1.0
52183,True,2.0,43991.0,13.0,1.0
52189,True,2.0,43997.0,13.0,1.0
52189,True,2.0,19421.0,15.0,1.0
52189,True,2.0,52181.0,3.0,1.0
52201,True,2.0,19433.0,15.0,1.0
52201,True,2.0,50153.0,11.0,1.0
52223,True,2.0,35839.0,14.0,1.0
52223,True,2.0,51199.0,10.0,1.0
52237,True,2.0,19469.0,15.0,1.0
52249,True,2.0,52121.0,7.0,1.0
52253,True,2.0,51229.0,10.0,1.0
52253,True,2.0,52237.0,4.0,1.0
52253,True,2.0,52249.0,2.0,1.0
52253,True,2.0,35869.0,14.0,1.0
52253,True,2.0,48157.0,12.0,1.0
52253,True,2.0,52189.0,6.0,1.0
52259,True,2.0,48163.0,12.0,1.0
52267,True,2.0,52259.0,3.0,1.0
52289,True,2.0,48193.0,12.0,1.0
52291,True,2.0,52163.0,7.0,1.0
52291,True,2.0,52289.0,1.0,1.0
52291,True,2.0,52259.0,5.0,1.0
52301,True,2.0,52237.0,6.0,1.0
52313,True,2.0,52249.0,6.0,1.0
52313,True,2.0,52057.0,8.0,1.0
52321,True,2.0,52313.0,3.0,1.0
52321,True,2.0,52289.0,5.0,1.0
52321,True,2.0,50273.0,11.0,1.0
52321,True,2.0,19553.0,15.0,1.0
52321,True,2.0,44129.0,13.0,1.0
52361,True,2.0,35977.0,14.0,1.0
52363,True,2.0,52361.0,1.0,1.0
52363,True,2.0,44171.0,13.0,1.0
52369,True,2.0,52361.0,3.0,1.0
52369,True,2.0,50321.0,11.0,1.0
52379,True,2.0,52363.0,4.0,1.0
52387,True,2.0,52379.0,3.0,1.0
52387,True,2.0,52259.0,7.0,1.0
52391,True,2.0,52387.0,2.0,1.0
52391,True,2.0,36007.0,14.0,1.0
52433,True,2.0,52369.0,6.0,1.0
52433,True,2.0,48337.0,12.0,1.0
52433,True,2.0,52177.0,8.0,1.0
52453,True,2.0,51941.0,9.0,1.0
52457,True,2.0,52201.0,8.0,1.0
52457,True,2.0,36073.0,14.0,1.0
52457,True,2.0,229.0,4.0,2.0
52457,True,2.0,52453.0,2.0,1.0
52489,True,2.0,52361.0,7.0,1.0
52489,True,2.0,51977.0,9.0,1.0
52489,True,2.0,52457.0,5.0,1.0
52489,True,2.0,50441.0,11.0,1.0
52501,False,,,,
52511,True,2.0,51487.0,10.0,1.0
52517,True,2.0,52453.0,6.0,1.0
52517,True,2.0,52501.0,4.0,1.0
52529,False,,,,
52541,True,2.0,51517.0,10.0,1.0
52543,True,2.0,52511.0,5.0,1.0
52543,True,2.0,52541.0,1.0,1.0
52543,True,2.0,44351.0,13.0,1.0
52553,True,2.0,227.0,10.0,2.0
52553,True,2.0,52489.0,6.0,1.0
52561,True,2.0,52529.0,5.0,1.0
52561,True,2.0,19793.0,15.0,1.0
52561,True,2.0,52553.0,3.0,1.0
52561,True,2.0,50513.0,11.0,1.0
52561,True,2.0,52433.0,7.0,1.0
52567,False,,,,
52571,True,2.0,36187.0,14.0,1.0
52571,True,2.0,52567.0,2.0,1.0
52579,True,2.0,52571.0,3.0,1.0
52579,True,2.0,52067.0,9.0,1.0
52583,True,2.0,52579.0,2.0,1.0
52583,True,2.0,52567.0,4.0,1.0
52583,True,2.0,48487.0,12.0,1.0
52609,True,2.0,19841.0,15.0,1.0
52609,True,2.0,44417.0,13.0,1.0
52627,False,,,,
52631,True,2.0,51607.0,10.0,1.0
52631,True,2.0,52567.0,6.0,1.0
52631,True,2.0,52627.0,2.0,1.0
52639,True,2.0,52631.0,3.0,1.0
52639,True,2.0,52127.0,9.0,1.0
52639,True,2.0,52511.0,7.0,1.0
52639,True,2.0,50591.0,11.0,1.0
52667,True,2.0,48571.0,12.0,1.0
52673,True,2.0,52609.0,6.0,1.0
52691,True,2.0,52627.0,6.0,1.0
52691,True,2.0,36307.0,14.0,1.0
52697,True,2.0,229.0,8.0,2.0
52697,True,2.0,36313.0,14.0,1.0
52697,True,2.0,51673.0,10.0,1.0
52709,True,2.0,52453.0,8.0,1.0
52711,True,2.0,52709.0,1.0,1.0
52711,True,2.0,44519.0,13.0,1.0
52711,True,2.0,52583.0,7.0,1.0
52721,False,,,,
52727,True,2.0,36343.0,14.0,1.0
52727,True,2.0,52711.0,4.0,1.0
52733,False,,,,
52747,True,2.0,19979.0,15.0,1.0
52757,True,2.0,36373.0,14.0,1.0
52757,True,2.0,52501.0,8.0,1.0
52757,True,2.0,48661.0,12.0,1.0
52769,True,2.0,48673.0,12.0,1.0
52783,False,,,,
52807,False,,,,
52813,True,2.0,44621.0,13.0,1.0
52813,True,2.0,52301.0,9.0,1.0
52817,True,2.0,52561.0,8.0,1.0
52817,True,2.0,52813.0,2.0,1.0
52817,True,2.0,36433.0,14.0,1.0
52837,True,2.0,50789.0,11.0,1.0
52837,True,2.0,52709.0,7.0,1.0
52859,False,,,,
52861,True,2.0,52859.0,1.0,1.0
52861,True,2.0,52733.0,7.0,1.0
52879,True,2.0,44687.0,13.0,1.0
52883,True,2.0,52627.0,8.0,1.0
52883,True,2.0,51859.0,10.0,1.0
52883,True,2.0,48787.0,12.0,1.0
52883,True,2.0,52879.0,2.0,1.0
52889,False,,,,
52901,True,2.0,52837.0,6.0,1.0
52903,True,2.0,44711.0,13.0,1.0
52903,True,2.0,52901.0,1.0,1.0
52903,True,2.0,52391.0,9.0,1.0
52919,True,2.0,48823.0,12.0,1.0
52919,True,2.0,52903.0,4.0,1.0
52937,True,2.0,51913.0,10.0,1.0
52951,True,2.0,20183.0,15.0,1.0
52951,True,2.0,52919.0,5.0,1.0
52957,True,2.0,50909.0,11.0,1.0
52963,True,2.0,44771.0,13.0,1.0
52967,True,2.0,52711.0,8.0,1.0
52967,True,2.0,52951.0,4.0,1.0
52967,True,2.0,52963.0,2.0,1.0
52967,True,2.0,48871.0,12.0,1.0
52967,True,2.0,52903.0,6.0,1.0
52967,True,2.0,36583.0,14.0,1.0
52973,True,2.0,51949.0,10.0,1.0
52973,True,2.0,52957.0,4.0,1.0
52981,True,2.0,52973.0,3.0,1.0
52981,True,2.0,44789.0,13.0,1.0
52999,True,2.0,52967.0,5.0,1.0
52999,True,2.0,50951.0,11.0,1.0
52999,True,2.0,20231.0,15.0,1.0
53003,True,2.0,52999.0,2.0,1.0
53003,True,2.0,48907.0,12.0,1.0
53003,True,2.0,52747.0,8.0,1.0
53017,True,2.0,20249.0,15.0,1.0
53017,True,2.0,50969.0,11.0,1.0
53017,True,2.0,52889.0,7.0,1.0
53047,True,2.0,52919.0,7.0,1.0
53051,True,2.0,53047.0,2.0,1.0
53051,True,2.0,52027.0,10.0,1.0
53069,True,2.0,52813.0,8.0,1.0
53069,True,2.0,48973.0,12.0,1.0
53077,True,2.0,53069.0,3.0,1.0
53087,True,2.0,48991.0,12.0,1.0
53089,True,2.0,53087.0,1.0,1.0
53093,True,2.0,52837.0,8.0,1.0
53093,True,2.0,53089.0,2.0,1.0
53093,True,2.0,52069.0,10.0,1.0
53093,True,2.0,36709.0,14.0,1.0
53093,True,2.0,53077.0,4.0,1.0
53101,True,2.0,53069.0,5.0,1.0
53101,True,2.0,20333.0,15.0,1.0
53101,True,2.0,52973.0,7.0,1.0
53101,True,2.0,44909.0,13.0,1.0
53101,True,2.0,53093.0,3.0,1.0
53113,False,,,,
53117,True,2.0,53113.0,2.0,1.0
53117,True,2.0,53101.0,4.0,1.0
53117,True,2.0,52861.0,8.0,1.0
53129,True,2.0,53113.0,4.0,1.0
53129,True,2.0,49033.0,12.0,1.0
53147,False,,,,
53149,True,2.0,53147.0,1.0,1.0
53149,True,2.0,53117.0,5.0,1.0
53161,True,2.0,53129.0,5.0,1.0
53161,True,2.0,20393.0,15.0,1.0
53171,True,2.0,52147.0,10.0,1.0
53171,True,2.0,36787.0,14.0,1.0
53173,True,2.0,53171.0,1.0,1.0
53189,True,2.0,53173.0,4.0,1.0
53197,True,2.0,53069.0,7.0,1.0
53197,True,2.0,53189.0,3.0,1.0
53201,True,2.0,53197.0,2.0,1.0
53201,True,2.0,52177.0,10.0,1.0
53231,True,2.0,36847.0,14.0,1.0
53233,True,2.0,53231.0,1.0,1.0
53233,True,2.0,52721.0,9.0,1.0
53233,True,2.0,53201.0,5.0,1.0
53239,True,2.0,52727.0,9.0,1.0
53239,True,2.0,53231.0,3.0,1.0
53267,True,2.0,49171.0,12.0,1.0
53269,True,2.0,52757.0,9.0,1.0
53269,True,2.0,45077.0,13.0,1.0
53269,True,2.0,53267.0,1.0,1.0
53279,False,,,,
53281,True,2.0,52769.0,9.0,1.0
53281,True,2.0,53279.0,1.0,1.0
53299,True,2.0,53171.0,7.0,1.0
53299,True,2.0,53267.0,5.0,1.0
53309,False,,,,
53323,True,2.0,45131.0,13.0,1.0
53327,True,2.0,36943.0,14.0,1.0
53327,True,2.0,53323.0,2.0,1.0
53353,True,2.0,45161.0,13.0,1.0
53359,True,2.0,53231.0,7.0,1.0
53359,True,2.0,53327.0,5.0,1.0
53377,True,2.0,51329.0,11.0,1.0
53381,True,2.0,53377.0,2.0,1.0
53381,True,2.0,36997.0,14.0,1.0
53401,True,2.0,52889.0,9.0,1.0
53407,True,2.0,53279.0,7.0,1.0
53407,True,2.0,20639.0,15.0,1.0
53411,True,2.0,53407.0,2.0,1.0
53411,True,2.0,52387.0,10.0,1.0
53419,True,2.0,53411.0,3.0,1.0
53437,True,2.0,53309.0,7.0,1.0
53441,True,2.0,53437.0,2.0,1.0
53441,True,2.0,37057.0,14.0,1.0
53441,True,2.0,53377.0,6.0,1.0
53453,True,2.0,53197.0,8.0,1.0
53453,True,2.0,53437.0,4.0,1.0
53479,True,2.0,52967.0,9.0,1.0
53479,True,2.0,51431.0,11.0,1.0
53503,False,,,,
53507,True,2.0,37123.0,14.0,1.0
53507,True,2.0,49411.0,12.0,1.0
53507,True,2.0,53503.0,2.0,1.0
53527,True,2.0,20759.0,15.0,1.0
53527,True,2.0,51479.0,11.0,1.0
53549,False,,,,
53551,True,2.0,53549.0,1.0,1.0
53551,True,2.0,51503.0,11.0,1.0
53569,True,2.0,45377.0,13.0,1.0
53569,True,2.0,51521.0,11.0,1.0
53569,True,2.0,53441.0,7.0,1.0
53591,True,2.0,52567.0,10.0,1.0
53591,True,2.0,53527.0,6.0,1.0
53593,True,2.0,53591.0,1.0,1.0
53597,True,2.0,53593.0,2.0,1.0
53609,True,2.0,53353.0,8.0,1.0
53609,True,2.0,53593.0,4.0,1.0
53611,True,2.0,53609.0,1.0,1.0
53611,True,2.0,51563.0,11.0,1.0
53617,True,2.0,20849.0,15.0,1.0
53617,True,2.0,53609.0,3.0,1.0
53623,True,2.0,53591.0,5.0,1.0
53629,True,2.0,53597.0,5.0,1.0
53629,True,2.0,51581.0,11.0,1.0
53629,True,2.0,53117.0,9.0,1.0
53633,True,2.0,53569.0,6.0,1.0
53633,True,2.0,53617.0,4.0,1.0
53633,True,2.0,52609.0,10.0,1.0
53633,True,2.0,193.0,14.0,2.0
53633,True,2.0,49537.0,12.0,1.0
53633,True,2.0,53377.0,8.0,1.0
53633,True,2.0,53629.0,2.0,1.0
53639,True,2.0,53623.0,4.0,1.0
53653,False,,,,
53657,True,2.0,53653.0,2.0,1.0
53657,True,2.0,37273.0,14.0,1.0
53657,True,2.0,53401.0,8.0,1.0
53657,True,2.0,53593.0,6.0,1.0
53681,True,2.0,53617.0,6.0,1.0
53693,True,2.0,37309.0,14.0,1.0
53693,True,2.0,49597.0,12.0,1.0
53693,True,2.0,53437.0,8.0,1.0
53693,True,2.0,53629.0,6.0,1.0
53699,True,2.0,49603.0,12.0,1.0
53717,True,2.0,53653.0,6.0,1.0
53719,True,2.0,53591.0,7.0,1.0
53719,True,2.0,53717.0,1.0,1.0
53731,True,2.0,20963.0,15.0,1.0
53731,True,2.0,53699.0,5.0,1.0
53731,True,2.0,51683.0,11.0,1.0
53759,True,2.0,49663.0,12.0,1.0
53759,True,2.0,53503.0,8.0,1.0
53773,False,,,,
53777,True,2.0,53773.0,2.0,1.0
53777,True,2.0,49681.0,12.0,1.0
53783,True,2.0,53719.0,6.0,1.0
53783,True,2.0,53527.0,8.0,1.0
53791,True,2.0,53783.0,3.0,1.0
53791,True,2.0,53279.0,9.0,1.0
53791,True,2.0,45599.0,13.0,1.0
53791,True,2.0,53759.0,5.0,1.0
53791,True,2.0,21023.0,15.0,1.0
53813,False,,,,
53819,False,,,,
53831,True,2.0,52807.0,10.0,1.0
53831,True,2.0,37447.0,14.0,1.0
53849,True,2.0,53593.0,8.0,1.0
53857,True,2.0,53849.0,3.0,1.0
53857,True,2.0,21089.0,15.0,1.0
53861,True,2.0,52837.0,10.0,1.0
53861,True,2.0,53857.0,2.0,1.0
53881,True,2.0,53849.0,5.0,1.0
53887,True,2.0,51839.0,11.0,1.0
53887,True,2.0,53759.0,7.0,1.0
53891,True,2.0,53887.0,2.0,1.0
53891,True,2.0,37507.0,14.0,1.0
53897,True,2.0,53881.0,4.0,1.0
53897,True,2.0,49801.0,12.0,1.0
53899,True,2.0,45707.0,13.0,1.0
53899,True,2.0,53891.0,3.0,1.0
53899,True,2.0,53897.0,1.0,1.0
53917,True,2.0,21149.0,15.0,1.0
53917,True,2.0,51869.0,11.0,1.0
53923,True,2.0,53891.0,5.0,1.0
53923,True,2.0,53411.0,9.0,1.0
53927,True,2.0,53923.0,2.0,1.0
53927,True,2.0,49831.0,12.0,1.0
53927,True,2.0,52903.0,10.0,1.0
53939,True,2.0,49843.0,12.0,1.0
53939,True,2.0,53923.0,4.0,1.0
53951,True,2.0,53887.0,6.0,1.0
53951,True,2.0,37567.0,14.0,1.0
53959,True,2.0,53831.0,7.0,1.0
53959,True,2.0,45767.0,13.0,1.0
53959,True,2.0,21191.0,15.0,1.0
53959,True,2.0,53951.0,3.0,1.0
53959,True,2.0,53927.0,5.0,1.0
53987,True,2.0,49891.0,12.0,1.0
53987,True,2.0,52963.0,10.0,1.0
53987,True,2.0,53731.0,8.0,1.0
53987,True,2.0,53923.0,6.0,1.0
53993,False,,,,
54001,True,2.0,53993.0,3.0,1.0
54011,False,,,,
54013,True,2.0,45821.0,13.0,1.0
54013,True,2.0,54011.0,1.0,1.0
54037,True,2.0,21269.0,15.0,1.0
54049,False,,,,
54059,False,,,,
54083,True,2.0,37699.0,14.0,1.0
54091,True,2.0,54059.0,5.0,1.0
54091,True,2.0,21323.0,15.0,1.0
54091,True,2.0,54083.0,3.0,1.0
54101,True,2.0,37717.0,14.0,1.0
54101,True,2.0,54037.0,6.0,1.0
54101,True,2.0,53077.0,10.0,1.0
54121,True,2.0,53609.0,9.0,1.0
54121,True,2.0,53993.0,7.0,1.0
54133,True,2.0,54101.0,5.0,1.0
54139,True,2.0,54011.0,7.0,1.0
54151,True,2.0,45959.0,13.0,1.0
54151,True,2.0,21383.0,15.0,1.0
54151,True,2.0,53639.0,9.0,1.0
54151,True,2.0,52103.0,11.0,1.0
54163,True,2.0,45971.0,13.0,1.0
54167,True,2.0,54163.0,2.0,1.0
54167,True,2.0,54151.0,4.0,1.0
54167,True,2.0,37783.0,14.0,1.0
54181,True,2.0,45989.0,13.0,1.0
54193,True,2.0,53681.0,9.0,1.0
54217,False,,,,
54251,False,,,,
54269,True,2.0,54013.0,8.0,1.0
54277,True,2.0,54269.0,3.0,1.0
54287,False,,,,
54293,True,2.0,53269.0,10.0,1.0
54293,True,2.0,54277.0,4.0,1.0
54293,True,2.0,54037.0,8.0,1.0
54293,True,2.0,233.0,2.0,2.0
54311,False,,,,
54319,True,2.0,54287.0,5.0,1.0
54319,True,2.0,54311.0,3.0,1.0
54323,True,2.0,50227.0,12.0,1.0
54323,True,2.0,54319.0,2.0,1.0
54323,True,2.0,53299.0,10.0,1.0
54331,True,2.0,21563.0,15.0,1.0
54331,True,2.0,54323.0,3.0,1.0
54331,True,2.0,53819.0,9.0,1.0
54347,True,2.0,37963.0,14.0,1.0
54347,True,2.0,54331.0,4.0,1.0
54347,True,2.0,54091.0,8.0,1.0
54347,True,2.0,53323.0,10.0,1.0
54361,True,2.0,52313.0,11.0,1.0
54361,True,2.0,53849.0,9.0,1.0
54367,True,2.0,21599.0,15.0,1.0
54371,True,2.0,37987.0,14.0,1.0
54371,True,2.0,54367.0,2.0,1.0
54377,True,2.0,37993.0,14.0,1.0
54377,True,2.0,53353.0,10.0,1.0
54377,True,2.0,54361.0,4.0,1.0
54377,True,2.0,54121.0,8.0,1.0
54401,True,2.0,53377.0,10.0,1.0
54403,True,2.0,54371.0,5.0,1.0
54403,True,2.0,54401.0,1.0,1.0
54403,True,2.0,53891.0,9.0,1.0
54409,True,2.0,54377.0,5.0,1.0
54409,True,2.0,53897.0,9.0,1.0
54409,True,2.0,52361.0,11.0,1.0
54409,True,2.0,54401.0,3.0,1.0
54413,True,2.0,54409.0,2.0,1.0
54419,True,2.0,54163.0,8.0,1.0
54419,True,2.0,54403.0,4.0,1.0
54421,True,2.0,54419.0,1.0,1.0
54421,True,2.0,46229.0,13.0,1.0
54421,True,2.0,54413.0,3.0,1.0
54421,True,2.0,54293.0,7.0,1.0
54437,True,2.0,54181.0,8.0,1.0
54437,True,2.0,54421.0,4.0,1.0
54437,True,2.0,50341.0,12.0,1.0
54437,True,2.0,38053.0,14.0,1.0
54443,True,2.0,53419.0,10.0,1.0
54449,True,2.0,54193.0,8.0,1.0
54469,True,2.0,21701.0,15.0,1.0
54469,True,2.0,54437.0,5.0,1.0
54493,True,2.0,46301.0,13.0,1.0
54497,True,2.0,38113.0,14.0,1.0
54497,True,2.0,54493.0,2.0,1.0
54499,True,2.0,46307.0,13.0,1.0
54499,True,2.0,54371.0,7.0,1.0
54499,True,2.0,54497.0,1.0,1.0
54499,True,2.0,53987.0,9.0,1.0
54503,True,2.0,54499.0,2.0,1.0
54503,True,2.0,38119.0,14.0,1.0
54503,True,2.0,53479.0,10.0,1.0
54517,False,,,,
54521,True,2.0,54517.0,2.0,1.0
54539,False,,,,
54541,True,2.0,54413.0,7.0,1.0
54541,True,2.0,54539.0,1.0,1.0
54541,True,2.0,46349.0,13.0,1.0
54541,True,2.0,21773.0,15.0,1.0
54547,True,2.0,54419.0,7.0,1.0
54547,True,2.0,54539.0,3.0,1.0
54559,True,2.0,52511.0,11.0,1.0
54563,True,2.0,54559.0,2.0,1.0
54563,True,2.0,54547.0,4.0,1.0
54563,True,2.0,54499.0,6.0,1.0
54577,True,2.0,54449.0,7.0,1.0
54577,True,2.0,52529.0,11.0,1.0
54581,True,2.0,54577.0,2.0,1.0
54581,True,2.0,38197.0,14.0,1.0
54581,True,2.0,54517.0,6.0,1.0
54583,True,2.0,54581.0,1.0,1.0
54601,True,2.0,52553.0,11.0,1.0
54617,True,2.0,54601.0,4.0,1.0
54617,True,2.0,54361.0,8.0,1.0
54617,True,2.0,53593.0,10.0,1.0
54623,True,2.0,38239.0,14.0,1.0
54623,True,2.0,50527.0,12.0,1.0
54623,True,2.0,54367.0,8.0,1.0
54623,True,2.0,54559.0,6.0,1.0
54629,False,,,,
54631,True,2.0,21863.0,15.0,1.0
54631,True,2.0,54623.0,3.0,1.0
54631,True,2.0,46439.0,13.0,1.0
54631,True,2.0,54629.0,1.0,1.0
54631,True,2.0,54503.0,7.0,1.0
54631,True,2.0,52583.0,11.0,1.0
54647,True,2.0,50551.0,12.0,1.0
54647,True,2.0,53623.0,10.0,1.0
54647,True,2.0,54631.0,4.0,1.0
54647,True,2.0,54583.0,6.0,1.0
54667,True,2.0,54539.0,7.0,1.0
54673,False,,,,
54679,True,2.0,54647.0,5.0,1.0
54679,True,2.0,54167.0,9.0,1.0
54679,True,2.0,52631.0,11.0,1.0
54679,True,2.0,21911.0,15.0,1.0
54709,True,2.0,54581.0,7.0,1.0
54713,True,2.0,38329.0,14.0,1.0
54713,True,2.0,54709.0,2.0,1.0
54721,True,2.0,52673.0,11.0,1.0
54721,True,2.0,54713.0,3.0,1.0
54727,False,,,,
54751,True,2.0,54623.0,7.0,1.0
54751,True,2.0,46559.0,13.0,1.0
54767,True,2.0,54751.0,4.0,1.0
54767,True,2.0,50671.0,12.0,1.0
54773,True,2.0,54517.0,8.0,1.0
54773,True,2.0,54709.0,6.0,1.0
54779,True,2.0,50683.0,12.0,1.0
54787,True,2.0,54779.0,3.0,1.0
54799,True,2.0,22031.0,15.0,1.0
54799,True,2.0,54287.0,9.0,1.0
54799,True,2.0,54767.0,5.0,1.0
54829,False,,,,
54833,True,2.0,54829.0,2.0,1.0
54833,True,2.0,54577.0,8.0,1.0
54833,True,2.0,38449.0,14.0,1.0
54851,True,2.0,54787.0,6.0,1.0
54869,True,2.0,50773.0,12.0,1.0
54877,True,2.0,22109.0,15.0,1.0
54877,True,2.0,54869.0,3.0,1.0
54881,True,2.0,54877.0,2.0,1.0
54881,True,2.0,53857.0,10.0,1.0
54907,True,2.0,52859.0,11.0,1.0
54907,True,2.0,54779.0,7.0,1.0
54917,True,2.0,50821.0,12.0,1.0
54919,True,2.0,54917.0,1.0,1.0
54919,True,2.0,46727.0,13.0,1.0
54941,True,2.0,54877.0,6.0,1.0
54941,True,2.0,53917.0,10.0,1.0
54941,True,2.0,38557.0,14.0,1.0
54949,True,2.0,46757.0,13.0,1.0
54949,True,2.0,54437.0,9.0,1.0
54949,True,2.0,52901.0,11.0,1.0
54949,True,2.0,54917.0,5.0,1.0
54949,True,2.0,54941.0,3.0,1.0
54959,False,,,,
54973,True,2.0,54941.0,5.0,1.0
54979,True,2.0,54851.0,7.0,1.0
54983,True,2.0,54979.0,2.0,1.0
54983,True,2.0,53959.0,10.0,1.0
54983,True,2.0,54727.0,8.0,1.0
54983,True,2.0,54919.0,6.0,1.0
55001,False,,,,
55009,True,2.0,54497.0,9.0,1.0
55009,True,2.0,46817.0,13.0,1.0
55009,True,2.0,54881.0,7.0,1.0
55009,True,2.0,55001.0,3.0,1.0
55021,True,2.0,46829.0,13.0,1.0
55021,True,2.0,52973.0,11.0,1.0
55049,False,,,,
55051,True,2.0,53003.0,11.0,1.0
55051,True,2.0,54539.0,9.0,1.0
55051,True,2.0,55049.0,1.0,1.0
55051,True,2.0,22283.0,15.0,1.0
55057,True,2.0,55049.0,3.0,1.0
55061,True,2.0,55057.0,2.0,1.0
55061,True,2.0,54037.0,10.0,1.0
55061,True,2.0,38677.0,14.0,1.0
55073,True,2.0,54049.0,10.0,1.0
55073,True,2.0,55057.0,4.0,1.0
55073,True,2.0,55009.0,6.0,1.0
55079,False,,,,
55103,False,,,,
55109,False,,,,
55117,True,2.0,55109.0,3.0,1.0
55117,True,2.0,22349.0,15.0,1.0
55117,True,2.0,53069.0,11.0,1.0
55127,True,2.0,51031.0,12.0,1.0
55147,False,,,,
55163,True,2.0,54139.0,10.0,1.0
55163,True,2.0,54907.0,8.0,1.0
55163,True,2.0,55147.0,4.0,1.0
55171,True,2.0,55163.0,3.0,1.0
55201,True,2.0,55073.0,7.0,1.0
55201,True,2.0,22433.0,15.0,1.0
55207,True,2.0,55079.0,7.0,1.0
55213,False,,,,
55217,True,2.0,55201.0,4.0,1.0
55217,True,2.0,38833.0,14.0,1.0
55217,True,2.0,55213.0,2.0,1.0
55217,True,2.0,54193.0,10.0,1.0
55219,True,2.0,55217.0,1.0,1.0
55219,True,2.0,53171.0,11.0,1.0
55229,True,2.0,55213.0,4.0,1.0
55229,True,2.0,54973.0,8.0,1.0
55229,True,2.0,51133.0,12.0,1.0
55243,True,2.0,47051.0,13.0,1.0
55249,True,2.0,53201.0,11.0,1.0
55249,True,2.0,55217.0,5.0,1.0
55249,True,2.0,22481.0,15.0,1.0
55249,True,2.0,47057.0,13.0,1.0
55259,True,2.0,55243.0,4.0,1.0
55291,True,2.0,54779.0,9.0,1.0
55291,True,2.0,55259.0,5.0,1.0
55291,True,2.0,55163.0,7.0,1.0
55313,True,2.0,55057.0,8.0,1.0
55313,True,2.0,233.0,10.0,2.0
55313,True,2.0,51217.0,12.0,1.0
55313,True,2.0,55249.0,6.0,1.0
55331,False,,,,
55333,True,2.0,55331.0,1.0,1.0
55337,True,2.0,55333.0,2.0,1.0
55337,True,2.0,51241.0,12.0,1.0
55337,True,2.0,38953.0,14.0,1.0
55339,True,2.0,47147.0,13.0,1.0
55339,True,2.0,22571.0,15.0,1.0
55339,True,2.0,55331.0,3.0,1.0
55339,True,2.0,55337.0,1.0,1.0
55343,True,2.0,55339.0,2.0,1.0
55343,True,2.0,54319.0,10.0,1.0
55343,True,2.0,38959.0,14.0,1.0
55351,True,2.0,55343.0,3.0,1.0
55373,True,2.0,55117.0,8.0,1.0
55381,True,2.0,54869.0,9.0,1.0
55381,True,2.0,47189.0,13.0,1.0
55381,True,2.0,22613.0,15.0,1.0
55381,True,2.0,55373.0,3.0,1.0
55399,True,2.0,47207.0,13.0,1.0
55411,True,2.0,22643.0,15.0,1.0
55439,True,2.0,51343.0,12.0,1.0
55441,True,2.0,55313.0,7.0,1.0
55441,True,2.0,55439.0,1.0,1.0
55457,True,2.0,51361.0,12.0,1.0
55457,True,2.0,55441.0,4.0,1.0
55457,True,2.0,55201.0,8.0,1.0
55469,True,2.0,55213.0,8.0,1.0
55487,True,2.0,39103.0,14.0,1.0
55501,True,2.0,53453.0,11.0,1.0
55501,True,2.0,47309.0,13.0,1.0
55501,True,2.0,55469.0,5.0,1.0
55501,True,2.0,55373.0,7.0,1.0
55511,False,,,,
55529,False,,,,
55541,True,2.0,39157.0,14.0,1.0
55541,True,2.0,54517.0,10.0,1.0
55547,True,2.0,55291.0,8.0,1.0
55547,True,2.0,39163.0,14.0,1.0
55579,True,2.0,55547.0,5.0,1.0
55579,True,2.0,22811.0,15.0,1.0
55579,True,2.0,47387.0,13.0,1.0
55589,True,2.0,55333.0,8.0,1.0
55603,False,,,,
55609,True,2.0,47417.0,13.0,1.0
55619,True,2.0,55603.0,4.0,1.0
55621,True,2.0,55589.0,5.0,1.0
55621,True,2.0,55619.0,1.0,1.0
55621,True,2.0,55109.0,9.0,1.0
55621,True,2.0,22853.0,15.0,1.0
55631,False,,,,
55633,True,2.0,55631.0,1.0,1.0
55633,True,2.0,47441.0,13.0,1.0
55639,True,2.0,55631.0,3.0,1.0
55639,True,2.0,55511.0,7.0,1.0
55639,True,2.0,55127.0,9.0,1.0
55639,True,2.0,22871.0,15.0,1.0
55639,True,2.0,53591.0,11.0,1.0
55661,False,,,,
55663,True,2.0,55661.0,1.0,1.0
55663,True,2.0,55631.0,5.0,1.0
55667,True,2.0,55663.0,2.0,1.0
55667,True,2.0,55603.0,6.0,1.0
55667,True,2.0,55411.0,8.0,1.0
55673,True,2.0,51577.0,12.0,1.0
55673,True,2.0,55609.0,6.0,1.0
55681,True,2.0,53633.0,11.0,1.0
55681,True,2.0,55673.0,3.0,1.0
55691,True,2.0,54667.0,10.0,1.0
55697,True,2.0,55681.0,4.0,1.0
55697,True,2.0,55633.0,6.0,1.0
55697,True,2.0,55441.0,8.0,1.0
55697,True,2.0,39313.0,14.0,1.0
55697,True,2.0,54673.0,10.0,1.0
55711,True,2.0,22943.0,15.0,1.0
55717,True,2.0,55589.0,7.0,1.0
55721,True,2.0,55717.0,2.0,1.0
55733,True,2.0,55717.0,4.0,1.0
55733,True,2.0,54709.0,10.0,1.0
55733,True,2.0,51637.0,12.0,1.0
55763,False,,,,
55787,True,2.0,51691.0,12.0,1.0
55793,True,2.0,39409.0,14.0,1.0
55799,False,,,,
55807,True,2.0,53759.0,11.0,1.0
55807,True,2.0,23039.0,15.0,1.0
55807,True,2.0,55799.0,3.0,1.0
55813,False,,,,
55817,True,2.0,51721.0,12.0,1.0
55817,True,2.0,55813.0,2.0,1.0
55819,True,2.0,55691.0,7.0,1.0
55819,True,2.0,55817.0,1.0,1.0
55819,True,2.0,55787.0,5.0,1.0
55823,True,2.0,54799.0,10.0,1.0
55823,True,2.0,55819.0,2.0,1.0
55823,True,2.0,55807.0,4.0,1.0
55823,True,2.0,39439.0,14.0,1.0
55829,True,2.0,55813.0,4.0,1.0
55837,True,2.0,55829.0,3.0,1.0
55843,True,2.0,55331.0,9.0,1.0
55849,True,2.0,23081.0,15.0,1.0
55849,True,2.0,55817.0,5.0,1.0
55849,True,2.0,47657.0,13.0,1.0
55849,True,2.0,55337.0,9.0,1.0
55849,True,2.0,55721.0,7.0,1.0
55871,True,2.0,55807.0,6.0,1.0
55889,True,2.0,55633.0,8.0,1.0
55897,True,2.0,53849.0,11.0,1.0
55897,True,2.0,55889.0,3.0,1.0
55901,True,2.0,55897.0,2.0,1.0
55901,True,2.0,54877.0,10.0,1.0
55901,True,2.0,55837.0,6.0,1.0
55903,True,2.0,47711.0,13.0,1.0
55903,True,2.0,55871.0,5.0,1.0
55903,True,2.0,55901.0,1.0,1.0
55921,True,2.0,55889.0,5.0,1.0
55921,True,2.0,55793.0,7.0,1.0
55927,True,2.0,55799.0,7.0,1.0
55927,True,2.0,23159.0,15.0,1.0
55931,True,2.0,55927.0,2.0,1.0
55931,True,2.0,54907.0,10.0,1.0
55933,True,2.0,47741.0,13.0,1.0
55933,True,2.0,55931.0,1.0,1.0
55933,True,2.0,55901.0,5.0,1.0
55949,True,2.0,51853.0,12.0,1.0
55949,True,2.0,55933.0,4.0,1.0
55967,True,2.0,51871.0,12.0,1.0
55967,True,2.0,55903.0,6.0,1.0
55967,True,2.0,55711.0,8.0,1.0
55987,True,2.0,53939.0,11.0,1.0
55997,True,2.0,54973.0,10.0,1.0
55997,True,2.0,55933.0,6.0,1.0
56003,True,2.0,39619.0,14.0,1.0
56003,True,2.0,55987.0,4.0,1.0
56003,True,2.0,51907.0,12.0,1.0
56003,True,2.0,54979.0,10.0,1.0
56009,True,2.0,51913.0,12.0,1.0
56039,False,,,,
56041,True,2.0,56009.0,5.0,1.0
56041,True,2.0,53993.0,11.0,1.0
56041,True,2.0,55529.0,9.0,1.0
56041,True,2.0,56039.0,1.0,1.0
56053,True,2.0,55541.0,9.0,1.0
56081,True,2.0,55057.0,10.0,1.0
56087,True,2.0,51991.0,12.0,1.0
56087,True,2.0,39703.0,14.0,1.0
56093,True,2.0,55837.0,8.0,1.0
56093,True,2.0,39709.0,14.0,1.0
56099,True,2.0,55843.0,8.0,1.0
56101,True,2.0,56099.0,1.0,1.0
56101,True,2.0,23333.0,15.0,1.0
56101,True,2.0,55589.0,9.0,1.0
56101,True,2.0,56093.0,3.0,1.0
56113,True,2.0,56081.0,5.0,1.0
56123,True,2.0,52027.0,12.0,1.0
56131,True,2.0,54083.0,11.0,1.0
56131,True,2.0,55619.0,9.0,1.0
56131,True,2.0,56099.0,5.0,1.0
56131,True,2.0,56123.0,3.0,1.0
56131,True,2.0,56003.0,7.0,1.0
56131,True,2.0,47939.0,13.0,1.0
56149,True,2.0,54101.0,11.0,1.0
56167,True,2.0,56039.0,7.0,1.0
56167,True,2.0,23399.0,15.0,1.0
56171,True,2.0,56167.0,2.0,1.0
56171,True,2.0,55147.0,10.0,1.0
56179,True,2.0,56171.0,3.0,1.0
56179,True,2.0,55667.0,9.0,1.0
56197,False,,,,
56207,False,,,,
56209,True,2.0,56207.0,1.0,1.0
56209,True,2.0,48017.0,13.0,1.0
56209,True,2.0,55697.0,9.0,1.0
56209,True,2.0,56081.0,7.0,1.0
56237,True,2.0,55213.0,10.0,1.0
56239,True,2.0,56237.0,1.0,1.0
56239,True,2.0,56207.0,5.0,1.0
56249,True,2.0,52153.0,12.0,1.0
56263,False,,,,
56267,True,2.0,55243.0,10.0,1.0
56267,True,2.0,56263.0,2.0,1.0
56267,True,2.0,39883.0,14.0,1.0
56269,True,2.0,56237.0,5.0,1.0
56269,True,2.0,56267.0,1.0,1.0
56299,True,2.0,56267.0,5.0,1.0
56299,True,2.0,54251.0,11.0,1.0
56299,True,2.0,56171.0,7.0,1.0
56299,True,2.0,55787.0,9.0,1.0
56299,True,2.0,23531.0,15.0,1.0
56311,True,2.0,55799.0,9.0,1.0
56311,True,2.0,48119.0,13.0,1.0
56333,True,2.0,52237.0,12.0,1.0
56333,True,2.0,56269.0,6.0,1.0
56359,True,2.0,54311.0,11.0,1.0
56369,True,2.0,56113.0,8.0,1.0
56377,True,2.0,56369.0,3.0,1.0
56377,True,2.0,23609.0,15.0,1.0
56377,True,2.0,56249.0,7.0,1.0
56383,True,2.0,55871.0,9.0,1.0
56393,True,2.0,56377.0,4.0,1.0
56393,True,2.0,40009.0,14.0,1.0
56401,True,2.0,23633.0,15.0,1.0
56401,True,2.0,56369.0,5.0,1.0
56401,True,2.0,56393.0,3.0,1.0
56401,True,2.0,55889.0,9.0,1.0
56417,True,2.0,52321.0,12.0,1.0
56417,True,2.0,56401.0,4.0,1.0
56431,True,2.0,23663.0,15.0,1.0
56431,True,2.0,48239.0,13.0,1.0
56437,True,2.0,23669.0,15.0,1.0
56443,True,2.0,55931.0,9.0,1.0
56453,True,2.0,56437.0,4.0,1.0
56453,True,2.0,56197.0,8.0,1.0
56467,True,2.0,54419.0,11.0,1.0
56473,True,2.0,48281.0,13.0,1.0
56477,True,2.0,56473.0,2.0,1.0
56477,True,2.0,40093.0,14.0,1.0
56479,True,2.0,56477.0,1.0,1.0
56479,True,2.0,55967.0,9.0,1.0
56489,True,2.0,56473.0,4.0,1.0
56501,True,2.0,56437.0,6.0,1.0
56503,True,2.0,56501.0,1.0,1.0
56503,True,2.0,48311.0,13.0,1.0
56509,True,2.0,55997.0,9.0,1.0
56509,True,2.0,56477.0,5.0,1.0
56509,True,2.0,23741.0,15.0,1.0
56509,True,2.0,56501.0,3.0,1.0
56519,True,2.0,56263.0,8.0,1.0
56519,True,2.0,56503.0,4.0,1.0
56527,True,2.0,56519.0,3.0,1.0
56531,True,2.0,56527.0,2.0,1.0
56531,True,2.0,56467.0,6.0,1.0
56533,True,2.0,56501.0,5.0,1.0
56533,True,2.0,56531.0,1.0,1.0
56533,True,2.0,48341.0,13.0,1.0
56543,True,2.0,56527.0,4.0,1.0
56543,True,2.0,56479.0,6.0,1.0
56569,True,2.0,54521.0,11.0,1.0
56569,True,2.0,23801.0,15.0,1.0
56591,True,2.0,56527.0,6.0,1.0
56597,True,2.0,52501.0,12.0,1.0
56597,True,2.0,56533.0,6.0,1.0
56597,True,2.0,40213.0,14.0,1.0
56599,True,2.0,56087.0,9.0,1.0
56599,True,2.0,48407.0,13.0,1.0
56599,True,2.0,56597.0,1.0,1.0
56599,True,2.0,23831.0,15.0,1.0
56599,True,2.0,56591.0,3.0,1.0
56611,True,2.0,54563.0,11.0,1.0
56611,True,2.0,56099.0,9.0,1.0
56629,True,2.0,56597.0,5.0,1.0
56629,True,2.0,56501.0,7.0,1.0
56629,True,2.0,54581.0,11.0,1.0
56629,True,2.0,48437.0,13.0,1.0
56633,True,2.0,56377.0,8.0,1.0
56633,True,2.0,56569.0,6.0,1.0
56633,True,2.0,56629.0,2.0,1.0
56633,True,2.0,55609.0,10.0,1.0
56659,True,2.0,56531.0,7.0,1.0
56663,True,2.0,56659.0,2.0,1.0
56663,True,2.0,55639.0,10.0,1.0
56663,True,2.0,56599.0,6.0,1.0
56663,True,2.0,52567.0,12.0,1.0
56671,True,2.0,56663.0,3.0,1.0
56671,True,2.0,56543.0,7.0,1.0
56671,True,2.0,48479.0,13.0,1.0
56671,True,2.0,54623.0,11.0,1.0
56681,False,,,,
56687,True,2.0,56671.0,4.0,1.0
56687,True,2.0,55663.0,10.0,1.0
56687,True,2.0,56431.0,8.0,1.0
56701,False,,,,
56711,False,,,,
56713,True,2.0,56681.0,5.0,1.0
56713,True,2.0,56711.0,1.0,1.0
56731,True,2.0,48539.0,13.0,1.0
56737,False,,,,
56747,True,2.0,56731.0,4.0,1.0
56767,False,,,,
56773,False,,,,
56779,True,2.0,56747.0,5.0,1.0
56779,True,2.0,56267.0,9.0,1.0
56783,True,2.0,56779.0,2.0,1.0
56783,True,2.0,56527.0,8.0,1.0
56783,True,2.0,56767.0,4.0,1.0
56807,True,2.0,52711.0,12.0,1.0
56807,True,2.0,40423.0,14.0,1.0
56809,True,2.0,56681.0,7.0,1.0
56809,True,2.0,56807.0,1.0,1.0
56813,True,2.0,40429.0,14.0,1.0
56813,True,2.0,56809.0,2.0,1.0
56821,True,2.0,56813.0,3.0,1.0
56821,True,2.0,54773.0,11.0,1.0
56827,True,2.0,54779.0,11.0,1.0
56843,True,2.0,52747.0,12.0,1.0
56843,True,2.0,55819.0,10.0,1.0
56843,True,2.0,40459.0,14.0,1.0
56843,True,2.0,56827.0,4.0,1.0
56843,True,2.0,56779.0,6.0,1.0
56857,False,,,,
56873,True,2.0,56809.0,6.0,1.0
56873,True,2.0,55849.0,10.0,1.0
56873,True,2.0,56857.0,4.0,1.0
56891,True,2.0,56827.0,6.0,1.0
56891,True,2.0,40507.0,14.0,1.0
56893,True,2.0,56891.0,1.0,1.0
56897,True,2.0,56893.0,2.0,1.0
56909,True,2.0,52813.0,12.0,1.0
56909,True,2.0,56893.0,4.0,1.0
56911,True,2.0,56783.0,7.0,1.0
56911,True,2.0,56909.0,1.0,1.0
56921,True,2.0,55897.0,10.0,1.0
56921,True,2.0,56857.0,6.0,1.0
56923,True,2.0,56891.0,5.0,1.0
56923,True,2.0,56921.0,1.0,1.0
56923,True,2.0,48731.0,13.0,1.0
56929,True,2.0,56921.0,3.0,1.0
56929,True,2.0,56897.0,5.0,1.0
56929,True,2.0,56417.0,9.0,1.0
56929,True,2.0,54881.0,11.0,1.0
56941,True,2.0,56909.0,5.0,1.0
56941,True,2.0,56813.0,7.0,1.0
56951,True,2.0,55927.0,10.0,1.0
56957,True,2.0,56941.0,4.0,1.0
56957,True,2.0,55933.0,10.0,1.0
56957,True,2.0,56893.0,6.0,1.0
56957,True,2.0,52861.0,12.0,1.0
56957,True,2.0,56701.0,8.0,1.0
56963,False,,,,
56983,True,2.0,56951.0,5.0,1.0
56989,True,2.0,56477.0,9.0,1.0
56989,True,2.0,54941.0,11.0,1.0
56989,True,2.0,56957.0,5.0,1.0
56993,True,2.0,56929.0,6.0,1.0
56993,True,2.0,56989.0,2.0,1.0
56993,True,2.0,56737.0,8.0,1.0
56993,True,2.0,40609.0,14.0,1.0
56999,True,2.0,52903.0,12.0,1.0
56999,True,2.0,56983.0,4.0,1.0
57037,True,2.0,56909.0,7.0,1.0
57041,True,2.0,57037.0,2.0,1.0
57047,True,2.0,52951.0,12.0,1.0
57047,True,2.0,56983.0,6.0,1.0
57059,True,2.0,52963.0,12.0,1.0
57073,True,2.0,57041.0,5.0,1.0
57077,True,2.0,40693.0,14.0,1.0
57077,True,2.0,56053.0,10.0,1.0
57077,True,2.0,52981.0,12.0,1.0
57077,True,2.0,56821.0,8.0,1.0
57077,True,2.0,57073.0,2.0,1.0
57089,True,2.0,57073.0,4.0,1.0
57097,True,2.0,55049.0,11.0,1.0
57097,True,2.0,24329.0,15.0,1.0
57097,True,2.0,57089.0,3.0,1.0
57107,False,,,,
57119,False,,,,
57131,False,,,,
57139,True,2.0,24371.0,15.0,1.0
57139,True,2.0,57131.0,3.0,1.0
57139,True,2.0,48947.0,13.0,1.0
57139,True,2.0,57107.0,5.0,1.0
57143,True,2.0,53047.0,12.0,1.0
57143,True,2.0,40759.0,14.0,1.0
57143,True,2.0,57139.0,2.0,1.0
57149,True,2.0,56893.0,8.0,1.0
57163,True,2.0,57131.0,5.0,1.0
57173,True,2.0,53077.0,12.0,1.0
57173,True,2.0,56149.0,10.0,1.0
57179,True,2.0,56923.0,8.0,1.0
57179,True,2.0,57163.0,4.0,1.0
57191,True,2.0,56167.0,10.0,1.0
57193,True,2.0,57191.0,1.0,1.0
57193,True,2.0,56681.0,9.0,1.0
57203,True,2.0,40819.0,14.0,1.0
57203,True,2.0,57139.0,6.0,1.0
57203,True,2.0,56179.0,10.0,1.0
57221,True,2.0,56197.0,10.0,1.0
57223,True,2.0,49031.0,13.0,1.0
57223,True,2.0,56711.0,9.0,1.0
57223,True,2.0,57221.0,1.0,1.0
57223,True,2.0,57191.0,5.0,1.0
57241,True,2.0,24473.0,15.0,1.0
57251,True,2.0,40867.0,14.0,1.0
57259,True,2.0,56747.0,9.0,1.0
57259,True,2.0,57131.0,7.0,1.0
57259,True,2.0,57251.0,3.0,1.0
57269,True,2.0,53173.0,12.0,1.0
57271,True,2.0,57269.0,1.0,1.0
57271,True,2.0,57143.0,7.0,1.0
57283,True,2.0,57251.0,5.0,1.0
57287,True,2.0,57283.0,2.0,1.0
57287,True,2.0,56263.0,10.0,1.0
57287,True,2.0,57271.0,4.0,1.0
57287,True,2.0,40903.0,14.0,1.0
57287,True,2.0,57223.0,6.0,1.0
57301,True,2.0,57269.0,5.0,1.0
57301,True,2.0,49109.0,13.0,1.0
57301,True,2.0,24533.0,15.0,1.0
57301,True,2.0,57173.0,7.0,1.0
57329,True,2.0,57073.0,8.0,1.0
57329,True,2.0,53233.0,12.0,1.0
57331,True,2.0,57203.0,7.0,1.0
57331,True,2.0,49139.0,13.0,1.0
57331,True,2.0,57329.0,1.0,1.0
57347,True,2.0,57331.0,4.0,1.0
57347,True,2.0,57283.0,6.0,1.0
57349,True,2.0,49157.0,13.0,1.0
57349,True,2.0,57347.0,1.0,1.0
57349,True,2.0,57221.0,7.0,1.0
57367,False,,,,
57373,False,,,,
57383,True,2.0,57367.0,4.0,1.0
57383,True,2.0,56359.0,10.0,1.0
57389,True,2.0,57373.0,4.0,1.0
57397,True,2.0,57269.0,7.0,1.0
57397,True,2.0,57389.0,3.0,1.0
57413,True,2.0,57397.0,4.0,1.0
57413,True,2.0,57349.0,6.0,1.0
57427,True,2.0,24659.0,15.0,1.0
57457,True,2.0,57329.0,7.0,1.0
57467,True,2.0,56443.0,10.0,1.0
57487,True,2.0,55439.0,11.0,1.0
57493,False,,,,
57503,True,2.0,57487.0,4.0,1.0
57503,True,2.0,56479.0,10.0,1.0
57503,True,2.0,53407.0,12.0,1.0
57527,True,2.0,56503.0,10.0,1.0
57527,True,2.0,57271.0,8.0,1.0
57527,True,2.0,41143.0,14.0,1.0
57529,True,2.0,57527.0,1.0,1.0
57557,True,2.0,56533.0,10.0,1.0
57557,True,2.0,57493.0,6.0,1.0
57557,True,2.0,57301.0,8.0,1.0
57559,True,2.0,57527.0,5.0,1.0
57559,True,2.0,49367.0,13.0,1.0
57559,True,2.0,55511.0,11.0,1.0
57559,True,2.0,57557.0,1.0,1.0
57559,True,2.0,57047.0,9.0,1.0
57571,True,2.0,57059.0,9.0,1.0
57587,True,2.0,57331.0,8.0,1.0
57587,True,2.0,57571.0,4.0,1.0
57587,True,2.0,41203.0,14.0,1.0
57593,True,2.0,56569.0,10.0,1.0
57593,True,2.0,57529.0,6.0,1.0
57601,True,2.0,57593.0,3.0,1.0
57601,True,2.0,49409.0,13.0,1.0
57601,True,2.0,57089.0,9.0,1.0
57637,True,2.0,55589.0,11.0,1.0
57641,True,2.0,41257.0,14.0,1.0
57641,True,2.0,57637.0,2.0,1.0
57649,True,2.0,57641.0,3.0,1.0
57653,True,2.0,57649.0,2.0,1.0
57653,True,2.0,41269.0,14.0,1.0
57653,True,2.0,57637.0,4.0,1.0
57653,True,2.0,57397.0,8.0,1.0
57653,True,2.0,56629.0,10.0,1.0
57667,True,2.0,55619.0,11.0,1.0
57679,True,2.0,55631.0,11.0,1.0
57689,True,2.0,53593.0,12.0,1.0
57697,True,2.0,57689.0,3.0,1.0
57709,True,2.0,55661.0,11.0,1.0
57713,True,2.0,53617.0,12.0,1.0
57713,True,2.0,57709.0,2.0,1.0
57713,True,2.0,57649.0,6.0,1.0
57713,True,2.0,57457.0,8.0,1.0
57713,True,2.0,57697.0,4.0,1.0
57719,True,2.0,53623.0,12.0,1.0
57727,True,2.0,57719.0,3.0,1.0
57731,True,2.0,57727.0,2.0,1.0
57731,True,2.0,57667.0,6.0,1.0
57737,True,2.0,56713.0,10.0,1.0
57751,True,2.0,57719.0,5.0,1.0
57751,True,2.0,49559.0,13.0,1.0
57773,True,2.0,57709.0,6.0,1.0
57773,True,2.0,41389.0,14.0,1.0
57781,True,2.0,25013.0,15.0,1.0
57781,True,2.0,57269.0,9.0,1.0
57781,True,2.0,57773.0,3.0,1.0
57781,True,2.0,55733.0,11.0,1.0
57781,True,2.0,57653.0,7.0,1.0
57787,False,,,,
57791,True,2.0,57787.0,2.0,1.0
57791,True,2.0,56767.0,10.0,1.0
57791,True,2.0,57727.0,6.0,1.0
57793,True,2.0,57791.0,1.0,1.0
57803,True,2.0,57787.0,4.0,1.0
57803,True,2.0,56779.0,10.0,1.0
57809,True,2.0,57793.0,4.0,1.0
57829,False,,,,
57839,False,,,,
57847,True,2.0,57719.0,7.0,1.0
57847,True,2.0,55799.0,11.0,1.0
57847,True,2.0,57839.0,3.0,1.0
57853,False,,,,
57859,True,2.0,57731.0,7.0,1.0
57859,True,2.0,57347.0,9.0,1.0
57859,True,2.0,49667.0,13.0,1.0
57881,True,2.0,56857.0,10.0,1.0
57899,False,,,,
57901,True,2.0,57899.0,1.0,1.0
57901,True,2.0,57389.0,9.0,1.0
57901,True,2.0,57773.0,7.0,1.0
57917,True,2.0,57901.0,4.0,1.0
57917,True,2.0,56893.0,10.0,1.0
57917,True,2.0,57853.0,6.0,1.0
57923,True,2.0,57859.0,6.0,1.0
57923,True,2.0,41539.0,14.0,1.0
57923,True,2.0,57667.0,8.0,1.0
57943,False,,,,
57947,True,2.0,56923.0,10.0,1.0
57947,True,2.0,57943.0,2.0,1.0
57973,False,,,,
57977,True,2.0,53881.0,12.0,1.0
57977,True,2.0,41593.0,14.0,1.0
57977,True,2.0,57973.0,2.0,1.0
57991,False,,,,
58013,True,2.0,53917.0,12.0,1.0
58013,True,2.0,56989.0,10.0,1.0
58027,True,2.0,57899.0,7.0,1.0
58031,True,2.0,41647.0,14.0,1.0
58031,True,2.0,58027.0,2.0,1.0
58043,True,2.0,58027.0,4.0,1.0
58043,True,2.0,57787.0,8.0,1.0
58043,True,2.0,41659.0,14.0,1.0
58049,True,2.0,57793.0,8.0,1.0
58057,True,2.0,58049.0,3.0,1.0
58057,True,2.0,56009.0,11.0,1.0
58061,True,2.0,57037.0,10.0,1.0
58061,True,2.0,58057.0,2.0,1.0
58067,False,,,,
58073,True,2.0,58057.0,4.0,1.0
58099,True,2.0,57587.0,9.0,1.0
58099,True,2.0,58067.0,5.0,1.0
58109,True,2.0,57853.0,8.0,1.0
58109,True,2.0,54013.0,12.0,1.0
58111,True,2.0,58109.0,1.0,1.0
58111,True,2.0,49919.0,13.0,1.0
58111,True,2.0,25343.0,15.0,1.0
58129,True,2.0,49937.0,13.0,1.0
58129,True,2.0,56081.0,11.0,1.0
58147,True,2.0,56099.0,11.0,1.0
58151,True,2.0,58147.0,2.0,1.0
58153,True,2.0,58151.0,1.0,1.0
58153,True,2.0,57641.0,9.0,1.0
58169,True,2.0,58153.0,4.0,1.0
58171,True,2.0,58169.0,1.0,1.0
58171,True,2.0,56123.0,11.0,1.0
58171,True,2.0,58043.0,7.0,1.0
58189,True,2.0,58061.0,7.0,1.0
58193,True,2.0,58189.0,2.0,1.0
58193,True,2.0,41809.0,14.0,1.0
58193,True,2.0,58129.0,6.0,1.0
58199,True,2.0,57943.0,8.0,1.0
58207,True,2.0,25439.0,15.0,1.0
58207,True,2.0,58199.0,3.0,1.0
58211,True,2.0,58207.0,2.0,1.0
58211,True,2.0,58147.0,6.0,1.0
58217,True,2.0,57193.0,10.0,1.0
58217,True,2.0,58153.0,6.0,1.0
58217,True,2.0,54121.0,12.0,1.0
58229,True,2.0,54133.0,12.0,1.0
58229,True,2.0,57973.0,8.0,1.0
58231,True,2.0,57719.0,9.0,1.0
58231,True,2.0,25463.0,15.0,1.0
58231,True,2.0,58229.0,1.0,1.0
58231,True,2.0,58199.0,5.0,1.0
58237,True,2.0,58109.0,7.0,1.0
58237,True,2.0,25469.0,15.0,1.0
58237,True,2.0,58229.0,3.0,1.0
58243,True,2.0,58211.0,5.0,1.0
58243,True,2.0,57731.0,9.0,1.0
58243,True,2.0,50051.0,13.0,1.0
58271,True,2.0,41887.0,14.0,1.0
58271,True,2.0,58207.0,6.0,1.0
58309,True,2.0,25541.0,15.0,1.0
58313,True,2.0,58309.0,2.0,1.0
58313,True,2.0,58057.0,8.0,1.0
58313,True,2.0,54217.0,12.0,1.0
58321,True,2.0,58193.0,7.0,1.0
58321,True,2.0,50129.0,13.0,1.0
58321,True,2.0,57809.0,9.0,1.0
58321,True,2.0,58313.0,3.0,1.0
58337,True,2.0,58321.0,4.0,1.0
58337,True,2.0,241.0,8.0,2.0
58337,True,2.0,41953.0,14.0,1.0
58363,False,,,,
58367,True,2.0,41983.0,14.0,1.0
58367,True,2.0,58111.0,8.0,1.0
58367,True,2.0,58363.0,2.0,1.0
58369,True,2.0,50177.0,13.0,1.0
58369,True,2.0,58367.0,1.0,1.0
58369,True,2.0,25601.0,15.0,1.0
58369,True,2.0,58337.0,5.0,1.0
58379,True,2.0,58363.0,4.0,1.0
58391,True,2.0,57367.0,10.0,1.0
58393,True,2.0,58391.0,1.0,1.0
58393,True,2.0,57881.0,9.0,1.0
58403,True,2.0,58147.0,8.0,1.0
58403,True,2.0,42019.0,14.0,1.0
58411,True,2.0,58403.0,3.0,1.0
58411,True,2.0,25643.0,15.0,1.0
58411,True,2.0,57899.0,9.0,1.0
58411,True,2.0,58379.0,5.0,1.0
58417,True,2.0,56369.0,11.0,1.0
58427,True,2.0,58363.0,6.0,1.0
58427,True,2.0,58171.0,8.0,1.0
58427,True,2.0,54331.0,12.0,1.0
58427,True,2.0,42043.0,14.0,1.0
58427,True,2.0,58411.0,4.0,1.0
58439,False,,,,
58441,True,2.0,56393.0,11.0,1.0
58441,True,2.0,25673.0,15.0,1.0
58441,True,2.0,58439.0,1.0,1.0
58441,True,2.0,58313.0,7.0,1.0
58451,True,2.0,57427.0,10.0,1.0
58453,True,2.0,50261.0,13.0,1.0
58453,True,2.0,58451.0,1.0,1.0
58477,False,,,,
58481,True,2.0,57457.0,10.0,1.0
58481,True,2.0,58417.0,6.0,1.0
58481,True,2.0,58477.0,2.0,1.0
58511,True,2.0,57487.0,10.0,1.0
58537,True,2.0,56489.0,11.0,1.0
58543,True,2.0,58031.0,9.0,1.0
58543,True,2.0,58511.0,5.0,1.0
58549,True,2.0,56501.0,11.0,1.0
58567,True,2.0,25799.0,15.0,1.0
58567,True,2.0,56519.0,11.0,1.0
58567,True,2.0,58439.0,7.0,1.0
58573,True,2.0,58061.0,9.0,1.0
58579,True,2.0,56531.0,11.0,1.0
58579,True,2.0,50387.0,13.0,1.0
58579,True,2.0,58451.0,7.0,1.0
58579,True,2.0,58067.0,9.0,1.0
58601,True,2.0,58537.0,6.0,1.0
58603,True,2.0,58601.0,1.0,1.0
58603,True,2.0,50411.0,13.0,1.0
58613,True,2.0,54517.0,12.0,1.0
58613,True,2.0,58549.0,6.0,1.0
58631,True,2.0,58567.0,6.0,1.0
58657,True,2.0,25889.0,15.0,1.0
58661,True,2.0,57637.0,10.0,1.0
58661,True,2.0,58657.0,2.0,1.0
58679,True,2.0,54583.0,12.0,1.0
58687,True,2.0,58679.0,3.0,1.0
58687,True,2.0,25919.0,15.0,1.0
58693,True,2.0,58661.0,5.0,1.0
58699,True,2.0,25931.0,15.0,1.0
58711,True,2.0,56663.0,11.0,1.0
58711,True,2.0,58679.0,5.0,1.0
58711,True,2.0,25943.0,15.0,1.0
58711,True,2.0,58199.0,9.0,1.0
58727,True,2.0,58711.0,4.0,1.0
58727,True,2.0,54631.0,12.0,1.0
58733,True,2.0,42349.0,14.0,1.0
58733,True,2.0,58477.0,8.0,1.0
58733,True,2.0,57709.0,10.0,1.0
58741,True,2.0,58613.0,7.0,1.0
58741,True,2.0,50549.0,13.0,1.0
58741,True,2.0,58733.0,3.0,1.0
58741,True,2.0,58229.0,9.0,1.0
58757,True,2.0,42373.0,14.0,1.0
58757,True,2.0,58693.0,6.0,1.0
58757,True,2.0,58741.0,4.0,1.0
58763,True,2.0,54667.0,12.0,1.0
58763,True,2.0,58699.0,6.0,1.0
58763,True,2.0,42379.0,14.0,1.0
58771,True,2.0,26003.0,15.0,1.0
58771,True,2.0,58763.0,3.0,1.0
58787,True,2.0,58771.0,4.0,1.0
58787,True,2.0,42403.0,14.0,1.0
58789,True,2.0,58661.0,7.0,1.0
58789,True,2.0,26021.0,15.0,1.0
58789,True,2.0,58787.0,1.0,1.0
58789,True,2.0,58757.0,5.0,1.0
58831,True,2.0,56783.0,11.0,1.0
58889,False,,,,
58897,True,2.0,58889.0,3.0,1.0
58901,True,2.0,58897.0,2.0,1.0
58907,False,,,,
58909,True,2.0,58907.0,1.0,1.0
58909,True,2.0,26141.0,15.0,1.0
58909,True,2.0,58901.0,3.0,1.0
58913,True,2.0,58897.0,4.0,1.0
58913,True,2.0,58909.0,2.0,1.0
58913,True,2.0,58657.0,8.0,1.0
58921,True,2.0,56873.0,11.0,1.0
58921,True,2.0,26153.0,15.0,1.0
58921,True,2.0,58889.0,5.0,1.0
58921,True,2.0,58913.0,3.0,1.0
58937,True,2.0,58921.0,4.0,1.0
58943,True,2.0,58687.0,8.0,1.0
58963,True,2.0,58451.0,9.0,1.0
58967,True,2.0,57943.0,10.0,1.0
58967,True,2.0,58711.0,8.0,1.0
58967,True,2.0,58963.0,2.0,1.0
58979,True,2.0,58963.0,4.0,1.0
58991,False,,,,
58997,True,2.0,57973.0,10.0,1.0
58997,True,2.0,58741.0,8.0,1.0
59009,False,,,,
59011,True,2.0,56963.0,11.0,1.0
59011,True,2.0,59009.0,1.0,1.0
59011,True,2.0,58979.0,5.0,1.0
59021,False,,,,
59023,True,2.0,58511.0,9.0,1.0
59023,True,2.0,58991.0,5.0,1.0
59023,True,2.0,59021.0,1.0,1.0
59029,True,2.0,59021.0,3.0,1.0
59029,True,2.0,58997.0,5.0,1.0
59029,True,2.0,58901.0,7.0,1.0
59029,True,2.0,26261.0,15.0,1.0
59051,True,2.0,58027.0,10.0,1.0
59051,True,2.0,42667.0,14.0,1.0
59051,True,2.0,3.0,1.0,10.0
59053,True,2.0,3.0,2.0,10.0
59053,True,2.0,59051.0,1.0,1.0
59053,True,2.0,59021.0,5.0,1.0
59063,False,,,,
59069,True,2.0,54973.0,12.0,1.0
59069,True,2.0,59053.0,4.0,1.0
59077,True,2.0,26309.0,15.0,1.0
59077,True,2.0,59069.0,3.0,1.0
59083,True,2.0,59051.0,5.0,1.0
59083,True,2.0,50891.0,13.0,1.0
59093,True,2.0,42709.0,14.0,1.0
59093,True,2.0,59077.0,4.0,1.0
59093,True,2.0,59029.0,6.0,1.0
59107,True,2.0,58979.0,7.0,1.0
59107,True,2.0,57059.0,11.0,1.0
59107,True,2.0,26339.0,15.0,1.0
59113,True,2.0,58601.0,9.0,1.0
59113,True,2.0,3.0,6.0,10.0
59119,True,2.0,58991.0,7.0,1.0
59123,True,2.0,59107.0,4.0,1.0
59123,True,2.0,58099.0,10.0,1.0
59123,True,2.0,59119.0,2.0,1.0
59141,True,2.0,59077.0,6.0,1.0
59149,True,2.0,59141.0,3.0,1.0
59149,True,2.0,59021.0,7.0,1.0
59149,True,2.0,50957.0,13.0,1.0
59159,False,,,,
59167,True,2.0,57119.0,11.0,1.0
59167,True,2.0,26399.0,15.0,1.0
59167,True,2.0,59159.0,3.0,1.0
59183,True,2.0,59167.0,4.0,1.0
59183,True,2.0,59119.0,6.0,1.0
59197,True,2.0,57149.0,11.0,1.0
59197,True,2.0,59069.0,7.0,1.0
59207,False,,,,
59209,True,2.0,59207.0,1.0,1.0
59219,True,2.0,58963.0,8.0,1.0
59221,True,2.0,59093.0,7.0,1.0
59221,True,2.0,57173.0,11.0,1.0
59221,True,2.0,59219.0,1.0,1.0
59233,False,,,,
59239,True,2.0,59207.0,5.0,1.0
59239,True,2.0,57191.0,11.0,1.0
59239,True,2.0,58727.0,9.0,1.0
59239,True,2.0,51047.0,13.0,1.0
59243,True,2.0,42859.0,14.0,1.0
59243,True,2.0,55147.0,12.0,1.0
59243,True,2.0,59239.0,2.0,1.0
59263,True,2.0,51071.0,13.0,1.0
59273,True,2.0,59209.0,6.0,1.0
59281,True,2.0,59273.0,3.0,1.0
59281,True,2.0,26513.0,15.0,1.0
59333,True,2.0,59077.0,8.0,1.0
59333,True,2.0,58309.0,10.0,1.0
59341,True,2.0,26573.0,15.0,1.0
59341,True,2.0,59333.0,3.0,1.0
59351,True,2.0,42967.0,14.0,1.0
59357,True,2.0,59341.0,4.0,1.0
59359,True,2.0,59357.0,1.0,1.0
59359,True,2.0,59351.0,3.0,1.0
59359,True,2.0,26591.0,15.0,1.0
59369,True,2.0,59113.0,8.0,1.0
59377,True,2.0,59369.0,3.0,1.0
59377,True,2.0,57329.0,11.0,1.0
59387,True,2.0,43003.0,14.0,1.0
59387,True,2.0,55291.0,12.0,1.0
59387,True,2.0,58363.0,10.0,1.0
59393,True,2.0,58369.0,10.0,1.0
59393,True,2.0,59377.0,4.0,1.0
59399,False,,,,
59407,True,2.0,59399.0,3.0,1.0
59417,True,2.0,58393.0,10.0,1.0
59419,True,2.0,59417.0,1.0,1.0
59419,True,2.0,58907.0,9.0,1.0
59419,True,2.0,59387.0,5.0,1.0
59441,True,2.0,59377.0,6.0,1.0
59441,True,2.0,58417.0,10.0,1.0
59443,True,2.0,59441.0,1.0,1.0
59447,True,2.0,55351.0,12.0,1.0
59447,True,2.0,59443.0,2.0,1.0
59447,True,2.0,43063.0,14.0,1.0
59453,True,2.0,59197.0,8.0,1.0
59467,True,2.0,26699.0,15.0,1.0
59471,True,2.0,59407.0,6.0,1.0
59471,True,2.0,59467.0,2.0,1.0
59473,True,2.0,59471.0,1.0,1.0
59473,True,2.0,59441.0,5.0,1.0
59497,True,2.0,59369.0,7.0,1.0
59497,True,2.0,26729.0,15.0,1.0
59509,True,2.0,58997.0,9.0,1.0
59513,True,2.0,59509.0,2.0,1.0
59513,True,2.0,59497.0,4.0,1.0
59539,True,2.0,51347.0,13.0,1.0
59557,False,,,,
59561,True,2.0,58537.0,10.0,1.0
59561,True,2.0,59497.0,6.0,1.0
59561,True,2.0,3.0,9.0,10.0
59561,True,2.0,59557.0,2.0,1.0
59561,True,2.0,43177.0,14.0,1.0
59567,True,2.0,58543.0,10.0,1.0
59581,True,2.0,59069.0,9.0,1.0
59581,True,2.0,59453.0,7.0,1.0
59581,True,2.0,26813.0,15.0,1.0
59611,True,2.0,51419.0,13.0,1.0
59617,True,2.0,26849.0,15.0,1.0
59621,True,2.0,59557.0,6.0,1.0
59621,True,2.0,59617.0,2.0,1.0
59621,True,2.0,43237.0,14.0,1.0
59627,True,2.0,59611.0,4.0,1.0
59627,True,2.0,58603.0,10.0,1.0
59629,True,2.0,51437.0,13.0,1.0
59629,True,2.0,26861.0,15.0,1.0
59629,True,2.0,59621.0,3.0,1.0
59629,True,2.0,59627.0,1.0,1.0
59651,False,,,,
59659,True,2.0,59651.0,3.0,1.0
59659,True,2.0,59627.0,5.0,1.0
59659,True,2.0,26891.0,15.0,1.0
59663,True,2.0,59407.0,8.0,1.0
59663,True,2.0,59659.0,2.0,1.0
59669,False,,,,
59671,True,2.0,59663.0,3.0,1.0
59671,True,2.0,26903.0,15.0,1.0
59671,True,2.0,59159.0,9.0,1.0
59671,True,2.0,59669.0,1.0,1.0
59671,True,2.0,51479.0,13.0,1.0
59693,True,2.0,59629.0,6.0,1.0
59699,True,2.0,55603.0,12.0,1.0
59699,True,2.0,59443.0,8.0,1.0
59707,True,2.0,59699.0,3.0,1.0
59723,True,2.0,58699.0,10.0,1.0
59723,True,2.0,59707.0,4.0,1.0
59723,True,2.0,59467.0,8.0,1.0
59723,True,2.0,59659.0,6.0,1.0
59729,True,2.0,59473.0,8.0,1.0
59729,True,2.0,55633.0,12.0,1.0
59743,True,2.0,51551.0,13.0,1.0
59747,True,2.0,59743.0,2.0,1.0
59753,True,2.0,59497.0,8.0,1.0
59771,True,2.0,59707.0,6.0,1.0
59779,True,2.0,27011.0,15.0,1.0
59779,True,2.0,57731.0,11.0,1.0
59779,True,2.0,59771.0,3.0,1.0
59779,True,2.0,59651.0,7.0,1.0
59779,True,2.0,59747.0,5.0,1.0
59791,True,2.0,51599.0,13.0,1.0
59791,True,2.0,59663.0,7.0,1.0
59797,True,2.0,59669.0,7.0,1.0
59809,False,,,,
59833,False,,,,
59863,True,2.0,59351.0,9.0,1.0
59879,True,2.0,59863.0,4.0,1.0
59887,True,2.0,57839.0,11.0,1.0
59887,True,2.0,59879.0,3.0,1.0
59921,True,2.0,58897.0,10.0,1.0
59929,True,2.0,59921.0,3.0,1.0
59929,True,2.0,59417.0,9.0,1.0
59929,True,2.0,57881.0,11.0,1.0
59951,True,2.0,59887.0,6.0,1.0
59957,True,2.0,43573.0,14.0,1.0
59971,True,2.0,57923.0,11.0,1.0
59981,True,2.0,43597.0,14.0,1.0
59999,True,2.0,55903.0,12.0,1.0
59999,True,2.0,59743.0,8.0,1.0
60013,True,2.0,59981.0,5.0,1.0
60017,True,2.0,43633.0,14.0,1.0
60017,True,2.0,55921.0,12.0,1.0
60017,True,2.0,60013.0,2.0,1.0
60029,True,2.0,60013.0,4.0,1.0
60029,True,2.0,55933.0,12.0,1.0
60037,True,2.0,60029.0,3.0,1.0
60041,True,2.0,60037.0,2.0,1.0
60077,True,2.0,60013.0,6.0,1.0
60077,True,2.0,59053.0,10.0,1.0
60083,True,2.0,55987.0,12.0,1.0
60089,True,2.0,59833.0,8.0,1.0
60091,True,2.0,60089.0,1.0,1.0
60091,True,2.0,51899.0,13.0,1.0
60091,True,2.0,60083.0,3.0,1.0
60091,True,2.0,58043.0,11.0,1.0
60101,True,2.0,60037.0,6.0,1.0
60101,True,2.0,43717.0,14.0,1.0
60101,True,2.0,59077.0,10.0,1.0
60103,True,2.0,60101.0,1.0,1.0
60107,True,2.0,59083.0,10.0,1.0
60107,True,2.0,60103.0,2.0,1.0
60107,True,2.0,60091.0,4.0,1.0
60127,True,2.0,59999.0,7.0,1.0
60133,True,2.0,60101.0,5.0,1.0
60133,True,2.0,51941.0,13.0,1.0
60133,True,2.0,59621.0,9.0,1.0
60139,True,2.0,59627.0,9.0,1.0
60139,True,2.0,60107.0,5.0,1.0
60149,True,2.0,60133.0,4.0,1.0
60149,True,2.0,56053.0,12.0,1.0
60161,True,2.0,43777.0,14.0,1.0
60167,True,2.0,43783.0,14.0,1.0
60167,True,2.0,60103.0,6.0,1.0
60169,True,2.0,60161.0,3.0,1.0
60169,True,2.0,60167.0,1.0,1.0
60169,True,2.0,51977.0,13.0,1.0
60169,True,2.0,60041.0,7.0,1.0
60209,True,2.0,56113.0,12.0,1.0
60217,True,2.0,60209.0,3.0,1.0
60217,True,2.0,60089.0,7.0,1.0
60217,True,2.0,27449.0,15.0,1.0
60217,True,2.0,58169.0,11.0,1.0
60223,False,,,,
60251,True,2.0,43867.0,14.0,1.0
60257,True,2.0,59233.0,10.0,1.0
60259,True,2.0,59747.0,9.0,1.0
60259,True,2.0,58211.0,11.0,1.0
60259,True,2.0,60257.0,1.0,1.0
60259,True,2.0,60251.0,3.0,1.0
60259,True,2.0,52067.0,13.0,1.0
60271,False,,,,
60289,True,2.0,60257.0,5.0,1.0
60289,True,2.0,60161.0,7.0,1.0
60293,True,2.0,60289.0,2.0,1.0
60293,True,2.0,60037.0,8.0,1.0
60293,True,2.0,56197.0,12.0,1.0
60317,True,2.0,43933.0,14.0,1.0
60331,False,,,,
60337,True,2.0,60209.0,7.0,1.0
60343,False,,,,
60353,True,2.0,60337.0,4.0,1.0
60353,True,2.0,43969.0,14.0,1.0
60353,True,2.0,60289.0,6.0,1.0
60373,True,2.0,52181.0,13.0,1.0
60383,True,2.0,59359.0,10.0,1.0
60383,True,2.0,60127.0,8.0,1.0
60397,False,,,,
60413,True,2.0,60397.0,4.0,1.0
60413,True,2.0,44029.0,14.0,1.0
60427,True,2.0,58379.0,11.0,1.0
60443,True,2.0,60427.0,4.0,1.0
60443,True,2.0,59419.0,10.0,1.0
60443,True,2.0,44059.0,14.0,1.0
60449,False,,,,
60457,True,2.0,27689.0,15.0,1.0
60457,True,2.0,60449.0,3.0,1.0
60493,True,2.0,52301.0,13.0,1.0
60493,True,2.0,59981.0,9.0,1.0
60497,True,2.0,56401.0,12.0,1.0
60497,True,2.0,59473.0,10.0,1.0
60497,True,2.0,60493.0,2.0,1.0
60509,True,2.0,60493.0,4.0,1.0
60521,True,2.0,60457.0,6.0,1.0
60521,True,2.0,59497.0,10.0,1.0
60527,True,2.0,60271.0,8.0,1.0
60527,True,2.0,56431.0,12.0,1.0
60539,True,2.0,56443.0,12.0,1.0
60589,True,2.0,60077.0,9.0,1.0
60601,True,2.0,60089.0,9.0,1.0
60607,False,,,,
60611,True,2.0,60607.0,2.0,1.0
60617,True,2.0,60601.0,4.0,1.0
60623,True,2.0,60607.0,4.0,1.0
60623,True,2.0,56527.0,12.0,1.0
60631,True,2.0,60623.0,3.0,1.0
60637,True,2.0,60509.0,7.0,1.0
60647,True,2.0,60631.0,4.0,1.0
60647,True,2.0,44263.0,14.0,1.0
60649,True,2.0,60617.0,5.0,1.0
60649,True,2.0,58601.0,11.0,1.0
60649,True,2.0,60521.0,7.0,1.0
60649,True,2.0,52457.0,13.0,1.0
60649,True,2.0,60647.0,1.0,1.0
60659,False,,,,
60661,True,2.0,60149.0,9.0,1.0
60661,True,2.0,58613.0,11.0,1.0
60661,True,2.0,27893.0,15.0,1.0
60661,True,2.0,60659.0,1.0,1.0
60679,True,2.0,58631.0,11.0,1.0
60679,True,2.0,60167.0,9.0,1.0
60679,True,2.0,60647.0,5.0,1.0
60689,False,,,,
60703,True,2.0,52511.0,13.0,1.0
60719,True,2.0,60703.0,4.0,1.0
60727,True,2.0,58679.0,11.0,1.0
60727,True,2.0,60719.0,3.0,1.0
60733,True,2.0,52541.0,13.0,1.0
60737,True,2.0,60733.0,2.0,1.0
60757,False,,,,
60761,True,2.0,60757.0,2.0,1.0
60763,True,2.0,52571.0,13.0,1.0
60763,True,2.0,60251.0,9.0,1.0
60763,True,2.0,60761.0,1.0,1.0
60773,True,2.0,44389.0,14.0,1.0
60773,True,2.0,60757.0,4.0,1.0
60779,True,2.0,60763.0,4.0,1.0
60793,True,2.0,60761.0,5.0,1.0
60811,True,2.0,58763.0,11.0,1.0
60811,True,2.0,60779.0,5.0,1.0
60821,True,2.0,60757.0,6.0,1.0
60821,True,2.0,59797.0,10.0,1.0
60859,True,2.0,52667.0,13.0,1.0
60869,True,2.0,56773.0,12.0,1.0
60887,True,2.0,59863.0,10.0,1.0
60887,True,2.0,60631.0,8.0,1.0
60889,True,2.0,60887.0,1.0,1.0
60889,True,2.0,52697.0,13.0,1.0
60889,True,2.0,60761.0,7.0,1.0
60899,False,,,,
60901,True,2.0,60869.0,5.0,1.0
60901,True,2.0,60773.0,7.0,1.0
60901,True,2.0,52709.0,13.0,1.0
60901,True,2.0,60899.0,1.0,1.0
60913,True,2.0,52721.0,13.0,1.0
60917,True,2.0,44533.0,14.0,1.0
60917,True,2.0,60901.0,4.0,1.0
60917,True,2.0,60913.0,2.0,1.0
60917,True,2.0,56821.0,12.0,1.0
60917,True,2.0,60661.0,8.0,1.0
60919,True,2.0,28151.0,15.0,1.0
60919,True,2.0,60917.0,1.0,1.0
60919,True,2.0,52727.0,13.0,1.0
60919,True,2.0,60887.0,5.0,1.0
60923,True,2.0,56827.0,12.0,1.0
60923,True,2.0,60919.0,2.0,1.0
60923,True,2.0,60859.0,6.0,1.0
60937,True,2.0,58889.0,11.0,1.0
60943,False,,,,
60953,True,2.0,59929.0,10.0,1.0
60953,True,2.0,60889.0,6.0,1.0
60953,True,2.0,56857.0,12.0,1.0
60953,True,2.0,60937.0,4.0,1.0
60961,True,2.0,52769.0,13.0,1.0
60961,True,2.0,60953.0,3.0,1.0
60961,True,2.0,60449.0,9.0,1.0
60961,True,2.0,58913.0,11.0,1.0
61001,True,2.0,44617.0,14.0,1.0
61001,True,2.0,60937.0,6.0,1.0
61007,True,2.0,44623.0,14.0,1.0
61007,True,2.0,60943.0,6.0,1.0
61007,True,2.0,56911.0,12.0,1.0
61027,True,2.0,58979.0,11.0,1.0
61027,True,2.0,60899.0,7.0,1.0
61031,True,2.0,44647.0,14.0,1.0
61031,True,2.0,61027.0,2.0,1.0
61043,True,2.0,61027.0,4.0,1.0
61051,True,2.0,60923.0,7.0,1.0
61051,True,2.0,28283.0,15.0,1.0
61051,True,2.0,61043.0,3.0,1.0
61051,True,2.0,60539.0,9.0,1.0
61051,True,2.0,52859.0,13.0,1.0
61057,True,2.0,59009.0,11.0,1.0
61057,True,2.0,28289.0,15.0,1.0
61091,True,2.0,61027.0,6.0,1.0
61099,True,2.0,59051.0,11.0,1.0
61099,True,2.0,61091.0,3.0,1.0
61121,True,2.0,61057.0,6.0,1.0
61129,True,2.0,60617.0,9.0,1.0
61129,True,2.0,52937.0,13.0,1.0
61129,True,2.0,61001.0,7.0,1.0
61129,True,2.0,61121.0,3.0,1.0
61141,True,2.0,59093.0,11.0,1.0
61151,True,2.0,60127.0,10.0,1.0
61153,True,2.0,61151.0,1.0,1.0
61153,True,2.0,61121.0,5.0,1.0
61169,True,2.0,61153.0,4.0,1.0
61169,True,2.0,60913.0,8.0,1.0
61169,True,2.0,57073.0,12.0,1.0
61211,False,,,,
61223,True,2.0,44839.0,14.0,1.0
61231,True,2.0,59183.0,11.0,1.0
61231,True,2.0,28463.0,15.0,1.0
61231,True,2.0,61223.0,3.0,1.0
61231,True,2.0,60719.0,9.0,1.0
61253,False,,,,
61261,True,2.0,28493.0,15.0,1.0
61261,True,2.0,53069.0,13.0,1.0
61261,True,2.0,61253.0,3.0,1.0
61283,True,2.0,60259.0,10.0,1.0
61283,True,2.0,61027.0,8.0,1.0
61291,True,2.0,61283.0,3.0,1.0
61291,True,2.0,59243.0,11.0,1.0
61291,True,2.0,60779.0,9.0,1.0
61297,True,2.0,61169.0,7.0,1.0
61331,False,,,,
61333,True,2.0,61331.0,1.0,1.0
61333,True,2.0,60821.0,9.0,1.0
61339,True,2.0,61211.0,7.0,1.0
61339,True,2.0,28571.0,15.0,1.0
61339,True,2.0,53147.0,13.0,1.0
61339,True,2.0,61331.0,3.0,1.0
61343,True,2.0,44959.0,14.0,1.0
61343,True,2.0,61339.0,2.0,1.0
61357,False,,,,
61363,True,2.0,53171.0,13.0,1.0
61363,True,2.0,61331.0,5.0,1.0
61379,True,2.0,61363.0,4.0,1.0
61379,True,2.0,57283.0,12.0,1.0
61381,True,2.0,61379.0,1.0,1.0
61381,True,2.0,53189.0,13.0,1.0
61381,True,2.0,61253.0,7.0,1.0
61381,True,2.0,59333.0,11.0,1.0
61381,True,2.0,60869.0,9.0,1.0
61403,True,2.0,61339.0,6.0,1.0
61409,True,2.0,61153.0,8.0,1.0
61417,True,2.0,61409.0,3.0,1.0
61417,True,2.0,28649.0,15.0,1.0
61417,True,2.0,59369.0,11.0,1.0
61441,True,2.0,59393.0,11.0,1.0
61441,True,2.0,61409.0,5.0,1.0
61463,True,2.0,57367.0,12.0,1.0
61469,True,2.0,57373.0,12.0,1.0
61471,True,2.0,61469.0,1.0,1.0
61471,True,2.0,28703.0,15.0,1.0
61471,True,2.0,61343.0,7.0,1.0
61471,True,2.0,53279.0,13.0,1.0
61471,True,2.0,61463.0,3.0,1.0
61483,False,,,,
61487,True,2.0,61471.0,4.0,1.0
61487,True,2.0,61231.0,8.0,1.0
61487,True,2.0,61483.0,2.0,1.0
61493,True,2.0,57397.0,12.0,1.0
61507,True,2.0,61379.0,7.0,1.0
61511,True,2.0,45127.0,14.0,1.0
61511,True,2.0,61507.0,2.0,1.0
61519,True,2.0,61007.0,9.0,1.0
61519,True,2.0,61487.0,5.0,1.0
61519,True,2.0,59471.0,11.0,1.0
61519,True,2.0,28751.0,15.0,1.0
61519,True,2.0,53327.0,13.0,1.0
61519,True,2.0,61511.0,3.0,1.0
61543,True,2.0,61511.0,5.0,1.0
61543,True,2.0,61031.0,9.0,1.0
61547,True,2.0,61483.0,6.0,1.0
61547,True,2.0,61291.0,8.0,1.0
61547,True,2.0,61543.0,2.0,1.0
61553,True,2.0,57457.0,12.0,1.0
61553,True,2.0,61297.0,8.0,1.0
61559,True,2.0,61543.0,4.0,1.0
61561,True,2.0,61559.0,1.0,1.0
61561,True,2.0,59513.0,11.0,1.0
61561,True,2.0,61553.0,3.0,1.0
61561,True,2.0,28793.0,15.0,1.0
61583,True,2.0,61519.0,6.0,1.0
61583,True,2.0,57487.0,12.0,1.0
61603,True,2.0,61091.0,9.0,1.0
61603,True,2.0,53411.0,13.0,1.0
61609,True,2.0,59561.0,11.0,1.0
61613,True,2.0,61357.0,8.0,1.0
61613,True,2.0,61609.0,2.0,1.0
61613,True,2.0,60589.0,10.0,1.0
61627,True,2.0,28859.0,15.0,1.0
61631,True,2.0,45247.0,14.0,1.0
61631,True,2.0,60607.0,10.0,1.0
61631,True,2.0,61627.0,2.0,1.0
61637,True,2.0,61381.0,8.0,1.0
61643,True,2.0,61627.0,4.0,1.0
61643,True,2.0,45259.0,14.0,1.0
61651,True,2.0,61643.0,3.0,1.0
61657,False,,,,
61667,True,2.0,61603.0,6.0,1.0
61667,True,2.0,57571.0,12.0,1.0
61667,True,2.0,61651.0,4.0,1.0
61673,True,2.0,61417.0,8.0,1.0
61673,True,2.0,61609.0,6.0,1.0
61673,True,2.0,60649.0,10.0,1.0
61673,True,2.0,45289.0,14.0,1.0
61673,True,2.0,61657.0,4.0,1.0
61681,True,2.0,61673.0,3.0,1.0
61681,True,2.0,61553.0,7.0,1.0
61681,True,2.0,61169.0,9.0,1.0
61687,True,2.0,61559.0,7.0,1.0
61703,True,2.0,60679.0,10.0,1.0
61703,True,2.0,61687.0,4.0,1.0
61703,True,2.0,45319.0,14.0,1.0
61717,True,2.0,59669.0,11.0,1.0
61717,True,2.0,28949.0,15.0,1.0
61723,True,2.0,61211.0,9.0,1.0
61729,True,2.0,28961.0,15.0,1.0
61751,True,2.0,61687.0,6.0,1.0
61751,True,2.0,60727.0,10.0,1.0
61757,True,2.0,60733.0,10.0,1.0
61781,True,2.0,61717.0,6.0,1.0
61781,True,2.0,60757.0,10.0,1.0
61813,True,2.0,61781.0,5.0,1.0
61819,True,2.0,59771.0,11.0,1.0
61837,False,,,,
61843,True,2.0,61331.0,9.0,1.0
61861,False,,,,
61871,False,,,,
61879,True,2.0,61751.0,7.0,1.0
61879,True,2.0,61871.0,3.0,1.0
61909,True,2.0,53717.0,13.0,1.0
61909,True,2.0,61781.0,7.0,1.0
61927,True,2.0,59879.0,11.0,1.0
61933,False,,,,
61949,True,2.0,61933.0,4.0,1.0
61949,True,2.0,57853.0,12.0,1.0
61961,True,2.0,60937.0,10.0,1.0
61967,True,2.0,60943.0,10.0,1.0
61979,True,2.0,61723.0,8.0,1.0
61981,True,2.0,61469.0,9.0,1.0
61981,True,2.0,61949.0,5.0,1.0
61981,True,2.0,61979.0,1.0,1.0
61987,True,2.0,61979.0,3.0,1.0
61991,True,2.0,61987.0,2.0,1.0
61991,True,2.0,61927.0,6.0,1.0
62003,True,2.0,61987.0,4.0,1.0
62011,True,2.0,53819.0,13.0,1.0
62011,True,2.0,62003.0,3.0,1.0
62011,True,2.0,61979.0,5.0,1.0
62011,True,2.0,29243.0,15.0,1.0
62017,False,,,,
62039,True,2.0,57943.0,12.0,1.0
62047,True,2.0,62039.0,3.0,1.0
62047,True,2.0,59999.0,11.0,1.0
62053,True,2.0,53861.0,13.0,1.0
62057,True,2.0,45673.0,14.0,1.0
62057,True,2.0,62053.0,2.0,1.0
62071,True,2.0,29303.0,15.0,1.0
62071,True,2.0,62039.0,5.0,1.0
62071,True,2.0,61559.0,9.0,1.0
62081,True,2.0,61057.0,10.0,1.0
62081,True,2.0,45697.0,14.0,1.0
62081,True,2.0,62017.0,6.0,1.0
62099,True,2.0,61843.0,8.0,1.0
62119,True,2.0,53927.0,13.0,1.0
62119,True,2.0,61991.0,7.0,1.0
62129,False,,,,
62131,True,2.0,62099.0,5.0,1.0
62131,True,2.0,60083.0,11.0,1.0
62131,True,2.0,62129.0,1.0,1.0
62131,True,2.0,53939.0,13.0,1.0
62131,True,2.0,62003.0,7.0,1.0
62131,True,2.0,29363.0,15.0,1.0
62137,True,2.0,60089.0,11.0,1.0
62137,True,2.0,62129.0,3.0,1.0
62141,True,2.0,45757.0,14.0,1.0
62141,True,2.0,62137.0,2.0,1.0
62143,True,2.0,61631.0,9.0,1.0
62143,True,2.0,53951.0,13.0,1.0
62143,True,2.0,62141.0,1.0,1.0
62171,False,,,,
62189,True,2.0,61933.0,8.0,1.0
62191,True,2.0,29423.0,15.0,1.0
62191,True,2.0,62189.0,1.0,1.0
62201,True,2.0,62137.0,6.0,1.0
62201,True,2.0,45817.0,14.0,1.0
62207,True,2.0,58111.0,12.0,1.0
62207,True,2.0,45823.0,14.0,1.0
62207,True,2.0,62143.0,6.0,1.0
62207,True,2.0,62191.0,4.0,1.0
62213,False,,,,
62219,False,,,,
62233,True,2.0,62201.0,5.0,1.0
62273,True,2.0,62017.0,8.0,1.0
62297,True,2.0,62233.0,6.0,1.0
62299,True,2.0,62297.0,1.0,1.0
62299,True,2.0,29531.0,15.0,1.0
62299,True,2.0,60251.0,11.0,1.0
62299,True,2.0,62171.0,7.0,1.0
62303,True,2.0,58207.0,12.0,1.0
62303,True,2.0,62299.0,2.0,1.0
62303,True,2.0,62047.0,8.0,1.0
62311,True,2.0,62303.0,3.0,1.0
62323,False,,,,
62327,True,2.0,45943.0,14.0,1.0
62327,True,2.0,62323.0,2.0,1.0
62327,True,2.0,62311.0,4.0,1.0
62327,True,2.0,58231.0,12.0,1.0
62327,True,2.0,62071.0,8.0,1.0
62347,True,2.0,62219.0,7.0,1.0
62351,True,2.0,62347.0,2.0,1.0
62383,True,2.0,62351.0,5.0,1.0
62383,True,2.0,61871.0,9.0,1.0
62401,True,2.0,29633.0,15.0,1.0
62401,True,2.0,62273.0,7.0,1.0
62401,True,2.0,60353.0,11.0,1.0
62417,True,2.0,62401.0,4.0,1.0
62417,True,2.0,58321.0,12.0,1.0
62423,False,,,,
62459,True,2.0,58363.0,12.0,1.0
62467,True,2.0,62459.0,3.0,1.0
62473,True,2.0,61961.0,9.0,1.0
62477,True,2.0,62473.0,2.0,1.0
62477,True,2.0,46093.0,14.0,1.0
62483,True,2.0,46099.0,14.0,1.0
62483,True,2.0,62467.0,4.0,1.0
62497,True,2.0,60449.0,11.0,1.0
62501,True,2.0,62497.0,2.0,1.0
62507,True,2.0,58411.0,12.0,1.0
62507,True,2.0,61483.0,10.0,1.0
62533,True,2.0,62501.0,5.0,1.0
62539,True,2.0,62507.0,5.0,1.0
62539,True,2.0,54347.0,13.0,1.0
62549,True,2.0,62533.0,4.0,1.0
62549,True,2.0,58453.0,12.0,1.0
62563,True,2.0,54371.0,13.0,1.0
62581,True,2.0,62549.0,5.0,1.0
62591,False,,,,
62597,True,2.0,62533.0,6.0,1.0
62597,True,2.0,62581.0,4.0,1.0
62603,True,2.0,62347.0,8.0,1.0
62603,True,2.0,46219.0,14.0,1.0
62603,True,2.0,62539.0,6.0,1.0
62617,False,,,,
62627,True,2.0,61603.0,10.0,1.0
62627,True,2.0,62563.0,6.0,1.0
62633,True,2.0,61609.0,10.0,1.0
62633,True,2.0,58537.0,12.0,1.0
62633,True,2.0,62617.0,4.0,1.0
62639,True,2.0,62383.0,8.0,1.0
62639,True,2.0,58543.0,12.0,1.0
62653,True,2.0,62141.0,9.0,1.0
62659,True,2.0,62627.0,5.0,1.0
62659,True,2.0,60611.0,11.0,1.0
62683,True,2.0,62171.0,9.0,1.0
62687,True,2.0,62683.0,2.0,1.0
62701,True,2.0,62189.0,9.0,1.0
62723,True,2.0,62659.0,6.0,1.0
62723,True,2.0,62467.0,8.0,1.0
62731,True,2.0,62219.0,9.0,1.0
62731,True,2.0,62723.0,3.0,1.0
62731,True,2.0,54539.0,13.0,1.0
62731,True,2.0,62603.0,7.0,1.0
62743,False,,,,
62753,True,2.0,62497.0,8.0,1.0
62753,True,2.0,58657.0,12.0,1.0
62753,True,2.0,61729.0,10.0,1.0
62761,True,2.0,62633.0,7.0,1.0
62761,True,2.0,62753.0,3.0,1.0
62773,True,2.0,54581.0,13.0,1.0
62791,False,,,,
62801,False,,,,
62819,True,2.0,62563.0,8.0,1.0
62827,True,2.0,62819.0,3.0,1.0
62827,True,2.0,30059.0,15.0,1.0
62827,True,2.0,60779.0,11.0,1.0
62851,True,2.0,62819.0,5.0,1.0
62851,True,2.0,62723.0,7.0,1.0
62861,True,2.0,61837.0,10.0,1.0
62861,True,2.0,46477.0,14.0,1.0
62869,True,2.0,62861.0,3.0,1.0
62869,True,2.0,60821.0,11.0,1.0
62873,True,2.0,62617.0,8.0,1.0
62873,True,2.0,46489.0,14.0,1.0
62873,True,2.0,62869.0,2.0,1.0
62897,False,,,,
62903,True,2.0,61879.0,10.0,1.0
62921,False,,,,
62927,True,2.0,58831.0,12.0,1.0
62929,True,2.0,30161.0,15.0,1.0
62929,True,2.0,62801.0,7.0,1.0
62929,True,2.0,62417.0,9.0,1.0
62929,True,2.0,62897.0,5.0,1.0
62929,True,2.0,62921.0,3.0,1.0
62929,True,2.0,62927.0,1.0,1.0
62939,True,2.0,62683.0,8.0,1.0
62969,False,,,,
62971,True,2.0,62939.0,5.0,1.0
62971,True,2.0,62969.0,1.0,1.0
62971,True,2.0,62459.0,9.0,1.0
62971,True,2.0,60923.0,11.0,1.0
62971,True,2.0,30203.0,15.0,1.0
62971,True,2.0,54779.0,13.0,1.0
62981,False,,,,
62983,True,2.0,62981.0,1.0,1.0
62987,True,2.0,62971.0,4.0,1.0
62987,True,2.0,62983.0,2.0,1.0
62987,True,2.0,62731.0,8.0,1.0
62989,True,2.0,62477.0,9.0,1.0
62989,True,2.0,62981.0,3.0,1.0
62989,True,2.0,62861.0,7.0,1.0
62989,True,2.0,62987.0,1.0,1.0
63029,True,2.0,62773.0,8.0,1.0
63031,True,2.0,63029.0,1.0,1.0
63031,True,2.0,62903.0,7.0,1.0
63059,True,2.0,58963.0,12.0,1.0
63067,True,2.0,62939.0,7.0,1.0
63067,True,2.0,63059.0,3.0,1.0
63073,True,2.0,54881.0,13.0,1.0
63079,True,2.0,61031.0,11.0,1.0
63097,True,2.0,62969.0,7.0,1.0
63103,True,2.0,62591.0,9.0,1.0
63113,True,2.0,63097.0,4.0,1.0
63127,False,,,,
63131,True,2.0,63067.0,6.0,1.0
63131,True,2.0,46747.0,14.0,1.0
63131,True,2.0,63127.0,2.0,1.0
63149,True,2.0,59053.0,12.0,1.0
63179,True,2.0,59083.0,12.0,1.0
63197,False,,,,
63199,True,2.0,62687.0,9.0,1.0
63199,True,2.0,63197.0,1.0,1.0
63199,True,2.0,61151.0,11.0,1.0
63199,True,2.0,30431.0,15.0,1.0
63211,True,2.0,63179.0,5.0,1.0
63241,True,2.0,63113.0,7.0,1.0
63241,True,2.0,55049.0,13.0,1.0
63247,False,,,,
63277,True,2.0,63149.0,7.0,1.0
63277,True,2.0,30509.0,15.0,1.0
63281,True,2.0,63277.0,2.0,1.0
63299,False,,,,
63311,True,2.0,63247.0,6.0,1.0
63313,True,2.0,63281.0,5.0,1.0
63313,True,2.0,62801.0,9.0,1.0
63313,True,2.0,63311.0,1.0,1.0
63317,True,2.0,63313.0,2.0,1.0
63317,True,2.0,46933.0,14.0,1.0
63317,True,2.0,59221.0,12.0,1.0
63331,True,2.0,63299.0,5.0,1.0
63331,True,2.0,62819.0,9.0,1.0
63331,True,2.0,61283.0,11.0,1.0
63337,False,,,,
63347,True,2.0,62323.0,10.0,1.0
63347,True,2.0,63331.0,4.0,1.0
63353,True,2.0,63337.0,4.0,1.0
63353,True,2.0,63097.0,8.0,1.0
63361,True,2.0,30593.0,15.0,1.0
63361,True,2.0,63353.0,3.0,1.0
63367,False,,,,
63377,True,2.0,63313.0,6.0,1.0
63377,True,2.0,63361.0,4.0,1.0
63377,True,2.0,59281.0,12.0,1.0
63377,True,2.0,46993.0,14.0,1.0
63389,False,,,,
63391,True,2.0,61343.0,11.0,1.0
63391,True,2.0,63389.0,1.0,1.0
63397,True,2.0,63389.0,3.0,1.0
63409,True,2.0,63281.0,7.0,1.0
63409,True,2.0,55217.0,13.0,1.0
63409,True,2.0,63377.0,5.0,1.0
63409,True,2.0,62897.0,9.0,1.0
63419,False,,,,
63421,True,2.0,63419.0,1.0,1.0
63421,True,2.0,55229.0,13.0,1.0
63421,True,2.0,63389.0,5.0,1.0
63439,True,2.0,62927.0,9.0,1.0
63439,True,2.0,63311.0,7.0,1.0
63439,True,2.0,30671.0,15.0,1.0
63443,True,2.0,63439.0,2.0,1.0
63443,True,2.0,47059.0,14.0,1.0
63463,False,,,,
63467,True,2.0,63463.0,2.0,1.0
63467,True,2.0,63211.0,8.0,1.0
63473,True,2.0,63409.0,6.0,1.0
63473,True,2.0,59377.0,12.0,1.0
63487,False,,,,
63493,True,2.0,62981.0,9.0,1.0
63499,True,2.0,63467.0,5.0,1.0
63499,True,2.0,62987.0,9.0,1.0
63521,True,2.0,62497.0,10.0,1.0
63521,True,2.0,47137.0,14.0,1.0
63527,True,2.0,47143.0,14.0,1.0
63527,True,2.0,63463.0,6.0,1.0
63533,True,2.0,63277.0,8.0,1.0
63533,True,2.0,47149.0,14.0,1.0
63541,True,2.0,30773.0,15.0,1.0
63541,True,2.0,61493.0,11.0,1.0
63541,True,2.0,63029.0,9.0,1.0
63541,True,2.0,63533.0,3.0,1.0
63559,True,2.0,61511.0,11.0,1.0
63559,True,2.0,63527.0,5.0,1.0
63577,True,2.0,30809.0,15.0,1.0
63587,True,2.0,62563.0,10.0,1.0
63587,True,2.0,63331.0,8.0,1.0
63589,True,2.0,63587.0,1.0,1.0
63599,False,,,,
63601,True,2.0,63473.0,7.0,1.0
63601,True,2.0,63599.0,1.0,1.0
63601,True,2.0,61553.0,11.0,1.0
63607,True,2.0,63599.0,3.0,1.0
63607,True,2.0,61559.0,11.0,1.0
63607,True,2.0,30839.0,15.0,1.0
63611,True,2.0,63607.0,2.0,1.0
63617,True,2.0,63361.0,8.0,1.0
63617,True,2.0,63601.0,4.0,1.0
63629,False,,,,
63647,True,2.0,63391.0,8.0,1.0
63649,True,2.0,30881.0,15.0,1.0
63649,True,2.0,55457.0,13.0,1.0
63649,True,2.0,63617.0,5.0,1.0
63649,True,2.0,63647.0,1.0,1.0
63649,True,2.0,63521.0,7.0,1.0
63659,False,,,,
63667,True,2.0,63659.0,3.0,1.0
63671,True,2.0,47287.0,14.0,1.0
63671,True,2.0,63607.0,6.0,1.0
63671,True,2.0,63667.0,2.0,1.0
63689,False,,,,
63691,True,2.0,61643.0,11.0,1.0
63691,True,2.0,63179.0,9.0,1.0
63691,True,2.0,63659.0,5.0,1.0
63691,True,2.0,63689.0,1.0,1.0
63697,True,2.0,63689.0,3.0,1.0
63703,True,2.0,55511.0,13.0,1.0
63703,True,2.0,63671.0,5.0,1.0
63709,True,2.0,63197.0,9.0,1.0
63709,True,2.0,30941.0,15.0,1.0
63719,True,2.0,63703.0,4.0,1.0
63719,True,2.0,63463.0,8.0,1.0
63727,True,2.0,63719.0,3.0,1.0
63727,True,2.0,63599.0,7.0,1.0
63737,True,2.0,47353.0,14.0,1.0
63743,True,2.0,63727.0,4.0,1.0
63743,True,2.0,63487.0,8.0,1.0
63761,True,2.0,63697.0,6.0,1.0
63773,True,2.0,63709.0,6.0,1.0
63773,True,2.0,47389.0,14.0,1.0
63781,True,2.0,55589.0,13.0,1.0
63781,True,2.0,63773.0,3.0,1.0
63781,True,2.0,31013.0,15.0,1.0
63793,True,2.0,63281.0,9.0,1.0
63793,True,2.0,63761.0,5.0,1.0
63799,True,2.0,61751.0,11.0,1.0
63799,True,2.0,63671.0,7.0,1.0
63803,True,2.0,63799.0,2.0,1.0
63803,True,2.0,59707.0,12.0,1.0
63803,True,2.0,47419.0,14.0,1.0
63809,True,2.0,63793.0,4.0,1.0
63823,True,2.0,55631.0,13.0,1.0
63823,True,2.0,63311.0,9.0,1.0
63839,True,2.0,59743.0,12.0,1.0
63839,True,2.0,63823.0,4.0,1.0
63841,True,2.0,63809.0,5.0,1.0
63841,True,2.0,63839.0,1.0,1.0
63853,True,2.0,55661.0,13.0,1.0
63857,True,2.0,63841.0,4.0,1.0
63857,True,2.0,63601.0,8.0,1.0
63857,True,2.0,63853.0,2.0,1.0
63857,True,2.0,63793.0,6.0,1.0
63863,True,2.0,63799.0,6.0,1.0
63863,True,2.0,63607.0,8.0,1.0
63901,True,2.0,63389.0,9.0,1.0
63901,True,2.0,63773.0,7.0,1.0
63907,True,2.0,31139.0,15.0,1.0
63913,True,2.0,55721.0,13.0,1.0
63929,True,2.0,59833.0,12.0,1.0
63929,True,2.0,63913.0,4.0,1.0
63949,True,2.0,31181.0,15.0,1.0
63977,True,2.0,63913.0,6.0,1.0
63997,True,2.0,61949.0,11.0,1.0
64007,True,2.0,47623.0,14.0,1.0
64007,True,2.0,62983.0,10.0,1.0
64013,True,2.0,63997.0,4.0,1.0
64013,True,2.0,63949.0,6.0,1.0
64013,True,2.0,47629.0,14.0,1.0
64013,True,2.0,62989.0,10.0,1.0
64019,False,,,,
64033,True,2.0,63521.0,9.0,1.0
64037,True,2.0,47653.0,14.0,1.0
64037,True,2.0,63781.0,8.0,1.0
64037,True,2.0,64033.0,2.0,1.0
64063,True,2.0,55871.0,13.0,1.0
64067,True,2.0,59971.0,12.0,1.0
64067,True,2.0,64063.0,2.0,1.0
64081,True,2.0,55889.0,13.0,1.0
64091,True,2.0,63067.0,10.0,1.0
64109,True,2.0,63853.0,8.0,1.0
64109,True,2.0,60013.0,12.0,1.0
64123,True,2.0,55931.0,13.0,1.0
64123,True,2.0,64091.0,5.0,1.0
64123,True,2.0,63611.0,9.0,1.0
64151,True,2.0,63127.0,10.0,1.0
64153,True,2.0,64151.0,1.0,1.0
64157,True,2.0,63901.0,8.0,1.0
64157,True,2.0,64153.0,2.0,1.0
64171,True,2.0,63659.0,9.0,1.0
64187,True,2.0,60091.0,12.0,1.0
64187,True,2.0,64171.0,4.0,1.0
64187,True,2.0,64123.0,6.0,1.0
64189,True,2.0,64187.0,1.0,1.0
64189,True,2.0,55997.0,13.0,1.0
64189,True,2.0,62141.0,11.0,1.0
64189,True,2.0,64157.0,5.0,1.0
64217,True,2.0,64153.0,6.0,1.0
64223,True,2.0,63199.0,10.0,1.0
64223,True,2.0,60127.0,12.0,1.0
64231,True,2.0,56039.0,13.0,1.0
64231,True,2.0,63719.0,9.0,1.0
64231,True,2.0,64223.0,3.0,1.0
64237,True,2.0,64109.0,7.0,1.0
64237,True,2.0,31469.0,15.0,1.0
64237,True,2.0,62189.0,11.0,1.0
64271,True,2.0,63247.0,10.0,1.0
64279,True,2.0,56087.0,13.0,1.0
64279,True,2.0,31511.0,15.0,1.0
64279,True,2.0,64151.0,7.0,1.0
64279,True,2.0,64271.0,3.0,1.0
64283,True,2.0,64279.0,2.0,1.0
64301,True,2.0,64237.0,6.0,1.0
64301,True,2.0,47917.0,14.0,1.0
64301,True,2.0,63277.0,10.0,1.0
64303,True,2.0,64301.0,1.0,1.0
64303,True,2.0,64271.0,5.0,1.0
64319,True,2.0,64063.0,8.0,1.0
64319,True,2.0,64303.0,4.0,1.0
64319,True,2.0,60223.0,12.0,1.0
64327,True,2.0,64319.0,3.0,1.0
64333,True,2.0,64301.0,5.0,1.0
64373,False,,,,
64381,True,2.0,64373.0,3.0,1.0
64399,True,2.0,64271.0,7.0,1.0
64399,True,2.0,56207.0,13.0,1.0
64399,True,2.0,62351.0,11.0,1.0
64403,True,2.0,64399.0,2.0,1.0
64433,True,2.0,60337.0,12.0,1.0
64433,True,2.0,63409.0,10.0,1.0
64433,True,2.0,48049.0,14.0,1.0
64439,True,2.0,60343.0,12.0,1.0
64451,False,,,,
64453,True,2.0,64451.0,1.0,1.0
64483,True,2.0,64451.0,5.0,1.0
64489,True,2.0,63977.0,9.0,1.0
64489,True,2.0,31721.0,15.0,1.0
64499,True,2.0,64483.0,4.0,1.0
64513,False,,,,
64553,True,2.0,64489.0,6.0,1.0
64553,True,2.0,60457.0,12.0,1.0
64567,True,2.0,64439.0,7.0,1.0
64567,True,2.0,31799.0,15.0,1.0
64577,True,2.0,48193.0,14.0,1.0
64577,True,2.0,64513.0,6.0,1.0
64579,True,2.0,64577.0,1.0,1.0
64579,True,2.0,64067.0,9.0,1.0
64579,True,2.0,64451.0,7.0,1.0
64591,False,,,,
64601,True,2.0,63577.0,10.0,1.0
64609,True,2.0,56417.0,13.0,1.0
64609,True,2.0,64577.0,5.0,1.0
64609,True,2.0,64601.0,3.0,1.0
64613,True,2.0,64609.0,2.0,1.0
64613,True,2.0,63589.0,10.0,1.0
64621,True,2.0,64109.0,9.0,1.0
64621,True,2.0,64613.0,3.0,1.0
64627,True,2.0,64499.0,7.0,1.0
64627,True,2.0,31859.0,15.0,1.0
64633,True,2.0,64601.0,5.0,1.0
64661,False,,,,
64663,True,2.0,64151.0,9.0,1.0
64663,True,2.0,64661.0,1.0,1.0
64667,True,2.0,64663.0,2.0,1.0
64679,True,2.0,64663.0,4.0,1.0
64693,True,2.0,56501.0,13.0,1.0
64693,True,2.0,64661.0,5.0,1.0
64709,True,2.0,64693.0,4.0,1.0
64709,True,2.0,64453.0,8.0,1.0
64717,True,2.0,64709.0,3.0,1.0
64747,False,,,,
64763,True,2.0,64747.0,4.0,1.0
64781,True,2.0,64717.0,6.0,1.0
64781,True,2.0,48397.0,14.0,1.0
64783,True,2.0,56591.0,13.0,1.0
64783,True,2.0,64271.0,9.0,1.0
64783,True,2.0,64781.0,1.0,1.0
64793,True,2.0,48409.0,14.0,1.0
64811,True,2.0,64747.0,6.0,1.0
64817,True,2.0,63793.0,10.0,1.0
64849,True,2.0,64817.0,5.0,1.0
64849,True,2.0,62801.0,11.0,1.0
64853,True,2.0,60757.0,12.0,1.0
64853,True,2.0,64849.0,2.0,1.0
64871,True,2.0,48487.0,14.0,1.0
64877,True,2.0,64621.0,8.0,1.0
64877,True,2.0,63853.0,10.0,1.0
64879,True,2.0,56687.0,13.0,1.0
64879,True,2.0,64877.0,1.0,1.0
64879,True,2.0,64871.0,3.0,1.0
64891,True,2.0,64763.0,7.0,1.0
64901,False,,,,
64919,True,2.0,64663.0,8.0,1.0
64921,True,2.0,62873.0,11.0,1.0
64921,True,2.0,64793.0,7.0,1.0
64921,True,2.0,64919.0,1.0,1.0
64927,True,2.0,64919.0,3.0,1.0
64927,True,2.0,32159.0,15.0,1.0
64937,True,2.0,63913.0,10.0,1.0
64937,True,2.0,64921.0,4.0,1.0
64951,True,2.0,32183.0,15.0,1.0
64951,True,2.0,62903.0,11.0,1.0
64951,True,2.0,64439.0,9.0,1.0
64951,True,2.0,64919.0,5.0,1.0
64969,True,2.0,62921.0,11.0,1.0
64969,True,2.0,64937.0,5.0,1.0
64997,True,2.0,60901.0,12.0,1.0
65003,True,2.0,64747.0,8.0,1.0
65003,True,2.0,48619.0,14.0,1.0
65011,True,2.0,65003.0,3.0,1.0
65011,True,2.0,64499.0,9.0,1.0
65027,True,2.0,65011.0,4.0,1.0
65029,True,2.0,65027.0,1.0,1.0
65029,True,2.0,64997.0,5.0,1.0
65029,True,2.0,32261.0,15.0,1.0
65029,True,2.0,62981.0,11.0,1.0
65029,True,2.0,64901.0,7.0,1.0
65033,True,2.0,60937.0,12.0,1.0
65033,True,2.0,48649.0,14.0,1.0
65033,True,2.0,64969.0,6.0,1.0
65033,True,2.0,65029.0,2.0,1.0
65053,False,,,,
65063,True,2.0,48679.0,14.0,1.0
65071,True,2.0,32303.0,15.0,1.0
65071,True,2.0,65063.0,3.0,1.0
65089,True,2.0,56897.0,13.0,1.0
65089,True,2.0,32321.0,15.0,1.0
65089,True,2.0,64577.0,9.0,1.0
65099,False,,,,
65101,True,2.0,56909.0,13.0,1.0
65101,True,2.0,65099.0,1.0,1.0
65111,False,,,,
65119,True,2.0,65111.0,3.0,1.0
65123,True,2.0,65119.0,2.0,1.0
65123,True,2.0,61027.0,12.0,1.0
65129,False,,,,
65141,True,2.0,48757.0,14.0,1.0
65147,True,2.0,64891.0,8.0,1.0
65147,True,2.0,61051.0,12.0,1.0
65147,True,2.0,64123.0,10.0,1.0
65167,False,,,,
65171,True,2.0,48787.0,14.0,1.0
65171,True,2.0,65167.0,2.0,1.0
65173,True,2.0,65141.0,5.0,1.0
65173,True,2.0,65171.0,1.0,1.0
65173,True,2.0,64661.0,9.0,1.0
65179,True,2.0,65171.0,3.0,1.0
65179,True,2.0,32411.0,15.0,1.0
65179,True,2.0,63131.0,11.0,1.0
65179,True,2.0,64667.0,9.0,1.0
65179,True,2.0,65147.0,5.0,1.0
65183,True,2.0,65167.0,4.0,1.0
65183,True,2.0,48799.0,14.0,1.0
65183,True,2.0,65119.0,6.0,1.0
65183,True,2.0,64927.0,8.0,1.0
65183,True,2.0,65179.0,2.0,1.0
65203,True,2.0,65171.0,5.0,1.0
65213,True,2.0,64189.0,10.0,1.0
65239,True,2.0,65111.0,7.0,1.0
65239,True,2.0,57047.0,13.0,1.0
65257,True,2.0,65129.0,7.0,1.0
65267,True,2.0,65011.0,8.0,1.0
65267,True,2.0,65203.0,6.0,1.0
65267,True,2.0,48883.0,14.0,1.0
65269,True,2.0,57077.0,13.0,1.0
65269,True,2.0,65267.0,1.0,1.0
65269,True,2.0,65141.0,7.0,1.0
65287,False,,,,
65293,True,2.0,64781.0,9.0,1.0
65309,True,2.0,65293.0,4.0,1.0
65309,True,2.0,65053.0,8.0,1.0
65323,True,2.0,57131.0,13.0,1.0
65323,True,2.0,64811.0,9.0,1.0
65327,True,2.0,65071.0,8.0,1.0
65327,True,2.0,61231.0,12.0,1.0
65327,True,2.0,64303.0,10.0,1.0
65327,True,2.0,65323.0,2.0,1.0
65353,False,,,,
65357,True,2.0,61261.0,12.0,1.0
65357,True,2.0,65101.0,8.0,1.0
65357,True,2.0,65293.0,6.0,1.0
65357,True,2.0,64333.0,10.0,1.0
65357,True,2.0,65353.0,2.0,1.0
65357,True,2.0,48973.0,14.0,1.0
65371,True,2.0,57179.0,13.0,1.0
65371,True,2.0,32603.0,15.0,1.0
65381,False,,,,
65393,True,2.0,61297.0,12.0,1.0
65393,True,2.0,49009.0,14.0,1.0
65407,False,,,,
65413,True,2.0,57221.0,13.0,1.0
65413,True,2.0,64901.0,9.0,1.0
65413,True,2.0,65381.0,5.0,1.0
65419,False,,,,
65423,True,2.0,65167.0,8.0,1.0
65423,True,2.0,65407.0,4.0,1.0
65423,True,2.0,65419.0,2.0,1.0
65423,True,2.0,64399.0,10.0,1.0
65437,True,2.0,63389.0,11.0,1.0
65437,True,2.0,65309.0,7.0,1.0
65447,False,,,,
65449,True,2.0,65447.0,1.0,1.0
65449,True,2.0,64937.0,9.0,1.0
65479,True,2.0,65447.0,5.0,1.0
65479,True,2.0,57287.0,13.0,1.0
65497,False,,,,
65519,False,,,,
65521,True,2.0,57329.0,13.0,1.0
65521,True,2.0,65519.0,1.0,1.0
65521,True,2.0,65393.0,7.0,1.0
65521,True,2.0,63473.0,11.0,1.0
65537,True,2.0,65521.0,4.0,1.0
65537,True,2.0,64513.0,10.0,1.0
65537,True,2.0,61441.0,12.0,1.0
65539,True,2.0,57347.0,13.0,1.0
65539,True,2.0,65027.0,9.0,1.0
65539,True,2.0,32771.0,15.0,1.0
65539,True,2.0,3.0,16.0,1.0
65539,True,2.0,65537.0,1.0,1.0
65543,True,2.0,7.0,16.0,1.0
65543,True,2.0,65287.0,8.0,1.0
65543,True,2.0,65539.0,2.0,1.0
65543,True,2.0,65479.0,6.0,1.0
65551,True,2.0,65543.0,3.0,1.0
65551,True,2.0,32783.0,15.0,1.0
65551,True,2.0,65423.0,7.0,1.0
65551,True,2.0,65519.0,5.0,1.0
65557,True,2.0,32789.0,15.0,1.0
65563,True,2.0,3.0,16.0,3.0
65579,True,2.0,43.0,16.0,1.0
65579,True,2.0,65323.0,8.0,1.0
65579,True,2.0,65563.0,4.0,1.0
65579,True,2.0,61483.0,12.0,1.0
65581,True,2.0,57389.0,13.0,1.0
65581,True,2.0,65579.0,1.0,1.0
65581,True,2.0,63533.0,11.0,1.0
65587,True,2.0,65579.0,3.0,1.0
65599,True,2.0,32831.0,15.0,1.0
65609,True,2.0,65353.0,8.0,1.0
65609,True,2.0,73.0,16.0,1.0
65617,True,2.0,3.0,16.0,4.0
65617,True,2.0,65609.0,3.0,1.0
65629,False,,,,
65633,True,2.0,65617.0,4.0,1.0
65633,True,2.0,64609.0,10.0,1.0
65633,True,2.0,65629.0,2.0,1.0
65633,True,2.0,97.0,16.0,1.0
65647,True,2.0,65519.0,7.0,1.0
65647,True,2.0,63599.0,11.0,1.0
65651,True,2.0,65647.0,2.0,1.0
65651,True,2.0,64627.0,10.0,1.0
65651,True,2.0,65587.0,6.0,1.0
65657,True,2.0,61561.0,12.0,1.0
65657,True,2.0,11.0,16.0,2.0
65657,True,2.0,64633.0,10.0,1.0
65677,True,2.0,63629.0,11.0,1.0
65677,True,2.0,32909.0,15.0,1.0
65687,True,2.0,64663.0,10.0,1.0
65687,True,2.0,151.0,16.0,1.0
65699,True,2.0,61603.0,12.0,1.0
65699,True,2.0,163.0,16.0,1.0
65701,True,2.0,65699.0,1.0,1.0
65701,True,2.0,32933.0,15.0,1.0
65707,True,2.0,65579.0,7.0,1.0
65707,True,2.0,32939.0,15.0,1.0
65707,True,2.0,63659.0,11.0,1.0
65707,True,2.0,65699.0,3.0,1.0
65713,False,,,,
65717,True,2.0,64693.0,10.0,1.0
65717,True,2.0,181.0,16.0,1.0
65717,True,2.0,65701.0,4.0,1.0
65717,True,2.0,65713.0,2.0,1.0
65717,True,2.0,49333.0,14.0,1.0
65719,True,2.0,57527.0,13.0,1.0
65719,True,2.0,63671.0,11.0,1.0
65719,True,2.0,65687.0,5.0,1.0
65719,True,2.0,65717.0,1.0,1.0
65729,True,2.0,65713.0,4.0,1.0
65729,True,2.0,193.0,16.0,1.0
65731,True,2.0,65729.0,1.0,1.0
65731,True,2.0,65699.0,5.0,1.0
65761,True,2.0,32993.0,15.0,1.0
65761,True,2.0,65633.0,7.0,1.0
65761,True,2.0,65729.0,5.0,1.0
65777,True,2.0,65713.0,6.0,1.0
65777,True,2.0,241.0,16.0,1.0
65777,True,2.0,49393.0,14.0,1.0
65777,True,2.0,65761.0,4.0,1.0
65777,True,2.0,61681.0,12.0,1.0
65777,True,2.0,65521.0,8.0,1.0
65789,False,,,,
65809,True,2.0,65777.0,5.0,1.0
65809,True,2.0,63761.0,11.0,1.0
65827,True,2.0,65699.0,7.0,1.0
65831,True,2.0,65827.0,2.0,1.0
65837,True,2.0,65581.0,8.0,1.0
65839,True,2.0,65831.0,3.0,1.0
65839,True,2.0,65837.0,1.0,1.0
65839,True,2.0,33071.0,15.0,1.0
65839,True,2.0,65327.0,9.0,1.0
65843,True,2.0,307.0,16.0,1.0
65843,True,2.0,65587.0,8.0,1.0
65843,True,2.0,65839.0,2.0,1.0
65843,True,2.0,49459.0,14.0,1.0
65843,True,2.0,65827.0,4.0,1.0
65851,True,2.0,33083.0,15.0,1.0
65851,True,2.0,65843.0,3.0,1.0
65851,True,2.0,63803.0,11.0,1.0
65867,True,2.0,331.0,16.0,1.0
65867,True,2.0,65851.0,4.0,1.0
65881,True,2.0,33113.0,15.0,1.0
65881,True,2.0,57689.0,13.0,1.0
65899,True,2.0,65867.0,5.0,1.0
65921,True,2.0,49537.0,14.0,1.0
65927,False,,,,
65929,True,2.0,57737.0,13.0,1.0
65929,True,2.0,65921.0,3.0,1.0
65929,True,2.0,65927.0,1.0,1.0
65929,True,2.0,33161.0,15.0,1.0
65951,True,2.0,64927.0,10.0,1.0
65957,True,2.0,421.0,16.0,1.0
65957,True,2.0,61861.0,12.0,1.0
65957,True,2.0,65701.0,8.0,1.0
65963,True,2.0,65899.0,6.0,1.0
65963,True,2.0,65707.0,8.0,1.0
65981,True,2.0,49597.0,14.0,1.0
65983,True,2.0,65981.0,1.0,1.0
65983,True,2.0,65951.0,5.0,1.0
65983,True,2.0,57791.0,13.0,1.0
65993,True,2.0,65929.0,6.0,1.0
65993,True,2.0,64969.0,10.0,1.0
65993,True,2.0,457.0,16.0,1.0
66029,True,2.0,61933.0,12.0,1.0
66037,True,2.0,66029.0,3.0,1.0
66041,True,2.0,66037.0,2.0,1.0
66047,True,2.0,49663.0,14.0,1.0
66047,True,2.0,65983.0,6.0,1.0
66067,True,2.0,64019.0,11.0,1.0
66071,True,2.0,66067.0,2.0,1.0
66083,True,2.0,547.0,16.0,1.0
66083,True,2.0,65827.0,8.0,1.0
66083,True,2.0,61987.0,12.0,1.0
66083,True,2.0,66067.0,4.0,1.0
66089,False,,,,
66103,True,2.0,66071.0,5.0,1.0
66107,True,2.0,571.0,16.0,1.0
66107,True,2.0,65851.0,8.0,1.0
66107,True,2.0,66103.0,2.0,1.0
66107,True,2.0,62011.0,12.0,1.0
66109,True,2.0,66107.0,1.0,1.0
66109,True,2.0,57917.0,13.0,1.0
66109,True,2.0,65981.0,7.0,1.0
66137,True,2.0,601.0,16.0,1.0
66137,True,2.0,65881.0,8.0,1.0
66161,True,2.0,5.0,16.0,4.0
66169,True,2.0,65657.0,9.0,1.0
66169,True,2.0,66041.0,7.0,1.0
66169,True,2.0,66161.0,3.0,1.0
66169,True,2.0,57977.0,13.0,1.0
66169,True,2.0,66137.0,5.0,1.0
66173,True,2.0,66109.0,6.0,1.0
66173,True,2.0,49789.0,14.0,1.0
66173,True,2.0,66169.0,2.0,1.0
66179,True,2.0,643.0,16.0,1.0
66191,True,2.0,49807.0,14.0,1.0
66191,True,2.0,65167.0,10.0,1.0
66221,False,,,,
66239,True,2.0,65983.0,8.0,1.0
66239,True,2.0,62143.0,12.0,1.0
66271,True,2.0,64223.0,11.0,1.0
66271,True,2.0,33503.0,15.0,1.0
66271,True,2.0,66239.0,5.0,1.0
66293,True,2.0,65269.0,10.0,1.0
66293,True,2.0,66037.0,8.0,1.0
66293,True,2.0,757.0,16.0,1.0
66301,True,2.0,66173.0,7.0,1.0
66301,True,2.0,65789.0,9.0,1.0
66301,True,2.0,58109.0,13.0,1.0
66301,True,2.0,66293.0,3.0,1.0
66301,True,2.0,33533.0,15.0,1.0
66337,True,2.0,33569.0,15.0,1.0
66343,True,2.0,58151.0,13.0,1.0
66343,True,2.0,65831.0,9.0,1.0
66347,True,2.0,65323.0,10.0,1.0
66347,True,2.0,66343.0,2.0,1.0
66347,True,2.0,811.0,16.0,1.0
66359,True,2.0,66343.0,4.0,1.0
66359,True,2.0,66103.0,8.0,1.0
66359,True,2.0,823.0,16.0,1.0
66361,True,2.0,58169.0,13.0,1.0
66361,True,2.0,66359.0,1.0,1.0
66373,False,,,,
66377,True,2.0,66361.0,4.0,1.0
66377,True,2.0,29.0,16.0,2.0
66377,True,2.0,65353.0,10.0,1.0
66377,True,2.0,49993.0,14.0,1.0
66377,True,2.0,66373.0,2.0,1.0
66383,True,2.0,49999.0,14.0,1.0
66403,True,2.0,58211.0,13.0,1.0
66413,True,2.0,877.0,16.0,1.0
66431,True,2.0,65407.0,10.0,1.0
66431,True,2.0,50047.0,14.0,1.0
66449,False,,,,
66457,True,2.0,66449.0,3.0,1.0
66463,True,2.0,58271.0,13.0,1.0
66463,True,2.0,66431.0,5.0,1.0
66463,True,2.0,65951.0,9.0,1.0
66467,True,2.0,66463.0,2.0,1.0
66467,True,2.0,66403.0,6.0,1.0
66491,False,,,,
66499,True,2.0,64451.0,11.0,1.0
66499,True,2.0,66491.0,3.0,1.0
66499,True,2.0,66467.0,5.0,1.0
66509,False,,,,
66523,True,2.0,66491.0,5.0,1.0
66529,True,2.0,58337.0,13.0,1.0
66533,True,2.0,997.0,16.0,1.0
66533,True,2.0,66529.0,2.0,1.0
66541,True,2.0,66413.0,7.0,1.0
66541,True,2.0,66509.0,5.0,1.0
66541,True,2.0,33773.0,15.0,1.0
66541,True,2.0,66029.0,9.0,1.0
66541,True,2.0,66533.0,3.0,1.0
66553,True,2.0,66041.0,9.0,1.0
66569,True,2.0,62473.0,12.0,1.0
66569,True,2.0,1033.0,16.0,1.0
66569,True,2.0,66553.0,4.0,1.0
66571,True,2.0,58379.0,13.0,1.0
66571,True,2.0,66569.0,1.0,1.0
66587,True,2.0,65563.0,10.0,1.0
66587,True,2.0,66523.0,6.0,1.0
66587,True,2.0,66571.0,4.0,1.0
66587,True,2.0,1051.0,16.0,1.0
66593,True,2.0,66337.0,8.0,1.0
66593,True,2.0,62497.0,12.0,1.0
66593,True,2.0,66529.0,6.0,1.0
66601,True,2.0,66569.0,5.0,1.0
66601,True,2.0,64553.0,11.0,1.0
66601,True,2.0,66593.0,3.0,1.0
66601,True,2.0,66089.0,9.0,1.0
66617,True,2.0,66601.0,4.0,1.0
66617,True,2.0,66361.0,8.0,1.0
66617,True,2.0,66553.0,6.0,1.0
66629,True,2.0,66373.0,8.0,1.0
66629,True,2.0,62533.0,12.0,1.0
66629,True,2.0,1093.0,16.0,1.0
66643,True,2.0,58451.0,13.0,1.0
66653,True,2.0,1117.0,16.0,1.0
66653,True,2.0,65629.0,10.0,1.0
66683,False,,,,
66697,True,2.0,66569.0,7.0,1.0
66701,True,2.0,65677.0,10.0,1.0
66701,True,2.0,66697.0,2.0,1.0
66713,True,2.0,50329.0,14.0,1.0
66713,True,2.0,66697.0,4.0,1.0
66713,True,2.0,66457.0,8.0,1.0
66713,True,2.0,62617.0,12.0,1.0
66721,True,2.0,66713.0,3.0,1.0
66721,True,2.0,66593.0,7.0,1.0
66733,True,2.0,66701.0,5.0,1.0
66733,True,2.0,66221.0,9.0,1.0
66739,False,,,,
66749,True,2.0,62653.0,12.0,1.0
66749,True,2.0,1213.0,16.0,1.0
66749,True,2.0,66733.0,4.0,1.0
66751,True,2.0,66749.0,1.0,1.0
66751,True,2.0,66239.0,9.0,1.0
66763,False,,,,
66791,False,,,,
66797,True,2.0,62701.0,12.0,1.0
66797,True,2.0,66541.0,8.0,1.0
66797,True,2.0,66733.0,6.0,1.0
66809,True,2.0,66553.0,8.0,1.0
66821,False,,,,
66841,True,2.0,64793.0,11.0,1.0
66841,True,2.0,66809.0,5.0,1.0
66841,True,2.0,66713.0,7.0,1.0
66851,True,2.0,65827.0,10.0,1.0
66853,True,2.0,66821.0,5.0,1.0
66853,True,2.0,58661.0,13.0,1.0
66853,True,2.0,66851.0,1.0,1.0
66863,True,2.0,1327.0,16.0,1.0
66863,True,2.0,65839.0,10.0,1.0
66877,True,2.0,66749.0,7.0,1.0
66883,True,2.0,66851.0,5.0,1.0
66889,True,2.0,66377.0,9.0,1.0
66919,True,2.0,58727.0,13.0,1.0
66919,True,2.0,66791.0,7.0,1.0
66919,True,2.0,64871.0,11.0,1.0
66923,True,2.0,62827.0,12.0,1.0
66923,True,2.0,50539.0,14.0,1.0
66923,True,2.0,66919.0,2.0,1.0
66923,True,2.0,65899.0,10.0,1.0
66931,True,2.0,66923.0,3.0,1.0
66943,True,2.0,66431.0,9.0,1.0
66947,True,2.0,62851.0,12.0,1.0
66947,True,2.0,66883.0,6.0,1.0
66947,True,2.0,66943.0,2.0,1.0
66947,True,2.0,66931.0,4.0,1.0
66949,True,2.0,58757.0,13.0,1.0
66949,True,2.0,64901.0,11.0,1.0
66949,True,2.0,66821.0,7.0,1.0
66949,True,2.0,66947.0,1.0,1.0
66959,True,2.0,1423.0,16.0,1.0
66959,True,2.0,66943.0,4.0,1.0
66973,False,,,,
66977,True,2.0,66721.0,8.0,1.0
66977,True,2.0,66973.0,2.0,1.0
66977,True,2.0,50593.0,14.0,1.0
67003,True,2.0,66491.0,9.0,1.0
67021,True,2.0,34253.0,15.0,1.0
67021,True,2.0,66509.0,9.0,1.0
67033,False,,,,
67043,False,,,,
67049,True,2.0,67033.0,4.0,1.0
67057,True,2.0,67049.0,3.0,1.0
67061,True,2.0,66037.0,10.0,1.0
67061,True,2.0,67057.0,2.0,1.0
67073,True,2.0,67057.0,4.0,1.0
67073,True,2.0,257.0,10.0,2.0
67079,True,2.0,1543.0,16.0,1.0
67079,True,2.0,62983.0,12.0,1.0
67103,True,2.0,1567.0,16.0,1.0
67121,True,2.0,67057.0,6.0,1.0
67129,True,2.0,67121.0,3.0,1.0
67129,True,2.0,58937.0,13.0,1.0
67129,True,2.0,66617.0,9.0,1.0
67129,True,2.0,34361.0,15.0,1.0
67139,True,2.0,66883.0,8.0,1.0
67141,True,2.0,67139.0,1.0,1.0
67141,True,2.0,66629.0,9.0,1.0
67153,True,2.0,67121.0,5.0,1.0
67157,True,2.0,67141.0,4.0,1.0
67157,True,2.0,1621.0,16.0,1.0
67157,True,2.0,50773.0,14.0,1.0
67157,True,2.0,67153.0,2.0,1.0
67169,True,2.0,67153.0,4.0,1.0
67169,True,2.0,63073.0,12.0,1.0
67181,False,,,,
67187,True,2.0,66931.0,8.0,1.0
67189,True,2.0,67181.0,3.0,1.0
67189,True,2.0,65141.0,11.0,1.0
67189,True,2.0,58997.0,13.0,1.0
67189,True,2.0,34421.0,15.0,1.0
67189,True,2.0,67157.0,5.0,1.0
67189,True,2.0,67187.0,1.0,1.0
67189,True,2.0,67061.0,7.0,1.0
67211,False,,,,
67213,True,2.0,67181.0,5.0,1.0
67213,True,2.0,66701.0,9.0,1.0
67213,True,2.0,59021.0,13.0,1.0
67213,True,2.0,67211.0,1.0,1.0
67217,True,2.0,50833.0,14.0,1.0
67217,True,2.0,41.0,16.0,2.0
67217,True,2.0,67213.0,2.0,1.0
67217,True,2.0,67153.0,6.0,1.0
67219,True,2.0,67211.0,3.0,1.0
67219,True,2.0,67187.0,5.0,1.0
67219,True,2.0,67217.0,1.0,1.0
67219,True,2.0,65171.0,11.0,1.0
67231,True,2.0,65183.0,11.0,1.0
67231,True,2.0,67103.0,7.0,1.0
67247,True,2.0,67231.0,4.0,1.0
67261,True,2.0,65213.0,11.0,1.0
67261,True,2.0,59069.0,13.0,1.0
67261,True,2.0,66749.0,9.0,1.0
67271,False,,,,
67273,True,2.0,67271.0,1.0,1.0
67289,True,2.0,1753.0,16.0,1.0
67289,True,2.0,67033.0,8.0,1.0
67289,True,2.0,67273.0,4.0,1.0
67307,True,2.0,50923.0,14.0,1.0
67307,True,2.0,63211.0,12.0,1.0
67339,True,2.0,67211.0,7.0,1.0
67339,True,2.0,67307.0,5.0,1.0
67343,True,2.0,67339.0,2.0,1.0
67343,True,2.0,63247.0,12.0,1.0
67349,False,,,,
67369,False,,,,
67391,False,,,,
67399,True,2.0,67271.0,7.0,1.0
67399,True,2.0,59207.0,13.0,1.0
67399,True,2.0,34631.0,15.0,1.0
67399,True,2.0,67391.0,3.0,1.0
67409,True,2.0,63313.0,12.0,1.0
67409,True,2.0,1873.0,16.0,1.0
67409,True,2.0,67153.0,8.0,1.0
67411,True,2.0,59219.0,13.0,1.0
67411,True,2.0,67409.0,1.0,1.0
67421,False,,,,
67427,True,2.0,51043.0,14.0,1.0
67427,True,2.0,67411.0,4.0,1.0
67427,True,2.0,63331.0,12.0,1.0
67427,True,2.0,66403.0,10.0,1.0
67429,True,2.0,67427.0,1.0,1.0
67429,True,2.0,65381.0,11.0,1.0
67429,True,2.0,67421.0,3.0,1.0
67433,True,2.0,63337.0,12.0,1.0
67433,True,2.0,67369.0,6.0,1.0
67433,True,2.0,67429.0,2.0,1.0
67447,True,2.0,34679.0,15.0,1.0
67453,True,2.0,67421.0,5.0,1.0
67477,True,2.0,67349.0,7.0,1.0
67481,True,2.0,66457.0,10.0,1.0
67481,True,2.0,67477.0,2.0,1.0
67489,True,2.0,66977.0,9.0,1.0
67489,True,2.0,67481.0,3.0,1.0
67489,True,2.0,34721.0,15.0,1.0
67493,True,2.0,67429.0,6.0,1.0
67493,True,2.0,67477.0,4.0,1.0
67493,True,2.0,67489.0,2.0,1.0
67493,True,2.0,51109.0,14.0,1.0
67493,True,2.0,63397.0,12.0,1.0
67499,False,,,,
67511,True,2.0,67447.0,6.0,1.0
67523,True,2.0,1987.0,16.0,1.0
67523,True,2.0,66499.0,10.0,1.0
67531,True,2.0,67523.0,3.0,1.0
67531,True,2.0,34763.0,15.0,1.0
67531,True,2.0,67499.0,5.0,1.0
67537,True,2.0,67409.0,7.0,1.0
67547,True,2.0,67531.0,4.0,1.0
67547,True,2.0,66523.0,10.0,1.0
67547,True,2.0,2011.0,16.0,1.0
67559,True,2.0,63463.0,12.0,1.0
67567,True,2.0,67559.0,3.0,1.0
67567,True,2.0,65519.0,11.0,1.0
67577,True,2.0,66553.0,10.0,1.0
67577,True,2.0,51193.0,14.0,1.0
67579,True,2.0,67577.0,1.0,1.0
67579,True,2.0,59387.0,13.0,1.0
67579,True,2.0,67547.0,5.0,1.0
67589,True,2.0,63493.0,12.0,1.0
67589,True,2.0,2053.0,16.0,1.0
67601,True,2.0,67537.0,6.0,1.0
67601,True,2.0,51217.0,14.0,1.0
67607,False,,,,
67619,True,2.0,2083.0,16.0,1.0
67631,True,2.0,67567.0,6.0,1.0
67651,True,2.0,34883.0,15.0,1.0
67651,True,2.0,67523.0,7.0,1.0
67651,True,2.0,67139.0,9.0,1.0
67651,True,2.0,67619.0,5.0,1.0
67679,True,2.0,2143.0,16.0,1.0
67699,True,2.0,65651.0,11.0,1.0
67699,True,2.0,67187.0,9.0,1.0
67709,True,2.0,67453.0,8.0,1.0
67723,True,2.0,3.0,16.0,7.0
67723,True,2.0,67211.0,9.0,1.0
67733,True,2.0,51349.0,14.0,1.0
67733,True,2.0,67477.0,8.0,1.0
67733,True,2.0,13.0,16.0,3.0
67741,True,2.0,67709.0,5.0,1.0
67741,True,2.0,67733.0,3.0,1.0
67751,False,,,,
67757,True,2.0,2221.0,16.0,1.0
67757,True,2.0,66733.0,10.0,1.0
67757,True,2.0,67741.0,4.0,1.0
67759,True,2.0,67247.0,9.0,1.0
67759,True,2.0,67751.0,3.0,1.0
67759,True,2.0,59567.0,13.0,1.0
67759,True,2.0,67631.0,7.0,1.0
67759,True,2.0,67757.0,1.0,1.0
67763,True,2.0,66739.0,10.0,1.0
67763,True,2.0,67759.0,2.0,1.0
67763,True,2.0,67699.0,6.0,1.0
67763,True,2.0,63667.0,12.0,1.0
67777,True,2.0,65729.0,11.0,1.0
67783,True,2.0,67271.0,9.0,1.0
67783,True,2.0,67751.0,5.0,1.0
67789,True,2.0,67757.0,5.0,1.0
67801,True,2.0,67289.0,9.0,1.0
67807,True,2.0,67679.0,7.0,1.0
67819,True,2.0,67307.0,9.0,1.0
67819,True,2.0,35051.0,15.0,1.0
67819,True,2.0,59627.0,13.0,1.0
67829,True,2.0,2293.0,16.0,1.0
67843,True,2.0,59651.0,13.0,1.0
67853,True,2.0,67789.0,6.0,1.0
67867,True,2.0,35099.0,15.0,1.0
67883,True,2.0,67819.0,6.0,1.0
67883,True,2.0,2347.0,16.0,1.0
67883,True,2.0,67867.0,4.0,1.0
67891,True,2.0,67763.0,7.0,1.0
67891,True,2.0,65843.0,11.0,1.0
67891,True,2.0,59699.0,13.0,1.0
67891,True,2.0,67883.0,3.0,1.0
67901,True,2.0,51517.0,14.0,1.0
67901,True,2.0,66877.0,10.0,1.0
67927,True,2.0,35159.0,15.0,1.0
67931,True,2.0,67927.0,2.0,1.0
67931,True,2.0,67867.0,6.0,1.0
67933,True,2.0,67931.0,1.0,1.0
67933,True,2.0,67901.0,5.0,1.0
67933,True,2.0,67421.0,9.0,1.0
67939,True,2.0,67427.0,9.0,1.0
67939,True,2.0,67931.0,3.0,1.0
67939,True,2.0,59747.0,13.0,1.0
67939,True,2.0,35171.0,15.0,1.0
67943,True,2.0,67939.0,2.0,1.0
67943,True,2.0,67927.0,4.0,1.0
67943,True,2.0,66919.0,10.0,1.0
67957,True,2.0,67829.0,7.0,1.0
67961,True,2.0,67957.0,2.0,1.0
67961,True,2.0,51577.0,14.0,1.0
67967,True,2.0,66943.0,10.0,1.0
67979,True,2.0,67723.0,8.0,1.0
67987,True,2.0,67979.0,3.0,1.0
67993,True,2.0,67481.0,9.0,1.0
67993,True,2.0,67961.0,5.0,1.0
68023,True,2.0,67511.0,9.0,1.0
68041,True,2.0,65993.0,11.0,1.0
68053,False,,,,
68059,True,2.0,67931.0,7.0,1.0
68059,True,2.0,67547.0,9.0,1.0
68059,True,2.0,35291.0,15.0,1.0
68071,True,2.0,67559.0,9.0,1.0
68071,True,2.0,59879.0,13.0,1.0
68071,True,2.0,67943.0,7.0,1.0
68087,True,2.0,68071.0,4.0,1.0
68087,True,2.0,2551.0,16.0,1.0
68087,True,2.0,68023.0,6.0,1.0
68099,True,2.0,67843.0,8.0,1.0
68111,False,,,,
68113,True,2.0,68111.0,1.0,1.0
68113,True,2.0,59921.0,13.0,1.0
68113,True,2.0,67601.0,9.0,1.0
68141,False,,,,
68147,True,2.0,67891.0,8.0,1.0
68161,True,2.0,35393.0,15.0,1.0
68171,True,2.0,51787.0,14.0,1.0
68207,True,2.0,2671.0,16.0,1.0
68209,True,2.0,68207.0,1.0,1.0
68209,True,2.0,66161.0,11.0,1.0
68209,True,2.0,60017.0,13.0,1.0
68213,True,2.0,51829.0,14.0,1.0
68213,True,2.0,2677.0,16.0,1.0
68213,True,2.0,67189.0,10.0,1.0
68213,True,2.0,68209.0,2.0,1.0
68213,True,2.0,67957.0,8.0,1.0
68219,True,2.0,2683.0,16.0,1.0
68219,True,2.0,64123.0,12.0,1.0
68227,True,2.0,68219.0,3.0,1.0
68227,True,2.0,66179.0,11.0,1.0
68227,True,2.0,68099.0,7.0,1.0
68239,True,2.0,68111.0,7.0,1.0
68239,True,2.0,66191.0,11.0,1.0
68239,True,2.0,68207.0,5.0,1.0
68261,False,,,,
68279,True,2.0,68023.0,8.0,1.0
68281,True,2.0,68279.0,1.0,1.0
68281,True,2.0,60089.0,13.0,1.0
68311,True,2.0,68279.0,5.0,1.0
68311,True,2.0,35543.0,15.0,1.0
68329,False,,,,
68351,False,,,,
68371,True,2.0,35603.0,15.0,1.0
68389,True,2.0,68261.0,7.0,1.0
68399,True,2.0,64303.0,12.0,1.0
68437,False,,,,
68443,True,2.0,60251.0,13.0,1.0
68443,True,2.0,67931.0,9.0,1.0
68447,True,2.0,68443.0,2.0,1.0
68449,True,2.0,60257.0,13.0,1.0
68449,True,2.0,68447.0,1.0,1.0
68473,True,2.0,67961.0,9.0,1.0
68477,True,2.0,64381.0,12.0,1.0
68477,True,2.0,68473.0,2.0,1.0
68477,True,2.0,67453.0,10.0,1.0
68483,True,2.0,68227.0,8.0,1.0
68489,True,2.0,68473.0,4.0,1.0
68489,True,2.0,2953.0,16.0,1.0
68491,True,2.0,68483.0,3.0,1.0
68491,True,2.0,68489.0,1.0,1.0
68491,True,2.0,67979.0,9.0,1.0
68501,True,2.0,67477.0,10.0,1.0
68501,True,2.0,68437.0,6.0,1.0
68507,True,2.0,68491.0,4.0,1.0
68507,True,2.0,2971.0,16.0,1.0
68507,True,2.0,68443.0,6.0,1.0
68521,True,2.0,68489.0,5.0,1.0
68521,True,2.0,35753.0,15.0,1.0
68531,True,2.0,52147.0,14.0,1.0
68539,True,2.0,35771.0,15.0,1.0
68539,True,2.0,68531.0,3.0,1.0
68539,True,2.0,68507.0,5.0,1.0
68539,True,2.0,66491.0,11.0,1.0
68543,True,2.0,68539.0,2.0,1.0
68567,True,2.0,68311.0,8.0,1.0
68567,True,2.0,52183.0,14.0,1.0
68581,True,2.0,66533.0,11.0,1.0
68597,True,2.0,3061.0,16.0,1.0
68597,True,2.0,68581.0,4.0,1.0
68611,True,2.0,68483.0,7.0,1.0
68611,True,2.0,68099.0,9.0,1.0
68633,True,2.0,52249.0,14.0,1.0
68639,False,,,,
68659,True,2.0,68147.0,9.0,1.0
68659,True,2.0,68531.0,7.0,1.0
68669,False,,,,
68683,True,2.0,68171.0,9.0,1.0
68687,True,2.0,64591.0,12.0,1.0
68687,True,2.0,68683.0,2.0,1.0
68699,True,2.0,68683.0,4.0,1.0
68699,True,2.0,68443.0,8.0,1.0
68699,True,2.0,3163.0,16.0,1.0
68711,False,,,,
68713,True,2.0,68711.0,1.0,1.0
68713,True,2.0,60521.0,13.0,1.0
68729,True,2.0,64633.0,12.0,1.0
68729,True,2.0,68473.0,8.0,1.0
68729,True,2.0,68713.0,4.0,1.0
68737,True,2.0,35969.0,15.0,1.0
68737,True,2.0,68729.0,3.0,1.0
68743,True,2.0,68711.0,5.0,1.0
68749,True,2.0,66701.0,11.0,1.0
68767,True,2.0,35999.0,15.0,1.0
68767,True,2.0,68639.0,7.0,1.0
68771,True,2.0,68767.0,2.0,1.0
68771,True,2.0,52387.0,14.0,1.0
68777,True,2.0,68713.0,6.0,1.0
68777,True,2.0,68521.0,8.0,1.0
68791,True,2.0,68279.0,9.0,1.0
68813,True,2.0,67789.0,10.0,1.0
68813,True,2.0,68749.0,6.0,1.0
68813,True,2.0,64717.0,12.0,1.0
68819,False,,,,
68821,True,2.0,68819.0,1.0,1.0
68821,True,2.0,68813.0,3.0,1.0
68863,True,2.0,68351.0,9.0,1.0
68879,True,2.0,68863.0,4.0,1.0
68879,True,2.0,64783.0,12.0,1.0
68879,True,2.0,3343.0,16.0,1.0
68881,True,2.0,68879.0,1.0,1.0
68881,True,2.0,60689.0,13.0,1.0
68891,True,2.0,67867.0,10.0,1.0
68897,True,2.0,3361.0,16.0,1.0
68897,True,2.0,68881.0,4.0,1.0
68899,True,2.0,68891.0,3.0,1.0
68899,True,2.0,66851.0,11.0,1.0
68899,True,2.0,68771.0,7.0,1.0
68899,True,2.0,36131.0,15.0,1.0
68899,True,2.0,68897.0,1.0,1.0
68903,True,2.0,68899.0,2.0,1.0
68909,True,2.0,3373.0,16.0,1.0
68917,True,2.0,68909.0,3.0,1.0
68927,True,2.0,3391.0,16.0,1.0
68927,True,2.0,68863.0,6.0,1.0
68927,True,2.0,52543.0,14.0,1.0
68947,True,2.0,68819.0,7.0,1.0
68963,True,2.0,52579.0,14.0,1.0
68963,True,2.0,68899.0,6.0,1.0
68963,True,2.0,68947.0,4.0,1.0
68963,True,2.0,67939.0,10.0,1.0
68993,True,2.0,3457.0,16.0,1.0
68993,True,2.0,52609.0,14.0,1.0
68993,True,2.0,68737.0,8.0,1.0
69001,True,2.0,68489.0,9.0,1.0
69001,True,2.0,68993.0,3.0,1.0
69011,True,2.0,68947.0,6.0,1.0
69011,True,2.0,67987.0,10.0,1.0
69011,True,2.0,52627.0,14.0,1.0
69019,True,2.0,68507.0,9.0,1.0
69019,True,2.0,69011.0,3.0,1.0
69019,True,2.0,68891.0,7.0,1.0
69019,True,2.0,36251.0,15.0,1.0
69029,False,,,,
69031,True,2.0,69029.0,1.0,1.0
69031,True,2.0,36263.0,15.0,1.0
69031,True,2.0,68903.0,7.0,1.0
69061,True,2.0,36293.0,15.0,1.0
69061,True,2.0,69029.0,5.0,1.0
69061,True,2.0,60869.0,13.0,1.0
69067,True,2.0,36299.0,15.0,1.0
69073,False,,,,
69109,True,2.0,60917.0,13.0,1.0
69109,True,2.0,68597.0,9.0,1.0
69109,True,2.0,36341.0,15.0,1.0
69109,True,2.0,67061.0,11.0,1.0
69119,True,2.0,3583.0,16.0,1.0
69119,True,2.0,68863.0,8.0,1.0
69127,True,2.0,69119.0,3.0,1.0
69127,True,2.0,67079.0,11.0,1.0
69143,True,2.0,3607.0,16.0,1.0
69143,True,2.0,69127.0,4.0,1.0
69149,True,2.0,3613.0,16.0,1.0
69149,True,2.0,65053.0,12.0,1.0
69151,True,2.0,67103.0,11.0,1.0
69151,True,2.0,68639.0,9.0,1.0
69151,True,2.0,69143.0,3.0,1.0
69151,True,2.0,36383.0,15.0,1.0
69151,True,2.0,69149.0,1.0,1.0
69151,True,2.0,69119.0,5.0,1.0
69163,False,,,,
69191,True,2.0,52807.0,14.0,1.0
69191,True,2.0,69127.0,6.0,1.0
69193,True,2.0,69191.0,1.0,1.0
69193,True,2.0,61001.0,13.0,1.0
69197,True,2.0,52813.0,14.0,1.0
69197,True,2.0,69193.0,2.0,1.0
69197,True,2.0,65101.0,12.0,1.0
69203,True,2.0,68947.0,8.0,1.0
69221,True,2.0,52837.0,14.0,1.0
69233,True,2.0,263.0,6.0,2.0
69233,True,2.0,3697.0,16.0,1.0
69233,True,2.0,68209.0,10.0,1.0
69239,False,,,,
69247,True,2.0,69239.0,3.0,1.0
69247,True,2.0,69119.0,7.0,1.0
69247,True,2.0,36479.0,15.0,1.0
69257,True,2.0,69001.0,8.0,1.0
69257,True,2.0,61.0,16.0,2.0
69257,True,2.0,69193.0,6.0,1.0
69259,True,2.0,67211.0,11.0,1.0
69259,True,2.0,69257.0,1.0,1.0
69263,True,2.0,3727.0,16.0,1.0
69263,True,2.0,52879.0,14.0,1.0
69263,True,2.0,68239.0,10.0,1.0
69263,True,2.0,65167.0,12.0,1.0
69263,True,2.0,69259.0,2.0,1.0
69263,True,2.0,69247.0,4.0,1.0
69313,True,2.0,61121.0,13.0,1.0
69317,True,2.0,69313.0,2.0,1.0
69317,True,2.0,69061.0,8.0,1.0
69337,True,2.0,67289.0,11.0,1.0
69341,True,2.0,69337.0,2.0,1.0
69341,True,2.0,52957.0,14.0,1.0
69371,False,,,,
69379,True,2.0,69371.0,3.0,1.0
69383,True,2.0,69127.0,8.0,1.0
69383,True,2.0,69379.0,2.0,1.0
69383,True,2.0,3847.0,16.0,1.0
69383,True,2.0,65287.0,12.0,1.0
69383,True,2.0,52999.0,14.0,1.0
69389,True,2.0,65293.0,12.0,1.0
69389,True,2.0,3853.0,16.0,1.0
69401,True,2.0,53017.0,14.0,1.0
69401,True,2.0,69337.0,6.0,1.0
69403,True,2.0,61211.0,13.0,1.0
69403,True,2.0,68891.0,9.0,1.0
69403,True,2.0,69401.0,1.0,1.0
69403,True,2.0,69371.0,5.0,1.0
69427,False,,,,
69431,True,2.0,69427.0,2.0,1.0
69431,True,2.0,53047.0,14.0,1.0
69439,True,2.0,36671.0,15.0,1.0
69439,True,2.0,69431.0,3.0,1.0
69439,True,2.0,67391.0,11.0,1.0
69439,True,2.0,68927.0,9.0,1.0
69457,True,2.0,67409.0,11.0,1.0
69463,True,2.0,69431.0,5.0,1.0
69467,True,2.0,3931.0,16.0,1.0
69467,True,2.0,69463.0,2.0,1.0
69467,True,2.0,68443.0,10.0,1.0
69467,True,2.0,69403.0,6.0,1.0
69467,True,2.0,65371.0,12.0,1.0
69473,True,2.0,68449.0,10.0,1.0
69473,True,2.0,69457.0,4.0,1.0
69473,True,2.0,53089.0,14.0,1.0
69481,True,2.0,67433.0,11.0,1.0
69481,True,2.0,69473.0,3.0,1.0
69481,True,2.0,36713.0,15.0,1.0
69491,True,2.0,69427.0,6.0,1.0
69493,True,2.0,69491.0,1.0,1.0
69497,True,2.0,69493.0,2.0,1.0
69497,True,2.0,69481.0,4.0,1.0
69497,True,2.0,68473.0,10.0,1.0
69497,True,2.0,53113.0,14.0,1.0
69499,True,2.0,69491.0,3.0,1.0
69499,True,2.0,69371.0,7.0,1.0
69499,True,2.0,69467.0,5.0,1.0
69499,True,2.0,69497.0,1.0,1.0
69539,True,2.0,4003.0,16.0,1.0
69557,True,2.0,69493.0,6.0,1.0
69557,True,2.0,4021.0,16.0,1.0
69557,True,2.0,53173.0,14.0,1.0
69593,True,2.0,69337.0,8.0,1.0
69593,True,2.0,65497.0,12.0,1.0
69593,True,2.0,4057.0,16.0,1.0
69623,True,2.0,53239.0,14.0,1.0
69653,True,2.0,53269.0,14.0,1.0
69653,True,2.0,65557.0,12.0,1.0
69661,True,2.0,61469.0,13.0,1.0
69661,True,2.0,69149.0,9.0,1.0
69661,True,2.0,69653.0,3.0,1.0
69677,True,2.0,69661.0,4.0,1.0
69677,True,2.0,65581.0,12.0,1.0
69691,True,2.0,36923.0,15.0,1.0
69697,True,2.0,36929.0,15.0,1.0
69709,True,2.0,69677.0,5.0,1.0
69709,True,2.0,69197.0,9.0,1.0
69737,True,2.0,53353.0,14.0,1.0
69737,True,2.0,4201.0,16.0,1.0
69737,True,2.0,69481.0,8.0,1.0
69737,True,2.0,68713.0,10.0,1.0
69739,True,2.0,69737.0,1.0,1.0
69739,True,2.0,61547.0,13.0,1.0
69761,True,2.0,69697.0,6.0,1.0
69761,True,2.0,68737.0,10.0,1.0
69761,True,2.0,53377.0,14.0,1.0
69763,True,2.0,69761.0,1.0,1.0
69767,True,2.0,69763.0,2.0,1.0
69767,True,2.0,68743.0,10.0,1.0
69767,True,2.0,4231.0,16.0,1.0
69779,True,2.0,4243.0,16.0,1.0
69779,True,2.0,69763.0,4.0,1.0
69809,True,2.0,4273.0,16.0,1.0
69809,True,2.0,65713.0,12.0,1.0
69821,True,2.0,53437.0,14.0,1.0
69827,True,2.0,69763.0,6.0,1.0
69827,True,2.0,65731.0,12.0,1.0
69829,True,2.0,69821.0,3.0,1.0
69829,True,2.0,37061.0,15.0,1.0
69829,True,2.0,69827.0,1.0,1.0
69829,True,2.0,61637.0,13.0,1.0
69829,True,2.0,69317.0,9.0,1.0
69833,True,2.0,4297.0,16.0,1.0
69833,True,2.0,69829.0,2.0,1.0
69847,False,,,,
69857,True,2.0,65761.0,12.0,1.0
69859,True,2.0,69857.0,1.0,1.0
69859,True,2.0,61667.0,13.0,1.0
69859,True,2.0,69827.0,5.0,1.0
69877,True,2.0,67829.0,11.0,1.0
69899,True,2.0,4363.0,16.0,1.0
69911,True,2.0,53527.0,14.0,1.0
69911,True,2.0,69847.0,6.0,1.0
69929,False,,,,
69931,True,2.0,69929.0,1.0,1.0
69931,True,2.0,67883.0,11.0,1.0
69931,True,2.0,69899.0,5.0,1.0
69941,True,2.0,68917.0,10.0,1.0
69941,True,2.0,69877.0,6.0,1.0
69959,True,2.0,4423.0,16.0,1.0
69991,True,2.0,37223.0,15.0,1.0
69991,True,2.0,69959.0,5.0,1.0
69991,True,2.0,67943.0,11.0,1.0
69997,False,,,,
70001,True,2.0,69997.0,2.0,1.0
70001,True,2.0,53617.0,14.0,1.0
70003,True,2.0,69491.0,9.0,1.0
70003,True,2.0,70001.0,1.0,1.0
70009,True,2.0,69497.0,9.0,1.0
70009,True,2.0,67961.0,11.0,1.0
70009,True,2.0,70001.0,3.0,1.0
70019,True,2.0,70003.0,4.0,1.0
70019,True,2.0,69763.0,8.0,1.0
70019,True,2.0,4483.0,16.0,1.0
70039,True,2.0,69911.0,7.0,1.0
70051,True,2.0,69539.0,9.0,1.0
70051,True,2.0,70019.0,5.0,1.0
70061,True,2.0,69997.0,6.0,1.0
70067,True,2.0,70051.0,4.0,1.0
70067,True,2.0,70003.0,6.0,1.0
70079,True,2.0,65983.0,12.0,1.0
70099,True,2.0,70067.0,5.0,1.0
70111,True,2.0,70079.0,5.0,1.0
70117,False,,,,
70121,True,2.0,70117.0,2.0,1.0
70123,True,2.0,70121.0,1.0,1.0
70139,True,2.0,4603.0,16.0,1.0
70139,True,2.0,70123.0,4.0,1.0
70141,True,2.0,70139.0,1.0,1.0
70141,True,2.0,61949.0,13.0,1.0
70157,True,2.0,53773.0,14.0,1.0
70157,True,2.0,70141.0,4.0,1.0
70157,True,2.0,4621.0,16.0,1.0
70163,True,2.0,66067.0,12.0,1.0
70163,True,2.0,70099.0,6.0,1.0
70177,True,2.0,37409.0,15.0,1.0
70181,True,2.0,70117.0,6.0,1.0
70181,True,2.0,70177.0,2.0,1.0
70183,True,2.0,61991.0,13.0,1.0
70183,True,2.0,70181.0,1.0,1.0
70199,True,2.0,70183.0,4.0,1.0
70199,True,2.0,66103.0,12.0,1.0
70199,True,2.0,4663.0,16.0,1.0
70201,True,2.0,70199.0,1.0,1.0
70207,True,2.0,70199.0,3.0,1.0
70207,True,2.0,70079.0,7.0,1.0
70223,True,2.0,70207.0,4.0,1.0
70229,False,,,,
70237,True,2.0,70229.0,3.0,1.0
70241,True,2.0,70237.0,2.0,1.0
70241,True,2.0,70177.0,6.0,1.0
70241,True,2.0,53857.0,14.0,1.0
70249,True,2.0,70241.0,3.0,1.0
70249,True,2.0,62057.0,13.0,1.0
70249,True,2.0,69737.0,9.0,1.0
70249,True,2.0,70121.0,7.0,1.0
70271,True,2.0,70207.0,6.0,1.0
70271,True,2.0,69247.0,10.0,1.0
70271,True,2.0,53887.0,14.0,1.0
70289,False,,,,
70297,True,2.0,37529.0,15.0,1.0
70297,True,2.0,70289.0,3.0,1.0
70309,True,2.0,68261.0,11.0,1.0
70309,True,2.0,70181.0,7.0,1.0
70313,True,2.0,70309.0,2.0,1.0
70313,True,2.0,70249.0,6.0,1.0
70313,True,2.0,70297.0,4.0,1.0
70321,True,2.0,70313.0,3.0,1.0
70321,True,2.0,70289.0,5.0,1.0
70321,True,2.0,62129.0,13.0,1.0
70321,True,2.0,69809.0,9.0,1.0
70327,True,2.0,70199.0,7.0,1.0
70327,True,2.0,68279.0,11.0,1.0
70351,True,2.0,70223.0,7.0,1.0
70373,True,2.0,70309.0,6.0,1.0
70373,True,2.0,70117.0,8.0,1.0
70379,True,2.0,70123.0,8.0,1.0
70381,True,2.0,62189.0,13.0,1.0
70381,True,2.0,70373.0,3.0,1.0
70381,True,2.0,70379.0,1.0,1.0
70393,True,2.0,62201.0,13.0,1.0
70423,True,2.0,69911.0,9.0,1.0
70429,False,,,,
70439,True,2.0,4903.0,16.0,1.0
70439,True,2.0,70423.0,4.0,1.0
70439,True,2.0,66343.0,12.0,1.0
70439,True,2.0,70183.0,8.0,1.0
70451,True,2.0,69427.0,10.0,1.0
70457,True,2.0,70393.0,6.0,1.0
70457,True,2.0,66361.0,12.0,1.0
70457,True,2.0,70201.0,8.0,1.0
70459,True,2.0,37691.0,15.0,1.0
70459,True,2.0,70451.0,3.0,1.0
70459,True,2.0,70457.0,1.0,1.0
70481,True,2.0,69457.0,10.0,1.0
70487,True,2.0,4951.0,16.0,1.0
70487,True,2.0,70423.0,6.0,1.0
70487,True,2.0,69463.0,10.0,1.0
70489,True,2.0,70487.0,1.0,1.0
70489,True,2.0,70457.0,5.0,1.0
70489,True,2.0,70481.0,3.0,1.0
70489,True,2.0,62297.0,13.0,1.0
70501,True,2.0,70373.0,7.0,1.0
70507,True,2.0,70379.0,7.0,1.0
70529,True,2.0,4993.0,16.0,1.0
70537,True,2.0,68489.0,11.0,1.0
70537,True,2.0,70529.0,3.0,1.0
70549,True,2.0,68501.0,11.0,1.0
70549,True,2.0,37781.0,15.0,1.0
70571,True,2.0,70507.0,6.0,1.0
70573,True,2.0,70061.0,9.0,1.0
70573,True,2.0,70571.0,1.0,1.0
70583,True,2.0,70327.0,8.0,1.0
70589,True,2.0,70573.0,4.0,1.0
70607,True,2.0,70351.0,8.0,1.0
70619,True,2.0,66523.0,12.0,1.0
70621,True,2.0,37853.0,15.0,1.0
70621,True,2.0,70589.0,5.0,1.0
70621,True,2.0,70619.0,1.0,1.0
70627,True,2.0,70619.0,3.0,1.0
70639,True,2.0,70607.0,5.0,1.0
70639,True,2.0,37871.0,15.0,1.0
70657,True,2.0,37889.0,15.0,1.0
70657,True,2.0,70529.0,7.0,1.0
70663,False,,,,
70667,True,2.0,66571.0,12.0,1.0
70667,True,2.0,70663.0,2.0,1.0
70687,True,2.0,68639.0,11.0,1.0
70709,False,,,,
70717,True,2.0,68669.0,11.0,1.0
70717,True,2.0,70589.0,7.0,1.0
70717,True,2.0,70709.0,3.0,1.0
70729,False,,,,
70753,True,2.0,70241.0,9.0,1.0
70769,True,2.0,5233.0,16.0,1.0
70769,True,2.0,70753.0,4.0,1.0
70783,True,2.0,70271.0,9.0,1.0
70783,True,2.0,62591.0,13.0,1.0
70793,True,2.0,70537.0,8.0,1.0
70793,True,2.0,70729.0,6.0,1.0
70793,True,2.0,66697.0,12.0,1.0
70793,True,2.0,54409.0,14.0,1.0
70823,False,,,,
70841,False,,,,
70843,True,2.0,70841.0,1.0,1.0
70849,True,2.0,70841.0,3.0,1.0
70853,True,2.0,69829.0,10.0,1.0
70853,True,2.0,70849.0,2.0,1.0
70853,True,2.0,54469.0,14.0,1.0
70867,True,2.0,68819.0,11.0,1.0
70877,True,2.0,54493.0,14.0,1.0
70877,True,2.0,70621.0,8.0,1.0
70879,True,2.0,70877.0,1.0,1.0
70879,True,2.0,62687.0,13.0,1.0
70891,True,2.0,70379.0,9.0,1.0
70901,True,2.0,69877.0,10.0,1.0
70901,True,2.0,54517.0,14.0,1.0
70913,True,2.0,70849.0,6.0,1.0
70913,True,2.0,70657.0,8.0,1.0
70919,True,2.0,70663.0,8.0,1.0
70921,True,2.0,70913.0,3.0,1.0
70921,True,2.0,70793.0,7.0,1.0
70921,True,2.0,70919.0,1.0,1.0
70921,True,2.0,38153.0,15.0,1.0
70937,True,2.0,66841.0,12.0,1.0
70937,True,2.0,70921.0,4.0,1.0
70949,True,2.0,5413.0,16.0,1.0
70949,True,2.0,66853.0,12.0,1.0
70951,True,2.0,68903.0,11.0,1.0
70951,True,2.0,70439.0,9.0,1.0
70951,True,2.0,70949.0,1.0,1.0
70951,True,2.0,70919.0,5.0,1.0
70951,True,2.0,38183.0,15.0,1.0
70951,True,2.0,70823.0,7.0,1.0
70957,True,2.0,68909.0,11.0,1.0
70957,True,2.0,70949.0,3.0,1.0
70957,True,2.0,38189.0,15.0,1.0
70969,True,2.0,70841.0,7.0,1.0
70969,True,2.0,70457.0,9.0,1.0
70969,True,2.0,38201.0,15.0,1.0
70969,True,2.0,70937.0,5.0,1.0
70969,True,2.0,41.0,11.0,3.0
70979,True,2.0,5443.0,16.0,1.0
70979,True,2.0,66883.0,12.0,1.0
70981,True,2.0,70853.0,7.0,1.0
70981,True,2.0,70979.0,1.0,1.0
70981,True,2.0,70949.0,5.0,1.0
70991,False,,,,
70997,True,2.0,70981.0,4.0,1.0
70999,True,2.0,70991.0,3.0,1.0
70999,True,2.0,38231.0,15.0,1.0
70999,True,2.0,70997.0,1.0,1.0
70999,True,2.0,70487.0,9.0,1.0
71011,True,2.0,62819.0,13.0,1.0
71011,True,2.0,70979.0,5.0,1.0
71011,True,2.0,68963.0,11.0,1.0
71023,True,2.0,70991.0,5.0,1.0
71039,True,2.0,70783.0,8.0,1.0
71039,True,2.0,71023.0,4.0,1.0
71039,True,2.0,5503.0,16.0,1.0
71039,True,2.0,66943.0,12.0,1.0
71059,True,2.0,69011.0,11.0,1.0
71069,True,2.0,66973.0,12.0,1.0
71081,False,,,,
71089,True,2.0,38321.0,15.0,1.0
71089,True,2.0,71081.0,3.0,1.0
71089,True,2.0,62897.0,13.0,1.0
71119,True,2.0,70991.0,7.0,1.0
71119,True,2.0,70607.0,9.0,1.0
71119,True,2.0,62927.0,13.0,1.0
71119,True,2.0,38351.0,15.0,1.0
71129,True,2.0,67033.0,12.0,1.0
71143,False,,,,
71147,True,2.0,70123.0,10.0,1.0
71147,True,2.0,71143.0,2.0,1.0
71147,True,2.0,70891.0,8.0,1.0
71153,True,2.0,71089.0,6.0,1.0
71153,True,2.0,67057.0,12.0,1.0
71161,True,2.0,38393.0,15.0,1.0
71161,True,2.0,62969.0,13.0,1.0
71161,True,2.0,71129.0,5.0,1.0
71161,True,2.0,71153.0,3.0,1.0
71167,True,2.0,71039.0,7.0,1.0
71167,True,2.0,69119.0,11.0,1.0
71171,True,2.0,71167.0,2.0,1.0
71171,True,2.0,54787.0,14.0,1.0
71191,True,2.0,69143.0,11.0,1.0
71209,True,2.0,71081.0,7.0,1.0
71233,False,,,,
71237,True,2.0,67141.0,12.0,1.0
71237,True,2.0,5701.0,16.0,1.0
71237,True,2.0,71233.0,2.0,1.0
71237,True,2.0,70981.0,8.0,1.0
71249,True,2.0,67153.0,12.0,1.0
71249,True,2.0,71233.0,4.0,1.0
71257,True,2.0,71249.0,3.0,1.0
71257,True,2.0,71129.0,7.0,1.0
71261,True,2.0,54877.0,14.0,1.0
71261,True,2.0,70237.0,10.0,1.0
71261,True,2.0,71257.0,2.0,1.0
71263,True,2.0,71261.0,1.0,1.0
71287,True,2.0,69239.0,11.0,1.0
71293,True,2.0,71261.0,5.0,1.0
71317,False,,,,
71327,True,2.0,5791.0,16.0,1.0
71327,True,2.0,71263.0,6.0,1.0
71327,True,2.0,67231.0,12.0,1.0
71329,True,2.0,71327.0,1.0,1.0
71329,True,2.0,38561.0,15.0,1.0
71333,True,2.0,54949.0,14.0,1.0
71333,True,2.0,71329.0,2.0,1.0
71333,True,2.0,70309.0,10.0,1.0
71333,True,2.0,71317.0,4.0,1.0
71339,False,,,,
71341,True,2.0,71333.0,3.0,1.0
71341,True,2.0,63149.0,13.0,1.0
71341,True,2.0,71339.0,1.0,1.0
71347,True,2.0,71339.0,3.0,1.0
71353,True,2.0,70841.0,9.0,1.0
71359,True,2.0,71327.0,5.0,1.0
71363,True,2.0,54979.0,14.0,1.0
71363,True,2.0,5827.0,16.0,1.0
71363,True,2.0,71359.0,2.0,1.0
71363,True,2.0,71347.0,4.0,1.0
71387,True,2.0,5851.0,16.0,1.0
71389,True,2.0,63197.0,13.0,1.0
71389,True,2.0,70877.0,9.0,1.0
71389,True,2.0,71261.0,7.0,1.0
71389,True,2.0,69341.0,11.0,1.0
71389,True,2.0,71387.0,1.0,1.0
71399,True,2.0,71143.0,8.0,1.0
71411,True,2.0,71347.0,6.0,1.0
71413,True,2.0,71411.0,1.0,1.0
71413,True,2.0,70901.0,9.0,1.0
71419,True,2.0,69371.0,11.0,1.0
71419,True,2.0,71411.0,3.0,1.0
71419,True,2.0,71387.0,5.0,1.0
71419,True,2.0,38651.0,15.0,1.0
71429,True,2.0,71413.0,4.0,1.0
71437,True,2.0,69389.0,11.0,1.0
71437,True,2.0,71429.0,3.0,1.0
71437,True,2.0,38669.0,15.0,1.0
71443,True,2.0,71411.0,5.0,1.0
71453,True,2.0,71437.0,4.0,1.0
71453,True,2.0,71389.0,6.0,1.0
71453,True,2.0,70429.0,10.0,1.0
71471,False,,,,
71473,True,2.0,71471.0,1.0,1.0
71473,True,2.0,63281.0,13.0,1.0
71479,True,2.0,71471.0,3.0,1.0
71479,True,2.0,38711.0,15.0,1.0
71479,True,2.0,69431.0,11.0,1.0
71483,True,2.0,70459.0,10.0,1.0
71483,True,2.0,71479.0,2.0,1.0
71483,True,2.0,71419.0,6.0,1.0
71503,True,2.0,70991.0,9.0,1.0
71503,True,2.0,71471.0,5.0,1.0
71503,True,2.0,63311.0,13.0,1.0
71527,True,2.0,71399.0,7.0,1.0
71537,True,2.0,71473.0,6.0,1.0
71549,True,2.0,71293.0,8.0,1.0
71549,True,2.0,67453.0,12.0,1.0
71551,True,2.0,71039.0,9.0,1.0
71551,True,2.0,71549.0,1.0,1.0
71551,True,2.0,38783.0,15.0,1.0
71563,False,,,,
71569,True,2.0,63377.0,13.0,1.0
71569,True,2.0,71537.0,5.0,1.0
71593,True,2.0,71081.0,9.0,1.0
71597,True,2.0,71341.0,8.0,1.0
71597,True,2.0,71593.0,2.0,1.0
71597,True,2.0,70573.0,10.0,1.0
71597,True,2.0,55213.0,14.0,1.0
71633,True,2.0,71569.0,6.0,1.0
71633,True,2.0,67537.0,12.0,1.0
71633,True,2.0,55249.0,14.0,1.0
71647,False,,,,
71663,True,2.0,67567.0,12.0,1.0
71663,True,2.0,70639.0,10.0,1.0
71663,True,2.0,71647.0,4.0,1.0
71671,True,2.0,38903.0,15.0,1.0
71671,True,2.0,69623.0,11.0,1.0
71671,True,2.0,71663.0,3.0,1.0
71693,True,2.0,71437.0,8.0,1.0
71699,True,2.0,71443.0,8.0,1.0
71699,True,2.0,6163.0,16.0,1.0
71707,True,2.0,71699.0,3.0,1.0
71711,True,2.0,71647.0,6.0,1.0
71711,True,2.0,70687.0,10.0,1.0
71711,True,2.0,71707.0,2.0,1.0
71713,True,2.0,63521.0,13.0,1.0
71713,True,2.0,71711.0,1.0,1.0
71719,True,2.0,63527.0,13.0,1.0
71719,True,2.0,71711.0,3.0,1.0
71741,True,2.0,70717.0,10.0,1.0
71761,True,2.0,71249.0,9.0,1.0
71761,True,2.0,38993.0,15.0,1.0
71761,True,2.0,71633.0,7.0,1.0
71777,True,2.0,71713.0,6.0,1.0
71777,True,2.0,70753.0,10.0,1.0
71777,True,2.0,79.0,16.0,2.0
71777,True,2.0,71761.0,4.0,1.0
71789,False,,,,
71807,True,2.0,70783.0,10.0,1.0
71807,True,2.0,6271.0,16.0,1.0
71807,True,2.0,71551.0,8.0,1.0
71809,True,2.0,63617.0,13.0,1.0
71809,True,2.0,69761.0,11.0,1.0
71809,True,2.0,39041.0,15.0,1.0
71809,True,2.0,71777.0,5.0,1.0
71809,True,2.0,71807.0,1.0,1.0
71821,True,2.0,63629.0,13.0,1.0
71821,True,2.0,71789.0,5.0,1.0
71821,True,2.0,71693.0,7.0,1.0
71837,True,2.0,67741.0,12.0,1.0
71837,True,2.0,6301.0,16.0,1.0
71837,True,2.0,71821.0,4.0,1.0
71843,False,,,,
71849,True,2.0,71593.0,8.0,1.0
71861,False,,,,
71867,True,2.0,70843.0,10.0,1.0
71879,True,2.0,6343.0,16.0,1.0
71879,True,2.0,67783.0,12.0,1.0
71881,True,2.0,39113.0,15.0,1.0
71881,True,2.0,69833.0,11.0,1.0
71881,True,2.0,71849.0,5.0,1.0
71881,True,2.0,63689.0,13.0,1.0
71881,True,2.0,71879.0,1.0,1.0
71887,True,2.0,39119.0,15.0,1.0
71887,True,2.0,71879.0,3.0,1.0
71899,True,2.0,71387.0,9.0,1.0
71899,True,2.0,71867.0,5.0,1.0
71909,True,2.0,6373.0,16.0,1.0
71917,True,2.0,71909.0,3.0,1.0
71917,True,2.0,71789.0,7.0,1.0
71933,True,2.0,6397.0,16.0,1.0
71933,True,2.0,71917.0,4.0,1.0
71941,True,2.0,71429.0,9.0,1.0
71941,True,2.0,71909.0,5.0,1.0
71941,True,2.0,71933.0,3.0,1.0
71947,True,2.0,69899.0,11.0,1.0
71963,True,2.0,71899.0,6.0,1.0
71963,True,2.0,6427.0,16.0,1.0
71963,True,2.0,71947.0,4.0,1.0
71963,True,2.0,71707.0,8.0,1.0
71963,True,2.0,67867.0,12.0,1.0
71963,True,2.0,55579.0,14.0,1.0
71971,True,2.0,71843.0,7.0,1.0
71971,True,2.0,71963.0,3.0,1.0
71983,True,2.0,71471.0,9.0,1.0
71987,True,2.0,71971.0,4.0,1.0
71987,True,2.0,71983.0,2.0,1.0
71987,True,2.0,67891.0,12.0,1.0
71987,True,2.0,6451.0,16.0,1.0
71987,True,2.0,55603.0,14.0,1.0
71993,True,2.0,70969.0,10.0,1.0
71993,True,2.0,55609.0,14.0,1.0
71999,True,2.0,71983.0,4.0,1.0
72019,True,2.0,39251.0,15.0,1.0
72019,True,2.0,71987.0,5.0,1.0
72031,True,2.0,71999.0,5.0,1.0
72031,True,2.0,63839.0,13.0,1.0
72043,False,,,,
72047,True,2.0,55663.0,14.0,1.0
72047,True,2.0,72043.0,2.0,1.0
72047,True,2.0,72031.0,4.0,1.0
72047,True,2.0,71023.0,10.0,1.0
72047,True,2.0,71983.0,6.0,1.0
72053,True,2.0,67957.0,12.0,1.0
72073,False,,,,
72077,True,2.0,71821.0,8.0,1.0
72077,True,2.0,72073.0,2.0,1.0
72089,True,2.0,6553.0,16.0,1.0
72089,True,2.0,67993.0,12.0,1.0
72089,True,2.0,72073.0,4.0,1.0
72091,True,2.0,39323.0,15.0,1.0
72091,True,2.0,71963.0,7.0,1.0
72091,True,2.0,72089.0,1.0,1.0
72101,True,2.0,55717.0,14.0,1.0
72103,True,2.0,72101.0,1.0,1.0
72109,True,2.0,72077.0,5.0,1.0
72109,True,2.0,70061.0,11.0,1.0
72109,True,2.0,71597.0,9.0,1.0
72109,True,2.0,39341.0,15.0,1.0
72109,True,2.0,72101.0,3.0,1.0
72139,True,2.0,39371.0,15.0,1.0
72161,False,,,,
72167,True,2.0,68071.0,12.0,1.0
72167,True,2.0,71143.0,10.0,1.0
72167,True,2.0,72103.0,6.0,1.0
72169,True,2.0,72167.0,1.0,1.0
72169,True,2.0,63977.0,13.0,1.0
72169,True,2.0,70121.0,11.0,1.0
72169,True,2.0,72161.0,3.0,1.0
72173,True,2.0,72109.0,6.0,1.0
72173,True,2.0,71917.0,8.0,1.0
72173,True,2.0,6637.0,16.0,1.0
72173,True,2.0,72169.0,2.0,1.0
72211,True,2.0,39443.0,15.0,1.0
72211,True,2.0,64019.0,13.0,1.0
72211,True,2.0,71699.0,9.0,1.0
72211,True,2.0,70163.0,11.0,1.0
72221,True,2.0,55837.0,14.0,1.0
72223,True,2.0,72221.0,1.0,1.0
72223,True,2.0,71711.0,9.0,1.0
72227,True,2.0,71971.0,8.0,1.0
72227,True,2.0,6691.0,16.0,1.0
72227,True,2.0,72211.0,4.0,1.0
72227,True,2.0,72223.0,2.0,1.0
72227,True,2.0,55843.0,14.0,1.0
72229,True,2.0,64037.0,13.0,1.0
72229,True,2.0,72227.0,1.0,1.0
72229,True,2.0,70181.0,11.0,1.0
72229,True,2.0,72221.0,3.0,1.0
72229,True,2.0,39461.0,15.0,1.0
72229,True,2.0,72101.0,7.0,1.0
72251,False,,,,
72253,True,2.0,72251.0,1.0,1.0
72253,True,2.0,72221.0,5.0,1.0
72253,True,2.0,71741.0,9.0,1.0
72269,True,2.0,6733.0,16.0,1.0
72269,True,2.0,72253.0,4.0,1.0
72271,True,2.0,70223.0,11.0,1.0
72271,True,2.0,72269.0,1.0,1.0
72271,True,2.0,39503.0,15.0,1.0
72277,True,2.0,72269.0,3.0,1.0
72277,True,2.0,70229.0,11.0,1.0
72277,True,2.0,39509.0,15.0,1.0
72287,True,2.0,71263.0,10.0,1.0
72287,True,2.0,72223.0,6.0,1.0
72287,True,2.0,55903.0,14.0,1.0
72287,True,2.0,72271.0,4.0,1.0
72287,True,2.0,72031.0,8.0,1.0
72307,False,,,,
72313,False,,,,
72337,True,2.0,70289.0,11.0,1.0
72337,True,2.0,39569.0,15.0,1.0
72341,True,2.0,72337.0,2.0,1.0
72341,True,2.0,71317.0,10.0,1.0
72341,True,2.0,72277.0,6.0,1.0
72353,True,2.0,72337.0,4.0,1.0
72353,True,2.0,71329.0,10.0,1.0
72367,False,,,,
72379,True,2.0,64187.0,13.0,1.0
72379,True,2.0,72251.0,7.0,1.0
72379,True,2.0,71867.0,9.0,1.0
72383,True,2.0,72379.0,2.0,1.0
72383,True,2.0,72367.0,4.0,1.0
72383,True,2.0,71359.0,10.0,1.0
72421,True,2.0,70373.0,11.0,1.0
72421,True,2.0,71909.0,9.0,1.0
72431,True,2.0,72367.0,6.0,1.0
72461,True,2.0,71437.0,10.0,1.0
72467,True,2.0,68371.0,12.0,1.0
72467,True,2.0,71443.0,10.0,1.0
72467,True,2.0,72211.0,8.0,1.0
72469,True,2.0,72461.0,3.0,1.0
72469,True,2.0,72467.0,1.0,1.0
72469,True,2.0,72341.0,7.0,1.0
72481,True,2.0,72353.0,7.0,1.0
72493,True,2.0,64301.0,13.0,1.0
72493,True,2.0,72461.0,5.0,1.0
72497,True,2.0,72493.0,2.0,1.0
72497,True,2.0,6961.0,16.0,1.0
72497,True,2.0,72481.0,4.0,1.0
72497,True,2.0,56113.0,14.0,1.0
72497,True,2.0,71473.0,10.0,1.0
72503,True,2.0,71479.0,10.0,1.0
72503,True,2.0,6967.0,16.0,1.0
72533,True,2.0,72277.0,8.0,1.0
72533,True,2.0,72469.0,6.0,1.0
72533,True,2.0,6997.0,16.0,1.0
72533,True,2.0,56149.0,14.0,1.0
72533,True,2.0,68437.0,12.0,1.0
72547,True,2.0,39779.0,15.0,1.0
72551,True,2.0,71527.0,10.0,1.0
72551,True,2.0,56167.0,14.0,1.0
72551,True,2.0,72547.0,2.0,1.0
72559,True,2.0,39791.0,15.0,1.0
72559,True,2.0,72047.0,9.0,1.0
72559,True,2.0,72431.0,7.0,1.0
72559,True,2.0,72551.0,3.0,1.0
72577,True,2.0,70529.0,11.0,1.0
72613,True,2.0,72101.0,9.0,1.0
72617,True,2.0,71593.0,10.0,1.0
72617,True,2.0,72613.0,2.0,1.0
72617,True,2.0,68521.0,12.0,1.0
72617,True,2.0,269.0,8.0,2.0
72623,True,2.0,72559.0,6.0,1.0
72623,True,2.0,72367.0,8.0,1.0
72623,True,2.0,56239.0,14.0,1.0
72643,True,2.0,64451.0,13.0,1.0
72647,True,2.0,72643.0,2.0,1.0
72647,True,2.0,56263.0,14.0,1.0
72649,True,2.0,72647.0,1.0,1.0
72649,True,2.0,72617.0,5.0,1.0
72661,True,2.0,72533.0,7.0,1.0
72671,True,2.0,71647.0,10.0,1.0
72673,True,2.0,72161.0,9.0,1.0
72673,True,2.0,72671.0,1.0,1.0
72679,True,2.0,72671.0,3.0,1.0
72679,True,2.0,72167.0,9.0,1.0
72679,True,2.0,72647.0,5.0,1.0
72679,True,2.0,72551.0,7.0,1.0
72689,True,2.0,72673.0,4.0,1.0
72701,False,,,,
72707,True,2.0,68611.0,12.0,1.0
72707,True,2.0,72643.0,6.0,1.0
72719,False,,,,
72727,True,2.0,72719.0,3.0,1.0
72733,True,2.0,72701.0,5.0,1.0
72733,True,2.0,72221.0,9.0,1.0
72739,True,2.0,72227.0,9.0,1.0
72739,True,2.0,72707.0,5.0,1.0
72739,True,2.0,39971.0,15.0,1.0
72763,True,2.0,72251.0,9.0,1.0
72767,True,2.0,72763.0,2.0,1.0
72767,True,2.0,56383.0,14.0,1.0
72797,True,2.0,72733.0,6.0,1.0
72817,True,2.0,72689.0,7.0,1.0
72817,True,2.0,70769.0,11.0,1.0
72823,False,,,,
72859,True,2.0,64667.0,13.0,1.0
72869,True,2.0,72613.0,8.0,1.0
72869,True,2.0,7333.0,16.0,1.0
72871,True,2.0,72869.0,1.0,1.0
72871,True,2.0,70823.0,11.0,1.0
72871,True,2.0,64679.0,13.0,1.0
72883,False,,,,
72889,True,2.0,70841.0,11.0,1.0
72893,True,2.0,72889.0,2.0,1.0
72893,True,2.0,56509.0,14.0,1.0
72901,True,2.0,70853.0,11.0,1.0
72901,True,2.0,72869.0,5.0,1.0
72901,True,2.0,64709.0,13.0,1.0
72901,True,2.0,72893.0,3.0,1.0
72907,False,,,,
72911,True,2.0,71887.0,10.0,1.0
72911,True,2.0,72907.0,2.0,1.0
72911,True,2.0,56527.0,14.0,1.0
72923,True,2.0,72859.0,6.0,1.0
72923,True,2.0,71899.0,10.0,1.0
72923,True,2.0,72907.0,4.0,1.0
72931,True,2.0,40163.0,15.0,1.0
72931,True,2.0,72923.0,3.0,1.0
72937,True,2.0,40169.0,15.0,1.0
72949,True,2.0,70901.0,11.0,1.0
72953,True,2.0,56569.0,14.0,1.0
72953,True,2.0,72937.0,4.0,1.0
72953,True,2.0,72889.0,6.0,1.0
72953,True,2.0,72949.0,2.0,1.0
72953,True,2.0,7417.0,16.0,1.0
72959,True,2.0,68863.0,12.0,1.0
72973,True,2.0,64781.0,13.0,1.0
72973,True,2.0,72461.0,9.0,1.0
72977,True,2.0,72973.0,2.0,1.0
72977,True,2.0,68881.0,12.0,1.0
72997,True,2.0,72869.0,7.0,1.0
72997,True,2.0,70949.0,11.0,1.0
73009,True,2.0,64817.0,13.0,1.0
73009,True,2.0,72497.0,9.0,1.0
73009,True,2.0,40241.0,15.0,1.0
73009,True,2.0,72977.0,5.0,1.0
73013,True,2.0,56629.0,14.0,1.0
73013,True,2.0,72949.0,6.0,1.0
73013,True,2.0,73009.0,2.0,1.0
73013,True,2.0,68917.0,12.0,1.0
73013,True,2.0,7477.0,16.0,1.0
73013,True,2.0,72997.0,4.0,1.0
73019,True,2.0,72763.0,8.0,1.0
73037,True,2.0,72973.0,6.0,1.0
73039,True,2.0,73037.0,1.0,1.0
73039,True,2.0,70991.0,11.0,1.0
73039,True,2.0,72911.0,7.0,1.0
73043,True,2.0,72019.0,10.0,1.0
73043,True,2.0,68947.0,12.0,1.0
73043,True,2.0,56659.0,14.0,1.0
73043,True,2.0,73039.0,2.0,1.0
73043,True,2.0,7507.0,16.0,1.0
73061,True,2.0,72997.0,6.0,1.0
73063,True,2.0,73061.0,1.0,1.0
73063,True,2.0,72551.0,9.0,1.0
73063,True,2.0,64871.0,13.0,1.0
73079,True,2.0,73063.0,4.0,1.0
73079,True,2.0,72823.0,8.0,1.0
73091,False,,,,
73121,True,2.0,56737.0,14.0,1.0
73127,True,2.0,7591.0,16.0,1.0
73127,True,2.0,73063.0,6.0,1.0
73127,True,2.0,69031.0,12.0,1.0
73127,True,2.0,72103.0,10.0,1.0
73127,True,2.0,72871.0,8.0,1.0
73133,True,2.0,72109.0,10.0,1.0
73141,True,2.0,73013.0,7.0,1.0
73141,True,2.0,73133.0,3.0,1.0
73181,False,,,,
73189,True,2.0,73061.0,7.0,1.0
73189,True,2.0,64997.0,13.0,1.0
73189,True,2.0,73181.0,3.0,1.0
73237,False,,,,
73243,False,,,,
73259,True,2.0,69163.0,12.0,1.0
73259,True,2.0,7723.0,16.0,1.0
73259,True,2.0,73243.0,4.0,1.0
73277,True,2.0,56893.0,14.0,1.0
73277,True,2.0,72253.0,10.0,1.0
73277,True,2.0,7741.0,16.0,1.0
73291,True,2.0,65099.0,13.0,1.0
73291,True,2.0,73259.0,5.0,1.0
73303,True,2.0,65111.0,13.0,1.0
73309,True,2.0,72797.0,9.0,1.0
73309,True,2.0,73277.0,5.0,1.0
73309,True,2.0,71261.0,11.0,1.0
73309,True,2.0,73181.0,7.0,1.0
73327,True,2.0,40559.0,15.0,1.0
73331,True,2.0,72307.0,10.0,1.0
73331,True,2.0,73327.0,2.0,1.0
73351,True,2.0,40583.0,15.0,1.0
73361,True,2.0,72337.0,10.0,1.0
73363,True,2.0,65171.0,13.0,1.0
73363,True,2.0,73361.0,1.0,1.0
73363,True,2.0,73331.0,5.0,1.0
73369,True,2.0,73361.0,3.0,1.0
73379,True,2.0,73363.0,4.0,1.0
73387,True,2.0,73379.0,3.0,1.0
73387,True,2.0,73259.0,7.0,1.0
73387,True,2.0,71339.0,11.0,1.0
73417,False,,,,
73421,True,2.0,73417.0,2.0,1.0
73421,True,2.0,57037.0,14.0,1.0
73433,True,2.0,69337.0,12.0,1.0
73433,True,2.0,73369.0,6.0,1.0
73433,True,2.0,73417.0,4.0,1.0
73453,True,2.0,73421.0,5.0,1.0
73459,True,2.0,71411.0,11.0,1.0
73459,True,2.0,65267.0,13.0,1.0
73459,True,2.0,73331.0,7.0,1.0
73471,True,2.0,72959.0,9.0,1.0
73477,True,2.0,71429.0,11.0,1.0
73477,True,2.0,40709.0,15.0,1.0
73483,False,,,,
73517,True,2.0,73453.0,6.0,1.0
73517,True,2.0,72493.0,10.0,1.0
73523,True,2.0,73459.0,6.0,1.0
73523,True,2.0,69427.0,12.0,1.0
73523,True,2.0,57139.0,14.0,1.0
73529,True,2.0,7993.0,16.0,1.0
73547,True,2.0,73291.0,8.0,1.0
73547,True,2.0,57163.0,14.0,1.0
73547,True,2.0,8011.0,16.0,1.0
73547,True,2.0,73483.0,6.0,1.0
73553,True,2.0,8017.0,16.0,1.0
73553,True,2.0,69457.0,12.0,1.0
73561,True,2.0,73553.0,3.0,1.0
73561,True,2.0,73433.0,7.0,1.0
73561,True,2.0,73529.0,5.0,1.0
73571,True,2.0,72547.0,10.0,1.0
73583,True,2.0,73327.0,8.0,1.0
73583,True,2.0,72559.0,10.0,1.0
73589,True,2.0,69493.0,12.0,1.0
73589,True,2.0,8053.0,16.0,1.0
73597,True,2.0,73589.0,3.0,1.0
73597,True,2.0,71549.0,11.0,1.0
73597,True,2.0,40829.0,15.0,1.0
73607,True,2.0,73351.0,8.0,1.0
73607,True,2.0,57223.0,14.0,1.0
73609,True,2.0,40841.0,15.0,1.0
73609,True,2.0,73607.0,1.0,1.0
73613,True,2.0,73609.0,2.0,1.0
73613,True,2.0,73597.0,4.0,1.0
73637,True,2.0,72613.0,10.0,1.0
73637,True,2.0,8101.0,16.0,1.0
73643,True,2.0,57259.0,14.0,1.0
73643,True,2.0,73387.0,8.0,1.0
73651,True,2.0,73643.0,3.0,1.0
73651,True,2.0,40883.0,15.0,1.0
73651,True,2.0,73523.0,7.0,1.0
73673,True,2.0,73609.0,6.0,1.0
73673,True,2.0,73417.0,8.0,1.0
73673,True,2.0,72649.0,10.0,1.0
73679,False,,,,
73681,True,2.0,71633.0,11.0,1.0
73681,True,2.0,73679.0,1.0,1.0
73681,True,2.0,73553.0,7.0,1.0
73681,True,2.0,73673.0,3.0,1.0
73693,True,2.0,73181.0,9.0,1.0
73699,True,2.0,73571.0,7.0,1.0
73709,True,2.0,73693.0,4.0,1.0
73709,True,2.0,73453.0,8.0,1.0
73721,False,,,,
73727,True,2.0,8191.0,16.0,1.0
73727,True,2.0,73471.0,8.0,1.0
73751,True,2.0,72727.0,10.0,1.0
73751,True,2.0,57367.0,14.0,1.0
73757,True,2.0,57373.0,14.0,1.0
73757,True,2.0,8221.0,16.0,1.0
73757,True,2.0,73693.0,6.0,1.0
73757,True,2.0,69661.0,12.0,1.0
73757,True,2.0,72733.0,10.0,1.0
73771,True,2.0,73259.0,9.0,1.0
73771,True,2.0,65579.0,13.0,1.0
73771,True,2.0,73643.0,7.0,1.0
73783,True,2.0,73751.0,5.0,1.0
73819,True,2.0,41051.0,15.0,1.0
73823,True,2.0,8287.0,16.0,1.0
73823,True,2.0,73819.0,2.0,1.0
73847,True,2.0,72823.0,10.0,1.0
73847,True,2.0,8311.0,16.0,1.0
73847,True,2.0,73783.0,6.0,1.0
73849,True,2.0,65657.0,13.0,1.0
73849,True,2.0,41081.0,15.0,1.0
73849,True,2.0,73721.0,7.0,1.0
73849,True,2.0,73847.0,1.0,1.0
73859,True,2.0,69763.0,12.0,1.0
73867,True,2.0,73859.0,3.0,1.0
73877,True,2.0,57493.0,14.0,1.0
73883,True,2.0,73867.0,4.0,1.0
73883,True,2.0,72859.0,10.0,1.0
73883,True,2.0,73819.0,6.0,1.0
73897,True,2.0,71849.0,11.0,1.0
73907,True,2.0,72883.0,10.0,1.0
73907,True,2.0,73651.0,8.0,1.0
73939,True,2.0,73907.0,5.0,1.0
73943,True,2.0,69847.0,12.0,1.0
73943,True,2.0,57559.0,14.0,1.0
73943,True,2.0,73939.0,2.0,1.0
73951,True,2.0,73823.0,7.0,1.0
73951,True,2.0,41183.0,15.0,1.0
73951,True,2.0,73943.0,3.0,1.0
73961,True,2.0,73897.0,6.0,1.0
73961,True,2.0,72937.0,10.0,1.0
73973,True,2.0,72949.0,10.0,1.0
73973,True,2.0,69877.0,12.0,1.0
73999,True,2.0,41231.0,15.0,1.0
74017,False,,,,
74021,True,2.0,57637.0,14.0,1.0
74021,True,2.0,72997.0,10.0,1.0
74021,True,2.0,74017.0,2.0,1.0
74027,True,2.0,69931.0,12.0,1.0
74027,True,2.0,73771.0,8.0,1.0
74047,True,2.0,71999.0,11.0,1.0
74051,True,2.0,74047.0,2.0,1.0
74051,True,2.0,57667.0,14.0,1.0
74071,True,2.0,73943.0,7.0,1.0
74077,False,,,,
74093,True,2.0,57709.0,14.0,1.0
74093,True,2.0,69997.0,12.0,1.0
74093,True,2.0,74077.0,4.0,1.0
74099,True,2.0,70003.0,12.0,1.0
74099,True,2.0,8563.0,16.0,1.0
74101,True,2.0,74099.0,1.0,1.0
74101,True,2.0,72053.0,11.0,1.0
74101,True,2.0,73589.0,9.0,1.0
74101,True,2.0,41333.0,15.0,1.0
74101,True,2.0,74093.0,3.0,1.0
74101,True,2.0,73973.0,7.0,1.0
74131,True,2.0,74099.0,5.0,1.0
74143,True,2.0,65951.0,13.0,1.0
74149,True,2.0,74021.0,7.0,1.0
74149,True,2.0,41381.0,15.0,1.0
74149,True,2.0,65957.0,13.0,1.0
74149,True,2.0,73637.0,9.0,1.0
74149,True,2.0,72101.0,11.0,1.0
74159,True,2.0,74143.0,4.0,1.0
74159,True,2.0,8623.0,16.0,1.0
74161,True,2.0,74159.0,1.0,1.0
74167,True,2.0,41399.0,15.0,1.0
74167,True,2.0,74159.0,3.0,1.0
74177,True,2.0,74161.0,4.0,1.0
74177,True,2.0,8641.0,16.0,1.0
74177,True,2.0,57793.0,14.0,1.0
74189,False,,,,
74197,True,2.0,74189.0,3.0,1.0
74201,True,2.0,74197.0,2.0,1.0
74203,True,2.0,74201.0,1.0,1.0
74209,True,2.0,74177.0,5.0,1.0
74209,True,2.0,74201.0,3.0,1.0
74209,True,2.0,72161.0,11.0,1.0
74219,True,2.0,70123.0,12.0,1.0
74219,True,2.0,74203.0,4.0,1.0
74231,True,2.0,57847.0,14.0,1.0
74231,True,2.0,74167.0,6.0,1.0
74257,False,,,,
74279,True,2.0,70183.0,12.0,1.0
74287,True,2.0,41519.0,15.0,1.0
74287,True,2.0,74279.0,3.0,1.0
74287,True,2.0,74159.0,7.0,1.0
74293,False,,,,
74297,True,2.0,70201.0,12.0,1.0
74297,True,2.0,8761.0,16.0,1.0
74297,True,2.0,74293.0,2.0,1.0
74311,True,2.0,41543.0,15.0,1.0
74311,True,2.0,74279.0,5.0,1.0
74317,True,2.0,72269.0,11.0,1.0
74317,True,2.0,41549.0,15.0,1.0
74317,True,2.0,74189.0,7.0,1.0
74323,False,,,,
74353,True,2.0,66161.0,13.0,1.0
74357,True,2.0,74101.0,8.0,1.0
74357,True,2.0,74353.0,2.0,1.0
74357,True,2.0,74293.0,6.0,1.0
74357,True,2.0,57973.0,14.0,1.0
74357,True,2.0,8821.0,16.0,1.0
74363,False,,,,
74377,True,2.0,41609.0,15.0,1.0
74381,True,2.0,74377.0,2.0,1.0
74381,True,2.0,74317.0,6.0,1.0
74383,True,2.0,74381.0,1.0,1.0
74383,True,2.0,66191.0,13.0,1.0
74411,True,2.0,73387.0,10.0,1.0
74411,True,2.0,58027.0,14.0,1.0
74413,True,2.0,74411.0,1.0,1.0
74413,True,2.0,66221.0,13.0,1.0
74413,True,2.0,74381.0,5.0,1.0
74419,True,2.0,73907.0,9.0,1.0
74419,True,2.0,74411.0,3.0,1.0
74419,True,2.0,41651.0,15.0,1.0
74441,True,2.0,58057.0,14.0,1.0
74441,True,2.0,74377.0,6.0,1.0
74441,True,2.0,73417.0,10.0,1.0
74449,True,2.0,74441.0,3.0,1.0
74449,True,2.0,41681.0,15.0,1.0
74453,True,2.0,74449.0,2.0,1.0
74453,True,2.0,74197.0,8.0,1.0
74471,False,,,,
74489,True,2.0,70393.0,12.0,1.0
74507,True,2.0,8971.0,16.0,1.0
74507,True,2.0,73483.0,10.0,1.0
74509,True,2.0,72461.0,11.0,1.0
74509,True,2.0,74507.0,1.0,1.0
74509,True,2.0,74381.0,7.0,1.0
74521,True,2.0,74489.0,5.0,1.0
74527,True,2.0,41759.0,15.0,1.0
74531,True,2.0,74527.0,2.0,1.0
74531,True,2.0,58147.0,14.0,1.0
74551,True,2.0,72503.0,11.0,1.0
74551,True,2.0,66359.0,13.0,1.0
74561,False,,,,
74567,True,2.0,74551.0,4.0,1.0
74567,True,2.0,74311.0,8.0,1.0
74573,True,2.0,58189.0,14.0,1.0
74573,True,2.0,74509.0,6.0,1.0
74573,True,2.0,74317.0,8.0,1.0
74587,False,,,,
74597,True,2.0,70501.0,12.0,1.0
74609,True,2.0,74353.0,8.0,1.0
74611,True,2.0,74609.0,1.0,1.0
74611,True,2.0,41843.0,15.0,1.0
74611,True,2.0,74099.0,9.0,1.0
74623,True,2.0,66431.0,13.0,1.0
74653,False,,,,
74687,True,2.0,9151.0,16.0,1.0
74687,True,2.0,74623.0,6.0,1.0
74699,False,,,,
74707,True,2.0,74699.0,3.0,1.0
74713,True,2.0,74201.0,9.0,1.0
74717,True,2.0,73693.0,10.0,1.0
74717,True,2.0,74713.0,2.0,1.0
74717,True,2.0,70621.0,12.0,1.0
74717,True,2.0,9181.0,16.0,1.0
74717,True,2.0,74653.0,6.0,1.0
74719,True,2.0,74717.0,1.0,1.0
74719,True,2.0,72671.0,11.0,1.0
74719,True,2.0,74687.0,5.0,1.0
74729,True,2.0,74713.0,4.0,1.0
74731,True,2.0,74699.0,5.0,1.0
74731,True,2.0,74219.0,9.0,1.0
74731,True,2.0,74729.0,1.0,1.0
74747,True,2.0,58363.0,14.0,1.0
74747,True,2.0,74731.0,4.0,1.0
74759,True,2.0,70663.0,12.0,1.0
74761,True,2.0,74729.0,5.0,1.0
74761,True,2.0,66569.0,13.0,1.0
74761,True,2.0,74759.0,1.0,1.0
74771,True,2.0,74707.0,6.0,1.0
74779,True,2.0,74747.0,5.0,1.0
74779,True,2.0,74771.0,3.0,1.0
74779,True,2.0,66587.0,13.0,1.0
74797,False,,,,
74821,True,2.0,66629.0,13.0,1.0
74827,True,2.0,74699.0,7.0,1.0
74831,True,2.0,74827.0,2.0,1.0
74843,True,2.0,74779.0,6.0,1.0
74843,True,2.0,74587.0,8.0,1.0
74843,True,2.0,73819.0,10.0,1.0
74843,True,2.0,74827.0,4.0,1.0
74857,True,2.0,42089.0,15.0,1.0
74857,True,2.0,74729.0,7.0,1.0
74861,True,2.0,58477.0,14.0,1.0
74861,True,2.0,74857.0,2.0,1.0
74861,True,2.0,74797.0,6.0,1.0
74869,True,2.0,74357.0,9.0,1.0
74869,True,2.0,74861.0,3.0,1.0
74869,True,2.0,42101.0,15.0,1.0
74873,True,2.0,74857.0,4.0,1.0
74873,True,2.0,73849.0,10.0,1.0
74873,True,2.0,9337.0,16.0,1.0
74873,True,2.0,74869.0,2.0,1.0
74887,True,2.0,74759.0,7.0,1.0
74891,True,2.0,74827.0,6.0,1.0
74891,True,2.0,73867.0,10.0,1.0
74891,True,2.0,74887.0,2.0,1.0
74897,False,,,,
74903,True,2.0,74887.0,4.0,1.0
74923,True,2.0,74411.0,9.0,1.0
74923,True,2.0,74891.0,5.0,1.0
74929,True,2.0,74897.0,5.0,1.0
74933,True,2.0,74929.0,2.0,1.0
74933,True,2.0,9397.0,16.0,1.0
74933,True,2.0,74869.0,6.0,1.0
74933,True,2.0,58549.0,14.0,1.0
74941,True,2.0,74933.0,3.0,1.0
74941,True,2.0,72893.0,11.0,1.0
74941,True,2.0,66749.0,13.0,1.0
74959,True,2.0,74831.0,7.0,1.0
74959,True,2.0,72911.0,11.0,1.0
75011,False,,,,
75013,True,2.0,75011.0,1.0,1.0
75013,True,2.0,66821.0,13.0,1.0
75017,True,2.0,75013.0,2.0,1.0
75017,True,2.0,74761.0,8.0,1.0
75017,True,2.0,70921.0,12.0,1.0
75029,True,2.0,75013.0,4.0,1.0
75037,True,2.0,75029.0,3.0,1.0
75041,True,2.0,58657.0,14.0,1.0
75041,True,2.0,74017.0,10.0,1.0
75041,True,2.0,75037.0,2.0,1.0
75079,True,2.0,74567.0,9.0,1.0
75083,True,2.0,75079.0,2.0,1.0
75083,True,2.0,9547.0,16.0,1.0
75083,True,2.0,74827.0,8.0,1.0
75083,True,2.0,58699.0,14.0,1.0
75109,True,2.0,73061.0,11.0,1.0
75109,True,2.0,74597.0,9.0,1.0
75133,False,,,,
75149,True,2.0,75133.0,4.0,1.0
75149,True,2.0,9613.0,16.0,1.0
75161,False,,,,
75167,True,2.0,74143.0,10.0,1.0
75167,True,2.0,9631.0,16.0,1.0
75169,True,2.0,75161.0,3.0,1.0
75169,True,2.0,75041.0,7.0,1.0
75169,True,2.0,75167.0,1.0,1.0
75169,True,2.0,73121.0,11.0,1.0
75169,True,2.0,66977.0,13.0,1.0
75181,True,2.0,75149.0,5.0,1.0
75181,True,2.0,73133.0,11.0,1.0
75193,True,2.0,75161.0,5.0,1.0
75209,True,2.0,75193.0,4.0,1.0
75211,True,2.0,74699.0,9.0,1.0
75211,True,2.0,42443.0,15.0,1.0
75211,True,2.0,75083.0,7.0,1.0
75211,True,2.0,75209.0,1.0,1.0
75217,True,2.0,75209.0,3.0,1.0
75223,False,,,,
75227,True,2.0,75223.0,2.0,1.0
75227,True,2.0,74203.0,10.0,1.0
75227,True,2.0,75211.0,4.0,1.0
75239,True,2.0,71143.0,12.0,1.0
75239,True,2.0,75223.0,4.0,1.0
75253,True,2.0,67061.0,13.0,1.0
75269,True,2.0,9733.0,16.0,1.0
75269,True,2.0,75253.0,4.0,1.0
75269,True,2.0,75013.0,8.0,1.0
75277,True,2.0,75149.0,7.0,1.0
75277,True,2.0,75269.0,3.0,1.0
75277,True,2.0,42509.0,15.0,1.0
75289,True,2.0,75161.0,7.0,1.0
75307,True,2.0,73259.0,11.0,1.0
75323,True,2.0,9787.0,16.0,1.0
75323,True,2.0,75307.0,4.0,1.0
75329,True,2.0,71233.0,12.0,1.0
75337,True,2.0,42569.0,15.0,1.0
75337,True,2.0,75329.0,3.0,1.0
75337,True,2.0,75209.0,7.0,1.0
75347,True,2.0,9811.0,16.0,1.0
75347,True,2.0,74323.0,10.0,1.0
75347,True,2.0,58963.0,14.0,1.0
75353,True,2.0,75289.0,6.0,1.0
75353,True,2.0,9817.0,16.0,1.0
75353,True,2.0,71257.0,12.0,1.0
75353,True,2.0,75337.0,4.0,1.0
75367,True,2.0,75239.0,7.0,1.0
75377,True,2.0,74353.0,10.0,1.0
75389,True,2.0,75133.0,8.0,1.0
75389,True,2.0,71293.0,12.0,1.0
75391,True,2.0,75389.0,1.0,1.0
75401,True,2.0,74377.0,10.0,1.0
75401,True,2.0,75337.0,6.0,1.0
75403,True,2.0,75401.0,1.0,1.0
75403,True,2.0,74891.0,9.0,1.0
75403,True,2.0,67211.0,13.0,1.0
75407,True,2.0,9871.0,16.0,1.0
75407,True,2.0,59023.0,14.0,1.0
75407,True,2.0,75391.0,4.0,1.0
75407,True,2.0,74383.0,10.0,1.0
75407,True,2.0,75403.0,2.0,1.0
75431,True,2.0,75367.0,6.0,1.0
75437,True,2.0,71341.0,12.0,1.0
75437,True,2.0,9901.0,16.0,1.0
75437,True,2.0,74413.0,10.0,1.0
75437,True,2.0,75181.0,8.0,1.0
75437,True,2.0,59053.0,14.0,1.0
75479,True,2.0,75223.0,8.0,1.0
75503,True,2.0,9967.0,16.0,1.0
75503,True,2.0,59119.0,14.0,1.0
75511,True,2.0,75503.0,3.0,1.0
75511,True,2.0,75479.0,5.0,1.0
75511,True,2.0,42743.0,15.0,1.0
75521,False,,,,
75527,True,2.0,75511.0,4.0,1.0
75533,True,2.0,74509.0,10.0,1.0
75533,True,2.0,71437.0,12.0,1.0
75533,True,2.0,59149.0,14.0,1.0
75533,True,2.0,75277.0,8.0,1.0
75539,True,2.0,71443.0,12.0,1.0
75541,True,2.0,75533.0,3.0,1.0
75541,True,2.0,75539.0,1.0,1.0
75541,True,2.0,67349.0,13.0,1.0
75541,True,2.0,42773.0,15.0,1.0
75541,True,2.0,75029.0,9.0,1.0
75553,True,2.0,75521.0,5.0,1.0
75553,True,2.0,75041.0,9.0,1.0
75557,True,2.0,75541.0,4.0,1.0
75557,True,2.0,75553.0,2.0,1.0
75571,True,2.0,75539.0,5.0,1.0
75571,True,2.0,73523.0,11.0,1.0
75577,True,2.0,73529.0,11.0,1.0
75583,True,2.0,67391.0,13.0,1.0
75611,True,2.0,74587.0,10.0,1.0
75617,True,2.0,75553.0,6.0,1.0
75617,True,2.0,59233.0,14.0,1.0
75619,True,2.0,67427.0,13.0,1.0
75619,True,2.0,73571.0,11.0,1.0
75619,True,2.0,75611.0,3.0,1.0
75619,True,2.0,75617.0,1.0,1.0
75629,True,2.0,10093.0,16.0,1.0
75641,True,2.0,75577.0,6.0,1.0
75653,False,,,,
75659,True,2.0,71563.0,12.0,1.0
75659,True,2.0,75403.0,8.0,1.0
75679,True,2.0,75167.0,9.0,1.0
75683,True,2.0,75679.0,2.0,1.0
75683,True,2.0,75619.0,6.0,1.0
75689,True,2.0,71593.0,12.0,1.0
75703,True,2.0,67511.0,13.0,1.0
75707,True,2.0,75703.0,2.0,1.0
75709,True,2.0,75707.0,1.0,1.0
75721,True,2.0,75209.0,9.0,1.0
75721,True,2.0,75689.0,5.0,1.0
75721,True,2.0,73673.0,11.0,1.0
75721,True,2.0,42953.0,15.0,1.0
75731,True,2.0,74707.0,10.0,1.0
75743,True,2.0,74719.0,10.0,1.0
75743,True,2.0,71647.0,12.0,1.0
75743,True,2.0,59359.0,14.0,1.0
75743,True,2.0,75679.0,6.0,1.0
75767,True,2.0,71671.0,12.0,1.0
75767,True,2.0,75511.0,8.0,1.0
75767,True,2.0,75703.0,6.0,1.0
75773,True,2.0,75709.0,6.0,1.0
75781,True,2.0,67589.0,13.0,1.0
75781,True,2.0,75269.0,9.0,1.0
75781,True,2.0,75773.0,3.0,1.0
75781,True,2.0,43013.0,15.0,1.0
75781,True,2.0,75653.0,7.0,1.0
75787,True,2.0,75659.0,7.0,1.0
75787,True,2.0,43019.0,15.0,1.0
75793,True,2.0,67601.0,13.0,1.0
75797,True,2.0,75781.0,4.0,1.0
75797,True,2.0,75541.0,8.0,1.0
75797,True,2.0,75793.0,2.0,1.0
75821,True,2.0,74797.0,10.0,1.0
75833,True,2.0,75577.0,8.0,1.0
75853,True,2.0,75821.0,5.0,1.0
75869,True,2.0,75853.0,4.0,1.0
75869,True,2.0,10333.0,16.0,1.0
75883,False,,,,
75913,True,2.0,75401.0,9.0,1.0
75931,True,2.0,73883.0,11.0,1.0
75937,False,,,,
75941,True,2.0,59557.0,14.0,1.0
75941,True,2.0,75937.0,2.0,1.0
75967,False,,,,
75979,False,,,,
75983,True,2.0,75967.0,4.0,1.0
75983,True,2.0,74959.0,10.0,1.0
75983,True,2.0,75979.0,2.0,1.0
75983,True,2.0,71887.0,12.0,1.0
75989,True,2.0,10453.0,16.0,1.0
75991,True,2.0,75989.0,1.0,1.0
75991,True,2.0,75983.0,3.0,1.0
75991,True,2.0,75479.0,9.0,1.0
75991,True,2.0,43223.0,15.0,1.0
75991,True,2.0,73943.0,11.0,1.0
75997,True,2.0,75989.0,3.0,1.0
75997,True,2.0,75869.0,7.0,1.0
76001,True,2.0,75997.0,2.0,1.0
76001,True,2.0,59617.0,14.0,1.0
76001,True,2.0,75937.0,6.0,1.0
76003,True,2.0,76001.0,1.0,1.0
76031,True,2.0,75967.0,6.0,1.0
76039,True,2.0,43271.0,15.0,1.0
76039,True,2.0,76031.0,3.0,1.0
76039,True,2.0,75527.0,9.0,1.0
76079,True,2.0,71983.0,12.0,1.0
76081,True,2.0,76079.0,1.0,1.0
76081,True,2.0,43313.0,15.0,1.0
76091,True,2.0,59707.0,14.0,1.0
76099,True,2.0,43331.0,15.0,1.0
76099,True,2.0,76091.0,3.0,1.0
76099,True,2.0,74051.0,11.0,1.0
76103,True,2.0,75079.0,10.0,1.0
76103,True,2.0,10567.0,16.0,1.0
76103,True,2.0,76099.0,2.0,1.0
76103,True,2.0,76039.0,6.0,1.0
76123,True,2.0,76091.0,5.0,1.0
76123,True,2.0,67931.0,13.0,1.0
76123,True,2.0,75611.0,9.0,1.0
76129,True,2.0,76001.0,7.0,1.0
76129,True,2.0,75617.0,9.0,1.0
76147,True,2.0,74099.0,11.0,1.0
76157,True,2.0,75133.0,10.0,1.0
76159,True,2.0,76031.0,7.0,1.0
76159,True,2.0,43391.0,15.0,1.0
76159,True,2.0,76157.0,1.0,1.0
76159,True,2.0,67967.0,13.0,1.0
76163,True,2.0,76159.0,2.0,1.0
76163,True,2.0,59779.0,14.0,1.0
76163,True,2.0,76147.0,4.0,1.0
76163,True,2.0,76099.0,6.0,1.0
76163,True,2.0,10627.0,16.0,1.0
76207,True,2.0,74159.0,11.0,1.0
76207,True,2.0,76079.0,7.0,1.0
76213,False,,,,
76231,True,2.0,76103.0,7.0,1.0
76243,True,2.0,75731.0,9.0,1.0
76249,True,2.0,43481.0,15.0,1.0
76249,True,2.0,74201.0,11.0,1.0
76253,True,2.0,76249.0,2.0,1.0
76253,True,2.0,75997.0,8.0,1.0
76259,True,2.0,76003.0,8.0,1.0
76259,True,2.0,10723.0,16.0,1.0
76259,True,2.0,76243.0,4.0,1.0
76261,True,2.0,76253.0,3.0,1.0
76261,True,2.0,76259.0,1.0,1.0
76283,False,,,,
76289,True,2.0,10753.0,16.0,1.0
76303,True,2.0,68111.0,13.0,1.0
76333,True,2.0,75821.0,9.0,1.0
76333,True,2.0,68141.0,13.0,1.0
76343,False,,,,
76367,True,2.0,76303.0,6.0,1.0
76367,True,2.0,10831.0,16.0,1.0
76367,True,2.0,72271.0,12.0,1.0
76369,True,2.0,76367.0,1.0,1.0
76379,True,2.0,76123.0,8.0,1.0
76387,True,2.0,76379.0,3.0,1.0
76387,True,2.0,76259.0,7.0,1.0
76403,True,2.0,10867.0,16.0,1.0
76403,True,2.0,76147.0,8.0,1.0
76403,True,2.0,72307.0,12.0,1.0
76403,True,2.0,76387.0,4.0,1.0
76421,True,2.0,60037.0,14.0,1.0
76423,True,2.0,76421.0,1.0,1.0
76441,False,,,,
76463,True,2.0,72367.0,12.0,1.0
76463,True,2.0,76207.0,8.0,1.0
76471,True,2.0,76343.0,7.0,1.0
76471,True,2.0,76463.0,3.0,1.0
76471,True,2.0,68279.0,13.0,1.0
76481,False,,,,
76487,True,2.0,76231.0,8.0,1.0
76487,True,2.0,76471.0,4.0,1.0
76487,True,2.0,76423.0,6.0,1.0
76487,True,2.0,60103.0,14.0,1.0
76493,True,2.0,10957.0,16.0,1.0
76507,True,2.0,76379.0,7.0,1.0
76511,True,2.0,76507.0,2.0,1.0
76511,True,2.0,60127.0,14.0,1.0
76519,True,2.0,76511.0,3.0,1.0
76519,True,2.0,76487.0,5.0,1.0
76519,True,2.0,74471.0,11.0,1.0
76537,True,2.0,74489.0,11.0,1.0
76541,True,2.0,76537.0,2.0,1.0
76543,True,2.0,76541.0,1.0,1.0
76543,True,2.0,68351.0,13.0,1.0
76543,True,2.0,76511.0,5.0,1.0
76543,True,2.0,76031.0,9.0,1.0
76561,True,2.0,43793.0,15.0,1.0
76579,True,2.0,74531.0,11.0,1.0
76597,False,,,,
76603,True,2.0,76091.0,9.0,1.0
76607,True,2.0,75583.0,10.0,1.0
76607,True,2.0,76603.0,2.0,1.0
76607,True,2.0,60223.0,14.0,1.0
76607,True,2.0,76543.0,6.0,1.0
76607,True,2.0,11071.0,16.0,1.0
76631,False,,,,
76649,True,2.0,11113.0,16.0,1.0
76651,True,2.0,76649.0,1.0,1.0
76667,True,2.0,76603.0,6.0,1.0
76667,True,2.0,76651.0,4.0,1.0
76667,True,2.0,11131.0,16.0,1.0
76673,True,2.0,60289.0,14.0,1.0
76673,True,2.0,72577.0,12.0,1.0
76679,True,2.0,76423.0,8.0,1.0
76697,True,2.0,76441.0,8.0,1.0
76697,True,2.0,11161.0,16.0,1.0
76717,False,,,,
76733,True,2.0,277.0,2.0,2.0
76733,True,2.0,76717.0,4.0,1.0
76733,True,2.0,11197.0,16.0,1.0
76733,True,2.0,75709.0,10.0,1.0
76753,False,,,,
76757,True,2.0,60373.0,14.0,1.0
76757,True,2.0,72661.0,12.0,1.0
76757,True,2.0,76753.0,2.0,1.0
76771,True,2.0,76259.0,9.0,1.0
76777,True,2.0,74729.0,11.0,1.0
76777,True,2.0,76649.0,7.0,1.0
76781,True,2.0,76717.0,6.0,1.0
76781,True,2.0,76777.0,2.0,1.0
76781,True,2.0,60397.0,14.0,1.0
76801,True,2.0,76673.0,7.0,1.0
76801,True,2.0,76289.0,9.0,1.0
76819,True,2.0,74771.0,11.0,1.0
76829,True,2.0,72733.0,12.0,1.0
76831,True,2.0,68639.0,13.0,1.0
76831,True,2.0,76829.0,1.0,1.0
76837,True,2.0,76829.0,3.0,1.0
76847,True,2.0,76831.0,4.0,1.0
76847,True,2.0,11311.0,16.0,1.0
76871,False,,,,
76873,True,2.0,76871.0,1.0,1.0
76883,True,2.0,76819.0,6.0,1.0
76907,True,2.0,75883.0,10.0,1.0
76907,True,2.0,76651.0,8.0,1.0
76913,True,2.0,72817.0,12.0,1.0
76919,True,2.0,72823.0,12.0,1.0
76919,True,2.0,11383.0,16.0,1.0
76943,False,,,,
76949,False,,,,
76961,True,2.0,75937.0,10.0,1.0
76963,True,2.0,68771.0,13.0,1.0
76963,True,2.0,76961.0,1.0,1.0
76991,True,2.0,75967.0,10.0,1.0
76991,True,2.0,60607.0,14.0,1.0
77003,True,2.0,75979.0,10.0,1.0
77003,True,2.0,11467.0,16.0,1.0
77003,True,2.0,72907.0,12.0,1.0
77017,True,2.0,44249.0,15.0,1.0
77023,True,2.0,76991.0,5.0,1.0
77023,True,2.0,76511.0,9.0,1.0
77029,False,,,,
77041,True,2.0,76913.0,7.0,1.0
77041,True,2.0,44273.0,15.0,1.0
77047,True,2.0,76919.0,7.0,1.0
77047,True,2.0,44279.0,15.0,1.0
77069,True,2.0,72973.0,12.0,1.0
77081,True,2.0,77017.0,6.0,1.0
77093,True,2.0,77029.0,6.0,1.0
77093,True,2.0,72997.0,12.0,1.0
77093,True,2.0,76837.0,8.0,1.0
77101,True,2.0,77069.0,5.0,1.0
77101,True,2.0,68909.0,13.0,1.0
77101,True,2.0,77093.0,3.0,1.0
77137,False,,,,
77141,True,2.0,77137.0,2.0,1.0
77141,True,2.0,60757.0,14.0,1.0
77153,True,2.0,76129.0,10.0,1.0
77153,True,2.0,11617.0,16.0,1.0
77153,True,2.0,77137.0,4.0,1.0
77167,False,,,,
77171,True,2.0,77167.0,2.0,1.0
77171,True,2.0,76147.0,10.0,1.0
77191,True,2.0,76679.0,9.0,1.0
77201,True,2.0,77137.0,6.0,1.0
77213,True,2.0,11677.0,16.0,1.0
77237,True,2.0,11701.0,16.0,1.0
77237,True,2.0,73141.0,12.0,1.0
77237,True,2.0,76213.0,10.0,1.0
77239,True,2.0,77237.0,1.0,1.0
77243,True,2.0,77239.0,2.0,1.0
77243,True,2.0,60859.0,14.0,1.0
77249,False,,,,
77261,False,,,,
77263,True,2.0,77261.0,1.0,1.0
77267,True,2.0,77263.0,2.0,1.0
77267,True,2.0,76243.0,10.0,1.0
77267,True,2.0,11731.0,16.0,1.0
77269,True,2.0,77141.0,7.0,1.0
77269,True,2.0,76757.0,9.0,1.0
77269,True,2.0,77237.0,5.0,1.0
77269,True,2.0,77261.0,3.0,1.0
77269,True,2.0,44501.0,15.0,1.0
77269,True,2.0,77267.0,1.0,1.0
77279,True,2.0,11743.0,16.0,1.0
77279,True,2.0,77023.0,8.0,1.0
77279,True,2.0,77263.0,4.0,1.0
77291,False,,,,
77317,True,2.0,75269.0,11.0,1.0
77317,True,2.0,44549.0,15.0,1.0
77323,True,2.0,77291.0,5.0,1.0
77339,True,2.0,73243.0,12.0,1.0
77339,True,2.0,77323.0,4.0,1.0
77347,True,2.0,44579.0,15.0,1.0
77347,True,2.0,77339.0,3.0,1.0
77351,True,2.0,77347.0,2.0,1.0
77359,True,2.0,77351.0,3.0,1.0
77359,True,2.0,76847.0,9.0,1.0
77369,True,2.0,11833.0,16.0,1.0
77377,True,2.0,77249.0,7.0,1.0
77377,True,2.0,77369.0,3.0,1.0
77377,True,2.0,75329.0,11.0,1.0
77383,True,2.0,69191.0,13.0,1.0
77383,True,2.0,77351.0,5.0,1.0
77383,True,2.0,76871.0,9.0,1.0
77417,True,2.0,109.0,16.0,2.0
77419,True,2.0,44651.0,15.0,1.0
77419,True,2.0,77291.0,7.0,1.0
77419,True,2.0,77417.0,1.0,1.0
77419,True,2.0,76907.0,9.0,1.0
77431,True,2.0,69239.0,13.0,1.0
77431,True,2.0,76919.0,9.0,1.0
77447,True,2.0,77383.0,6.0,1.0
77447,True,2.0,76423.0,10.0,1.0
77447,True,2.0,73351.0,12.0,1.0
77447,True,2.0,77191.0,8.0,1.0
77447,True,2.0,77431.0,4.0,1.0
77471,False,,,,
77477,True,2.0,11941.0,16.0,1.0
77479,True,2.0,77447.0,5.0,1.0
77479,True,2.0,77477.0,1.0,1.0
77479,True,2.0,77351.0,7.0,1.0
77479,True,2.0,77471.0,3.0,1.0
77479,True,2.0,44711.0,15.0,1.0
77479,True,2.0,75431.0,11.0,1.0
77489,True,2.0,11953.0,16.0,1.0
77491,True,2.0,77489.0,1.0,1.0
77509,True,2.0,44741.0,15.0,1.0
77509,True,2.0,77477.0,5.0,1.0
77509,True,2.0,69317.0,13.0,1.0
77513,True,2.0,77509.0,2.0,1.0
77513,True,2.0,73417.0,12.0,1.0
77513,True,2.0,61129.0,14.0,1.0
77521,True,2.0,77513.0,3.0,1.0
77521,True,2.0,44753.0,15.0,1.0
77521,True,2.0,77489.0,5.0,1.0
77527,True,2.0,75479.0,11.0,1.0
77543,True,2.0,77527.0,4.0,1.0
77543,True,2.0,12007.0,16.0,1.0
77543,True,2.0,76519.0,10.0,1.0
77543,True,2.0,77479.0,6.0,1.0
77549,True,2.0,73453.0,12.0,1.0
77551,True,2.0,75503.0,11.0,1.0
77551,True,2.0,77549.0,1.0,1.0
77551,True,2.0,77543.0,3.0,1.0
77557,True,2.0,44789.0,15.0,1.0
77557,True,2.0,77549.0,3.0,1.0
77563,True,2.0,69371.0,13.0,1.0
77569,True,2.0,75521.0,11.0,1.0
77573,True,2.0,73477.0,12.0,1.0
77573,True,2.0,12037.0,16.0,1.0
77573,True,2.0,77569.0,2.0,1.0
77573,True,2.0,77317.0,8.0,1.0
77573,True,2.0,77509.0,6.0,1.0
77573,True,2.0,77557.0,4.0,1.0
77587,True,2.0,44819.0,15.0,1.0
77587,True,2.0,75539.0,11.0,1.0
77591,True,2.0,77527.0,6.0,1.0
77591,True,2.0,77587.0,2.0,1.0
77611,True,2.0,44843.0,15.0,1.0
77617,True,2.0,77489.0,7.0,1.0
77621,True,2.0,77557.0,6.0,1.0
77621,True,2.0,77617.0,2.0,1.0
77621,True,2.0,76597.0,10.0,1.0
77641,True,2.0,77513.0,7.0,1.0
77647,True,2.0,44879.0,15.0,1.0
77659,True,2.0,69467.0,13.0,1.0
77659,True,2.0,75611.0,11.0,1.0
77681,True,2.0,77617.0,6.0,1.0
77681,True,2.0,61297.0,14.0,1.0
77687,True,2.0,77431.0,8.0,1.0
77689,True,2.0,77681.0,3.0,1.0
77689,True,2.0,75641.0,11.0,1.0
77689,True,2.0,77687.0,1.0,1.0
77689,True,2.0,69497.0,13.0,1.0
77699,True,2.0,12163.0,16.0,1.0
77711,True,2.0,77647.0,6.0,1.0
77713,True,2.0,77201.0,9.0,1.0
77713,True,2.0,77681.0,5.0,1.0
77713,True,2.0,77711.0,1.0,1.0
77719,True,2.0,77711.0,3.0,1.0
77719,True,2.0,77687.0,5.0,1.0
77719,True,2.0,77591.0,7.0,1.0
77723,True,2.0,77659.0,6.0,1.0
77723,True,2.0,77719.0,2.0,1.0
77723,True,2.0,61339.0,14.0,1.0
77731,True,2.0,77699.0,5.0,1.0
77731,True,2.0,44963.0,15.0,1.0
77731,True,2.0,77723.0,3.0,1.0
77731,True,2.0,75683.0,11.0,1.0
77731,True,2.0,69539.0,13.0,1.0
77743,True,2.0,77711.0,5.0,1.0
77747,True,2.0,77743.0,2.0,1.0
77747,True,2.0,73651.0,12.0,1.0
77747,True,2.0,77491.0,8.0,1.0
77747,True,2.0,77731.0,4.0,1.0
77747,True,2.0,61363.0,14.0,1.0
77747,True,2.0,12211.0,16.0,1.0
77761,True,2.0,77249.0,9.0,1.0
77773,True,2.0,77261.0,9.0,1.0
77783,True,2.0,77527.0,8.0,1.0
77783,True,2.0,77719.0,6.0,1.0
77797,False,,,,
77801,True,2.0,76777.0,10.0,1.0
77801,True,2.0,61417.0,14.0,1.0
77801,True,2.0,77797.0,2.0,1.0
77813,True,2.0,77557.0,8.0,1.0
77813,True,2.0,12277.0,16.0,1.0
77813,True,2.0,77797.0,4.0,1.0
77839,True,2.0,77711.0,7.0,1.0
77849,False,,,,
77863,True,2.0,77351.0,9.0,1.0
77867,True,2.0,73771.0,12.0,1.0
77867,True,2.0,77611.0,8.0,1.0
77867,True,2.0,61483.0,14.0,1.0
77867,True,2.0,77863.0,2.0,1.0
77893,False,,,,
77899,True,2.0,45131.0,15.0,1.0
77899,True,2.0,77867.0,5.0,1.0
77929,True,2.0,77801.0,7.0,1.0
77929,True,2.0,69737.0,13.0,1.0
77929,True,2.0,45161.0,15.0,1.0
77929,True,2.0,77417.0,9.0,1.0
77933,True,2.0,77929.0,2.0,1.0
77951,False,,,,
77969,True,2.0,12433.0,16.0,1.0
77969,True,2.0,77713.0,8.0,1.0
77977,True,2.0,77969.0,3.0,1.0
77977,True,2.0,77849.0,7.0,1.0
77983,True,2.0,77951.0,5.0,1.0
77983,True,2.0,77471.0,9.0,1.0
77999,True,2.0,77983.0,4.0,1.0
77999,True,2.0,77743.0,8.0,1.0
78007,True,2.0,77999.0,3.0,1.0
78017,True,2.0,77761.0,8.0,1.0
78031,True,2.0,77999.0,5.0,1.0
78031,True,2.0,45263.0,15.0,1.0
78031,True,2.0,75983.0,11.0,1.0
78041,True,2.0,61657.0,14.0,1.0
78041,True,2.0,77017.0,10.0,1.0
78041,True,2.0,77977.0,6.0,1.0
78049,True,2.0,69857.0,13.0,1.0
78049,True,2.0,45281.0,15.0,1.0
78049,True,2.0,78041.0,3.0,1.0
78049,True,2.0,78017.0,5.0,1.0
78049,True,2.0,76001.0,11.0,1.0
78059,False,,,,
78079,True,2.0,76031.0,11.0,1.0
78079,True,2.0,77951.0,7.0,1.0
78101,True,2.0,61717.0,14.0,1.0
78121,True,2.0,69929.0,13.0,1.0
78137,True,2.0,12601.0,16.0,1.0
78137,True,2.0,78121.0,4.0,1.0
78139,True,2.0,78137.0,1.0,1.0
78139,True,2.0,76091.0,11.0,1.0
78157,True,2.0,5.0,5.0,7.0
78157,True,2.0,45389.0,15.0,1.0
78163,False,,,,
78167,True,2.0,78163.0,2.0,1.0
78167,True,2.0,74071.0,12.0,1.0
78173,True,2.0,74077.0,12.0,1.0
78173,True,2.0,12637.0,16.0,1.0
78173,True,2.0,78157.0,4.0,1.0
78179,True,2.0,78163.0,4.0,1.0
78191,True,2.0,77167.0,10.0,1.0
78193,True,2.0,70001.0,13.0,1.0
78193,True,2.0,77681.0,9.0,1.0
78193,True,2.0,78191.0,1.0,1.0
78203,True,2.0,61819.0,14.0,1.0
78203,True,2.0,78139.0,6.0,1.0
78229,True,2.0,78101.0,7.0,1.0
78233,True,2.0,77977.0,8.0,1.0
78233,True,2.0,78229.0,2.0,1.0
78233,True,2.0,12697.0,16.0,1.0
78241,True,2.0,78233.0,3.0,1.0
78259,True,2.0,70067.0,13.0,1.0
78259,True,2.0,45491.0,15.0,1.0
78259,True,2.0,77747.0,9.0,1.0
78277,False,,,,
78283,False,,,,
78301,True,2.0,45533.0,15.0,1.0
78301,True,2.0,78173.0,7.0,1.0
78301,True,2.0,76253.0,11.0,1.0
78307,True,2.0,76259.0,11.0,1.0
78307,True,2.0,78179.0,7.0,1.0
78311,True,2.0,78307.0,2.0,1.0
78311,True,2.0,61927.0,14.0,1.0
78317,True,2.0,61933.0,14.0,1.0
78317,True,2.0,78301.0,4.0,1.0
78317,True,2.0,12781.0,16.0,1.0
78341,True,2.0,77317.0,10.0,1.0
78341,True,2.0,78277.0,6.0,1.0
78347,True,2.0,78283.0,6.0,1.0
78347,True,2.0,77323.0,10.0,1.0
78367,True,2.0,45599.0,15.0,1.0
78401,True,2.0,77377.0,10.0,1.0
78401,True,2.0,62017.0,14.0,1.0
78427,True,2.0,45659.0,15.0,1.0
78427,True,2.0,76379.0,11.0,1.0
78437,True,2.0,62053.0,14.0,1.0
78439,True,2.0,78311.0,7.0,1.0
78439,True,2.0,78437.0,1.0,1.0
78467,False,,,,
78479,True,2.0,74383.0,12.0,1.0
78487,True,2.0,78479.0,3.0,1.0
78497,True,2.0,78241.0,8.0,1.0
78509,True,2.0,74413.0,12.0,1.0
78509,True,2.0,12973.0,16.0,1.0
78511,True,2.0,77999.0,9.0,1.0
78511,True,2.0,76463.0,11.0,1.0
78511,True,2.0,78479.0,5.0,1.0
78511,True,2.0,78509.0,1.0,1.0
78517,True,2.0,78509.0,3.0,1.0
78539,True,2.0,78283.0,8.0,1.0
78539,True,2.0,13003.0,16.0,1.0
78541,True,2.0,78509.0,5.0,1.0
78541,True,2.0,78539.0,1.0,1.0
78541,True,2.0,76493.0,11.0,1.0
78553,True,2.0,78041.0,9.0,1.0
78569,True,2.0,13033.0,16.0,1.0
78569,True,2.0,78553.0,4.0,1.0
78571,True,2.0,78569.0,1.0,1.0
78571,True,2.0,78539.0,5.0,1.0
78571,True,2.0,70379.0,13.0,1.0
78571,True,2.0,78059.0,9.0,1.0
78577,True,2.0,78569.0,3.0,1.0
78583,False,,,,
78593,True,2.0,77569.0,10.0,1.0
78593,True,2.0,78577.0,4.0,1.0
78607,True,2.0,78479.0,7.0,1.0
78623,True,2.0,74527.0,12.0,1.0
78623,True,2.0,78607.0,4.0,1.0
78623,True,2.0,78367.0,8.0,1.0
78643,True,2.0,70451.0,13.0,1.0
78649,True,2.0,78137.0,9.0,1.0
78649,True,2.0,70457.0,13.0,1.0
78653,True,2.0,78649.0,2.0,1.0
78691,True,2.0,78179.0,9.0,1.0
78697,True,2.0,78569.0,7.0,1.0
78697,True,2.0,76649.0,11.0,1.0
78707,True,2.0,78691.0,4.0,1.0
78707,True,2.0,74611.0,12.0,1.0
78707,True,2.0,13171.0,16.0,1.0
78707,True,2.0,62323.0,14.0,1.0
78707,True,2.0,78643.0,6.0,1.0
78713,True,2.0,78697.0,4.0,1.0
78713,True,2.0,13177.0,16.0,1.0
78713,True,2.0,78649.0,6.0,1.0
78713,True,2.0,77689.0,10.0,1.0
78721,True,2.0,78713.0,3.0,1.0
78721,True,2.0,45953.0,15.0,1.0
78721,True,2.0,76673.0,11.0,1.0
78721,True,2.0,78593.0,7.0,1.0
78721,True,2.0,70529.0,13.0,1.0
78737,True,2.0,78721.0,4.0,1.0
78737,True,2.0,77713.0,10.0,1.0
78779,False,,,,
78781,True,2.0,70589.0,13.0,1.0
78781,True,2.0,76733.0,11.0,1.0
78781,True,2.0,78779.0,1.0,1.0
78781,True,2.0,78653.0,7.0,1.0
78787,True,2.0,78779.0,3.0,1.0
78791,True,2.0,78787.0,2.0,1.0
78797,True,2.0,78541.0,8.0,1.0
78797,True,2.0,77773.0,10.0,1.0
78797,True,2.0,78781.0,4.0,1.0
78803,True,2.0,13267.0,16.0,1.0
78803,True,2.0,78787.0,4.0,1.0
78803,True,2.0,74707.0,12.0,1.0
78809,True,2.0,74713.0,12.0,1.0
78809,True,2.0,78553.0,8.0,1.0
78823,True,2.0,78791.0,5.0,1.0
78823,True,2.0,78311.0,9.0,1.0
78839,True,2.0,78583.0,8.0,1.0
78839,True,2.0,78823.0,4.0,1.0
78853,True,2.0,78341.0,9.0,1.0
78857,True,2.0,74761.0,12.0,1.0
78857,True,2.0,62473.0,14.0,1.0
78857,True,2.0,78853.0,2.0,1.0
78877,True,2.0,76829.0,11.0,1.0
78887,True,2.0,78823.0,6.0,1.0
78887,True,2.0,77863.0,10.0,1.0
78889,True,2.0,78857.0,5.0,1.0
78889,True,2.0,78887.0,1.0,1.0
78893,True,2.0,78877.0,4.0,1.0
78893,True,2.0,74797.0,12.0,1.0
78893,True,2.0,78889.0,2.0,1.0
78901,True,2.0,70709.0,13.0,1.0
78901,True,2.0,78893.0,3.0,1.0
78901,True,2.0,46133.0,15.0,1.0
78919,True,2.0,76871.0,11.0,1.0
78919,True,2.0,78887.0,5.0,1.0
78919,True,2.0,78791.0,7.0,1.0
78929,False,,,,
78941,True,2.0,78877.0,6.0,1.0
78977,True,2.0,78721.0,8.0,1.0
78977,True,2.0,13441.0,16.0,1.0
78977,True,2.0,281.0,4.0,2.0
78979,True,2.0,78467.0,9.0,1.0
78979,True,2.0,78977.0,1.0,1.0
78989,False,,,,
79031,True,2.0,78007.0,10.0,1.0
79039,True,2.0,76991.0,11.0,1.0
79039,True,2.0,46271.0,15.0,1.0
79039,True,2.0,79031.0,3.0,1.0
79043,True,2.0,62659.0,14.0,1.0
79043,True,2.0,79039.0,2.0,1.0
79043,True,2.0,78787.0,8.0,1.0
79043,True,2.0,78979.0,6.0,1.0
79063,True,2.0,79031.0,5.0,1.0
79087,False,,,,
79103,True,2.0,78079.0,10.0,1.0
79103,True,2.0,13567.0,16.0,1.0
79103,True,2.0,79087.0,4.0,1.0
79103,True,2.0,79039.0,6.0,1.0
79111,True,2.0,79103.0,3.0,1.0
79111,True,2.0,70919.0,13.0,1.0
79133,True,2.0,13597.0,16.0,1.0
79133,True,2.0,78877.0,8.0,1.0
79133,True,2.0,75037.0,12.0,1.0
79139,False,,,,
79147,True,2.0,79139.0,3.0,1.0
79151,True,2.0,79147.0,2.0,1.0
79151,True,2.0,79087.0,6.0,1.0
79153,True,2.0,79151.0,1.0,1.0
79159,True,2.0,79031.0,7.0,1.0
79159,True,2.0,79151.0,3.0,1.0
79181,True,2.0,78157.0,10.0,1.0
79187,True,2.0,78163.0,10.0,1.0
79193,False,,,,
79201,True,2.0,77153.0,11.0,1.0
79201,True,2.0,79193.0,3.0,1.0
79229,True,2.0,75133.0,12.0,1.0
79229,True,2.0,13693.0,16.0,1.0
79231,True,2.0,71039.0,13.0,1.0
79231,True,2.0,79103.0,7.0,1.0
79231,True,2.0,79229.0,1.0,1.0
79241,False,,,,
79259,True,2.0,13723.0,16.0,1.0
79273,True,2.0,71081.0,13.0,1.0
79273,True,2.0,79241.0,5.0,1.0
79279,True,2.0,46511.0,15.0,1.0
79279,True,2.0,79151.0,7.0,1.0
79283,True,2.0,78259.0,10.0,1.0
79283,True,2.0,79279.0,2.0,1.0
79301,True,2.0,78277.0,10.0,1.0
79309,True,2.0,77261.0,11.0,1.0
79309,True,2.0,78797.0,9.0,1.0
79309,True,2.0,79301.0,3.0,1.0
79309,True,2.0,79181.0,7.0,1.0
79319,True,2.0,75223.0,12.0,1.0
79319,True,2.0,79063.0,8.0,1.0
79333,True,2.0,79301.0,5.0,1.0
79337,True,2.0,79273.0,6.0,1.0
79337,True,2.0,79333.0,2.0,1.0
79349,True,2.0,75253.0,12.0,1.0
79349,True,2.0,79333.0,4.0,1.0
79357,True,2.0,79349.0,3.0,1.0
79357,True,2.0,46589.0,15.0,1.0
79357,True,2.0,79229.0,7.0,1.0
79367,True,2.0,79111.0,8.0,1.0
79367,True,2.0,62983.0,14.0,1.0
79367,True,2.0,13831.0,16.0,1.0
79379,False,,,,
79393,False,,,,
79397,True,2.0,79393.0,2.0,1.0
79397,True,2.0,79333.0,6.0,1.0
79399,True,2.0,79367.0,5.0,1.0
79399,True,2.0,79397.0,1.0,1.0
79399,True,2.0,78887.0,9.0,1.0
79399,True,2.0,77351.0,11.0,1.0
79411,True,2.0,79283.0,7.0,1.0
79411,True,2.0,79379.0,5.0,1.0
79411,True,2.0,46643.0,15.0,1.0
79423,False,,,,
79427,True,2.0,79423.0,2.0,1.0
79427,True,2.0,79411.0,4.0,1.0
79433,True,2.0,75337.0,12.0,1.0
79451,True,2.0,63067.0,14.0,1.0
79451,True,2.0,78427.0,10.0,1.0
79481,True,2.0,63097.0,14.0,1.0
79493,False,,,,
79531,True,2.0,71339.0,13.0,1.0
79537,True,2.0,77489.0,11.0,1.0
79537,True,2.0,46769.0,15.0,1.0
79549,False,,,,
79559,False,,,,
79561,True,2.0,79433.0,7.0,1.0
79561,True,2.0,77513.0,11.0,1.0
79561,True,2.0,79559.0,1.0,1.0
79579,True,2.0,71387.0,13.0,1.0
79579,True,2.0,79451.0,7.0,1.0
79579,True,2.0,46811.0,15.0,1.0
79589,True,2.0,79333.0,8.0,1.0
79601,True,2.0,79537.0,6.0,1.0
79601,True,2.0,78577.0,10.0,1.0
79609,True,2.0,79601.0,3.0,1.0
79609,True,2.0,79481.0,7.0,1.0
79613,True,2.0,79357.0,8.0,1.0
79613,True,2.0,79549.0,6.0,1.0
79613,True,2.0,79609.0,2.0,1.0
79621,True,2.0,79589.0,5.0,1.0
79621,True,2.0,77573.0,11.0,1.0
79621,True,2.0,46853.0,15.0,1.0
79621,True,2.0,79493.0,7.0,1.0
79621,True,2.0,71429.0,13.0,1.0
79621,True,2.0,79613.0,3.0,1.0
79627,False,,,,
79631,True,2.0,79627.0,2.0,1.0
79631,True,2.0,78607.0,10.0,1.0
79631,True,2.0,63247.0,14.0,1.0
79633,True,2.0,79631.0,1.0,1.0
79633,True,2.0,79601.0,5.0,1.0
79657,True,2.0,46889.0,15.0,1.0
79669,True,2.0,46901.0,15.0,1.0
79669,True,2.0,77621.0,11.0,1.0
79687,True,2.0,79559.0,7.0,1.0
79687,True,2.0,46919.0,15.0,1.0
79691,True,2.0,79687.0,2.0,1.0
79691,True,2.0,79627.0,6.0,1.0
79693,True,2.0,79691.0,1.0,1.0
79693,True,2.0,79181.0,9.0,1.0
79697,True,2.0,63313.0,14.0,1.0
79697,True,2.0,79633.0,6.0,1.0
79697,True,2.0,79693.0,2.0,1.0
79699,True,2.0,79187.0,9.0,1.0
79699,True,2.0,79691.0,3.0,1.0
79699,True,2.0,79697.0,1.0,1.0
79757,True,2.0,14221.0,16.0,1.0
79757,True,2.0,79693.0,6.0,1.0
79769,False,,,,
79777,True,2.0,79769.0,3.0,1.0
79801,True,2.0,79769.0,5.0,1.0
79811,True,2.0,78787.0,10.0,1.0
79813,True,2.0,79301.0,9.0,1.0
79813,True,2.0,79811.0,1.0,1.0
79817,True,2.0,79801.0,4.0,1.0
79817,True,2.0,79561.0,8.0,1.0
79817,True,2.0,79813.0,2.0,1.0
79817,True,2.0,14281.0,16.0,1.0
79817,True,2.0,75721.0,12.0,1.0
79823,True,2.0,63439.0,14.0,1.0
79829,True,2.0,14293.0,16.0,1.0
79829,True,2.0,79813.0,4.0,1.0
79841,True,2.0,79777.0,6.0,1.0
79843,True,2.0,79811.0,5.0,1.0
79843,True,2.0,79841.0,1.0,1.0
79847,True,2.0,63463.0,14.0,1.0
79847,True,2.0,79843.0,2.0,1.0
79847,True,2.0,78823.0,10.0,1.0
79861,True,2.0,47093.0,15.0,1.0
79861,True,2.0,79829.0,5.0,1.0
79861,True,2.0,79349.0,9.0,1.0
79861,True,2.0,77813.0,11.0,1.0
79867,False,,,,
79873,True,2.0,79841.0,5.0,1.0
79889,True,2.0,79873.0,4.0,1.0
79889,True,2.0,79633.0,8.0,1.0
79889,True,2.0,75793.0,12.0,1.0
79901,True,2.0,78877.0,10.0,1.0
79903,True,2.0,79901.0,1.0,1.0
79903,True,2.0,71711.0,13.0,1.0
79907,True,2.0,79843.0,6.0,1.0
79907,True,2.0,79903.0,2.0,1.0
79939,True,2.0,79427.0,9.0,1.0
79939,True,2.0,79811.0,7.0,1.0
79939,True,2.0,79907.0,5.0,1.0
79943,True,2.0,78919.0,10.0,1.0
79943,True,2.0,14407.0,16.0,1.0
79943,True,2.0,63559.0,14.0,1.0
79943,True,2.0,79939.0,2.0,1.0
79943,True,2.0,79687.0,8.0,1.0
79967,True,2.0,79903.0,6.0,1.0
79967,True,2.0,14431.0,16.0,1.0
79973,True,2.0,14437.0,16.0,1.0
79973,True,2.0,63589.0,14.0,1.0
79979,True,2.0,75883.0,12.0,1.0
79987,True,2.0,79979.0,3.0,1.0
79997,True,2.0,14461.0,16.0,1.0
79999,True,2.0,77951.0,11.0,1.0
79999,True,2.0,79967.0,5.0,1.0
79999,True,2.0,79997.0,1.0,1.0
79999,True,2.0,71807.0,13.0,1.0
80021,False,,,,
80039,True,2.0,14503.0,16.0,1.0
80051,True,2.0,79987.0,6.0,1.0
80051,True,2.0,63667.0,14.0,1.0
80071,True,2.0,79943.0,7.0,1.0
80071,True,2.0,47303.0,15.0,1.0
80071,True,2.0,80039.0,5.0,1.0
80071,True,2.0,71879.0,13.0,1.0
80071,True,2.0,79559.0,9.0,1.0
80077,True,2.0,47309.0,15.0,1.0
80107,True,2.0,78059.0,11.0,1.0
80107,True,2.0,47339.0,15.0,1.0
80107,True,2.0,79979.0,7.0,1.0
80111,True,2.0,63727.0,14.0,1.0
80111,True,2.0,80107.0,2.0,1.0
80111,True,2.0,79087.0,10.0,1.0
80141,True,2.0,80077.0,6.0,1.0
80147,False,,,,
80149,True,2.0,80141.0,3.0,1.0
80149,True,2.0,80147.0,1.0,1.0
80149,True,2.0,80021.0,7.0,1.0
80149,True,2.0,47381.0,15.0,1.0
80149,True,2.0,78101.0,11.0,1.0
80153,True,2.0,80149.0,2.0,1.0
80153,True,2.0,283.0,6.0,2.0
80167,True,2.0,80039.0,7.0,1.0
80173,True,2.0,5.0,11.0,7.0
80173,True,2.0,80141.0,5.0,1.0
80177,True,2.0,63793.0,14.0,1.0
80177,True,2.0,11.0,16.0,4.0
80177,True,2.0,80173.0,2.0,1.0
80177,True,2.0,76081.0,12.0,1.0
80177,True,2.0,79153.0,10.0,1.0
80191,True,2.0,71999.0,13.0,1.0
80207,True,2.0,63823.0,14.0,1.0
80207,True,2.0,80191.0,4.0,1.0
80209,True,2.0,80177.0,5.0,1.0
80209,True,2.0,47441.0,15.0,1.0
80209,True,2.0,80207.0,1.0,1.0
80209,True,2.0,79697.0,9.0,1.0
80221,True,2.0,78173.0,11.0,1.0
80231,True,2.0,80167.0,6.0,1.0
80233,True,2.0,80231.0,1.0,1.0
80239,True,2.0,80231.0,3.0,1.0
80239,True,2.0,72047.0,13.0,1.0
80239,True,2.0,78191.0,11.0,1.0
80239,True,2.0,80111.0,7.0,1.0
80239,True,2.0,80207.0,5.0,1.0
80251,True,2.0,78203.0,11.0,1.0
80263,True,2.0,80231.0,5.0,1.0
80273,True,2.0,80209.0,6.0,1.0
80273,True,2.0,14737.0,16.0,1.0
80279,True,2.0,80263.0,4.0,1.0
80287,True,2.0,80279.0,3.0,1.0
80309,True,2.0,76213.0,12.0,1.0
80317,True,2.0,80309.0,3.0,1.0
80329,True,2.0,79817.0,9.0,1.0
80341,True,2.0,80309.0,5.0,1.0
80341,True,2.0,79829.0,9.0,1.0
80347,False,,,,
80363,True,2.0,80107.0,8.0,1.0
80363,True,2.0,80347.0,4.0,1.0
80363,True,2.0,14827.0,16.0,1.0
80369,False,,,,
80387,True,2.0,14851.0,16.0,1.0
80407,True,2.0,80279.0,7.0,1.0
80407,True,2.0,47639.0,15.0,1.0
80429,True,2.0,80173.0,8.0,1.0
80429,True,2.0,76333.0,12.0,1.0
80447,True,2.0,80191.0,8.0,1.0
80447,True,2.0,64063.0,14.0,1.0
80447,True,2.0,79423.0,10.0,1.0
80449,True,2.0,78401.0,11.0,1.0
80449,True,2.0,80447.0,1.0,1.0
80449,True,2.0,47681.0,15.0,1.0
80471,True,2.0,80407.0,6.0,1.0
80473,True,2.0,80471.0,1.0,1.0
80489,True,2.0,80233.0,8.0,1.0
80489,True,2.0,80473.0,4.0,1.0
80491,True,2.0,80363.0,7.0,1.0
80491,True,2.0,80489.0,1.0,1.0
80491,True,2.0,79979.0,9.0,1.0
80513,True,2.0,80449.0,6.0,1.0
80527,True,2.0,78479.0,11.0,1.0
80537,True,2.0,76441.0,12.0,1.0
80537,True,2.0,64153.0,14.0,1.0
80537,True,2.0,80473.0,6.0,1.0
80557,True,2.0,80429.0,7.0,1.0
80557,True,2.0,78509.0,11.0,1.0
80567,True,2.0,76471.0,12.0,1.0
80567,True,2.0,15031.0,16.0,1.0
80599,True,2.0,80471.0,7.0,1.0
80599,True,2.0,80567.0,5.0,1.0
80603,True,2.0,79579.0,10.0,1.0
80603,True,2.0,80599.0,2.0,1.0
80603,True,2.0,76507.0,12.0,1.0
80603,True,2.0,80347.0,8.0,1.0
80611,True,2.0,47843.0,15.0,1.0
80611,True,2.0,80603.0,3.0,1.0
80621,True,2.0,80557.0,6.0,1.0
80621,True,2.0,64237.0,14.0,1.0
80627,True,2.0,15091.0,16.0,1.0
80627,True,2.0,80611.0,4.0,1.0
80629,True,2.0,80621.0,3.0,1.0
80629,True,2.0,80627.0,1.0,1.0
80651,True,2.0,79627.0,10.0,1.0
80657,True,2.0,79633.0,10.0,1.0
80657,True,2.0,76561.0,12.0,1.0
80657,True,2.0,15121.0,16.0,1.0
80669,False,,,,
80671,True,2.0,47903.0,15.0,1.0
80671,True,2.0,80669.0,1.0,1.0
80671,True,2.0,78623.0,11.0,1.0
80677,True,2.0,80669.0,3.0,1.0
80681,True,2.0,79657.0,10.0,1.0
80681,True,2.0,80677.0,2.0,1.0
80683,True,2.0,80681.0,1.0,1.0
80683,True,2.0,80651.0,5.0,1.0
80687,True,2.0,80683.0,2.0,1.0
80687,True,2.0,80671.0,4.0,1.0
80687,True,2.0,64303.0,14.0,1.0
80701,True,2.0,47933.0,15.0,1.0
80701,True,2.0,80669.0,5.0,1.0
80701,True,2.0,78653.0,11.0,1.0
80713,True,2.0,80681.0,5.0,1.0
80737,True,2.0,47969.0,15.0,1.0
80747,True,2.0,80491.0,8.0,1.0
80747,True,2.0,76651.0,12.0,1.0
80747,True,2.0,80683.0,6.0,1.0
80749,True,2.0,80621.0,7.0,1.0
80749,True,2.0,80747.0,1.0,1.0
80749,True,2.0,47981.0,15.0,1.0
80761,True,2.0,78713.0,11.0,1.0
80777,True,2.0,15241.0,16.0,1.0
80777,True,2.0,80761.0,4.0,1.0
80777,True,2.0,80713.0,6.0,1.0
80779,True,2.0,80777.0,1.0,1.0
80779,True,2.0,80651.0,7.0,1.0
80779,True,2.0,80747.0,5.0,1.0
80783,True,2.0,80779.0,2.0,1.0
80783,True,2.0,64399.0,14.0,1.0
80783,True,2.0,80527.0,8.0,1.0
80789,False,,,,
80803,False,,,,
80809,True,2.0,80777.0,5.0,1.0
80809,True,2.0,80681.0,7.0,1.0
80809,True,2.0,72617.0,13.0,1.0
80819,True,2.0,80803.0,4.0,1.0
80831,False,,,,
80833,True,2.0,80831.0,1.0,1.0
80849,True,2.0,76753.0,12.0,1.0
80849,True,2.0,80833.0,4.0,1.0
80849,True,2.0,15313.0,16.0,1.0
80863,True,2.0,72671.0,13.0,1.0
80863,True,2.0,80831.0,5.0,1.0
80897,True,2.0,64513.0,14.0,1.0
80897,True,2.0,15361.0,16.0,1.0
80897,True,2.0,79873.0,10.0,1.0
80897,True,2.0,80833.0,6.0,1.0
80897,True,2.0,76801.0,12.0,1.0
80909,True,2.0,15373.0,16.0,1.0
80911,True,2.0,80909.0,1.0,1.0
80911,True,2.0,80783.0,7.0,1.0
80911,True,2.0,72719.0,13.0,1.0
80917,True,2.0,80789.0,7.0,1.0
80917,True,2.0,80909.0,3.0,1.0
80923,False,,,,
80929,True,2.0,80897.0,5.0,1.0
80933,True,2.0,80917.0,4.0,1.0
80933,True,2.0,76837.0,12.0,1.0
80933,True,2.0,80929.0,2.0,1.0
80933,True,2.0,80677.0,8.0,1.0
80953,False,,,,
80963,True,2.0,15427.0,16.0,1.0
80963,True,2.0,79939.0,10.0,1.0
80963,True,2.0,64579.0,14.0,1.0
80989,True,2.0,78941.0,11.0,1.0
80989,True,2.0,72797.0,13.0,1.0
80989,True,2.0,48221.0,15.0,1.0
81001,True,2.0,80489.0,9.0,1.0
81013,False,,,,
81017,True,2.0,81013.0,2.0,1.0
81017,True,2.0,64633.0,14.0,1.0
81017,True,2.0,80761.0,8.0,1.0
81017,True,2.0,81001.0,4.0,1.0
81017,True,2.0,80953.0,6.0,1.0
81019,True,2.0,81017.0,1.0,1.0
81023,True,2.0,79999.0,10.0,1.0
81023,True,2.0,81019.0,2.0,1.0
81031,True,2.0,81023.0,3.0,1.0
81041,False,,,,
81043,True,2.0,81041.0,1.0,1.0
81047,True,2.0,81043.0,2.0,1.0
81047,True,2.0,15511.0,16.0,1.0
81047,True,2.0,64663.0,14.0,1.0
81047,True,2.0,81031.0,4.0,1.0
81049,True,2.0,81017.0,5.0,1.0
81049,True,2.0,48281.0,15.0,1.0
81049,True,2.0,80537.0,9.0,1.0
81049,True,2.0,81041.0,3.0,1.0
81049,True,2.0,81047.0,1.0,1.0
81071,False,,,,
81077,True,2.0,15541.0,16.0,1.0
81077,True,2.0,81013.0,6.0,1.0
81077,True,2.0,64693.0,14.0,1.0
81083,True,2.0,81019.0,6.0,1.0
81097,False,,,,
81101,True,2.0,80077.0,10.0,1.0
81101,True,2.0,64717.0,14.0,1.0
81101,True,2.0,81097.0,2.0,1.0
81119,True,2.0,15583.0,16.0,1.0
81119,True,2.0,80863.0,8.0,1.0
81119,True,2.0,77023.0,12.0,1.0
81131,True,2.0,80107.0,10.0,1.0
81131,True,2.0,64747.0,14.0,1.0
81157,False,,,,
81163,True,2.0,80651.0,9.0,1.0
81163,True,2.0,81131.0,5.0,1.0
81173,True,2.0,80149.0,10.0,1.0
81173,True,2.0,81157.0,4.0,1.0
81173,True,2.0,80917.0,8.0,1.0
81181,True,2.0,80669.0,9.0,1.0
81181,True,2.0,48413.0,15.0,1.0
81181,True,2.0,79133.0,11.0,1.0
81181,True,2.0,81173.0,3.0,1.0
81197,True,2.0,80173.0,10.0,1.0
81197,True,2.0,77101.0,12.0,1.0
81197,True,2.0,15661.0,16.0,1.0
81197,True,2.0,81181.0,4.0,1.0
81199,True,2.0,81071.0,7.0,1.0
81199,True,2.0,81197.0,1.0,1.0
81199,True,2.0,80687.0,9.0,1.0
81199,True,2.0,79151.0,11.0,1.0
81203,True,2.0,81199.0,2.0,1.0
81203,True,2.0,15667.0,16.0,1.0
81223,False,,,,
81233,True,2.0,77137.0,12.0,1.0
81233,True,2.0,80209.0,10.0,1.0
81233,True,2.0,64849.0,14.0,1.0
81239,True,2.0,81223.0,4.0,1.0
81281,False,,,,
81283,True,2.0,81281.0,1.0,1.0
81283,True,2.0,73091.0,13.0,1.0
81293,False,,,,
81299,True,2.0,81283.0,4.0,1.0
81299,True,2.0,81043.0,8.0,1.0
81307,True,2.0,48539.0,15.0,1.0
81307,True,2.0,81299.0,3.0,1.0
81307,True,2.0,79259.0,11.0,1.0
81331,True,2.0,79283.0,11.0,1.0
81331,True,2.0,80819.0,9.0,1.0
81331,True,2.0,81203.0,7.0,1.0
81331,True,2.0,81299.0,5.0,1.0
81331,True,2.0,48563.0,15.0,1.0
81343,True,2.0,80831.0,9.0,1.0
81349,True,2.0,79301.0,11.0,1.0
81353,True,2.0,81097.0,8.0,1.0
81353,True,2.0,15817.0,16.0,1.0
81353,True,2.0,81349.0,2.0,1.0
81353,True,2.0,80329.0,10.0,1.0
81353,True,2.0,64969.0,14.0,1.0
81359,True,2.0,81343.0,4.0,1.0
81359,True,2.0,15823.0,16.0,1.0
81359,True,2.0,77263.0,12.0,1.0
81371,True,2.0,80347.0,10.0,1.0
81371,True,2.0,81307.0,6.0,1.0
81373,True,2.0,73181.0,13.0,1.0
81373,True,2.0,81371.0,1.0,1.0
81401,False,,,,
81409,True,2.0,81401.0,3.0,1.0
81409,True,2.0,80897.0,9.0,1.0
81409,True,2.0,81281.0,7.0,1.0
81421,True,2.0,81293.0,7.0,1.0
81421,True,2.0,80909.0,9.0,1.0
81439,False,,,,
81457,False,,,,
81463,False,,,,
81509,True,2.0,15973.0,16.0,1.0
81517,True,2.0,81509.0,3.0,1.0
81527,True,2.0,15991.0,16.0,1.0
81527,True,2.0,77431.0,12.0,1.0
81527,True,2.0,81463.0,6.0,1.0
81533,True,2.0,81517.0,4.0,1.0
81547,True,2.0,48779.0,15.0,1.0
81551,True,2.0,80527.0,10.0,1.0
81551,True,2.0,65167.0,14.0,1.0
81551,True,2.0,81547.0,2.0,1.0
81553,True,2.0,81041.0,9.0,1.0
81553,True,2.0,81551.0,1.0,1.0
81553,True,2.0,73361.0,13.0,1.0
81559,True,2.0,81551.0,3.0,1.0
81559,True,2.0,81527.0,5.0,1.0
81559,True,2.0,81047.0,9.0,1.0
81563,True,2.0,81547.0,4.0,1.0
81563,True,2.0,81559.0,2.0,1.0
81563,True,2.0,65179.0,14.0,1.0
81563,True,2.0,81307.0,8.0,1.0
81569,True,2.0,16033.0,16.0,1.0
81569,True,2.0,81553.0,4.0,1.0
81611,True,2.0,81547.0,6.0,1.0
81619,True,2.0,81611.0,3.0,1.0
81629,True,2.0,81373.0,8.0,1.0
81637,True,2.0,81629.0,3.0,1.0
81637,True,2.0,81509.0,7.0,1.0
81637,True,2.0,48869.0,15.0,1.0
81637,True,2.0,79589.0,11.0,1.0
81647,True,2.0,16111.0,16.0,1.0
81647,True,2.0,77551.0,12.0,1.0
81649,True,2.0,79601.0,11.0,1.0
81649,True,2.0,81647.0,1.0,1.0
81667,False,,,,
81671,True,2.0,65287.0,14.0,1.0
81671,True,2.0,81667.0,2.0,1.0
81677,True,2.0,16141.0,16.0,1.0
81677,True,2.0,81421.0,8.0,1.0
81677,True,2.0,65293.0,14.0,1.0
81689,False,,,,
81701,True,2.0,80677.0,10.0,1.0
81701,True,2.0,81637.0,6.0,1.0
81703,True,2.0,81701.0,1.0,1.0
81703,True,2.0,81671.0,5.0,1.0
81707,True,2.0,77611.0,12.0,1.0
81707,True,2.0,65323.0,14.0,1.0
81707,True,2.0,81703.0,2.0,1.0
81707,True,2.0,80683.0,10.0,1.0
81727,False,,,,
81737,True,2.0,80713.0,10.0,1.0
81737,True,2.0,65353.0,14.0,1.0
81737,True,2.0,77641.0,12.0,1.0
81749,False,,,,
81761,True,2.0,80737.0,10.0,1.0
81769,True,2.0,81737.0,5.0,1.0
81769,True,2.0,81761.0,3.0,1.0
81773,True,2.0,81517.0,8.0,1.0
81773,True,2.0,81769.0,2.0,1.0
81773,True,2.0,80749.0,10.0,1.0
81799,True,2.0,81671.0,7.0,1.0
81799,True,2.0,49031.0,15.0,1.0
81799,True,2.0,73607.0,13.0,1.0
81817,True,2.0,81689.0,7.0,1.0
81817,True,2.0,79769.0,11.0,1.0
81839,True,2.0,77743.0,12.0,1.0
81847,True,2.0,81839.0,3.0,1.0
81853,False,,,,
81869,True,2.0,77773.0,12.0,1.0
81869,True,2.0,16333.0,16.0,1.0
81869,True,2.0,81853.0,4.0,1.0
81883,True,2.0,81371.0,9.0,1.0
81899,True,2.0,81883.0,4.0,1.0
81899,True,2.0,16363.0,16.0,1.0
81901,True,2.0,73709.0,13.0,1.0
81901,True,2.0,81899.0,1.0,1.0
81901,True,2.0,81773.0,7.0,1.0
81901,True,2.0,81869.0,5.0,1.0
81919,True,2.0,73727.0,13.0,1.0
81929,False,,,,
81931,True,2.0,81929.0,1.0,1.0
81931,True,2.0,81899.0,5.0,1.0
81937,True,2.0,79889.0,11.0,1.0
81937,True,2.0,81929.0,3.0,1.0
81937,True,2.0,49169.0,15.0,1.0
81943,True,2.0,73751.0,13.0,1.0
81953,True,2.0,81937.0,4.0,1.0
81953,True,2.0,80929.0,10.0,1.0
81953,True,2.0,16417.0,16.0,1.0
81967,True,2.0,81839.0,7.0,1.0
81967,True,2.0,49199.0,15.0,1.0
81971,True,2.0,81967.0,2.0,1.0
81971,True,2.0,65587.0,14.0,1.0
81973,True,2.0,81971.0,1.0,1.0
82003,True,2.0,81971.0,5.0,1.0
82007,True,2.0,82003.0,2.0,1.0
82007,True,2.0,81943.0,6.0,1.0
82009,True,2.0,82007.0,1.0,1.0
82013,True,2.0,82009.0,2.0,1.0
82013,True,2.0,65629.0,14.0,1.0
82013,True,2.0,16477.0,16.0,1.0
82013,True,2.0,80989.0,10.0,1.0
82021,True,2.0,82013.0,3.0,1.0
82021,True,2.0,49253.0,15.0,1.0
82021,True,2.0,79973.0,11.0,1.0
82021,True,2.0,81509.0,9.0,1.0
82031,True,2.0,65647.0,14.0,1.0
82031,True,2.0,81967.0,6.0,1.0
82037,True,2.0,82021.0,4.0,1.0
82037,True,2.0,81973.0,6.0,1.0
82037,True,2.0,81013.0,10.0,1.0
82039,True,2.0,73847.0,13.0,1.0
82039,True,2.0,82007.0,5.0,1.0
82039,True,2.0,81527.0,9.0,1.0
82039,True,2.0,82037.0,1.0,1.0
82039,True,2.0,82031.0,3.0,1.0
82051,True,2.0,73859.0,13.0,1.0
82067,True,2.0,82003.0,6.0,1.0
82067,True,2.0,81043.0,10.0,1.0
82067,True,2.0,82051.0,4.0,1.0
82073,True,2.0,82009.0,6.0,1.0
82073,True,2.0,81049.0,10.0,1.0
82073,True,2.0,77977.0,12.0,1.0
82073,True,2.0,81817.0,8.0,1.0
82129,False,,,,
82139,True,2.0,16603.0,16.0,1.0
82139,True,2.0,81883.0,8.0,1.0
82141,True,2.0,81629.0,9.0,1.0
82141,True,2.0,82013.0,7.0,1.0
82141,True,2.0,82139.0,1.0,1.0
82153,True,2.0,73961.0,13.0,1.0
82163,False,,,,
82171,True,2.0,82139.0,5.0,1.0
82171,True,2.0,82163.0,3.0,1.0
82183,True,2.0,81671.0,9.0,1.0
82189,True,2.0,81677.0,9.0,1.0
82189,True,2.0,80141.0,11.0,1.0
82193,True,2.0,65809.0,14.0,1.0
82193,True,2.0,82189.0,2.0,1.0
82193,True,2.0,82129.0,6.0,1.0
82193,True,2.0,16657.0,16.0,1.0
82193,True,2.0,81937.0,8.0,1.0
82207,False,,,,
82217,True,2.0,78121.0,12.0,1.0
82217,True,2.0,82153.0,6.0,1.0
82219,True,2.0,49451.0,15.0,1.0
82219,True,2.0,82217.0,1.0,1.0
82219,True,2.0,74027.0,13.0,1.0
82219,True,2.0,81707.0,9.0,1.0
82223,True,2.0,81199.0,10.0,1.0
82223,True,2.0,81967.0,8.0,1.0
82223,True,2.0,65839.0,14.0,1.0
82223,True,2.0,82207.0,4.0,1.0
82223,True,2.0,82219.0,2.0,1.0
82231,True,2.0,82223.0,3.0,1.0
82231,True,2.0,49463.0,15.0,1.0
82237,False,,,,
82241,True,2.0,82237.0,2.0,1.0
82261,True,2.0,81749.0,9.0,1.0
82267,True,2.0,82139.0,7.0,1.0
82267,True,2.0,49499.0,15.0,1.0
82279,True,2.0,80231.0,11.0,1.0
82301,True,2.0,82237.0,6.0,1.0
82307,True,2.0,82051.0,8.0,1.0
82307,True,2.0,81283.0,10.0,1.0
82339,True,2.0,82307.0,5.0,1.0
82349,False,,,,
82351,True,2.0,82223.0,7.0,1.0
82351,True,2.0,82349.0,1.0,1.0
82351,True,2.0,74159.0,13.0,1.0
82351,True,2.0,81839.0,9.0,1.0
82361,False,,,,
82373,True,2.0,81349.0,10.0,1.0
82373,True,2.0,78277.0,12.0,1.0
82387,False,,,,
82393,True,2.0,82361.0,5.0,1.0
82393,True,2.0,74201.0,13.0,1.0
82421,True,2.0,66037.0,14.0,1.0
82457,True,2.0,16921.0,16.0,1.0
82457,True,2.0,82393.0,6.0,1.0
82463,True,2.0,78367.0,12.0,1.0
82463,True,2.0,82207.0,8.0,1.0
82463,True,2.0,81439.0,10.0,1.0
82463,True,2.0,16927.0,16.0,1.0
82469,False,,,,
82471,True,2.0,74279.0,13.0,1.0
82471,True,2.0,82469.0,1.0,1.0
82471,True,2.0,82463.0,3.0,1.0
82483,True,2.0,81971.0,9.0,1.0
82487,True,2.0,66103.0,14.0,1.0
82487,True,2.0,82483.0,2.0,1.0
82487,True,2.0,82471.0,4.0,1.0
82487,True,2.0,82231.0,8.0,1.0
82487,True,2.0,81463.0,10.0,1.0
82493,True,2.0,66109.0,14.0,1.0
82493,True,2.0,82237.0,8.0,1.0
82499,True,2.0,82483.0,4.0,1.0
82499,True,2.0,16963.0,16.0,1.0
82507,True,2.0,49739.0,15.0,1.0
82507,True,2.0,82499.0,3.0,1.0
82529,True,2.0,16993.0,16.0,1.0
82531,True,2.0,82529.0,1.0,1.0
82531,True,2.0,82499.0,5.0,1.0
82549,True,2.0,82421.0,7.0,1.0
82549,True,2.0,74357.0,13.0,1.0
82549,True,2.0,82037.0,9.0,1.0
82559,False,,,,
82561,True,2.0,82559.0,1.0,1.0
82561,True,2.0,82529.0,5.0,1.0
82561,True,2.0,80513.0,11.0,1.0
82567,True,2.0,82559.0,3.0,1.0
82571,True,2.0,82507.0,6.0,1.0
82571,True,2.0,81547.0,10.0,1.0
82571,True,2.0,82567.0,2.0,1.0
82591,True,2.0,82559.0,5.0,1.0
82591,True,2.0,82463.0,7.0,1.0
82591,True,2.0,49823.0,15.0,1.0
82601,False,,,,
82609,True,2.0,82601.0,3.0,1.0
82613,True,2.0,78517.0,12.0,1.0
82613,True,2.0,17077.0,16.0,1.0
82613,True,2.0,82609.0,2.0,1.0
82613,True,2.0,82549.0,6.0,1.0
82619,False,,,,
82633,True,2.0,74441.0,13.0,1.0
82633,True,2.0,82601.0,5.0,1.0
82651,True,2.0,82139.0,9.0,1.0
82651,True,2.0,82619.0,5.0,1.0
82651,True,2.0,80603.0,11.0,1.0
82657,True,2.0,82529.0,7.0,1.0
82699,True,2.0,82571.0,7.0,1.0
82699,True,2.0,80651.0,11.0,1.0
82699,True,2.0,74507.0,13.0,1.0
82721,True,2.0,82657.0,6.0,1.0
82721,True,2.0,66337.0,14.0,1.0
82723,True,2.0,82721.0,1.0,1.0
82723,True,2.0,74531.0,13.0,1.0
82727,True,2.0,82723.0,2.0,1.0
82727,True,2.0,82471.0,8.0,1.0
82727,True,2.0,66343.0,14.0,1.0
82727,True,2.0,17191.0,16.0,1.0
82727,True,2.0,81703.0,10.0,1.0
82729,True,2.0,82727.0,1.0,1.0
82729,True,2.0,82601.0,7.0,1.0
82729,True,2.0,80681.0,11.0,1.0
82729,True,2.0,82721.0,3.0,1.0
82729,True,2.0,82217.0,9.0,1.0
82757,True,2.0,66373.0,14.0,1.0
82759,True,2.0,82727.0,5.0,1.0
82759,True,2.0,82757.0,1.0,1.0
82759,True,2.0,74567.0,13.0,1.0
82759,True,2.0,49991.0,15.0,1.0
82763,True,2.0,82507.0,8.0,1.0
82763,True,2.0,82759.0,2.0,1.0
82763,True,2.0,82699.0,6.0,1.0
82781,False,,,,
82787,True,2.0,78691.0,12.0,1.0
82787,True,2.0,82723.0,6.0,1.0
82787,True,2.0,66403.0,14.0,1.0
82787,True,2.0,82531.0,8.0,1.0
82793,True,2.0,81769.0,10.0,1.0
82793,True,2.0,78697.0,12.0,1.0
82793,True,2.0,17257.0,16.0,1.0
82793,True,2.0,82729.0,6.0,1.0
82799,False,,,,
82811,False,,,,
82813,True,2.0,82301.0,9.0,1.0
82813,True,2.0,82781.0,5.0,1.0
82813,True,2.0,82811.0,1.0,1.0
82837,True,2.0,50069.0,15.0,1.0
82837,True,2.0,80789.0,11.0,1.0
82847,True,2.0,82591.0,8.0,1.0
82847,True,2.0,66463.0,14.0,1.0
82883,True,2.0,78787.0,12.0,1.0
82883,True,2.0,66499.0,14.0,1.0
82889,True,2.0,82633.0,8.0,1.0
82891,True,2.0,82889.0,1.0,1.0
82891,True,2.0,50123.0,15.0,1.0
82891,True,2.0,74699.0,13.0,1.0
82891,True,2.0,82763.0,7.0,1.0
82891,True,2.0,82883.0,3.0,1.0
82903,False,,,,
82913,True,2.0,82657.0,8.0,1.0
82913,True,2.0,66529.0,14.0,1.0
82913,True,2.0,17377.0,16.0,1.0
82939,True,2.0,82811.0,7.0,1.0
82939,True,2.0,74747.0,13.0,1.0
82963,True,2.0,74771.0,13.0,1.0
82981,True,2.0,82469.0,9.0,1.0
82981,True,2.0,80933.0,11.0,1.0
82997,True,2.0,78901.0,12.0,1.0
82997,True,2.0,82981.0,4.0,1.0
82997,True,2.0,81973.0,10.0,1.0
83003,True,2.0,17467.0,16.0,1.0
83003,True,2.0,82939.0,6.0,1.0
83009,False,,,,
83023,True,2.0,74831.0,13.0,1.0
83047,False,,,,
83059,True,2.0,50291.0,15.0,1.0
83063,True,2.0,83059.0,2.0,1.0
83063,True,2.0,83047.0,4.0,1.0
83063,True,2.0,82039.0,10.0,1.0
83071,True,2.0,83063.0,3.0,1.0
83071,True,2.0,82559.0,9.0,1.0
83071,True,2.0,81023.0,11.0,1.0
83077,False,,,,
83089,True,2.0,50321.0,15.0,1.0
83089,True,2.0,74897.0,13.0,1.0
83089,True,2.0,81041.0,11.0,1.0
83093,True,2.0,83077.0,4.0,1.0
83093,True,2.0,82837.0,8.0,1.0
83093,True,2.0,83089.0,2.0,1.0
83101,True,2.0,83093.0,3.0,1.0
83101,True,2.0,50333.0,15.0,1.0
83117,True,2.0,66733.0,14.0,1.0
83117,True,2.0,83101.0,4.0,1.0
83117,True,2.0,17581.0,16.0,1.0
83137,True,2.0,83009.0,7.0,1.0
83177,True,2.0,82153.0,10.0,1.0
83203,True,2.0,75011.0,13.0,1.0
83207,True,2.0,82183.0,10.0,1.0
83207,True,2.0,83203.0,2.0,1.0
83207,True,2.0,79111.0,12.0,1.0
83219,True,2.0,17683.0,16.0,1.0
83219,True,2.0,82963.0,8.0,1.0
83219,True,2.0,83203.0,4.0,1.0
83221,True,2.0,75029.0,13.0,1.0
83221,True,2.0,81173.0,11.0,1.0
83221,True,2.0,83219.0,1.0,1.0
83221,True,2.0,83093.0,7.0,1.0
83227,True,2.0,50459.0,15.0,1.0
83227,True,2.0,83219.0,3.0,1.0
83231,True,2.0,82207.0,10.0,1.0
83231,True,2.0,83227.0,2.0,1.0
83233,True,2.0,82721.0,9.0,1.0
83233,True,2.0,75041.0,13.0,1.0
83233,True,2.0,83231.0,1.0,1.0
83243,True,2.0,83227.0,4.0,1.0
83243,True,2.0,79147.0,12.0,1.0
83243,True,2.0,17707.0,16.0,1.0
83243,True,2.0,82219.0,10.0,1.0
83257,False,,,,
83267,True,2.0,83203.0,6.0,1.0
83267,True,2.0,66883.0,14.0,1.0
83269,True,2.0,82757.0,9.0,1.0
83269,True,2.0,83267.0,1.0,1.0
83273,True,2.0,17737.0,16.0,1.0
83273,True,2.0,83257.0,4.0,1.0
83273,True,2.0,66889.0,14.0,1.0
83273,True,2.0,83269.0,2.0,1.0
83299,True,2.0,83267.0,5.0,1.0
83299,True,2.0,82787.0,9.0,1.0
83311,True,2.0,82799.0,9.0,1.0
83311,True,2.0,50543.0,15.0,1.0
83339,False,,,,
83341,True,2.0,81293.0,11.0,1.0
83341,True,2.0,75149.0,13.0,1.0
83341,True,2.0,83339.0,1.0,1.0
83357,True,2.0,83101.0,8.0,1.0
83357,True,2.0,66973.0,14.0,1.0
83357,True,2.0,83341.0,4.0,1.0
83383,False,,,,
83389,True,2.0,83357.0,5.0,1.0
83399,True,2.0,83383.0,4.0,1.0
83399,True,2.0,17863.0,16.0,1.0
83401,True,2.0,83399.0,1.0,1.0
83401,True,2.0,82889.0,9.0,1.0
83401,True,2.0,83273.0,7.0,1.0
83401,True,2.0,81353.0,11.0,1.0
83401,True,2.0,75209.0,13.0,1.0
83407,True,2.0,81359.0,11.0,1.0
83407,True,2.0,83399.0,3.0,1.0
83417,True,2.0,82393.0,10.0,1.0
83417,True,2.0,17881.0,16.0,1.0
83417,True,2.0,67033.0,14.0,1.0
83417,True,2.0,83401.0,4.0,1.0
83423,True,2.0,83407.0,4.0,1.0
83431,True,2.0,83423.0,3.0,1.0
83431,True,2.0,75239.0,13.0,1.0
83431,True,2.0,83399.0,5.0,1.0
83437,False,,,,
83443,False,,,,
83449,True,2.0,81401.0,11.0,1.0
83449,True,2.0,83417.0,5.0,1.0
83459,True,2.0,83203.0,8.0,1.0
83459,True,2.0,83443.0,4.0,1.0
83459,True,2.0,17923.0,16.0,1.0
83471,True,2.0,83407.0,6.0,1.0
83477,True,2.0,83221.0,8.0,1.0
83497,False,,,,
83537,True,2.0,67153.0,14.0,1.0
83537,True,2.0,17.0,4.0,4.0
83557,True,2.0,81509.0,11.0,1.0
83557,True,2.0,50789.0,15.0,1.0
83561,True,2.0,83557.0,2.0,1.0
83561,True,2.0,83497.0,6.0,1.0
83563,True,2.0,83561.0,1.0,1.0
83579,True,2.0,83563.0,4.0,1.0
83579,True,2.0,18043.0,16.0,1.0
83591,True,2.0,82567.0,10.0,1.0
83597,True,2.0,83341.0,8.0,1.0
83597,True,2.0,18061.0,16.0,1.0
83597,True,2.0,67213.0,14.0,1.0
83609,False,,,,
83617,True,2.0,50849.0,15.0,1.0
83617,True,2.0,81569.0,11.0,1.0
83617,True,2.0,83609.0,3.0,1.0
83621,True,2.0,83557.0,6.0,1.0
83621,True,2.0,83617.0,2.0,1.0
83639,True,2.0,83383.0,8.0,1.0
83641,True,2.0,83639.0,1.0,1.0
83641,True,2.0,83609.0,5.0,1.0
83641,True,2.0,50873.0,15.0,1.0
83653,True,2.0,83621.0,5.0,1.0
83663,True,2.0,83407.0,8.0,1.0
83663,True,2.0,18127.0,16.0,1.0
83689,True,2.0,83561.0,7.0,1.0
83689,True,2.0,83177.0,9.0,1.0
83701,False,,,,
83717,True,2.0,83653.0,6.0,1.0
83717,True,2.0,18181.0,16.0,1.0
83717,True,2.0,79621.0,12.0,1.0
83717,True,2.0,83701.0,4.0,1.0
83719,True,2.0,81671.0,11.0,1.0
83719,True,2.0,75527.0,13.0,1.0
83719,True,2.0,50951.0,15.0,1.0
83719,True,2.0,83591.0,7.0,1.0
83719,True,2.0,83717.0,1.0,1.0
83719,True,2.0,83207.0,9.0,1.0
83737,True,2.0,81689.0,11.0,1.0
83737,True,2.0,50969.0,15.0,1.0
83737,True,2.0,83609.0,7.0,1.0
83761,True,2.0,50993.0,15.0,1.0
83773,False,,,,
83777,True,2.0,83773.0,2.0,1.0
83777,True,2.0,83761.0,4.0,1.0
83777,True,2.0,17.0,8.0,4.0
83791,True,2.0,83663.0,7.0,1.0
83813,True,2.0,83557.0,8.0,1.0
83813,True,2.0,67429.0,14.0,1.0
83833,True,2.0,75641.0,13.0,1.0
83843,True,2.0,18307.0,16.0,1.0
83857,False,,,,
83869,True,2.0,83357.0,9.0,1.0
83873,True,2.0,83617.0,8.0,1.0
83873,True,2.0,79777.0,12.0,1.0
83873,True,2.0,83857.0,4.0,1.0
83873,True,2.0,83869.0,2.0,1.0
83873,True,2.0,67489.0,14.0,1.0
83891,False,,,,
83903,True,2.0,18367.0,16.0,1.0
83911,True,2.0,83903.0,3.0,1.0
83911,True,2.0,83399.0,9.0,1.0
83921,True,2.0,83857.0,6.0,1.0
83921,True,2.0,67537.0,14.0,1.0
83933,True,2.0,83869.0,6.0,1.0
83933,True,2.0,18397.0,16.0,1.0
83939,True,2.0,79843.0,12.0,1.0
83969,True,2.0,79873.0,12.0,1.0
83969,True,2.0,18433.0,16.0,1.0
83983,True,2.0,83471.0,9.0,1.0
83987,True,2.0,83983.0,2.0,1.0
83987,True,2.0,18451.0,16.0,1.0
83987,True,2.0,82963.0,10.0,1.0
84011,False,,,,
84017,True,2.0,18481.0,16.0,1.0
84017,True,2.0,83761.0,8.0,1.0
84047,True,2.0,83791.0,8.0,1.0
84047,True,2.0,83023.0,10.0,1.0
84047,True,2.0,83983.0,6.0,1.0
84053,True,2.0,18517.0,16.0,1.0
84059,True,2.0,18523.0,16.0,1.0
84061,True,2.0,83933.0,7.0,1.0
84061,True,2.0,84053.0,3.0,1.0
84061,True,2.0,84059.0,1.0,1.0
84061,True,2.0,82013.0,11.0,1.0
84061,True,2.0,75869.0,13.0,1.0
84067,True,2.0,84059.0,3.0,1.0
84067,True,2.0,83939.0,7.0,1.0
84089,True,2.0,18553.0,16.0,1.0
84089,True,2.0,83833.0,8.0,1.0
84121,True,2.0,84089.0,5.0,1.0
84121,True,2.0,82073.0,11.0,1.0
84121,True,2.0,83609.0,9.0,1.0
84127,False,,,,
84131,True,2.0,84067.0,6.0,1.0
84131,True,2.0,84127.0,2.0,1.0
84137,True,2.0,84121.0,4.0,1.0
84143,True,2.0,84127.0,4.0,1.0
84143,True,2.0,67759.0,14.0,1.0
84163,True,2.0,84131.0,5.0,1.0
84179,True,2.0,84163.0,4.0,1.0
84181,True,2.0,75989.0,13.0,1.0
84181,True,2.0,84053.0,7.0,1.0
84181,True,2.0,84179.0,1.0,1.0
84181,True,2.0,51413.0,15.0,1.0
84191,True,2.0,67807.0,14.0,1.0
84191,True,2.0,84127.0,6.0,1.0
84199,True,2.0,51431.0,15.0,1.0
84199,True,2.0,84191.0,3.0,1.0
84211,True,2.0,82163.0,11.0,1.0
84211,True,2.0,84179.0,5.0,1.0
84221,False,,,,
84223,True,2.0,84221.0,1.0,1.0
84223,True,2.0,76031.0,13.0,1.0
84223,True,2.0,84191.0,5.0,1.0
84229,True,2.0,51461.0,15.0,1.0
84229,True,2.0,83717.0,9.0,1.0
84229,True,2.0,84221.0,3.0,1.0
84239,True,2.0,84223.0,4.0,1.0
84239,True,2.0,83983.0,8.0,1.0
84247,True,2.0,84239.0,3.0,1.0
84247,True,2.0,51479.0,15.0,1.0
84263,True,2.0,80167.0,12.0,1.0
84263,True,2.0,84199.0,6.0,1.0
84263,True,2.0,84247.0,4.0,1.0
84299,False,,,,
84307,True,2.0,51539.0,15.0,1.0
84307,True,2.0,84299.0,3.0,1.0
84307,True,2.0,84179.0,7.0,1.0
84313,False,,,,
84317,True,2.0,84313.0,2.0,1.0
84317,True,2.0,84061.0,8.0,1.0
84317,True,2.0,67933.0,14.0,1.0
84317,True,2.0,80221.0,12.0,1.0
84319,True,2.0,51551.0,15.0,1.0
84319,True,2.0,84317.0,1.0,1.0
84319,True,2.0,84191.0,7.0,1.0
84347,True,2.0,80251.0,12.0,1.0
84349,True,2.0,84347.0,1.0,1.0
84349,True,2.0,84317.0,5.0,1.0
84349,True,2.0,84221.0,7.0,1.0
84349,True,2.0,51581.0,15.0,1.0
84349,True,2.0,82301.0,11.0,1.0
84349,True,2.0,76157.0,13.0,1.0
84377,True,2.0,67993.0,14.0,1.0
84377,True,2.0,84313.0,6.0,1.0
84377,True,2.0,84121.0,8.0,1.0
84389,False,,,,
84391,True,2.0,84263.0,7.0,1.0
84391,True,2.0,84389.0,1.0,1.0
84401,False,,,,
84407,True,2.0,84391.0,4.0,1.0
84407,True,2.0,83383.0,10.0,1.0
84407,True,2.0,68023.0,14.0,1.0
84421,True,2.0,82373.0,11.0,1.0
84421,True,2.0,84389.0,5.0,1.0
84431,True,2.0,83407.0,10.0,1.0
84437,True,2.0,80341.0,12.0,1.0
84437,True,2.0,84181.0,8.0,1.0
84437,True,2.0,84421.0,4.0,1.0
84437,True,2.0,68053.0,14.0,1.0
84443,True,2.0,80347.0,12.0,1.0
84443,True,2.0,68059.0,14.0,1.0
84449,True,2.0,18913.0,16.0,1.0
84457,True,2.0,84449.0,3.0,1.0
84463,True,2.0,84431.0,5.0,1.0
84467,True,2.0,83443.0,10.0,1.0
84467,True,2.0,84211.0,8.0,1.0
84467,True,2.0,84463.0,2.0,1.0
84481,True,2.0,51713.0,15.0,1.0
84481,True,2.0,76289.0,13.0,1.0
84481,True,2.0,83969.0,9.0,1.0
84481,True,2.0,84449.0,5.0,1.0
84499,True,2.0,84467.0,5.0,1.0
84499,True,2.0,83987.0,9.0,1.0
84503,True,2.0,84247.0,8.0,1.0
84503,True,2.0,80407.0,12.0,1.0
84503,True,2.0,84499.0,2.0,1.0
84509,True,2.0,18973.0,16.0,1.0
84521,True,2.0,84457.0,6.0,1.0
84521,True,2.0,83497.0,10.0,1.0
84523,True,2.0,84011.0,9.0,1.0
84523,True,2.0,84521.0,1.0,1.0
84533,False,,,,
84551,False,,,,
84559,True,2.0,84551.0,3.0,1.0
84559,True,2.0,84047.0,9.0,1.0
84559,True,2.0,84431.0,7.0,1.0
84559,True,2.0,76367.0,13.0,1.0
84589,False,,,,
84629,False,,,,
84631,True,2.0,84629.0,1.0,1.0
84631,True,2.0,84503.0,7.0,1.0
84649,True,2.0,82601.0,11.0,1.0
84649,True,2.0,84521.0,7.0,1.0
84649,True,2.0,84137.0,9.0,1.0
84653,True,2.0,84589.0,6.0,1.0
84653,True,2.0,80557.0,12.0,1.0
84653,True,2.0,84649.0,2.0,1.0
84659,False,,,,
84673,True,2.0,76481.0,13.0,1.0
84691,True,2.0,84659.0,5.0,1.0
84691,True,2.0,84179.0,9.0,1.0
84697,True,2.0,51929.0,15.0,1.0
84701,True,2.0,84697.0,2.0,1.0
84713,True,2.0,84649.0,6.0,1.0
84713,True,2.0,84697.0,4.0,1.0
84713,True,2.0,83689.0,10.0,1.0
84713,True,2.0,68329.0,14.0,1.0
84713,True,2.0,84457.0,8.0,1.0
84719,True,2.0,19183.0,16.0,1.0
84719,True,2.0,84463.0,8.0,1.0
84731,False,,,,
84737,True,2.0,84481.0,8.0,1.0
84737,True,2.0,84673.0,6.0,1.0
84751,True,2.0,84719.0,5.0,1.0
84751,True,2.0,84239.0,9.0,1.0
84761,True,2.0,83737.0,10.0,1.0
84761,True,2.0,84697.0,6.0,1.0
84787,True,2.0,84659.0,7.0,1.0
84793,True,2.0,84761.0,5.0,1.0
84809,True,2.0,84793.0,4.0,1.0
84809,True,2.0,80713.0,12.0,1.0
84809,True,2.0,19273.0,16.0,1.0
84811,True,2.0,84299.0,9.0,1.0
84811,True,2.0,82763.0,11.0,1.0
84811,True,2.0,84809.0,1.0,1.0
84827,True,2.0,84811.0,4.0,1.0
84827,True,2.0,68443.0,14.0,1.0
84857,True,2.0,83833.0,10.0,1.0
84857,True,2.0,84793.0,6.0,1.0
84857,True,2.0,68473.0,14.0,1.0
84857,True,2.0,80761.0,12.0,1.0
84857,True,2.0,139.0,16.0,2.0
84859,True,2.0,82811.0,11.0,1.0
84859,True,2.0,84347.0,9.0,1.0
84859,True,2.0,76667.0,13.0,1.0
84859,True,2.0,84857.0,1.0,1.0
84859,True,2.0,84827.0,5.0,1.0
84859,True,2.0,84731.0,7.0,1.0
84869,True,2.0,19333.0,16.0,1.0
84871,True,2.0,84869.0,1.0,1.0
84871,True,2.0,52103.0,15.0,1.0
84871,True,2.0,76679.0,13.0,1.0
84913,True,2.0,84401.0,9.0,1.0
84919,True,2.0,84407.0,9.0,1.0
84947,True,2.0,84691.0,8.0,1.0
84961,True,2.0,82913.0,11.0,1.0
84961,True,2.0,84449.0,9.0,1.0
84967,False,,,,
84977,True,2.0,84961.0,4.0,1.0
84977,True,2.0,19441.0,16.0,1.0
84977,True,2.0,84913.0,6.0,1.0
84979,True,2.0,84947.0,5.0,1.0
84979,True,2.0,84467.0,9.0,1.0
84979,True,2.0,84977.0,1.0,1.0
84991,True,2.0,52223.0,15.0,1.0
85009,True,2.0,84977.0,5.0,1.0
85021,True,2.0,84509.0,9.0,1.0
85021,True,2.0,52253.0,15.0,1.0
85021,True,2.0,76829.0,13.0,1.0
85027,True,2.0,52259.0,15.0,1.0
85037,True,2.0,85021.0,4.0,1.0
85037,True,2.0,19501.0,16.0,1.0
85049,True,2.0,84793.0,8.0,1.0
85049,True,2.0,80953.0,12.0,1.0
85061,False,,,,
85081,True,2.0,52313.0,15.0,1.0
85081,True,2.0,85049.0,5.0,1.0
85087,False,,,,
85091,True,2.0,84067.0,10.0,1.0
85091,True,2.0,85027.0,6.0,1.0
85091,True,2.0,85087.0,2.0,1.0
85093,True,2.0,85061.0,5.0,1.0
85093,True,2.0,85091.0,1.0,1.0
85103,True,2.0,85087.0,4.0,1.0
85109,True,2.0,85093.0,4.0,1.0
85109,True,2.0,81013.0,12.0,1.0
85121,True,2.0,68737.0,14.0,1.0
85133,True,2.0,19597.0,16.0,1.0
85133,True,2.0,68749.0,14.0,1.0
85147,True,2.0,52379.0,15.0,1.0
85159,True,2.0,52391.0,15.0,1.0
85193,True,2.0,81097.0,12.0,1.0
85199,False,,,,
85201,True,2.0,85193.0,3.0,1.0
85201,True,2.0,52433.0,15.0,1.0
85201,True,2.0,85199.0,1.0,1.0
85213,True,2.0,84701.0,9.0,1.0
85223,True,2.0,84199.0,10.0,1.0
85223,True,2.0,84967.0,8.0,1.0
85223,True,2.0,19687.0,16.0,1.0
85223,True,2.0,85159.0,6.0,1.0
85229,True,2.0,85213.0,4.0,1.0
85237,True,2.0,85109.0,7.0,1.0
85237,True,2.0,85229.0,3.0,1.0
85243,True,2.0,84731.0,9.0,1.0
85247,True,2.0,84223.0,10.0,1.0
85247,True,2.0,85243.0,2.0,1.0
85247,True,2.0,68863.0,14.0,1.0
85247,True,2.0,84991.0,8.0,1.0
85259,True,2.0,81163.0,12.0,1.0
85259,True,2.0,85243.0,4.0,1.0
85297,True,2.0,52529.0,15.0,1.0
85303,False,,,,
85313,True,2.0,85297.0,4.0,1.0
85313,True,2.0,19777.0,16.0,1.0
85331,True,2.0,68947.0,14.0,1.0
85331,True,2.0,84307.0,10.0,1.0
85333,True,2.0,77141.0,13.0,1.0
85333,True,2.0,85331.0,1.0,1.0
85361,True,2.0,85297.0,6.0,1.0
85363,True,2.0,85361.0,1.0,1.0
85363,True,2.0,77171.0,13.0,1.0
85363,True,2.0,85331.0,5.0,1.0
85369,True,2.0,85361.0,3.0,1.0
85369,True,2.0,84857.0,9.0,1.0
85381,True,2.0,84869.0,9.0,1.0
85411,False,,,,
85427,True,2.0,81331.0,12.0,1.0
85427,True,2.0,19891.0,16.0,1.0
85427,True,2.0,85411.0,4.0,1.0
85427,True,2.0,85363.0,6.0,1.0
85429,True,2.0,85427.0,1.0,1.0
85429,True,2.0,77237.0,13.0,1.0
85439,True,2.0,81343.0,12.0,1.0
85447,True,2.0,83399.0,11.0,1.0
85447,True,2.0,85439.0,3.0,1.0
85451,True,2.0,69067.0,14.0,1.0
85451,True,2.0,85447.0,2.0,1.0
85453,True,2.0,85451.0,1.0,1.0
85453,True,2.0,77261.0,13.0,1.0
85469,True,2.0,85453.0,4.0,1.0
85469,True,2.0,85213.0,8.0,1.0
85469,True,2.0,81373.0,12.0,1.0
85487,True,2.0,84463.0,10.0,1.0
85513,False,,,,
85517,True,2.0,85513.0,2.0,1.0
85517,True,2.0,81421.0,12.0,1.0
85517,True,2.0,85453.0,6.0,1.0
85523,True,2.0,84499.0,10.0,1.0
85531,True,2.0,85523.0,3.0,1.0
85531,True,2.0,77339.0,13.0,1.0
85549,True,2.0,85517.0,5.0,1.0
85549,True,2.0,85037.0,9.0,1.0
85571,False,,,,
85577,True,2.0,69193.0,14.0,1.0
85577,True,2.0,85513.0,6.0,1.0
85597,True,2.0,85469.0,7.0,1.0
85601,True,2.0,85597.0,2.0,1.0
85607,True,2.0,20071.0,16.0,1.0
85619,True,2.0,85363.0,8.0,1.0
85621,True,2.0,85619.0,1.0,1.0
85621,True,2.0,85109.0,9.0,1.0
85627,True,2.0,52859.0,15.0,1.0
85627,True,2.0,85619.0,3.0,1.0
85627,True,2.0,83579.0,11.0,1.0
85639,True,2.0,85607.0,5.0,1.0
85639,True,2.0,77447.0,13.0,1.0
85639,True,2.0,83591.0,11.0,1.0
85643,True,2.0,85639.0,2.0,1.0
85643,True,2.0,69259.0,14.0,1.0
85643,True,2.0,85627.0,4.0,1.0
85643,True,2.0,20107.0,16.0,1.0
85643,True,2.0,81547.0,12.0,1.0
85661,True,2.0,85597.0,6.0,1.0
85667,True,2.0,85411.0,8.0,1.0
85669,True,2.0,85661.0,3.0,1.0
85669,True,2.0,77477.0,13.0,1.0
85669,True,2.0,52901.0,15.0,1.0
85669,True,2.0,85667.0,1.0,1.0
85669,True,2.0,83621.0,11.0,1.0
85691,True,2.0,85627.0,6.0,1.0
85703,True,2.0,85639.0,6.0,1.0
85703,True,2.0,85447.0,8.0,1.0
85711,True,2.0,85199.0,9.0,1.0
85711,True,2.0,83663.0,11.0,1.0
85711,True,2.0,85703.0,3.0,1.0
85717,False,,,,
85733,True,2.0,85717.0,4.0,1.0
85733,True,2.0,85669.0,6.0,1.0
85733,True,2.0,81637.0,12.0,1.0
85751,False,,,,
85781,True,2.0,85717.0,6.0,1.0
85793,False,,,,
85817,True,2.0,84793.0,10.0,1.0
85819,True,2.0,85691.0,7.0,1.0
85819,True,2.0,85817.0,1.0,1.0
85819,True,2.0,53051.0,15.0,1.0
85829,False,,,,
85831,True,2.0,85829.0,1.0,1.0
85831,True,2.0,85703.0,7.0,1.0
85837,True,2.0,85829.0,3.0,1.0
85837,True,2.0,53069.0,15.0,1.0
85843,True,2.0,85331.0,9.0,1.0
85847,True,2.0,85831.0,4.0,1.0
85847,True,2.0,69463.0,14.0,1.0
85847,True,2.0,85843.0,2.0,1.0
85853,True,2.0,293.0,2.0,2.0
85853,True,2.0,85597.0,8.0,1.0
85853,True,2.0,85837.0,4.0,1.0
85889,True,2.0,20353.0,16.0,1.0
85903,True,2.0,77711.0,13.0,1.0
85909,True,2.0,85781.0,7.0,1.0
85931,False,,,,
85933,True,2.0,85931.0,1.0,1.0
85991,True,2.0,84967.0,10.0,1.0
85999,True,2.0,85487.0,9.0,1.0
85999,True,2.0,85991.0,3.0,1.0
85999,True,2.0,53231.0,15.0,1.0
86011,False,,,,
86017,True,2.0,83969.0,11.0,1.0
86017,True,2.0,85889.0,7.0,1.0
86027,True,2.0,86011.0,4.0,1.0
86027,True,2.0,81931.0,12.0,1.0
86029,True,2.0,85517.0,9.0,1.0
86029,True,2.0,86027.0,1.0,1.0
86069,True,2.0,20533.0,16.0,1.0
86069,True,2.0,81973.0,12.0,1.0
86077,True,2.0,86069.0,3.0,1.0
86077,True,2.0,53309.0,15.0,1.0
86083,True,2.0,85571.0,9.0,1.0
86111,True,2.0,85087.0,10.0,1.0
86113,True,2.0,85601.0,9.0,1.0
86113,True,2.0,86111.0,1.0,1.0
86117,True,2.0,82021.0,12.0,1.0
86117,True,2.0,85093.0,10.0,1.0
86117,True,2.0,86113.0,2.0,1.0
86131,True,2.0,85619.0,9.0,1.0
86137,True,2.0,84089.0,11.0,1.0
86143,True,2.0,77951.0,13.0,1.0
86143,True,2.0,86111.0,5.0,1.0
86161,True,2.0,77969.0,13.0,1.0
86171,True,2.0,85147.0,10.0,1.0
86179,True,2.0,53411.0,15.0,1.0
86179,True,2.0,84131.0,11.0,1.0
86179,True,2.0,85667.0,9.0,1.0
86179,True,2.0,86171.0,3.0,1.0
86183,True,2.0,86179.0,2.0,1.0
86183,True,2.0,85159.0,10.0,1.0
86197,True,2.0,86069.0,7.0,1.0
86201,True,2.0,86137.0,6.0,1.0
86201,True,2.0,86197.0,2.0,1.0
86209,True,2.0,86201.0,3.0,1.0
86209,True,2.0,53441.0,15.0,1.0
86209,True,2.0,78017.0,13.0,1.0
86239,True,2.0,86111.0,7.0,1.0
86239,True,2.0,84191.0,11.0,1.0
86243,True,2.0,20707.0,16.0,1.0
86243,True,2.0,69859.0,14.0,1.0
86243,True,2.0,86239.0,2.0,1.0
86243,True,2.0,86179.0,6.0,1.0
86249,True,2.0,82153.0,12.0,1.0
86257,True,2.0,86249.0,3.0,1.0
86263,True,2.0,85751.0,9.0,1.0
86269,True,2.0,84221.0,11.0,1.0
86287,True,2.0,84239.0,11.0,1.0
86291,True,2.0,86287.0,2.0,1.0
86293,True,2.0,78101.0,13.0,1.0
86293,True,2.0,85781.0,9.0,1.0
86293,True,2.0,86291.0,1.0,1.0
86297,True,2.0,86293.0,2.0,1.0
86311,True,2.0,84263.0,11.0,1.0
86311,True,2.0,86183.0,7.0,1.0
86323,True,2.0,86291.0,5.0,1.0
86341,True,2.0,85829.0,9.0,1.0
86351,True,2.0,86287.0,6.0,1.0
86353,True,2.0,86351.0,1.0,1.0
86357,True,2.0,86341.0,4.0,1.0
86357,True,2.0,86353.0,2.0,1.0
86357,True,2.0,86293.0,6.0,1.0
86357,True,2.0,82261.0,12.0,1.0
86357,True,2.0,85333.0,10.0,1.0
86369,True,2.0,86353.0,4.0,1.0
86369,True,2.0,86113.0,8.0,1.0
86371,True,2.0,86369.0,1.0,1.0
86371,True,2.0,86243.0,7.0,1.0
86371,True,2.0,78179.0,13.0,1.0
86381,True,2.0,69997.0,14.0,1.0
86389,True,2.0,86357.0,5.0,1.0
86389,True,2.0,86381.0,3.0,1.0
86399,True,2.0,86143.0,8.0,1.0
86413,True,2.0,86381.0,5.0,1.0
86423,True,2.0,70039.0,14.0,1.0
86423,True,2.0,20887.0,16.0,1.0
86441,False,,,,
86453,True,2.0,86197.0,8.0,1.0
86453,True,2.0,85429.0,10.0,1.0
86453,True,2.0,86389.0,6.0,1.0
86461,True,2.0,86453.0,3.0,1.0
86461,True,2.0,53693.0,15.0,1.0
86467,True,2.0,53699.0,15.0,1.0
86477,True,2.0,86461.0,4.0,1.0
86477,True,2.0,86413.0,6.0,1.0
86477,True,2.0,85453.0,10.0,1.0
86491,True,2.0,84443.0,11.0,1.0
86501,True,2.0,70117.0,14.0,1.0
86509,True,2.0,86477.0,5.0,1.0
86509,True,2.0,86381.0,7.0,1.0
86509,True,2.0,86501.0,3.0,1.0
86509,True,2.0,78317.0,13.0,1.0
86531,True,2.0,86467.0,6.0,1.0
86533,True,2.0,78341.0,13.0,1.0
86533,True,2.0,86531.0,1.0,1.0
86533,True,2.0,86501.0,5.0,1.0
86539,True,2.0,78347.0,13.0,1.0
86539,True,2.0,86027.0,9.0,1.0
86539,True,2.0,86531.0,3.0,1.0
86561,True,2.0,70177.0,14.0,1.0
86573,True,2.0,86509.0,6.0,1.0
86573,True,2.0,85549.0,10.0,1.0
86579,True,2.0,82483.0,12.0,1.0
86579,True,2.0,86323.0,8.0,1.0
86587,True,2.0,53819.0,15.0,1.0
86587,True,2.0,86579.0,3.0,1.0
86599,True,2.0,53831.0,15.0,1.0
86599,True,2.0,84551.0,11.0,1.0
86627,True,2.0,86371.0,8.0,1.0
86627,True,2.0,82531.0,12.0,1.0
86629,True,2.0,86117.0,9.0,1.0
86629,True,2.0,78437.0,13.0,1.0
86629,True,2.0,86627.0,1.0,1.0
86629,True,2.0,53861.0,15.0,1.0
86629,True,2.0,86501.0,7.0,1.0
86677,True,2.0,84629.0,11.0,1.0
86689,True,2.0,86561.0,7.0,1.0
86689,True,2.0,78497.0,13.0,1.0
86693,True,2.0,85669.0,10.0,1.0
86693,True,2.0,86689.0,2.0,1.0
86693,True,2.0,70309.0,14.0,1.0
86693,True,2.0,86629.0,6.0,1.0
86693,True,2.0,86677.0,4.0,1.0
86693,True,2.0,21157.0,16.0,1.0
86711,True,2.0,70327.0,14.0,1.0
86719,True,2.0,53951.0,15.0,1.0
86719,True,2.0,86711.0,3.0,1.0
86729,True,2.0,82633.0,12.0,1.0
86729,True,2.0,21193.0,16.0,1.0
86743,True,2.0,86711.0,5.0,1.0
86753,True,2.0,82657.0,12.0,1.0
86753,True,2.0,86689.0,6.0,1.0
86767,True,2.0,84719.0,11.0,1.0
86771,True,2.0,86767.0,2.0,1.0
86783,True,2.0,86767.0,4.0,1.0
86783,True,2.0,21247.0,16.0,1.0
86783,True,2.0,86719.0,6.0,1.0
86813,True,2.0,21277.0,16.0,1.0
86813,True,2.0,70429.0,14.0,1.0
86837,False,,,,
86843,True,2.0,86587.0,8.0,1.0
86843,True,2.0,85819.0,10.0,1.0
86843,True,2.0,70459.0,14.0,1.0
86851,True,2.0,86843.0,3.0,1.0
86851,True,2.0,54083.0,15.0,1.0
86857,True,2.0,86729.0,7.0,1.0
86857,True,2.0,84809.0,11.0,1.0
86861,True,2.0,86857.0,2.0,1.0
86861,True,2.0,85837.0,10.0,1.0
86869,True,2.0,86357.0,9.0,1.0
86869,True,2.0,54101.0,15.0,1.0
86869,True,2.0,86837.0,5.0,1.0
86869,True,2.0,86861.0,3.0,1.0
86923,False,,,,
86927,True,2.0,21391.0,16.0,1.0
86927,True,2.0,85903.0,10.0,1.0
86927,True,2.0,86923.0,2.0,1.0
86929,True,2.0,86927.0,1.0,1.0
86929,True,2.0,78737.0,13.0,1.0
86939,True,2.0,86923.0,4.0,1.0
86951,False,,,,
86959,True,2.0,86927.0,5.0,1.0
86959,True,2.0,86951.0,3.0,1.0
86969,True,2.0,21433.0,16.0,1.0
86981,False,,,,
86993,True,2.0,86929.0,6.0,1.0
87011,True,2.0,70627.0,14.0,1.0
87013,True,2.0,86501.0,9.0,1.0
87013,True,2.0,86981.0,5.0,1.0
87013,True,2.0,87011.0,1.0,1.0
87037,True,2.0,54269.0,15.0,1.0
87041,True,2.0,87037.0,2.0,1.0
87041,True,2.0,70657.0,14.0,1.0
87041,True,2.0,86017.0,10.0,1.0
87049,True,2.0,78857.0,13.0,1.0
87049,True,2.0,87041.0,3.0,1.0
87071,True,2.0,70687.0,14.0,1.0
87083,False,,,,
87103,True,2.0,87071.0,5.0,1.0
87107,True,2.0,86083.0,10.0,1.0
87107,True,2.0,87103.0,2.0,1.0
87107,True,2.0,86851.0,8.0,1.0
87119,True,2.0,83023.0,12.0,1.0
87119,True,2.0,87103.0,4.0,1.0
87121,True,2.0,86993.0,7.0,1.0
87121,True,2.0,87119.0,1.0,1.0
87121,True,2.0,78929.0,13.0,1.0
87133,True,2.0,78941.0,13.0,1.0
87149,True,2.0,87133.0,4.0,1.0
87149,True,2.0,21613.0,16.0,1.0
87151,True,2.0,87119.0,5.0,1.0
87151,True,2.0,85103.0,11.0,1.0
87151,True,2.0,87149.0,1.0,1.0
87179,True,2.0,86923.0,8.0,1.0
87181,True,2.0,85133.0,11.0,1.0
87181,True,2.0,87179.0,1.0,1.0
87181,True,2.0,54413.0,15.0,1.0
87181,True,2.0,87149.0,5.0,1.0
87181,True,2.0,78989.0,13.0,1.0
87187,True,2.0,54419.0,15.0,1.0
87187,True,2.0,87179.0,3.0,1.0
87211,True,2.0,54443.0,15.0,1.0
87211,True,2.0,87083.0,7.0,1.0
87211,True,2.0,87179.0,5.0,1.0
87221,True,2.0,86197.0,10.0,1.0
87223,True,2.0,79031.0,13.0,1.0
87223,True,2.0,86711.0,9.0,1.0
87223,True,2.0,87221.0,1.0,1.0
87251,True,2.0,70867.0,14.0,1.0
87251,True,2.0,87187.0,6.0,1.0
87253,True,2.0,87221.0,5.0,1.0
87253,True,2.0,87251.0,1.0,1.0
87257,True,2.0,87253.0,2.0,1.0
87277,True,2.0,87149.0,7.0,1.0
87277,True,2.0,85229.0,11.0,1.0
87281,True,2.0,86257.0,10.0,1.0
87281,True,2.0,87277.0,2.0,1.0
87293,True,2.0,21757.0,16.0,1.0
87293,True,2.0,87037.0,8.0,1.0
87293,True,2.0,87277.0,4.0,1.0
87293,True,2.0,86269.0,10.0,1.0
87299,True,2.0,83203.0,12.0,1.0
87313,True,2.0,87281.0,5.0,1.0
87317,True,2.0,87313.0,2.0,1.0
87317,True,2.0,86293.0,10.0,1.0
87317,True,2.0,83221.0,12.0,1.0
87317,True,2.0,87253.0,6.0,1.0
87323,True,2.0,21787.0,16.0,1.0
87323,True,2.0,83227.0,12.0,1.0
87337,False,,,,
87359,True,2.0,87103.0,8.0,1.0
87383,True,2.0,70999.0,14.0,1.0
87403,False,,,,
87407,True,2.0,87403.0,2.0,1.0
87407,True,2.0,87151.0,8.0,1.0
87407,True,2.0,21871.0,16.0,1.0
87407,True,2.0,83311.0,12.0,1.0
87407,True,2.0,71023.0,14.0,1.0
87421,True,2.0,87293.0,7.0,1.0
87421,True,2.0,79229.0,13.0,1.0
87427,True,2.0,87299.0,7.0,1.0
87433,True,2.0,79241.0,13.0,1.0
87443,True,2.0,71059.0,14.0,1.0
87443,True,2.0,87187.0,8.0,1.0
87443,True,2.0,87427.0,4.0,1.0
87473,True,2.0,21937.0,16.0,1.0
87473,True,2.0,71089.0,14.0,1.0
87481,True,2.0,54713.0,15.0,1.0
87481,True,2.0,86969.0,9.0,1.0
87481,True,2.0,87473.0,3.0,1.0
87491,True,2.0,86467.0,10.0,1.0
87491,True,2.0,87427.0,6.0,1.0
87509,True,2.0,87253.0,8.0,1.0
87511,True,2.0,79319.0,13.0,1.0
87511,True,2.0,87383.0,7.0,1.0
87511,True,2.0,87509.0,1.0,1.0
87517,True,2.0,85469.0,11.0,1.0
87517,True,2.0,87509.0,3.0,1.0
87523,True,2.0,87491.0,5.0,1.0
87523,True,2.0,87011.0,9.0,1.0
87539,True,2.0,22003.0,16.0,1.0
87539,True,2.0,83443.0,12.0,1.0
87539,True,2.0,87523.0,4.0,1.0
87541,True,2.0,79349.0,13.0,1.0
87541,True,2.0,87539.0,1.0,1.0
87541,True,2.0,87509.0,5.0,1.0
87541,True,2.0,54773.0,15.0,1.0
87547,True,2.0,87539.0,3.0,1.0
87547,True,2.0,54779.0,15.0,1.0
87553,True,2.0,87041.0,9.0,1.0
87557,True,2.0,86533.0,10.0,1.0
87557,True,2.0,87541.0,4.0,1.0
87557,True,2.0,87553.0,2.0,1.0
87559,True,2.0,87557.0,1.0,1.0
87559,True,2.0,79367.0,13.0,1.0
87583,True,2.0,87071.0,9.0,1.0
87587,True,2.0,22051.0,16.0,1.0
87587,True,2.0,87583.0,2.0,1.0
87587,True,2.0,87523.0,6.0,1.0
87589,True,2.0,87587.0,1.0,1.0
87589,True,2.0,87557.0,5.0,1.0
87589,True,2.0,79397.0,13.0,1.0
87613,False,,,,
87623,True,2.0,86599.0,10.0,1.0
87623,True,2.0,87559.0,6.0,1.0
87629,True,2.0,87613.0,4.0,1.0
87629,True,2.0,22093.0,16.0,1.0
87631,True,2.0,87119.0,9.0,1.0
87631,True,2.0,87623.0,3.0,1.0
87631,True,2.0,87629.0,1.0,1.0
87641,True,2.0,71257.0,14.0,1.0
87643,True,2.0,87641.0,1.0,1.0
87643,True,2.0,79451.0,13.0,1.0
87649,True,2.0,87641.0,3.0,1.0
87649,True,2.0,54881.0,15.0,1.0
87649,True,2.0,85601.0,11.0,1.0
87671,True,2.0,71287.0,14.0,1.0
87679,True,2.0,87671.0,3.0,1.0
87683,True,2.0,87427.0,8.0,1.0
87683,True,2.0,22147.0,16.0,1.0
87683,True,2.0,87679.0,2.0,1.0
87691,True,2.0,87179.0,9.0,1.0
87691,True,2.0,85643.0,11.0,1.0
87691,True,2.0,87683.0,3.0,1.0
87697,False,,,,
87701,True,2.0,71317.0,14.0,1.0
87701,True,2.0,86677.0,10.0,1.0
87701,True,2.0,87697.0,2.0,1.0
87719,False,,,,
87721,True,2.0,87719.0,1.0,1.0
87739,True,2.0,85691.0,11.0,1.0
87743,True,2.0,87739.0,2.0,1.0
87743,True,2.0,71359.0,14.0,1.0
87743,True,2.0,87679.0,6.0,1.0
87743,True,2.0,86719.0,10.0,1.0
87751,True,2.0,87623.0,7.0,1.0
87751,True,2.0,87719.0,5.0,1.0
87751,True,2.0,85703.0,11.0,1.0
87751,True,2.0,87743.0,3.0,1.0
87751,True,2.0,79559.0,13.0,1.0
87751,True,2.0,54983.0,15.0,1.0
87767,True,2.0,86743.0,10.0,1.0
87767,True,2.0,87511.0,8.0,1.0
87767,True,2.0,87751.0,4.0,1.0
87793,True,2.0,79601.0,13.0,1.0
87793,True,2.0,87281.0,9.0,1.0
87797,True,2.0,87793.0,2.0,1.0
87797,True,2.0,83701.0,12.0,1.0
87797,True,2.0,71413.0,14.0,1.0
87797,True,2.0,87541.0,8.0,1.0
87803,True,2.0,87547.0,8.0,1.0
87803,True,2.0,71419.0,14.0,1.0
87803,True,2.0,87739.0,6.0,1.0
87811,True,2.0,87299.0,9.0,1.0
87811,True,2.0,87803.0,3.0,1.0
87811,True,2.0,87683.0,7.0,1.0
87833,True,2.0,83737.0,12.0,1.0
87853,False,,,,
87869,True,2.0,87853.0,4.0,1.0
87869,True,2.0,83773.0,12.0,1.0
87869,True,2.0,87613.0,8.0,1.0
87877,True,2.0,55109.0,15.0,1.0
87877,True,2.0,85829.0,11.0,1.0
87877,True,2.0,87869.0,3.0,1.0
87881,True,2.0,86857.0,10.0,1.0
87881,True,2.0,87877.0,2.0,1.0
87887,True,2.0,83791.0,12.0,1.0
87887,True,2.0,87631.0,8.0,1.0
87887,True,2.0,71503.0,14.0,1.0
87911,True,2.0,71527.0,14.0,1.0
87917,True,2.0,22381.0,16.0,1.0
87917,True,2.0,87853.0,6.0,1.0
87931,True,2.0,55163.0,15.0,1.0
87931,True,2.0,87803.0,7.0,1.0
87943,True,2.0,87911.0,5.0,1.0
87959,True,2.0,87943.0,4.0,1.0
87961,True,2.0,87833.0,7.0,1.0
87961,True,2.0,79769.0,13.0,1.0
87961,True,2.0,87959.0,1.0,1.0
87973,False,,,,
87977,True,2.0,87973.0,2.0,1.0
87977,True,2.0,87961.0,4.0,1.0
87977,True,2.0,71593.0,14.0,1.0
87977,True,2.0,22441.0,16.0,1.0
87977,True,2.0,87721.0,8.0,1.0
87991,True,2.0,87959.0,5.0,1.0
88001,False,,,,
88003,True,2.0,88001.0,1.0,1.0
88003,True,2.0,79811.0,13.0,1.0
88003,True,2.0,87491.0,9.0,1.0
88007,True,2.0,88003.0,2.0,1.0
88007,True,2.0,83911.0,12.0,1.0
88007,True,2.0,87751.0,8.0,1.0
88007,True,2.0,87991.0,4.0,1.0
88007,True,2.0,87943.0,6.0,1.0
88019,True,2.0,88003.0,4.0,1.0
88019,True,2.0,22483.0,16.0,1.0
88037,True,2.0,87013.0,10.0,1.0
88037,True,2.0,22501.0,16.0,1.0
88037,True,2.0,87973.0,6.0,1.0
88069,True,2.0,87557.0,9.0,1.0
88069,True,2.0,88037.0,5.0,1.0
88079,True,2.0,83983.0,12.0,1.0
88079,True,2.0,22543.0,16.0,1.0
88093,True,2.0,79901.0,13.0,1.0
88117,True,2.0,86069.0,11.0,1.0
88129,True,2.0,88001.0,7.0,1.0
88169,False,,,,
88177,True,2.0,88169.0,3.0,1.0
88211,True,2.0,87187.0,10.0,1.0
88223,True,2.0,84127.0,12.0,1.0
88237,True,2.0,55469.0,15.0,1.0
88241,True,2.0,88177.0,6.0,1.0
88241,True,2.0,88237.0,2.0,1.0
88259,True,2.0,88003.0,8.0,1.0
88259,True,2.0,84163.0,12.0,1.0
88261,True,2.0,88259.0,1.0,1.0
88289,False,,,,
88301,True,2.0,88237.0,6.0,1.0
88301,True,2.0,71917.0,14.0,1.0
88301,True,2.0,87277.0,10.0,1.0
88321,True,2.0,88289.0,5.0,1.0
88327,False,,,,
88337,True,2.0,151.0,16.0,2.0
88337,True,2.0,87313.0,10.0,1.0
88337,True,2.0,88321.0,4.0,1.0
88339,True,2.0,88337.0,1.0,1.0
88339,True,2.0,88211.0,7.0,1.0
88339,True,2.0,80147.0,13.0,1.0
88339,True,2.0,86291.0,11.0,1.0
88379,False,,,,
88397,True,2.0,22861.0,16.0,1.0
88411,True,2.0,88379.0,5.0,1.0
88423,True,2.0,87911.0,9.0,1.0
88423,True,2.0,80231.0,13.0,1.0
88427,True,2.0,88423.0,2.0,1.0
88427,True,2.0,88411.0,4.0,1.0
88427,True,2.0,87403.0,10.0,1.0
88427,True,2.0,72043.0,14.0,1.0
88463,False,,,,
88469,False,,,,
88471,True,2.0,86423.0,11.0,1.0
88471,True,2.0,80279.0,13.0,1.0
88471,True,2.0,87959.0,9.0,1.0
88471,True,2.0,88463.0,3.0,1.0
88471,True,2.0,88469.0,1.0,1.0
88493,True,2.0,72109.0,14.0,1.0
88493,True,2.0,88237.0,8.0,1.0
88499,True,2.0,22963.0,16.0,1.0
88513,True,2.0,88001.0,9.0,1.0
88523,True,2.0,72139.0,14.0,1.0
88547,True,2.0,87523.0,10.0,1.0
88547,True,2.0,23011.0,16.0,1.0
88589,True,2.0,23053.0,16.0,1.0
88591,True,2.0,88463.0,7.0,1.0
88591,True,2.0,88589.0,1.0,1.0
88591,True,2.0,55823.0,15.0,1.0
88591,True,2.0,88079.0,9.0,1.0
88607,True,2.0,87583.0,10.0,1.0
88607,True,2.0,88591.0,4.0,1.0
88607,True,2.0,23071.0,16.0,1.0
88607,True,2.0,72223.0,14.0,1.0
88609,True,2.0,88607.0,1.0,1.0
88609,True,2.0,86561.0,11.0,1.0
88643,False,,,,
88651,True,2.0,88643.0,3.0,1.0
88651,True,2.0,88523.0,7.0,1.0
88657,True,2.0,55889.0,15.0,1.0
88661,True,2.0,72277.0,14.0,1.0
88661,True,2.0,88657.0,2.0,1.0
88663,True,2.0,80471.0,13.0,1.0
88663,True,2.0,88661.0,1.0,1.0
88667,True,2.0,87643.0,10.0,1.0
88667,True,2.0,88651.0,4.0,1.0
88667,True,2.0,88663.0,2.0,1.0
88667,True,2.0,23131.0,16.0,1.0
88667,True,2.0,88411.0,8.0,1.0
88681,True,2.0,88169.0,9.0,1.0
88681,True,2.0,80489.0,13.0,1.0
88721,True,2.0,87697.0,10.0,1.0
88721,True,2.0,72337.0,14.0,1.0
88721,True,2.0,88657.0,6.0,1.0
88729,True,2.0,88721.0,3.0,1.0
88729,True,2.0,80537.0,13.0,1.0
88741,True,2.0,86693.0,11.0,1.0
88747,False,,,,
88771,True,2.0,88643.0,7.0,1.0
88771,True,2.0,56003.0,15.0,1.0
88771,True,2.0,88259.0,9.0,1.0
88789,True,2.0,88661.0,7.0,1.0
88793,True,2.0,88729.0,6.0,1.0
88793,True,2.0,88789.0,2.0,1.0
88793,True,2.0,84697.0,12.0,1.0
88799,False,,,,
88801,True,2.0,86753.0,11.0,1.0
88801,True,2.0,88799.0,1.0,1.0
88801,True,2.0,88289.0,9.0,1.0
88801,True,2.0,88793.0,3.0,1.0
88807,True,2.0,56039.0,15.0,1.0
88807,True,2.0,88799.0,3.0,1.0
88811,True,2.0,88747.0,6.0,1.0
88811,True,2.0,88807.0,2.0,1.0
88813,True,2.0,80621.0,13.0,1.0
88813,True,2.0,88811.0,1.0,1.0
88813,True,2.0,88301.0,9.0,1.0
88817,True,2.0,88801.0,4.0,1.0
88817,True,2.0,87793.0,10.0,1.0
88817,True,2.0,88813.0,2.0,1.0
88819,True,2.0,88811.0,3.0,1.0
88819,True,2.0,86771.0,11.0,1.0
88819,True,2.0,80627.0,13.0,1.0
88819,True,2.0,88817.0,1.0,1.0
88843,True,2.0,88811.0,5.0,1.0
88843,True,2.0,80651.0,13.0,1.0
88853,True,2.0,88789.0,6.0,1.0
88853,True,2.0,72469.0,14.0,1.0
88861,True,2.0,80669.0,13.0,1.0
88861,True,2.0,86813.0,11.0,1.0
88861,True,2.0,56093.0,15.0,1.0
88861,True,2.0,88853.0,3.0,1.0
88867,True,2.0,56099.0,15.0,1.0
88873,True,2.0,80681.0,13.0,1.0
88883,True,2.0,88867.0,4.0,1.0
88883,True,2.0,88819.0,6.0,1.0
88883,True,2.0,84787.0,12.0,1.0
88897,False,,,,
88903,False,,,,
88919,True,2.0,88903.0,4.0,1.0
88919,True,2.0,88663.0,8.0,1.0
88937,True,2.0,88873.0,6.0,1.0
88937,True,2.0,88681.0,8.0,1.0
88951,True,2.0,88919.0,5.0,1.0
88969,True,2.0,88937.0,5.0,1.0
88969,True,2.0,80777.0,13.0,1.0
88993,False,,,,
88997,True,2.0,87973.0,10.0,1.0
88997,True,2.0,88993.0,2.0,1.0
88997,True,2.0,88741.0,8.0,1.0
88997,True,2.0,72613.0,14.0,1.0
89003,True,2.0,88747.0,8.0,1.0
89009,True,2.0,23473.0,16.0,1.0
89009,True,2.0,88993.0,4.0,1.0
89009,True,2.0,84913.0,12.0,1.0
89017,True,2.0,56249.0,15.0,1.0
89017,True,2.0,89009.0,3.0,1.0
89017,True,2.0,86969.0,11.0,1.0
89021,True,2.0,89017.0,2.0,1.0
89041,True,2.0,89009.0,5.0,1.0
89041,True,2.0,86993.0,11.0,1.0
89041,True,2.0,80849.0,13.0,1.0
89051,False,,,,
89057,True,2.0,89041.0,4.0,1.0
89057,True,2.0,84961.0,12.0,1.0
89057,True,2.0,72673.0,14.0,1.0
89057,True,2.0,88993.0,6.0,1.0
89057,True,2.0,88801.0,8.0,1.0
89069,True,2.0,88813.0,8.0,1.0
89071,True,2.0,89069.0,1.0,1.0
89083,True,2.0,89051.0,5.0,1.0
89087,True,2.0,89071.0,4.0,1.0
89087,True,2.0,89083.0,2.0,1.0
89087,True,2.0,84991.0,12.0,1.0
89101,True,2.0,80909.0,13.0,1.0
89101,True,2.0,88589.0,9.0,1.0
89101,True,2.0,56333.0,15.0,1.0
89101,True,2.0,89069.0,5.0,1.0
89107,False,,,,
89113,False,,,,
89119,True,2.0,87071.0,11.0,1.0
89119,True,2.0,89087.0,5.0,1.0
89119,True,2.0,88607.0,9.0,1.0
89123,True,2.0,72739.0,14.0,1.0
89123,True,2.0,88867.0,8.0,1.0
89123,True,2.0,89107.0,4.0,1.0
89123,True,2.0,85027.0,12.0,1.0
89123,True,2.0,89119.0,2.0,1.0
89137,True,2.0,56369.0,15.0,1.0
89137,True,2.0,89009.0,7.0,1.0
89153,True,2.0,88897.0,8.0,1.0
89153,True,2.0,88129.0,10.0,1.0
89153,True,2.0,89137.0,4.0,1.0
89189,True,2.0,85093.0,12.0,1.0
89203,False,,,,
89209,True,2.0,81017.0,13.0,1.0
89213,True,2.0,23677.0,16.0,1.0
89213,True,2.0,89209.0,2.0,1.0
89227,True,2.0,87179.0,11.0,1.0
89231,True,2.0,89227.0,2.0,1.0
89237,False,,,,
89261,True,2.0,88237.0,10.0,1.0
89269,True,2.0,56501.0,15.0,1.0
89269,True,2.0,89261.0,3.0,1.0
89269,True,2.0,81077.0,13.0,1.0
89269,True,2.0,89237.0,5.0,1.0
89269,True,2.0,87221.0,11.0,1.0
89273,True,2.0,89269.0,2.0,1.0
89273,True,2.0,72889.0,14.0,1.0
89273,True,2.0,89209.0,6.0,1.0
89273,True,2.0,89017.0,8.0,1.0
89293,True,2.0,81101.0,13.0,1.0
89293,True,2.0,89261.0,5.0,1.0
89303,True,2.0,23767.0,16.0,1.0
89317,True,2.0,89189.0,7.0,1.0
89329,True,2.0,87281.0,11.0,1.0
89329,True,2.0,88817.0,9.0,1.0
89363,True,2.0,23827.0,16.0,1.0
89363,True,2.0,89107.0,8.0,1.0
89363,True,2.0,88339.0,10.0,1.0
89371,True,2.0,89363.0,3.0,1.0
89371,True,2.0,87323.0,11.0,1.0
89381,True,2.0,72997.0,14.0,1.0
89381,True,2.0,89317.0,6.0,1.0
89387,True,2.0,89371.0,4.0,1.0
89393,True,2.0,89137.0,8.0,1.0
89393,True,2.0,23857.0,16.0,1.0
89393,True,2.0,73009.0,14.0,1.0
89393,True,2.0,89329.0,6.0,1.0
89393,True,2.0,85297.0,12.0,1.0
89399,True,2.0,85303.0,12.0,1.0
89413,True,2.0,89381.0,5.0,1.0
89417,True,2.0,89413.0,2.0,1.0
89431,True,2.0,89303.0,7.0,1.0
89431,True,2.0,56663.0,15.0,1.0
89431,True,2.0,88919.0,9.0,1.0
89431,True,2.0,87383.0,11.0,1.0
89431,True,2.0,81239.0,13.0,1.0
89431,True,2.0,89399.0,5.0,1.0
89443,False,,,,
89449,True,2.0,89417.0,5.0,1.0
89449,True,2.0,56681.0,15.0,1.0
89449,True,2.0,88937.0,9.0,1.0
89459,True,2.0,89203.0,8.0,1.0
89459,True,2.0,89443.0,4.0,1.0
89459,True,2.0,85363.0,12.0,1.0
89477,True,2.0,85381.0,12.0,1.0
89477,True,2.0,89413.0,6.0,1.0
89491,True,2.0,81299.0,13.0,1.0
89491,True,2.0,87443.0,11.0,1.0
89491,True,2.0,89459.0,5.0,1.0
89491,True,2.0,89363.0,7.0,1.0
89501,False,,,,
89513,True,2.0,23977.0,16.0,1.0
89513,True,2.0,89449.0,6.0,1.0
89519,False,,,,
89521,True,2.0,89519.0,1.0,1.0
89521,True,2.0,87473.0,11.0,1.0
89521,True,2.0,89009.0,9.0,1.0
89521,True,2.0,89393.0,7.0,1.0
89521,True,2.0,89513.0,3.0,1.0
89527,True,2.0,89519.0,3.0,1.0
89527,True,2.0,89399.0,7.0,1.0
89533,True,2.0,89021.0,9.0,1.0
89533,True,2.0,89501.0,5.0,1.0
89561,False,,,,
89563,True,2.0,89051.0,9.0,1.0
89563,True,2.0,81371.0,13.0,1.0
89563,True,2.0,89561.0,1.0,1.0
89567,True,2.0,89563.0,2.0,1.0
89591,True,2.0,89527.0,6.0,1.0
89597,True,2.0,89533.0,6.0,1.0
89597,True,2.0,24061.0,16.0,1.0
89599,True,2.0,89567.0,5.0,1.0
89599,True,2.0,89087.0,9.0,1.0
89599,True,2.0,89597.0,1.0,1.0
89599,True,2.0,89591.0,3.0,1.0
89603,True,2.0,89599.0,2.0,1.0
89611,True,2.0,56843.0,15.0,1.0
89611,True,2.0,89603.0,3.0,1.0
89627,True,2.0,89611.0,4.0,1.0
89627,True,2.0,73243.0,14.0,1.0
89627,True,2.0,85531.0,12.0,1.0
89627,True,2.0,89371.0,8.0,1.0
89627,True,2.0,89563.0,6.0,1.0
89627,True,2.0,24091.0,16.0,1.0
89633,True,2.0,24097.0,16.0,1.0
89633,True,2.0,88609.0,10.0,1.0
89653,False,,,,
89657,True,2.0,24121.0,16.0,1.0
89657,True,2.0,89653.0,2.0,1.0
89659,True,2.0,89627.0,5.0,1.0
89659,True,2.0,89657.0,1.0,1.0
89659,True,2.0,56891.0,15.0,1.0
89669,True,2.0,89653.0,4.0,1.0
89669,True,2.0,24133.0,16.0,1.0
89669,True,2.0,89413.0,8.0,1.0
89671,True,2.0,87623.0,11.0,1.0
89671,True,2.0,89669.0,1.0,1.0
89681,True,2.0,88657.0,10.0,1.0
89689,True,2.0,89561.0,7.0,1.0
89689,True,2.0,89681.0,3.0,1.0
89689,True,2.0,89657.0,5.0,1.0
89689,True,2.0,87641.0,11.0,1.0
89689,True,2.0,56921.0,15.0,1.0
89753,True,2.0,88729.0,10.0,1.0
89753,True,2.0,73369.0,14.0,1.0
89753,True,2.0,89689.0,6.0,1.0
89759,True,2.0,24223.0,16.0,1.0
89767,True,2.0,87719.0,11.0,1.0
89767,True,2.0,56999.0,15.0,1.0
89767,True,2.0,89759.0,3.0,1.0
89779,False,,,,
89783,True,2.0,24247.0,16.0,1.0
89783,True,2.0,89527.0,8.0,1.0
89783,True,2.0,89779.0,2.0,1.0
89783,True,2.0,89767.0,4.0,1.0
89797,True,2.0,89669.0,7.0,1.0
89809,True,2.0,89681.0,7.0,1.0
89809,True,2.0,57041.0,15.0,1.0
89819,True,2.0,89563.0,8.0,1.0
89821,True,2.0,81629.0,13.0,1.0
89821,True,2.0,89819.0,1.0,1.0
89833,False,,,,
89839,True,2.0,81647.0,13.0,1.0
89849,True,2.0,89833.0,4.0,1.0
89867,True,2.0,88843.0,10.0,1.0
89867,True,2.0,89611.0,8.0,1.0
89867,True,2.0,73483.0,14.0,1.0
89891,True,2.0,88867.0,10.0,1.0
89897,True,2.0,88873.0,10.0,1.0
89897,True,2.0,89833.0,6.0,1.0
89899,True,2.0,89891.0,3.0,1.0
89899,True,2.0,89897.0,1.0,1.0
89899,True,2.0,81707.0,13.0,1.0
89899,True,2.0,89387.0,9.0,1.0
89899,True,2.0,89867.0,5.0,1.0
89899,True,2.0,57131.0,15.0,1.0
89909,True,2.0,24373.0,16.0,1.0
89909,True,2.0,89653.0,8.0,1.0
89917,True,2.0,57149.0,15.0,1.0
89917,True,2.0,89909.0,3.0,1.0
89917,True,2.0,87869.0,11.0,1.0
89923,True,2.0,89891.0,5.0,1.0
89939,True,2.0,89923.0,4.0,1.0
89939,True,2.0,85843.0,12.0,1.0
89959,True,2.0,87911.0,11.0,1.0
89959,True,2.0,57191.0,15.0,1.0
89963,True,2.0,89899.0,6.0,1.0
89963,True,2.0,89959.0,2.0,1.0
89977,True,2.0,89849.0,7.0,1.0
89983,False,,,,
89989,True,2.0,89477.0,9.0,1.0
89989,True,2.0,57221.0,15.0,1.0
90001,False,,,,
90007,True,2.0,87959.0,11.0,1.0
90011,True,2.0,90007.0,2.0,1.0
90017,True,2.0,24481.0,16.0,1.0
90017,True,2.0,90001.0,4.0,1.0
90017,True,2.0,88993.0,10.0,1.0
90019,True,2.0,90011.0,3.0,1.0
90019,True,2.0,57251.0,15.0,1.0
90019,True,2.0,89891.0,7.0,1.0
90019,True,2.0,90017.0,1.0,1.0
90023,True,2.0,89959.0,6.0,1.0
90023,True,2.0,89767.0,8.0,1.0
90023,True,2.0,90007.0,4.0,1.0
90023,True,2.0,90019.0,2.0,1.0
90031,True,2.0,90023.0,3.0,1.0
90031,True,2.0,81839.0,13.0,1.0
90031,True,2.0,89519.0,9.0,1.0
90053,True,2.0,89797.0,8.0,1.0
90053,True,2.0,89989.0,6.0,1.0
90053,True,2.0,24517.0,16.0,1.0
90059,False,,,,
90067,True,2.0,88019.0,11.0,1.0
90067,True,2.0,89939.0,7.0,1.0
90067,True,2.0,90059.0,3.0,1.0
90071,True,2.0,90067.0,2.0,1.0
90071,True,2.0,90007.0,6.0,1.0
90073,True,2.0,89561.0,9.0,1.0
90073,True,2.0,90071.0,1.0,1.0
90089,True,2.0,89833.0,8.0,1.0
90089,True,2.0,90073.0,4.0,1.0
90107,True,2.0,86011.0,12.0,1.0
90107,True,2.0,89083.0,10.0,1.0
90107,True,2.0,24571.0,16.0,1.0
90121,True,2.0,81929.0,13.0,1.0
90121,True,2.0,90089.0,5.0,1.0
90127,True,2.0,88079.0,11.0,1.0
90149,False,,,,
90163,True,2.0,81971.0,13.0,1.0
90173,True,2.0,86077.0,12.0,1.0
90173,True,2.0,89917.0,8.0,1.0
90187,True,2.0,90059.0,7.0,1.0
90191,True,2.0,90187.0,2.0,1.0
90191,True,2.0,90127.0,6.0,1.0
90197,False,,,,
90199,True,2.0,90071.0,7.0,1.0
90199,True,2.0,90197.0,1.0,1.0
90199,True,2.0,90191.0,3.0,1.0
90199,True,2.0,82007.0,13.0,1.0
90203,True,2.0,90199.0,2.0,1.0
90203,True,2.0,73819.0,14.0,1.0
90203,True,2.0,90187.0,4.0,1.0
90217,True,2.0,88169.0,11.0,1.0
90217,True,2.0,90089.0,7.0,1.0
90227,True,2.0,89203.0,10.0,1.0
90227,True,2.0,24691.0,16.0,1.0
90227,True,2.0,90163.0,6.0,1.0
90227,True,2.0,86131.0,12.0,1.0
90239,True,2.0,86143.0,12.0,1.0
90239,True,2.0,89983.0,8.0,1.0
90247,True,2.0,90239.0,3.0,1.0
90263,True,2.0,90007.0,8.0,1.0
90263,True,2.0,90247.0,4.0,1.0
90263,True,2.0,90199.0,6.0,1.0
90271,True,2.0,89759.0,9.0,1.0
90271,True,2.0,88223.0,11.0,1.0
90271,True,2.0,90263.0,3.0,1.0
90271,True,2.0,57503.0,15.0,1.0
90271,True,2.0,90239.0,5.0,1.0
90281,True,2.0,90217.0,6.0,1.0
90281,True,2.0,73897.0,14.0,1.0
90289,True,2.0,90281.0,3.0,1.0
90289,True,2.0,88241.0,11.0,1.0
90313,True,2.0,90281.0,5.0,1.0
90353,True,2.0,89329.0,10.0,1.0
90353,True,2.0,86257.0,12.0,1.0
90353,True,2.0,90289.0,6.0,1.0
90359,True,2.0,86263.0,12.0,1.0
90371,False,,,,
90373,True,2.0,90371.0,1.0,1.0
90379,True,2.0,89867.0,9.0,1.0
90379,True,2.0,90371.0,3.0,1.0
90397,False,,,,
90401,True,2.0,90397.0,2.0,1.0
90401,True,2.0,74017.0,14.0,1.0
90403,True,2.0,90401.0,1.0,1.0
90403,True,2.0,89891.0,9.0,1.0
90403,True,2.0,90371.0,5.0,1.0
90407,True,2.0,86311.0,12.0,1.0
90407,True,2.0,90403.0,2.0,1.0
90437,True,2.0,90373.0,6.0,1.0
90437,True,2.0,89413.0,10.0,1.0
90437,True,2.0,86341.0,12.0,1.0
90439,True,2.0,90407.0,5.0,1.0
90439,True,2.0,90437.0,1.0,1.0
90469,True,2.0,90437.0,5.0,1.0
90473,True,2.0,90217.0,8.0,1.0
90473,True,2.0,89449.0,10.0,1.0
90473,True,2.0,90469.0,2.0,1.0
90481,True,2.0,90473.0,3.0,1.0
90481,True,2.0,90353.0,7.0,1.0
90481,True,2.0,57713.0,15.0,1.0
90499,True,2.0,82307.0,13.0,1.0
90499,True,2.0,57731.0,15.0,1.0
90499,True,2.0,90371.0,7.0,1.0
90511,True,2.0,88463.0,11.0,1.0
90523,True,2.0,90011.0,9.0,1.0
90527,True,2.0,90523.0,2.0,1.0
90527,True,2.0,90511.0,4.0,1.0
90527,True,2.0,74143.0,14.0,1.0
90527,True,2.0,90271.0,8.0,1.0
90529,True,2.0,90527.0,1.0,1.0
90529,True,2.0,90401.0,7.0,1.0
90529,True,2.0,90017.0,9.0,1.0
90533,True,2.0,90469.0,6.0,1.0
90533,True,2.0,74149.0,14.0,1.0
90533,True,2.0,90529.0,2.0,1.0
90547,True,2.0,88499.0,11.0,1.0
90583,True,2.0,90071.0,9.0,1.0
90599,True,2.0,90583.0,4.0,1.0
90617,False,,,,
90619,True,2.0,90107.0,9.0,1.0
90619,True,2.0,90617.0,1.0,1.0
90631,True,2.0,90599.0,5.0,1.0
90641,True,2.0,74257.0,14.0,1.0
90647,True,2.0,90583.0,6.0,1.0
90647,True,2.0,25111.0,16.0,1.0
90647,True,2.0,90631.0,4.0,1.0
90659,True,2.0,90403.0,8.0,1.0
90677,True,2.0,74293.0,14.0,1.0
90677,True,2.0,89653.0,10.0,1.0
90679,True,2.0,90647.0,5.0,1.0
90679,True,2.0,90677.0,1.0,1.0
90679,True,2.0,82487.0,13.0,1.0
90697,False,,,,
90703,True,2.0,90191.0,9.0,1.0
90709,True,2.0,88661.0,11.0,1.0
90709,True,2.0,90197.0,9.0,1.0
90709,True,2.0,90677.0,5.0,1.0
90731,False,,,,
90749,False,,,,
90787,True,2.0,90659.0,7.0,1.0
90793,True,2.0,90281.0,9.0,1.0
90793,True,2.0,82601.0,13.0,1.0
90803,True,2.0,90547.0,8.0,1.0
90803,True,2.0,90787.0,4.0,1.0
90803,True,2.0,89779.0,10.0,1.0
90803,True,2.0,74419.0,14.0,1.0
90821,True,2.0,89797.0,10.0,1.0
90823,True,2.0,90821.0,1.0,1.0
90833,True,2.0,74449.0,14.0,1.0
90833,True,2.0,89809.0,10.0,1.0
90841,True,2.0,90833.0,3.0,1.0
90841,True,2.0,88793.0,11.0,1.0
90841,True,2.0,58073.0,15.0,1.0
90847,True,2.0,88799.0,11.0,1.0
90863,True,2.0,89839.0,10.0,1.0
90863,True,2.0,86767.0,12.0,1.0
90863,True,2.0,90847.0,4.0,1.0
90887,True,2.0,90823.0,6.0,1.0
90887,True,2.0,90631.0,8.0,1.0
90901,True,2.0,88853.0,11.0,1.0
90907,False,,,,
90911,True,2.0,90907.0,2.0,1.0
90911,True,2.0,90847.0,6.0,1.0
90911,True,2.0,74527.0,14.0,1.0
90917,True,2.0,90901.0,4.0,1.0
90931,True,2.0,88883.0,11.0,1.0
90931,True,2.0,90803.0,7.0,1.0
90947,True,2.0,25411.0,16.0,1.0
90947,True,2.0,86851.0,12.0,1.0
90947,True,2.0,90931.0,4.0,1.0
90947,True,2.0,89923.0,10.0,1.0
90971,True,2.0,74587.0,14.0,1.0
90971,True,2.0,90907.0,6.0,1.0
90977,False,,,,
90989,True,2.0,25453.0,16.0,1.0
90997,True,2.0,58229.0,15.0,1.0
90997,True,2.0,90989.0,3.0,1.0
91009,True,2.0,90977.0,5.0,1.0
91019,True,2.0,86923.0,12.0,1.0
91033,False,,,,
91079,True,2.0,90823.0,8.0,1.0
91081,True,2.0,82889.0,13.0,1.0
91081,True,2.0,58313.0,15.0,1.0
91081,True,2.0,91079.0,1.0,1.0
91097,True,2.0,91033.0,6.0,1.0
91097,True,2.0,91081.0,4.0,1.0
91097,True,2.0,90073.0,10.0,1.0
91097,True,2.0,25561.0,16.0,1.0
91097,True,2.0,74713.0,14.0,1.0
91097,True,2.0,90841.0,8.0,1.0
91099,True,2.0,91097.0,1.0,1.0
91099,True,2.0,89051.0,11.0,1.0
91099,True,2.0,90971.0,7.0,1.0
91121,False,,,,
91127,False,,,,
91129,True,2.0,90617.0,9.0,1.0
91129,True,2.0,91127.0,1.0,1.0
91129,True,2.0,91121.0,3.0,1.0
91129,True,2.0,91097.0,5.0,1.0
91139,True,2.0,25603.0,16.0,1.0
91141,True,2.0,91139.0,1.0,1.0
91151,True,2.0,90127.0,10.0,1.0
91153,True,2.0,91151.0,1.0,1.0
91153,True,2.0,91121.0,5.0,1.0
91153,True,2.0,90641.0,9.0,1.0
91159,True,2.0,58391.0,15.0,1.0
91159,True,2.0,91127.0,5.0,1.0
91159,True,2.0,90647.0,9.0,1.0
91159,True,2.0,91151.0,3.0,1.0
91163,True,2.0,91159.0,2.0,1.0
91163,True,2.0,74779.0,14.0,1.0
91163,True,2.0,90907.0,8.0,1.0
91163,True,2.0,91099.0,6.0,1.0
91183,True,2.0,91151.0,5.0,1.0
91193,True,2.0,91129.0,6.0,1.0
91193,True,2.0,25657.0,16.0,1.0
91199,True,2.0,87103.0,12.0,1.0
91199,True,2.0,91183.0,4.0,1.0
91229,True,2.0,25693.0,16.0,1.0
91229,True,2.0,87133.0,12.0,1.0
91237,True,2.0,91229.0,3.0,1.0
91237,True,2.0,89189.0,11.0,1.0
91243,True,2.0,90731.0,9.0,1.0
91249,True,2.0,58481.0,15.0,1.0
91249,True,2.0,91121.0,7.0,1.0
91253,True,2.0,25717.0,16.0,1.0
91253,True,2.0,90997.0,8.0,1.0
91253,True,2.0,74869.0,14.0,1.0
91253,True,2.0,91249.0,2.0,1.0
91253,True,2.0,91237.0,4.0,1.0
91283,True,2.0,25747.0,16.0,1.0
91283,True,2.0,87187.0,12.0,1.0
91291,True,2.0,91283.0,3.0,1.0
91291,True,2.0,91163.0,7.0,1.0
91297,False,,,,
91303,False,,,,
91309,True,2.0,89261.0,11.0,1.0
91309,True,2.0,83117.0,13.0,1.0
91331,False,,,,
91367,True,2.0,91303.0,6.0,1.0
91369,True,2.0,91367.0,1.0,1.0
91369,True,2.0,83177.0,13.0,1.0
91369,True,2.0,58601.0,15.0,1.0
91373,True,2.0,87277.0,12.0,1.0
91373,True,2.0,91309.0,6.0,1.0
91373,True,2.0,91369.0,2.0,1.0
91381,True,2.0,91373.0,3.0,1.0
91381,True,2.0,58613.0,15.0,1.0
91381,True,2.0,91253.0,7.0,1.0
91387,False,,,,
91393,False,,,,
91397,True,2.0,91381.0,4.0,1.0
91397,True,2.0,75013.0,14.0,1.0
91397,True,2.0,90373.0,10.0,1.0
91397,True,2.0,91141.0,8.0,1.0
91397,True,2.0,91393.0,2.0,1.0
91411,True,2.0,83219.0,13.0,1.0
91411,True,2.0,91283.0,7.0,1.0
91411,True,2.0,89363.0,11.0,1.0
91423,True,2.0,90911.0,9.0,1.0
91423,True,2.0,83231.0,13.0,1.0
91433,True,2.0,91369.0,6.0,1.0
91433,True,2.0,87337.0,12.0,1.0
91453,False,,,,
91457,True,2.0,91393.0,6.0,1.0
91457,True,2.0,91453.0,2.0,1.0
91459,True,2.0,83267.0,13.0,1.0
91459,True,2.0,91331.0,7.0,1.0
91459,True,2.0,90947.0,9.0,1.0
91459,True,2.0,91457.0,1.0,1.0
91463,True,2.0,90439.0,10.0,1.0
91463,True,2.0,91459.0,2.0,1.0
91463,True,2.0,75079.0,14.0,1.0
91493,True,2.0,91237.0,8.0,1.0
91493,True,2.0,90469.0,10.0,1.0
91493,True,2.0,75109.0,14.0,1.0
91499,True,2.0,91243.0,8.0,1.0
91499,True,2.0,87403.0,12.0,1.0
91513,False,,,,
91529,True,2.0,87433.0,12.0,1.0
91529,True,2.0,91513.0,4.0,1.0
91541,False,,,,
91571,True,2.0,90547.0,10.0,1.0
91573,True,2.0,91571.0,1.0,1.0
91573,True,2.0,91541.0,5.0,1.0
91577,True,2.0,75193.0,14.0,1.0
91577,True,2.0,91573.0,2.0,1.0
91577,True,2.0,26041.0,16.0,1.0
91577,True,2.0,87481.0,12.0,1.0
91577,True,2.0,91513.0,6.0,1.0
91583,False,,,,
91591,True,2.0,91079.0,9.0,1.0
91591,True,2.0,83399.0,13.0,1.0
91591,True,2.0,91583.0,3.0,1.0
91591,True,2.0,91463.0,7.0,1.0
91621,True,2.0,91493.0,7.0,1.0
91631,False,,,,
91639,True,2.0,91127.0,9.0,1.0
91639,True,2.0,91631.0,3.0,1.0
91639,True,2.0,89591.0,11.0,1.0
91673,True,2.0,75289.0,14.0,1.0
91691,True,2.0,75307.0,14.0,1.0
91703,True,2.0,91639.0,6.0,1.0
91703,True,2.0,90679.0,10.0,1.0
91711,True,2.0,58943.0,15.0,1.0
91711,True,2.0,91703.0,3.0,1.0
91711,True,2.0,91199.0,9.0,1.0
91711,True,2.0,91583.0,7.0,1.0
91733,True,2.0,90709.0,10.0,1.0
91753,True,2.0,83561.0,13.0,1.0
91757,True,2.0,91753.0,2.0,1.0
91771,True,2.0,83579.0,13.0,1.0
91781,False,,,,
91801,True,2.0,83609.0,13.0,1.0
91801,True,2.0,89753.0,11.0,1.0
91801,True,2.0,91673.0,7.0,1.0
91807,True,2.0,89759.0,11.0,1.0
91811,True,2.0,90787.0,10.0,1.0
91811,True,2.0,91807.0,2.0,1.0
91813,True,2.0,91781.0,5.0,1.0
91813,True,2.0,91811.0,1.0,1.0
91813,True,2.0,83621.0,13.0,1.0
91823,True,2.0,91807.0,4.0,1.0
91837,True,2.0,59069.0,15.0,1.0
91841,True,2.0,91837.0,2.0,1.0
91867,True,2.0,89819.0,11.0,1.0
91873,True,2.0,91841.0,5.0,1.0
91909,True,2.0,59141.0,15.0,1.0
91909,True,2.0,91397.0,9.0,1.0
91909,True,2.0,91781.0,7.0,1.0
91909,True,2.0,83717.0,13.0,1.0
91921,False,,,,
91939,True,2.0,91811.0,7.0,1.0
91939,True,2.0,89891.0,11.0,1.0
91943,True,2.0,26407.0,16.0,1.0
91943,True,2.0,91939.0,2.0,1.0
91951,True,2.0,91943.0,3.0,1.0
91951,True,2.0,91823.0,7.0,1.0
91951,True,2.0,59183.0,15.0,1.0
91957,True,2.0,89909.0,11.0,1.0
91961,True,2.0,91957.0,2.0,1.0
91961,True,2.0,75577.0,14.0,1.0
91967,True,2.0,26431.0,16.0,1.0
91967,True,2.0,75583.0,14.0,1.0
91967,True,2.0,91951.0,4.0,1.0
91967,True,2.0,91711.0,8.0,1.0
91969,True,2.0,91967.0,1.0,1.0
91969,True,2.0,91457.0,9.0,1.0
91969,True,2.0,91841.0,7.0,1.0
91969,True,2.0,83777.0,13.0,1.0
91969,True,2.0,91961.0,3.0,1.0
91997,False,,,,
92003,True,2.0,75619.0,14.0,1.0
92003,True,2.0,91939.0,6.0,1.0
92009,True,2.0,91753.0,8.0,1.0
92033,True,2.0,26497.0,16.0,1.0
92033,True,2.0,91969.0,6.0,1.0
92033,True,2.0,91009.0,10.0,1.0
92041,True,2.0,91529.0,9.0,1.0
92041,True,2.0,59273.0,15.0,1.0
92041,True,2.0,92009.0,5.0,1.0
92041,True,2.0,92033.0,3.0,1.0
92051,False,,,,
92077,False,,,,
92083,True,2.0,92051.0,5.0,1.0
92083,True,2.0,91571.0,9.0,1.0
92083,True,2.0,83891.0,13.0,1.0
92107,True,2.0,90059.0,11.0,1.0
92111,True,2.0,92107.0,2.0,1.0
92119,True,2.0,90071.0,11.0,1.0
92119,True,2.0,92111.0,3.0,1.0
92119,True,2.0,59351.0,15.0,1.0
92143,True,2.0,92111.0,5.0,1.0
92143,True,2.0,91631.0,9.0,1.0
92153,True,2.0,91129.0,10.0,1.0
92173,False,,,,
92177,True,2.0,75793.0,14.0,1.0
92177,True,2.0,91921.0,8.0,1.0
92177,True,2.0,26641.0,16.0,1.0
92177,True,2.0,92173.0,2.0,1.0
92177,True,2.0,91153.0,10.0,1.0
92179,True,2.0,92051.0,7.0,1.0
92179,True,2.0,92177.0,1.0,1.0
92179,True,2.0,83987.0,13.0,1.0
92189,True,2.0,88093.0,12.0,1.0
92189,True,2.0,92173.0,4.0,1.0
92203,True,2.0,91691.0,9.0,1.0
92203,True,2.0,84011.0,13.0,1.0
92219,True,2.0,92203.0,4.0,1.0
92219,True,2.0,26683.0,16.0,1.0
92221,True,2.0,90173.0,11.0,1.0
92221,True,2.0,92189.0,5.0,1.0
92221,True,2.0,59453.0,15.0,1.0
92221,True,2.0,92219.0,1.0,1.0
92227,True,2.0,92219.0,3.0,1.0
92233,False,,,,
92237,True,2.0,92233.0,2.0,1.0
92237,True,2.0,26701.0,16.0,1.0
92237,True,2.0,92173.0,6.0,1.0
92237,True,2.0,92221.0,4.0,1.0
92237,True,2.0,75853.0,14.0,1.0
92243,True,2.0,92179.0,6.0,1.0
92243,True,2.0,92227.0,4.0,1.0
92251,True,2.0,84059.0,13.0,1.0
92251,True,2.0,92219.0,5.0,1.0
92251,True,2.0,90203.0,11.0,1.0
92251,True,2.0,92243.0,3.0,1.0
92269,True,2.0,91757.0,9.0,1.0
92269,True,2.0,92237.0,5.0,1.0
92297,True,2.0,92041.0,8.0,1.0
92297,True,2.0,75913.0,14.0,1.0
92297,True,2.0,92233.0,6.0,1.0
92311,True,2.0,90263.0,11.0,1.0
92317,True,2.0,92189.0,7.0,1.0
92333,True,2.0,91309.0,10.0,1.0
92333,True,2.0,92077.0,8.0,1.0
92333,True,2.0,92317.0,4.0,1.0
92333,True,2.0,92269.0,6.0,1.0
92333,True,2.0,88237.0,12.0,1.0
92347,True,2.0,92219.0,7.0,1.0
92353,True,2.0,91841.0,9.0,1.0
92357,True,2.0,88261.0,12.0,1.0
92357,True,2.0,26821.0,16.0,1.0
92357,True,2.0,92353.0,2.0,1.0
92363,True,2.0,92107.0,8.0,1.0
92363,True,2.0,92347.0,4.0,1.0
92363,True,2.0,75979.0,14.0,1.0
92369,True,2.0,26833.0,16.0,1.0
92369,True,2.0,92353.0,4.0,1.0
92377,True,2.0,92369.0,3.0,1.0
92381,True,2.0,92377.0,2.0,1.0
92381,True,2.0,92317.0,6.0,1.0
92381,True,2.0,75997.0,14.0,1.0
92383,True,2.0,84191.0,13.0,1.0
92383,True,2.0,92381.0,1.0,1.0
92387,True,2.0,76003.0,14.0,1.0
92387,True,2.0,92383.0,2.0,1.0
92399,True,2.0,92383.0,4.0,1.0
92399,True,2.0,92143.0,8.0,1.0
92399,True,2.0,26863.0,16.0,1.0
92401,True,2.0,90353.0,11.0,1.0
92401,True,2.0,92399.0,1.0,1.0
92401,True,2.0,92369.0,5.0,1.0
92413,True,2.0,92381.0,5.0,1.0
92413,True,2.0,84221.0,13.0,1.0
92419,True,2.0,59651.0,15.0,1.0
92419,True,2.0,92387.0,5.0,1.0
92419,True,2.0,90371.0,11.0,1.0
92431,True,2.0,59663.0,15.0,1.0
92431,True,2.0,84239.0,13.0,1.0
92431,True,2.0,92399.0,5.0,1.0
92459,True,2.0,92203.0,8.0,1.0
92461,True,2.0,92333.0,7.0,1.0
92461,True,2.0,59693.0,15.0,1.0
92461,True,2.0,92459.0,1.0,1.0
92467,True,2.0,92459.0,3.0,1.0
92467,True,2.0,59699.0,15.0,1.0
92479,True,2.0,91967.0,9.0,1.0
92489,True,2.0,26953.0,16.0,1.0
92489,True,2.0,92233.0,8.0,1.0
92503,False,,,,
92507,True,2.0,92251.0,8.0,1.0
92507,True,2.0,92503.0,2.0,1.0
92507,True,2.0,76123.0,14.0,1.0
92507,True,2.0,88411.0,12.0,1.0
92551,False,,,,
92557,False,,,,
92567,True,2.0,88471.0,12.0,1.0
92567,True,2.0,92311.0,8.0,1.0
92567,True,2.0,92551.0,4.0,1.0
92567,True,2.0,92503.0,6.0,1.0
92567,True,2.0,27031.0,16.0,1.0
92569,True,2.0,92567.0,1.0,1.0
92569,True,2.0,84377.0,13.0,1.0
92581,True,2.0,90533.0,11.0,1.0
92581,True,2.0,84389.0,13.0,1.0
92593,True,2.0,84401.0,13.0,1.0
92623,True,2.0,92111.0,9.0,1.0
92623,True,2.0,84431.0,13.0,1.0
92627,True,2.0,76243.0,14.0,1.0
92627,True,2.0,27091.0,16.0,1.0
92627,True,2.0,92623.0,2.0,1.0
92639,True,2.0,92383.0,8.0,1.0
92639,True,2.0,27103.0,16.0,1.0
92639,True,2.0,92623.0,4.0,1.0
92641,True,2.0,92639.0,1.0,1.0
92641,True,2.0,84449.0,13.0,1.0
92647,True,2.0,90599.0,11.0,1.0
92647,True,2.0,59879.0,15.0,1.0
92647,True,2.0,92639.0,3.0,1.0
92657,True,2.0,92401.0,8.0,1.0
92657,True,2.0,92641.0,4.0,1.0
92657,True,2.0,92593.0,6.0,1.0
92669,True,2.0,92413.0,8.0,1.0
92671,True,2.0,92669.0,1.0,1.0
92671,True,2.0,92639.0,5.0,1.0
92681,False,,,,
92683,True,2.0,92681.0,1.0,1.0
92693,False,,,,
92699,True,2.0,92683.0,4.0,1.0
92707,True,2.0,90659.0,11.0,1.0
92707,True,2.0,92699.0,3.0,1.0
92717,True,2.0,92461.0,8.0,1.0
92717,True,2.0,76333.0,14.0,1.0
92723,True,2.0,92467.0,8.0,1.0
92723,True,2.0,92707.0,4.0,1.0
92737,False,,,,
92753,True,2.0,76369.0,14.0,1.0
92753,True,2.0,88657.0,12.0,1.0
92753,True,2.0,92737.0,4.0,1.0
92761,True,2.0,92753.0,3.0,1.0
92767,True,2.0,92639.0,7.0,1.0
92767,True,2.0,59999.0,15.0,1.0
92779,True,2.0,90731.0,11.0,1.0
92789,True,2.0,27253.0,16.0,1.0
92791,True,2.0,92789.0,1.0,1.0
92801,True,2.0,92737.0,6.0,1.0
92809,True,2.0,92681.0,7.0,1.0
92809,True,2.0,92297.0,9.0,1.0
92809,True,2.0,92801.0,3.0,1.0
92809,True,2.0,60041.0,15.0,1.0
92821,True,2.0,92789.0,5.0,1.0
92821,True,2.0,92693.0,7.0,1.0
92821,True,2.0,84629.0,13.0,1.0
92831,True,2.0,92767.0,6.0,1.0
92831,True,2.0,91807.0,10.0,1.0
92849,True,2.0,92593.0,8.0,1.0
92857,True,2.0,92849.0,3.0,1.0
92857,True,2.0,60089.0,15.0,1.0
92861,True,2.0,92857.0,2.0,1.0
92861,True,2.0,91837.0,10.0,1.0
92863,True,2.0,92831.0,5.0,1.0
92863,True,2.0,92861.0,1.0,1.0
92867,True,2.0,88771.0,12.0,1.0
92867,True,2.0,92863.0,2.0,1.0
92893,True,2.0,92381.0,9.0,1.0
92893,True,2.0,84701.0,13.0,1.0
92893,True,2.0,92861.0,5.0,1.0
92899,True,2.0,92867.0,5.0,1.0
92899,True,2.0,92387.0,9.0,1.0
92921,True,2.0,92857.0,6.0,1.0
92921,True,2.0,76537.0,14.0,1.0
92927,True,2.0,92863.0,6.0,1.0
92927,True,2.0,76543.0,14.0,1.0
92927,True,2.0,92671.0,8.0,1.0
92941,False,,,,
92951,False,,,,
92957,True,2.0,92941.0,4.0,1.0
92957,True,2.0,88861.0,12.0,1.0
92957,True,2.0,92893.0,6.0,1.0
92959,True,2.0,92957.0,1.0,1.0
92959,True,2.0,90911.0,11.0,1.0
92959,True,2.0,92927.0,5.0,1.0
92959,True,2.0,92831.0,7.0,1.0
92959,True,2.0,92951.0,3.0,1.0
92987,True,2.0,76603.0,14.0,1.0
92993,True,2.0,88897.0,12.0,1.0
92993,True,2.0,27457.0,16.0,1.0
92993,True,2.0,91969.0,10.0,1.0
92993,True,2.0,92737.0,8.0,1.0
93001,True,2.0,92489.0,9.0,1.0
93001,True,2.0,92993.0,3.0,1.0
93001,True,2.0,84809.0,13.0,1.0
93047,True,2.0,88951.0,12.0,1.0
93047,True,2.0,92791.0,8.0,1.0
93053,False,,,,
93059,False,,,,
93077,True,2.0,92821.0,8.0,1.0
93077,True,2.0,27541.0,16.0,1.0
93083,False,,,,
93089,True,2.0,88993.0,12.0,1.0
93097,True,2.0,93089.0,3.0,1.0
93103,False,,,,
93113,True,2.0,93097.0,4.0,1.0
93113,True,2.0,277.0,14.0,2.0
93113,True,2.0,92857.0,8.0,1.0
93113,True,2.0,89017.0,12.0,1.0
93131,True,2.0,92107.0,10.0,1.0
93133,True,2.0,93131.0,1.0,1.0
93139,True,2.0,92627.0,9.0,1.0
93139,True,2.0,84947.0,13.0,1.0
93139,True,2.0,93131.0,3.0,1.0
93151,True,2.0,60383.0,15.0,1.0
93151,True,2.0,92639.0,9.0,1.0
93169,True,2.0,92657.0,9.0,1.0
93169,True,2.0,91121.0,11.0,1.0
93169,True,2.0,84977.0,13.0,1.0
93179,True,2.0,89083.0,12.0,1.0
93187,True,2.0,91139.0,11.0,1.0
93187,True,2.0,93179.0,3.0,1.0
93187,True,2.0,93059.0,7.0,1.0
93199,True,2.0,91151.0,11.0,1.0
93229,True,2.0,85037.0,13.0,1.0
93229,True,2.0,92717.0,9.0,1.0
93239,False,,,,
93241,True,2.0,91193.0,11.0,1.0
93241,True,2.0,85049.0,13.0,1.0
93241,True,2.0,93239.0,1.0,1.0
93241,True,2.0,93113.0,7.0,1.0
93251,True,2.0,92227.0,10.0,1.0
93251,True,2.0,93187.0,6.0,1.0
93253,True,2.0,85061.0,13.0,1.0
93253,True,2.0,93251.0,1.0,1.0
93257,True,2.0,93241.0,4.0,1.0
93257,True,2.0,92233.0,10.0,1.0
93257,True,2.0,93253.0,2.0,1.0
93257,True,2.0,93001.0,8.0,1.0
93257,True,2.0,76873.0,14.0,1.0
93263,True,2.0,93199.0,6.0,1.0
93281,False,,,,
93283,True,2.0,93281.0,1.0,1.0
93283,True,2.0,85091.0,13.0,1.0
93283,True,2.0,93251.0,5.0,1.0
93287,True,2.0,93283.0,2.0,1.0
93287,True,2.0,27751.0,16.0,1.0
93307,True,2.0,60539.0,15.0,1.0
93307,True,2.0,93179.0,7.0,1.0
93319,True,2.0,93287.0,5.0,1.0
93323,True,2.0,89227.0,12.0,1.0
93323,True,2.0,93319.0,2.0,1.0
93323,True,2.0,93307.0,4.0,1.0
93329,True,2.0,27793.0,16.0,1.0
93337,True,2.0,93329.0,3.0,1.0
93371,True,2.0,93307.0,6.0,1.0
93371,True,2.0,92347.0,10.0,1.0
93377,True,2.0,92353.0,10.0,1.0
93383,True,2.0,93319.0,6.0,1.0
93383,True,2.0,27847.0,16.0,1.0
93407,True,2.0,93151.0,8.0,1.0
93407,True,2.0,77023.0,14.0,1.0
93407,True,2.0,92383.0,10.0,1.0
93419,True,2.0,27883.0,16.0,1.0
93427,True,2.0,60659.0,15.0,1.0
93427,True,2.0,93419.0,3.0,1.0
93463,True,2.0,92951.0,9.0,1.0
93479,True,2.0,93463.0,4.0,1.0
93479,True,2.0,27943.0,16.0,1.0
93481,True,2.0,93479.0,1.0,1.0
93481,True,2.0,91433.0,11.0,1.0
93487,True,2.0,93479.0,3.0,1.0
93487,True,2.0,60719.0,15.0,1.0
93491,True,2.0,93427.0,6.0,1.0
93491,True,2.0,93487.0,2.0,1.0
93491,True,2.0,92467.0,10.0,1.0
93493,True,2.0,93491.0,1.0,1.0
93497,True,2.0,93481.0,4.0,1.0
93497,True,2.0,93493.0,2.0,1.0
93497,True,2.0,93241.0,8.0,1.0
93497,True,2.0,27961.0,16.0,1.0
93503,True,2.0,27967.0,16.0,1.0
93503,True,2.0,93487.0,4.0,1.0
93503,True,2.0,92479.0,10.0,1.0
93523,True,2.0,85331.0,13.0,1.0
93523,True,2.0,93491.0,5.0,1.0
93529,True,2.0,60761.0,15.0,1.0
93529,True,2.0,93497.0,5.0,1.0
93553,True,2.0,85361.0,13.0,1.0
93557,True,2.0,93553.0,2.0,1.0
93557,True,2.0,93493.0,6.0,1.0
93559,True,2.0,93047.0,9.0,1.0
93559,True,2.0,93557.0,1.0,1.0
93563,True,2.0,93559.0,2.0,1.0
93563,True,2.0,93307.0,8.0,1.0
93563,True,2.0,28027.0,16.0,1.0
93581,True,2.0,92557.0,10.0,1.0
93601,True,2.0,93089.0,9.0,1.0
93607,True,2.0,93479.0,7.0,1.0
93629,True,2.0,89533.0,12.0,1.0
93637,True,2.0,60869.0,15.0,1.0
93637,True,2.0,93629.0,3.0,1.0
93683,True,2.0,93427.0,8.0,1.0
93701,True,2.0,77317.0,14.0,1.0
93701,True,2.0,93637.0,6.0,1.0
93703,True,2.0,93701.0,1.0,1.0
93719,True,2.0,93703.0,4.0,1.0
93719,True,2.0,93463.0,8.0,1.0
93719,True,2.0,28183.0,16.0,1.0
93739,True,2.0,91691.0,11.0,1.0
93761,True,2.0,92737.0,10.0,1.0
93761,True,2.0,77377.0,14.0,1.0
93763,True,2.0,93761.0,1.0,1.0
93763,True,2.0,85571.0,13.0,1.0
93763,True,2.0,93251.0,9.0,1.0
93787,False,,,,
93809,True,2.0,93553.0,8.0,1.0
93811,True,2.0,85619.0,13.0,1.0
93811,True,2.0,61043.0,15.0,1.0
93811,True,2.0,93809.0,1.0,1.0
93811,True,2.0,93683.0,7.0,1.0
93827,True,2.0,93811.0,4.0,1.0
93827,True,2.0,93763.0,6.0,1.0
93851,True,2.0,93787.0,6.0,1.0
93871,True,2.0,91823.0,11.0,1.0
93887,True,2.0,93871.0,4.0,1.0
93887,True,2.0,92863.0,10.0,1.0
93887,True,2.0,28351.0,16.0,1.0
93889,True,2.0,93761.0,7.0,1.0
93889,True,2.0,93887.0,1.0,1.0
93889,True,2.0,93377.0,9.0,1.0
93889,True,2.0,61121.0,15.0,1.0
93889,True,2.0,91841.0,11.0,1.0
93893,True,2.0,89797.0,12.0,1.0
93893,True,2.0,93889.0,2.0,1.0
93893,True,2.0,77509.0,14.0,1.0
93893,True,2.0,93637.0,8.0,1.0
93901,True,2.0,93893.0,3.0,1.0
93911,True,2.0,77527.0,14.0,1.0
93913,True,2.0,93911.0,1.0,1.0
93923,True,2.0,92899.0,10.0,1.0
93923,True,2.0,28387.0,16.0,1.0
93937,True,2.0,93809.0,7.0,1.0
93937,True,2.0,61169.0,15.0,1.0
93941,True,2.0,93937.0,2.0,1.0
93941,True,2.0,77557.0,14.0,1.0
93949,True,2.0,93941.0,3.0,1.0
93967,False,,,,
93971,True,2.0,77587.0,14.0,1.0
93971,True,2.0,93967.0,2.0,1.0
93979,True,2.0,61211.0,15.0,1.0
93979,True,2.0,93971.0,3.0,1.0
93979,True,2.0,93851.0,7.0,1.0
93983,True,2.0,92959.0,10.0,1.0
93983,True,2.0,93979.0,2.0,1.0
93983,True,2.0,28447.0,16.0,1.0
93983,True,2.0,93967.0,4.0,1.0
93997,False,,,,
94007,False,,,,
94009,True,2.0,85817.0,13.0,1.0
94009,True,2.0,91961.0,11.0,1.0
94009,True,2.0,94007.0,1.0,1.0
94009,True,2.0,93497.0,9.0,1.0
94033,False,,,,
94049,True,2.0,28513.0,16.0,1.0
94049,True,2.0,94033.0,4.0,1.0
94057,True,2.0,92009.0,11.0,1.0
94057,True,2.0,94049.0,3.0,1.0
94063,False,,,,
94079,True,2.0,94063.0,4.0,1.0
94079,True,2.0,89983.0,12.0,1.0
94099,True,2.0,93971.0,7.0,1.0
94099,True,2.0,61331.0,15.0,1.0
94099,True,2.0,92051.0,11.0,1.0
94109,True,2.0,28573.0,16.0,1.0
94111,True,2.0,93983.0,7.0,1.0
94111,True,2.0,94109.0,1.0,1.0
94111,True,2.0,61343.0,15.0,1.0
94111,True,2.0,94079.0,5.0,1.0
94117,True,2.0,94109.0,3.0,1.0
94121,True,2.0,94057.0,6.0,1.0
94121,True,2.0,93097.0,10.0,1.0
94121,True,2.0,94117.0,2.0,1.0
94151,False,,,,
94153,True,2.0,94151.0,1.0,1.0
94153,True,2.0,94121.0,5.0,1.0
94169,True,2.0,93913.0,8.0,1.0
94169,True,2.0,90073.0,12.0,1.0
94169,True,2.0,94153.0,4.0,1.0
94201,True,2.0,94169.0,5.0,1.0
94201,True,2.0,92153.0,11.0,1.0
94207,True,2.0,94079.0,7.0,1.0
94219,True,2.0,86027.0,13.0,1.0
94229,False,,,,
94253,True,2.0,307.0,2.0,2.0
94253,True,2.0,93229.0,10.0,1.0
94253,True,2.0,93997.0,8.0,1.0
94261,True,2.0,61493.0,15.0,1.0
94261,True,2.0,94229.0,5.0,1.0
94261,True,2.0,86069.0,13.0,1.0
94261,True,2.0,94253.0,3.0,1.0
94273,True,2.0,93761.0,9.0,1.0
94291,True,2.0,92243.0,11.0,1.0
94307,True,2.0,93283.0,10.0,1.0
94307,True,2.0,94291.0,4.0,1.0
94307,True,2.0,28771.0,16.0,1.0
94309,True,2.0,94307.0,1.0,1.0
94309,True,2.0,86117.0,13.0,1.0
94321,True,2.0,93809.0,9.0,1.0
94321,True,2.0,61553.0,15.0,1.0
94327,True,2.0,61559.0,15.0,1.0
94331,True,2.0,94327.0,2.0,1.0
94331,True,2.0,93307.0,10.0,1.0
94343,True,2.0,90247.0,12.0,1.0
94343,True,2.0,93319.0,10.0,1.0
94343,True,2.0,28807.0,16.0,1.0
94343,True,2.0,94327.0,4.0,1.0
94349,True,2.0,28813.0,16.0,1.0
94351,True,2.0,61583.0,15.0,1.0
94351,True,2.0,94349.0,1.0,1.0
94351,True,2.0,94343.0,3.0,1.0
94379,True,2.0,28843.0,16.0,1.0
94397,False,,,,
94399,True,2.0,61631.0,15.0,1.0
94399,True,2.0,93887.0,9.0,1.0
94399,True,2.0,94397.0,1.0,1.0
94421,False,,,,
94427,False,,,,
94433,True,2.0,78049.0,14.0,1.0
94439,False,,,,
94441,True,2.0,94439.0,1.0,1.0
94441,True,2.0,86249.0,13.0,1.0
94441,True,2.0,61673.0,15.0,1.0
94441,True,2.0,94433.0,3.0,1.0
94447,True,2.0,94439.0,3.0,1.0
94447,True,2.0,92399.0,11.0,1.0
94463,True,2.0,78079.0,14.0,1.0
94463,True,2.0,94207.0,8.0,1.0
94463,True,2.0,94399.0,6.0,1.0
94463,True,2.0,28927.0,16.0,1.0
94463,True,2.0,94447.0,4.0,1.0
94477,True,2.0,94349.0,7.0,1.0
94483,True,2.0,93971.0,9.0,1.0
94483,True,2.0,86291.0,13.0,1.0
94513,False,,,,
94529,True,2.0,94513.0,4.0,1.0
94529,True,2.0,94273.0,8.0,1.0
94531,True,2.0,94529.0,1.0,1.0
94541,True,2.0,94477.0,6.0,1.0
94541,True,2.0,78157.0,14.0,1.0
94543,True,2.0,94541.0,1.0,1.0
94543,True,2.0,86351.0,13.0,1.0
94547,True,2.0,94291.0,8.0,1.0
94547,True,2.0,94483.0,6.0,1.0
94547,True,2.0,78163.0,14.0,1.0
94547,True,2.0,93523.0,10.0,1.0
94547,True,2.0,94543.0,2.0,1.0
94547,True,2.0,94531.0,4.0,1.0
94559,True,2.0,94543.0,4.0,1.0
94559,True,2.0,29023.0,16.0,1.0
94561,True,2.0,94529.0,5.0,1.0
94561,True,2.0,94433.0,7.0,1.0
94561,True,2.0,86369.0,13.0,1.0
94561,True,2.0,94049.0,9.0,1.0
94561,True,2.0,94559.0,1.0,1.0
94573,True,2.0,86381.0,13.0,1.0
94573,True,2.0,94541.0,5.0,1.0
94583,True,2.0,93559.0,10.0,1.0
94583,True,2.0,94327.0,8.0,1.0
94597,False,,,,
94603,False,,,,
94613,True,2.0,78229.0,14.0,1.0
94613,True,2.0,94597.0,4.0,1.0
94613,True,2.0,29077.0,16.0,1.0
94621,True,2.0,94613.0,3.0,1.0
94621,True,2.0,94109.0,9.0,1.0
94649,False,,,,
94651,True,2.0,94649.0,1.0,1.0
94687,True,2.0,94559.0,7.0,1.0
94687,True,2.0,92639.0,11.0,1.0
94693,True,2.0,86501.0,13.0,1.0
94709,True,2.0,29173.0,16.0,1.0
94709,True,2.0,94693.0,4.0,1.0
94723,True,2.0,86531.0,13.0,1.0
94727,True,2.0,93703.0,10.0,1.0
94727,True,2.0,90631.0,12.0,1.0
94727,True,2.0,29191.0,16.0,1.0
94727,True,2.0,94723.0,2.0,1.0
94747,True,2.0,92699.0,11.0,1.0
94747,True,2.0,61979.0,15.0,1.0
94771,True,2.0,92723.0,11.0,1.0
94771,True,2.0,86579.0,13.0,1.0
94771,True,2.0,62003.0,15.0,1.0
94777,True,2.0,94649.0,7.0,1.0
94781,True,2.0,94777.0,2.0,1.0
94789,True,2.0,94781.0,3.0,1.0
94793,True,2.0,94789.0,2.0,1.0
94793,True,2.0,90697.0,12.0,1.0
94793,True,2.0,94777.0,4.0,1.0
94811,True,2.0,94747.0,6.0,1.0
94811,True,2.0,93787.0,10.0,1.0
94811,True,2.0,78427.0,14.0,1.0
94819,True,2.0,94811.0,3.0,1.0
94819,True,2.0,94307.0,9.0,1.0
94819,True,2.0,86627.0,13.0,1.0
94823,True,2.0,78439.0,14.0,1.0
94823,True,2.0,29287.0,16.0,1.0
94823,True,2.0,94819.0,2.0,1.0
94837,True,2.0,92789.0,11.0,1.0
94837,True,2.0,94709.0,7.0,1.0
94841,True,2.0,94837.0,2.0,1.0
94841,True,2.0,94777.0,6.0,1.0
94847,True,2.0,29311.0,16.0,1.0
94849,True,2.0,94841.0,3.0,1.0
94849,True,2.0,92801.0,11.0,1.0
94849,True,2.0,62081.0,15.0,1.0
94849,True,2.0,94847.0,1.0,1.0
94873,True,2.0,94841.0,5.0,1.0
94889,True,2.0,94873.0,4.0,1.0
94889,True,2.0,90793.0,12.0,1.0
94903,True,2.0,86711.0,13.0,1.0
94907,True,2.0,94903.0,2.0,1.0
94907,True,2.0,94651.0,8.0,1.0
94933,True,2.0,94421.0,9.0,1.0
94949,True,2.0,94933.0,4.0,1.0
94949,True,2.0,94693.0,8.0,1.0
94951,True,2.0,94439.0,9.0,1.0
94951,True,2.0,94949.0,1.0,1.0
94951,True,2.0,94823.0,7.0,1.0
94961,True,2.0,78577.0,14.0,1.0
94961,True,2.0,93937.0,10.0,1.0
94993,True,2.0,94961.0,5.0,1.0
94999,True,2.0,92951.0,11.0,1.0
95003,True,2.0,94747.0,8.0,1.0
95003,True,2.0,90907.0,12.0,1.0
95003,True,2.0,94999.0,2.0,1.0
95003,True,2.0,93979.0,10.0,1.0
95009,True,2.0,94993.0,4.0,1.0
95009,True,2.0,29473.0,16.0,1.0
95021,True,2.0,93997.0,10.0,1.0
95027,True,2.0,90931.0,12.0,1.0
95027,True,2.0,78643.0,14.0,1.0
95027,True,2.0,94771.0,8.0,1.0
95063,True,2.0,29527.0,16.0,1.0
95063,True,2.0,94999.0,6.0,1.0
95071,True,2.0,94559.0,9.0,1.0
95071,True,2.0,62303.0,15.0,1.0
95071,True,2.0,95063.0,3.0,1.0
95083,False,,,,
95087,True,2.0,94063.0,10.0,1.0
95087,True,2.0,95083.0,2.0,1.0
95087,True,2.0,95071.0,4.0,1.0
95089,True,2.0,95087.0,1.0,1.0
95089,True,2.0,94961.0,7.0,1.0
95093,True,2.0,94837.0,8.0,1.0
95093,True,2.0,95089.0,2.0,1.0
95093,True,2.0,90997.0,12.0,1.0
95101,True,2.0,95093.0,3.0,1.0
95101,True,2.0,93053.0,11.0,1.0
95107,True,2.0,93059.0,11.0,1.0
95111,True,2.0,95107.0,2.0,1.0
95131,True,2.0,95003.0,7.0,1.0
95131,True,2.0,93083.0,11.0,1.0
95131,True,2.0,86939.0,13.0,1.0
95143,True,2.0,95111.0,5.0,1.0
95143,True,2.0,86951.0,13.0,1.0
95153,True,2.0,95089.0,6.0,1.0
95177,True,2.0,91081.0,12.0,1.0
95177,True,2.0,94153.0,10.0,1.0
95177,True,2.0,29641.0,16.0,1.0
95189,True,2.0,94933.0,8.0,1.0
95191,True,2.0,95189.0,1.0,1.0
95191,True,2.0,62423.0,15.0,1.0
95191,True,2.0,95063.0,7.0,1.0
95203,True,2.0,87011.0,13.0,1.0
95213,False,,,,
95219,True,2.0,95203.0,4.0,1.0
95219,True,2.0,29683.0,16.0,1.0
95231,True,2.0,94207.0,10.0,1.0
95233,True,2.0,95231.0,1.0,1.0
95233,True,2.0,87041.0,13.0,1.0
95239,True,2.0,95231.0,3.0,1.0
95239,True,2.0,94727.0,9.0,1.0
95239,True,2.0,95111.0,7.0,1.0
95257,False,,,,
95261,True,2.0,95257.0,2.0,1.0
95261,True,2.0,78877.0,14.0,1.0
95267,True,2.0,95203.0,6.0,1.0
95273,True,2.0,307.0,10.0,2.0
95273,True,2.0,78889.0,14.0,1.0
95273,True,2.0,95257.0,4.0,1.0
95279,True,2.0,91183.0,12.0,1.0
95287,True,2.0,93239.0,11.0,1.0
95287,True,2.0,95279.0,3.0,1.0
95311,True,2.0,95279.0,5.0,1.0
95311,True,2.0,93263.0,11.0,1.0
95311,True,2.0,87119.0,13.0,1.0
95317,True,2.0,62549.0,15.0,1.0
95317,True,2.0,95189.0,7.0,1.0
95327,True,2.0,95071.0,8.0,1.0
95327,True,2.0,95311.0,4.0,1.0
95327,True,2.0,31.0,16.0,3.0
95339,True,2.0,95083.0,8.0,1.0
95339,True,2.0,29803.0,16.0,1.0
95339,True,2.0,91243.0,12.0,1.0
95369,True,2.0,29833.0,16.0,1.0
95383,False,,,,
95393,True,2.0,91297.0,12.0,1.0
95401,True,2.0,94889.0,9.0,1.0
95401,True,2.0,95369.0,5.0,1.0
95401,True,2.0,62633.0,15.0,1.0
95401,True,2.0,95273.0,7.0,1.0
95401,True,2.0,95393.0,3.0,1.0
95413,True,2.0,87221.0,13.0,1.0
95419,True,2.0,94907.0,9.0,1.0
95419,True,2.0,93371.0,11.0,1.0
95429,True,2.0,95413.0,4.0,1.0
95441,False,,,,
95443,True,2.0,87251.0,13.0,1.0
95443,True,2.0,95441.0,1.0,1.0
95461,True,2.0,94949.0,9.0,1.0
95461,True,2.0,95429.0,5.0,1.0
95467,True,2.0,93419.0,11.0,1.0
95467,True,2.0,95339.0,7.0,1.0
95471,True,2.0,94447.0,10.0,1.0
95471,True,2.0,95467.0,2.0,1.0
95471,True,2.0,79087.0,14.0,1.0
95479,True,2.0,95471.0,3.0,1.0
95483,True,2.0,91387.0,12.0,1.0
95483,True,2.0,95479.0,2.0,1.0
95483,True,2.0,29947.0,16.0,1.0
95483,True,2.0,95467.0,4.0,1.0
95483,True,2.0,95419.0,6.0,1.0
95507,True,2.0,91411.0,12.0,1.0
95507,True,2.0,95443.0,6.0,1.0
95507,True,2.0,94483.0,10.0,1.0
95527,True,2.0,93479.0,11.0,1.0
95531,True,2.0,95527.0,2.0,1.0
95531,True,2.0,95467.0,6.0,1.0
95531,True,2.0,79147.0,14.0,1.0
95539,True,2.0,95507.0,5.0,1.0
95539,True,2.0,95531.0,3.0,1.0
95539,True,2.0,95027.0,9.0,1.0
95539,True,2.0,93491.0,11.0,1.0
95549,True,2.0,30013.0,16.0,1.0
95549,True,2.0,91453.0,12.0,1.0
95561,False,,,,
95569,True,2.0,95441.0,7.0,1.0
95569,True,2.0,62801.0,15.0,1.0
95569,True,2.0,95561.0,3.0,1.0
95581,True,2.0,95549.0,5.0,1.0
95597,True,2.0,95581.0,4.0,1.0
95597,True,2.0,94573.0,10.0,1.0
95603,True,2.0,95539.0,6.0,1.0
95617,False,,,,
95621,True,2.0,94597.0,10.0,1.0
95621,True,2.0,95617.0,2.0,1.0
95629,True,2.0,95621.0,3.0,1.0
95629,True,2.0,95597.0,5.0,1.0
95629,True,2.0,93581.0,11.0,1.0
95629,True,2.0,62861.0,15.0,1.0
95633,True,2.0,30097.0,16.0,1.0
95633,True,2.0,95569.0,6.0,1.0
95633,True,2.0,95617.0,4.0,1.0
95633,True,2.0,95629.0,2.0,1.0
95651,False,,,,
95701,True,2.0,87509.0,13.0,1.0
95701,True,2.0,95189.0,9.0,1.0
95707,True,2.0,62939.0,15.0,1.0
95713,False,,,,
95717,True,2.0,91621.0,12.0,1.0
95717,True,2.0,30181.0,16.0,1.0
95717,True,2.0,95701.0,4.0,1.0
95717,True,2.0,79333.0,14.0,1.0
95717,True,2.0,95461.0,8.0,1.0
95717,True,2.0,95713.0,2.0,1.0
95717,True,2.0,94693.0,10.0,1.0
95723,True,2.0,30187.0,16.0,1.0
95723,True,2.0,95467.0,8.0,1.0
95723,True,2.0,95707.0,4.0,1.0
95731,True,2.0,93683.0,11.0,1.0
95731,True,2.0,95723.0,3.0,1.0
95731,True,2.0,87539.0,13.0,1.0
95731,True,2.0,95603.0,7.0,1.0
95731,True,2.0,95219.0,9.0,1.0
95737,True,2.0,62969.0,15.0,1.0
95747,True,2.0,30211.0,16.0,1.0
95747,True,2.0,95731.0,4.0,1.0
95747,True,2.0,94723.0,10.0,1.0
95773,True,2.0,95261.0,9.0,1.0
95783,True,2.0,95527.0,8.0,1.0
95783,True,2.0,79399.0,14.0,1.0
95789,True,2.0,30253.0,16.0,1.0
95789,True,2.0,95773.0,4.0,1.0
95791,True,2.0,95279.0,9.0,1.0
95791,True,2.0,95789.0,1.0,1.0
95791,True,2.0,95783.0,3.0,1.0
95801,True,2.0,95737.0,6.0,1.0
95801,True,2.0,94777.0,10.0,1.0
95803,True,2.0,95801.0,1.0,1.0
95813,True,2.0,94789.0,10.0,1.0
95819,True,2.0,95803.0,4.0,1.0
95857,True,2.0,93809.0,11.0,1.0
95869,False,,,,
95873,True,2.0,94849.0,10.0,1.0
95873,True,2.0,95857.0,4.0,1.0
95873,True,2.0,95617.0,8.0,1.0
95873,True,2.0,95869.0,2.0,1.0
95881,True,2.0,63113.0,15.0,1.0
95881,True,2.0,95873.0,3.0,1.0
95881,True,2.0,95369.0,9.0,1.0
95891,True,2.0,43.0,14.0,3.0
95911,True,2.0,95783.0,7.0,1.0
95911,True,2.0,87719.0,13.0,1.0
95917,True,2.0,95789.0,7.0,1.0
95917,True,2.0,63149.0,15.0,1.0
95923,True,2.0,95891.0,5.0,1.0
95929,True,2.0,95801.0,7.0,1.0
95947,True,2.0,63179.0,15.0,1.0
95947,True,2.0,95819.0,7.0,1.0
95957,True,2.0,95701.0,8.0,1.0
95957,True,2.0,94933.0,10.0,1.0
95959,True,2.0,87767.0,13.0,1.0
95959,True,2.0,93911.0,11.0,1.0
95959,True,2.0,95957.0,1.0,1.0
95971,True,2.0,93923.0,11.0,1.0
95987,True,2.0,95731.0,8.0,1.0
95987,True,2.0,95923.0,6.0,1.0
95987,True,2.0,95971.0,4.0,1.0
95989,True,2.0,95987.0,1.0,1.0
95989,True,2.0,93941.0,11.0,1.0
95989,True,2.0,87797.0,13.0,1.0
95989,True,2.0,95957.0,5.0,1.0
96001,True,2.0,95873.0,7.0,1.0
96013,False,,,,
96017,True,2.0,91921.0,12.0,1.0
96017,True,2.0,96001.0,4.0,1.0
96017,True,2.0,96013.0,2.0,1.0
96017,True,2.0,79633.0,14.0,1.0
96017,True,2.0,94993.0,10.0,1.0
96043,True,2.0,95531.0,9.0,1.0
96053,True,2.0,30517.0,16.0,1.0
96053,True,2.0,95989.0,6.0,1.0
96053,True,2.0,91957.0,12.0,1.0
96053,True,2.0,79669.0,14.0,1.0
96059,True,2.0,96043.0,4.0,1.0
96059,True,2.0,95803.0,8.0,1.0
96079,True,2.0,63311.0,15.0,1.0
96079,True,2.0,87887.0,13.0,1.0
96097,True,2.0,94049.0,11.0,1.0
96137,True,2.0,95881.0,8.0,1.0
96137,True,2.0,92041.0,12.0,1.0
96149,False,,,,
96157,True,2.0,63389.0,15.0,1.0
96157,True,2.0,96149.0,3.0,1.0
96157,True,2.0,94109.0,11.0,1.0
96167,True,2.0,95911.0,8.0,1.0
96167,True,2.0,30631.0,16.0,1.0
96167,True,2.0,95143.0,10.0,1.0
96179,True,2.0,30643.0,16.0,1.0
96179,True,2.0,92083.0,12.0,1.0
96179,True,2.0,95923.0,8.0,1.0
96181,True,2.0,96149.0,5.0,1.0
96181,True,2.0,96179.0,1.0,1.0
96181,True,2.0,96053.0,7.0,1.0
96199,True,2.0,88007.0,13.0,1.0
96199,True,2.0,96167.0,5.0,1.0
96199,True,2.0,94151.0,11.0,1.0
96211,True,2.0,96179.0,5.0,1.0
96211,True,2.0,88019.0,13.0,1.0
96211,True,2.0,63443.0,15.0,1.0
96221,True,2.0,96157.0,6.0,1.0
96223,True,2.0,96221.0,1.0,1.0
96233,True,2.0,30697.0,16.0,1.0
96259,True,2.0,95747.0,9.0,1.0
96263,True,2.0,30727.0,16.0,1.0
96263,True,2.0,96199.0,6.0,1.0
96263,True,2.0,95239.0,10.0,1.0
96263,True,2.0,96259.0,2.0,1.0
96269,True,2.0,96013.0,8.0,1.0
96269,True,2.0,92173.0,12.0,1.0
96281,True,2.0,95257.0,10.0,1.0
96289,True,2.0,96281.0,3.0,1.0
96289,True,2.0,63521.0,15.0,1.0
96293,True,2.0,30757.0,16.0,1.0
96293,True,2.0,96289.0,2.0,1.0
96323,True,2.0,79939.0,14.0,1.0
96323,True,2.0,92227.0,12.0,1.0
96323,True,2.0,96259.0,6.0,1.0
96329,True,2.0,92233.0,12.0,1.0
96331,True,2.0,95819.0,9.0,1.0
96331,True,2.0,96323.0,3.0,1.0
96331,True,2.0,96329.0,1.0,1.0
96337,True,2.0,96329.0,3.0,1.0
96353,True,2.0,96289.0,6.0,1.0
96353,True,2.0,30817.0,16.0,1.0
96353,True,2.0,96337.0,4.0,1.0
96353,True,2.0,96097.0,8.0,1.0
96377,True,2.0,30841.0,16.0,1.0
96401,True,2.0,96337.0,6.0,1.0
96419,False,,,,
96431,False,,,,
96443,True,2.0,95419.0,10.0,1.0
96443,True,2.0,92347.0,12.0,1.0
96451,True,2.0,96419.0,5.0,1.0
96451,True,2.0,88259.0,13.0,1.0
96451,True,2.0,96443.0,3.0,1.0
96451,True,2.0,96323.0,7.0,1.0
96457,True,2.0,96329.0,7.0,1.0
96457,True,2.0,63689.0,15.0,1.0
96461,True,2.0,80077.0,14.0,1.0
96461,True,2.0,96457.0,2.0,1.0
96469,True,2.0,95957.0,9.0,1.0
96469,True,2.0,94421.0,11.0,1.0
96469,True,2.0,96461.0,3.0,1.0
96479,True,2.0,96223.0,8.0,1.0
96479,True,2.0,92383.0,12.0,1.0
96487,True,2.0,94439.0,11.0,1.0
96487,True,2.0,63719.0,15.0,1.0
96487,True,2.0,96479.0,3.0,1.0
96493,True,2.0,88301.0,13.0,1.0
96493,True,2.0,96461.0,5.0,1.0
96497,True,2.0,96493.0,2.0,1.0
96497,True,2.0,92401.0,12.0,1.0
96517,False,,,,
96527,True,2.0,92431.0,12.0,1.0
96553,False,,,,
96557,True,2.0,80173.0,14.0,1.0
96557,True,2.0,96493.0,6.0,1.0
96557,True,2.0,92461.0,12.0,1.0
96557,True,2.0,96553.0,2.0,1.0
96581,True,2.0,96517.0,6.0,1.0
96587,True,2.0,96331.0,8.0,1.0
96587,True,2.0,31051.0,16.0,1.0
96589,True,2.0,96581.0,3.0,1.0
96589,True,2.0,96557.0,5.0,1.0
96589,True,2.0,94541.0,11.0,1.0
96589,True,2.0,96587.0,1.0,1.0
96589,True,2.0,96461.0,7.0,1.0
96589,True,2.0,88397.0,13.0,1.0
96601,False,,,,
96643,False,,,,
96661,True,2.0,94613.0,11.0,1.0
96661,True,2.0,88469.0,13.0,1.0
96661,True,2.0,96149.0,9.0,1.0
96667,False,,,,
96671,True,2.0,96667.0,2.0,1.0
96671,True,2.0,80287.0,14.0,1.0
96697,True,2.0,94649.0,11.0,1.0
96697,True,2.0,63929.0,15.0,1.0
96703,True,2.0,96671.0,5.0,1.0
96731,True,2.0,95707.0,10.0,1.0
96731,True,2.0,80347.0,14.0,1.0
96731,True,2.0,96667.0,6.0,1.0
96737,True,2.0,92641.0,12.0,1.0
96737,True,2.0,311.0,4.0,2.0
96737,True,2.0,95713.0,10.0,1.0
96739,True,2.0,96731.0,3.0,1.0
96739,True,2.0,96737.0,1.0,1.0
96739,True,2.0,88547.0,13.0,1.0
96749,True,2.0,96493.0,8.0,1.0
96757,True,2.0,94709.0,11.0,1.0
96757,True,2.0,96749.0,3.0,1.0
96763,True,2.0,96731.0,5.0,1.0
96769,True,2.0,96737.0,5.0,1.0
96779,True,2.0,96763.0,4.0,1.0
96779,True,2.0,92683.0,12.0,1.0
96787,True,2.0,64019.0,15.0,1.0
96787,True,2.0,96779.0,3.0,1.0
96797,True,2.0,95773.0,10.0,1.0
96799,True,2.0,96797.0,1.0,1.0
96799,True,2.0,96671.0,7.0,1.0
96799,True,2.0,88607.0,13.0,1.0
96821,True,2.0,96757.0,6.0,1.0
96823,True,2.0,96821.0,1.0,1.0
96827,True,2.0,96823.0,2.0,1.0
96827,True,2.0,96763.0,6.0,1.0
96827,True,2.0,95803.0,10.0,1.0
96847,False,,,,
96851,True,2.0,96847.0,2.0,1.0
96851,True,2.0,96787.0,6.0,1.0
96857,True,2.0,80473.0,14.0,1.0
96857,True,2.0,31321.0,16.0,1.0
96857,True,2.0,96601.0,8.0,1.0
96857,True,2.0,92761.0,12.0,1.0
96893,True,2.0,95869.0,10.0,1.0
96893,True,2.0,31357.0,16.0,1.0
96907,True,2.0,96779.0,7.0,1.0
96911,True,2.0,80527.0,14.0,1.0
96911,True,2.0,96847.0,6.0,1.0
96911,True,2.0,96907.0,2.0,1.0
96931,True,2.0,96419.0,9.0,1.0
96953,True,2.0,92857.0,12.0,1.0
96953,True,2.0,95929.0,10.0,1.0
96953,True,2.0,96697.0,8.0,1.0
96959,True,2.0,96703.0,8.0,1.0
96959,True,2.0,92863.0,12.0,1.0
96973,True,2.0,96461.0,9.0,1.0
96979,True,2.0,96851.0,7.0,1.0
96989,True,2.0,96973.0,4.0,1.0
96989,True,2.0,92893.0,12.0,1.0
96997,True,2.0,94949.0,11.0,1.0
96997,True,2.0,96989.0,3.0,1.0
97001,True,2.0,96997.0,2.0,1.0
97003,True,2.0,97001.0,1.0,1.0
97003,True,2.0,88811.0,13.0,1.0
97007,True,2.0,97003.0,2.0,1.0
97021,True,2.0,96893.0,7.0,1.0
97021,True,2.0,96989.0,5.0,1.0
97039,True,2.0,96911.0,7.0,1.0
97039,True,2.0,97007.0,5.0,1.0
97039,True,2.0,64271.0,15.0,1.0
97039,True,2.0,96527.0,9.0,1.0
97073,False,,,,
97081,True,2.0,97073.0,3.0,1.0
97081,True,2.0,96953.0,7.0,1.0
97103,True,2.0,96847.0,8.0,1.0
97103,True,2.0,97039.0,6.0,1.0
97103,True,2.0,96079.0,10.0,1.0
97103,True,2.0,31567.0,16.0,1.0
97117,True,2.0,96989.0,7.0,1.0
97127,False,,,,
97151,False,,,,
97157,False,,,,
97159,True,2.0,97127.0,5.0,1.0
97159,True,2.0,97151.0,3.0,1.0
97159,True,2.0,95111.0,11.0,1.0
97159,True,2.0,97157.0,1.0,1.0
97169,False,,,,
97171,True,2.0,97169.0,1.0,1.0
97171,True,2.0,64403.0,15.0,1.0
97177,True,2.0,97169.0,3.0,1.0
97187,True,2.0,80803.0,14.0,1.0
97187,True,2.0,96931.0,8.0,1.0
97187,True,2.0,97171.0,4.0,1.0
97213,True,2.0,89021.0,13.0,1.0
97231,True,2.0,97103.0,7.0,1.0
97241,True,2.0,97177.0,6.0,1.0
97259,True,2.0,31723.0,16.0,1.0
97259,True,2.0,97003.0,8.0,1.0
97283,True,2.0,96259.0,10.0,1.0
97283,True,2.0,93187.0,12.0,1.0
97301,True,2.0,80917.0,14.0,1.0
97303,True,2.0,97301.0,1.0,1.0
97327,True,2.0,95279.0,11.0,1.0
97367,True,2.0,97303.0,6.0,1.0
97369,True,2.0,97367.0,1.0,1.0
97369,True,2.0,97241.0,7.0,1.0
97369,True,2.0,96857.0,9.0,1.0
97369,True,2.0,64601.0,15.0,1.0
97373,True,2.0,97117.0,8.0,1.0
97373,True,2.0,80989.0,14.0,1.0
97373,True,2.0,97369.0,2.0,1.0
97379,True,2.0,93283.0,12.0,1.0
97381,True,2.0,64613.0,15.0,1.0
97381,True,2.0,97379.0,1.0,1.0
97381,True,2.0,89189.0,13.0,1.0
97381,True,2.0,97373.0,3.0,1.0
97387,True,2.0,97259.0,7.0,1.0
97387,True,2.0,95339.0,11.0,1.0
97387,True,2.0,97379.0,3.0,1.0
97397,True,2.0,81013.0,14.0,1.0
97397,True,2.0,97381.0,4.0,1.0
97423,True,2.0,96911.0,9.0,1.0
97423,True,2.0,89231.0,13.0,1.0
97429,True,2.0,89237.0,13.0,1.0
97429,True,2.0,97301.0,7.0,1.0
97429,True,2.0,97397.0,5.0,1.0
97429,True,2.0,64661.0,15.0,1.0
97441,True,2.0,95393.0,11.0,1.0
97453,True,2.0,89261.0,13.0,1.0
97459,False,,,,
97463,True,2.0,97459.0,2.0,1.0
97499,True,2.0,31963.0,16.0,1.0
97501,True,2.0,97373.0,7.0,1.0
97501,True,2.0,97499.0,1.0,1.0
97501,True,2.0,96989.0,9.0,1.0
97511,True,2.0,96487.0,10.0,1.0
97523,True,2.0,97459.0,6.0,1.0
97523,True,2.0,93427.0,12.0,1.0
97547,True,2.0,81163.0,14.0,1.0
97549,True,2.0,97547.0,1.0,1.0
97549,True,2.0,64781.0,15.0,1.0
97553,True,2.0,97549.0,2.0,1.0
97561,True,2.0,97553.0,3.0,1.0
97561,True,2.0,64793.0,15.0,1.0
97571,False,,,,
97577,True,2.0,97561.0,4.0,1.0
97577,True,2.0,179.0,16.0,2.0
97577,True,2.0,93481.0,12.0,1.0
97577,True,2.0,96553.0,10.0,1.0
97579,True,2.0,64811.0,15.0,1.0
97579,True,2.0,97547.0,5.0,1.0
97579,True,2.0,89387.0,13.0,1.0
97579,True,2.0,97577.0,1.0,1.0
97579,True,2.0,95531.0,11.0,1.0
97579,True,2.0,97571.0,3.0,1.0
97583,True,2.0,97327.0,8.0,1.0
97583,True,2.0,81199.0,14.0,1.0
97583,True,2.0,97579.0,2.0,1.0
97583,True,2.0,93487.0,12.0,1.0
97607,True,2.0,81223.0,14.0,1.0
97609,True,2.0,89417.0,13.0,1.0
97609,True,2.0,97607.0,1.0,1.0
97609,True,2.0,97577.0,5.0,1.0
97609,True,2.0,95561.0,11.0,1.0
97613,True,2.0,97549.0,6.0,1.0
97613,True,2.0,96589.0,10.0,1.0
97613,True,2.0,97609.0,2.0,1.0
97613,True,2.0,32077.0,16.0,1.0
97649,True,2.0,93553.0,12.0,1.0
97651,True,2.0,97649.0,1.0,1.0
97651,True,2.0,89459.0,13.0,1.0
97651,True,2.0,97523.0,7.0,1.0
97651,True,2.0,95603.0,11.0,1.0
97673,True,2.0,97609.0,6.0,1.0
97687,True,2.0,64919.0,15.0,1.0
97711,True,2.0,89519.0,13.0,1.0
97711,True,2.0,97583.0,7.0,1.0
97729,False,,,,
97771,True,2.0,97259.0,9.0,1.0
97771,True,2.0,65003.0,15.0,1.0
97771,True,2.0,95723.0,11.0,1.0
97777,True,2.0,97649.0,7.0,1.0
97787,True,2.0,97771.0,4.0,1.0
97787,True,2.0,96763.0,10.0,1.0
97787,True,2.0,32251.0,16.0,1.0
97789,True,2.0,89597.0,13.0,1.0
97789,True,2.0,97787.0,1.0,1.0
97813,True,2.0,97301.0,9.0,1.0
97829,True,2.0,97813.0,4.0,1.0
97841,True,2.0,81457.0,14.0,1.0
97841,True,2.0,97777.0,6.0,1.0
97843,True,2.0,97841.0,1.0,1.0
97847,True,2.0,97843.0,2.0,1.0
97847,True,2.0,96823.0,10.0,1.0
97847,True,2.0,81463.0,14.0,1.0
97849,True,2.0,97841.0,3.0,1.0
97849,True,2.0,89657.0,13.0,1.0
97849,True,2.0,97847.0,1.0,1.0
97849,True,2.0,95801.0,11.0,1.0
97859,True,2.0,97843.0,4.0,1.0
97859,True,2.0,93763.0,12.0,1.0
97859,True,2.0,32323.0,16.0,1.0
97861,True,2.0,97859.0,1.0,1.0
97861,True,2.0,97829.0,5.0,1.0
97861,True,2.0,89669.0,13.0,1.0
97861,True,2.0,95813.0,11.0,1.0
97871,True,2.0,96847.0,10.0,1.0
97879,True,2.0,97847.0,5.0,1.0
97879,True,2.0,65111.0,15.0,1.0
97879,True,2.0,97871.0,3.0,1.0
97879,True,2.0,97367.0,9.0,1.0
97883,True,2.0,93787.0,12.0,1.0
97883,True,2.0,97879.0,2.0,1.0
97919,False,,,,
97927,True,2.0,97919.0,3.0,1.0
97931,True,2.0,96907.0,10.0,1.0
97931,True,2.0,97927.0,2.0,1.0
97931,True,2.0,81547.0,14.0,1.0
97943,True,2.0,97927.0,4.0,1.0
97943,True,2.0,97879.0,6.0,1.0
97943,True,2.0,97687.0,8.0,1.0
97943,True,2.0,81559.0,14.0,1.0
97961,False,,,,
97967,True,2.0,97711.0,8.0,1.0
97967,True,2.0,93871.0,12.0,1.0
97973,True,2.0,313.0,2.0,2.0
97987,True,2.0,97859.0,7.0,1.0
98009,True,2.0,93913.0,12.0,1.0
98011,True,2.0,98009.0,1.0,1.0
98011,True,2.0,97499.0,9.0,1.0
98011,True,2.0,97883.0,7.0,1.0
98011,True,2.0,89819.0,13.0,1.0
98017,True,2.0,98009.0,3.0,1.0
98041,True,2.0,98009.0,5.0,1.0
98041,True,2.0,89849.0,13.0,1.0
98047,True,2.0,97919.0,7.0,1.0
98057,True,2.0,98041.0,4.0,1.0
98081,True,2.0,98017.0,6.0,1.0
98101,True,2.0,89909.0,13.0,1.0
98101,True,2.0,96053.0,11.0,1.0
98101,True,2.0,97973.0,7.0,1.0
98123,True,2.0,32587.0,16.0,1.0
98129,True,2.0,94033.0,12.0,1.0
98143,False,,,,
98179,False,,,,
98207,True,2.0,98143.0,6.0,1.0
98207,True,2.0,94111.0,12.0,1.0
98213,True,2.0,94117.0,12.0,1.0
98221,True,2.0,98213.0,3.0,1.0
98227,True,2.0,96179.0,11.0,1.0
98251,True,2.0,90059.0,13.0,1.0
98251,True,2.0,98123.0,7.0,1.0
98257,True,2.0,98129.0,7.0,1.0
98269,True,2.0,96221.0,11.0,1.0
98297,True,2.0,181.0,16.0,2.0
98297,True,2.0,98041.0,8.0,1.0
98297,True,2.0,94201.0,12.0,1.0
98299,True,2.0,90107.0,13.0,1.0
98299,True,2.0,97787.0,9.0,1.0
98299,True,2.0,98297.0,1.0,1.0
98317,True,2.0,96269.0,11.0,1.0
98321,True,2.0,98257.0,6.0,1.0
98321,True,2.0,98317.0,2.0,1.0
98321,True,2.0,81937.0,14.0,1.0
98323,True,2.0,98321.0,1.0,1.0
98327,True,2.0,81943.0,14.0,1.0
98327,True,2.0,98323.0,2.0,1.0
98327,True,2.0,97303.0,10.0,1.0
98347,True,2.0,65579.0,15.0,1.0
98369,True,2.0,32833.0,16.0,1.0
98369,True,2.0,94273.0,12.0,1.0
98377,True,2.0,96329.0,11.0,1.0
98377,True,2.0,65609.0,15.0,1.0
98377,True,2.0,98369.0,3.0,1.0
98387,True,2.0,94291.0,12.0,1.0
98387,True,2.0,98323.0,6.0,1.0
98387,True,2.0,82003.0,14.0,1.0
98389,True,2.0,90197.0,13.0,1.0
98389,True,2.0,98387.0,1.0,1.0
98407,False,,,,
98411,True,2.0,97387.0,10.0,1.0
98411,True,2.0,98347.0,6.0,1.0
98411,True,2.0,98407.0,2.0,1.0
98419,True,2.0,65651.0,15.0,1.0
98419,True,2.0,90227.0,13.0,1.0
98419,True,2.0,98411.0,3.0,1.0
98419,True,2.0,98387.0,5.0,1.0
98429,False,,,,
98443,True,2.0,98411.0,5.0,1.0
98443,True,2.0,97931.0,9.0,1.0
98453,True,2.0,97429.0,10.0,1.0
98453,True,2.0,98389.0,6.0,1.0
98453,True,2.0,32917.0,16.0,1.0
98459,True,2.0,98443.0,4.0,1.0
98467,True,2.0,98459.0,3.0,1.0
98467,True,2.0,65699.0,15.0,1.0
98467,True,2.0,96419.0,11.0,1.0
98473,True,2.0,97961.0,9.0,1.0
98473,True,2.0,90281.0,13.0,1.0
98479,True,2.0,97967.0,9.0,1.0
98479,True,2.0,96431.0,11.0,1.0
98491,True,2.0,98459.0,5.0,1.0
98491,True,2.0,96443.0,11.0,1.0
98507,True,2.0,98251.0,8.0,1.0
98507,True,2.0,98443.0,6.0,1.0
98507,True,2.0,98491.0,4.0,1.0
98507,True,2.0,32971.0,16.0,1.0
98519,True,2.0,32983.0,16.0,1.0
98533,False,,,,
98543,True,2.0,98479.0,6.0,1.0
98543,True,2.0,94447.0,12.0,1.0
98561,False,,,,
98563,True,2.0,98561.0,1.0,1.0
98563,True,2.0,90371.0,13.0,1.0
98573,True,2.0,82189.0,14.0,1.0
98573,True,2.0,33037.0,16.0,1.0
98573,True,2.0,97549.0,10.0,1.0
98573,True,2.0,94477.0,12.0,1.0
98573,True,2.0,98317.0,8.0,1.0
98597,True,2.0,98533.0,6.0,1.0
98621,True,2.0,82237.0,14.0,1.0
98627,True,2.0,33091.0,16.0,1.0
98627,True,2.0,94531.0,12.0,1.0
98627,True,2.0,98563.0,6.0,1.0
98639,True,2.0,94543.0,12.0,1.0
98641,True,2.0,98129.0,9.0,1.0
98641,True,2.0,98639.0,1.0,1.0
98663,True,2.0,82279.0,14.0,1.0
98663,True,2.0,98407.0,8.0,1.0
98669,True,2.0,94573.0,12.0,1.0
98689,True,2.0,65921.0,15.0,1.0
98689,True,2.0,98561.0,7.0,1.0
98711,True,2.0,97687.0,10.0,1.0
98713,True,2.0,98711.0,1.0,1.0
98717,True,2.0,94621.0,12.0,1.0
98717,True,2.0,98713.0,2.0,1.0
98717,True,2.0,33181.0,16.0,1.0
98729,True,2.0,98713.0,4.0,1.0
98729,True,2.0,98473.0,8.0,1.0
98731,True,2.0,65963.0,15.0,1.0
98731,True,2.0,98729.0,1.0,1.0
98737,True,2.0,98729.0,3.0,1.0
98773,False,,,,
98779,True,2.0,96731.0,11.0,1.0
98801,True,2.0,97777.0,10.0,1.0
98801,True,2.0,98737.0,6.0,1.0
98807,False,,,,
98809,True,2.0,98297.0,9.0,1.0
98809,True,2.0,98807.0,1.0,1.0
98809,True,2.0,90617.0,13.0,1.0
98809,True,2.0,66041.0,15.0,1.0
98809,True,2.0,98801.0,3.0,1.0
98837,True,2.0,97813.0,10.0,1.0
98837,True,2.0,33301.0,16.0,1.0
98837,True,2.0,98773.0,6.0,1.0
98849,False,,,,
98867,True,2.0,94771.0,12.0,1.0
98867,True,2.0,82483.0,14.0,1.0
98867,True,2.0,33331.0,16.0,1.0
98867,True,2.0,97843.0,10.0,1.0
98869,True,2.0,90677.0,13.0,1.0
98869,True,2.0,98837.0,5.0,1.0
98869,True,2.0,96821.0,11.0,1.0
98869,True,2.0,98867.0,1.0,1.0
98873,True,2.0,94777.0,12.0,1.0
98873,True,2.0,97849.0,10.0,1.0
98873,True,2.0,98869.0,2.0,1.0
98873,True,2.0,98809.0,6.0,1.0
98887,False,,,,
98893,False,,,,
98897,True,2.0,98641.0,8.0,1.0
98897,True,2.0,98893.0,2.0,1.0
98899,True,2.0,98897.0,1.0,1.0
98899,True,2.0,98867.0,5.0,1.0
98899,True,2.0,98387.0,9.0,1.0
98899,True,2.0,96851.0,11.0,1.0
98909,True,2.0,98893.0,4.0,1.0
98911,True,2.0,98909.0,1.0,1.0
98927,True,2.0,98911.0,4.0,1.0
98927,True,2.0,33391.0,16.0,1.0
98929,True,2.0,98927.0,1.0,1.0
98929,True,2.0,98897.0,5.0,1.0
98929,True,2.0,66161.0,15.0,1.0
98929,True,2.0,98801.0,7.0,1.0
98939,True,2.0,33403.0,16.0,1.0
98947,True,2.0,66179.0,15.0,1.0
98947,True,2.0,98939.0,3.0,1.0
98953,False,,,,
98963,True,2.0,33427.0,16.0,1.0
98963,True,2.0,98899.0,6.0,1.0
98963,True,2.0,98947.0,4.0,1.0
98981,False,,,,
98993,True,2.0,98737.0,8.0,1.0
98993,True,2.0,82609.0,14.0,1.0
98993,True,2.0,313.0,10.0,2.0
98993,True,2.0,98929.0,6.0,1.0
98993,True,2.0,33457.0,16.0,1.0
98999,True,2.0,94903.0,12.0,1.0
99013,True,2.0,90821.0,13.0,1.0
99013,True,2.0,98981.0,5.0,1.0
99017,True,2.0,82633.0,14.0,1.0
99017,True,2.0,99013.0,2.0,1.0
99017,True,2.0,98953.0,6.0,1.0
99023,True,2.0,33487.0,16.0,1.0
99041,True,2.0,98017.0,10.0,1.0
99041,True,2.0,82657.0,14.0,1.0
99053,False,,,,
99079,True,2.0,90887.0,13.0,1.0
99083,True,2.0,99079.0,2.0,1.0
99083,True,2.0,82699.0,14.0,1.0
99083,True,2.0,33547.0,16.0,1.0
99089,True,2.0,94993.0,12.0,1.0
99103,True,2.0,90911.0,13.0,1.0
99109,True,2.0,90917.0,13.0,1.0
99109,True,2.0,98597.0,9.0,1.0
99109,True,2.0,98981.0,7.0,1.0
99119,True,2.0,99103.0,4.0,1.0
99131,False,,,,
99133,True,2.0,98621.0,9.0,1.0
99133,True,2.0,99131.0,1.0,1.0
99137,True,2.0,33601.0,16.0,1.0
99137,True,2.0,99133.0,2.0,1.0
99139,True,2.0,98627.0,9.0,1.0
99139,True,2.0,90947.0,13.0,1.0
99139,True,2.0,99131.0,3.0,1.0
99139,True,2.0,99137.0,1.0,1.0
99149,True,2.0,33613.0,16.0,1.0
99149,True,2.0,98893.0,8.0,1.0
99149,True,2.0,99133.0,4.0,1.0
99173,True,2.0,33637.0,16.0,1.0
99173,True,2.0,99109.0,6.0,1.0
99181,True,2.0,66413.0,15.0,1.0
99181,True,2.0,99053.0,7.0,1.0
99181,True,2.0,98669.0,9.0,1.0
99181,True,2.0,99173.0,3.0,1.0
99181,True,2.0,90989.0,13.0,1.0
99181,True,2.0,99149.0,5.0,1.0
99191,False,,,,
99223,True,2.0,98711.0,9.0,1.0
99223,True,2.0,99191.0,5.0,1.0
99233,False,,,,
99241,True,2.0,99233.0,3.0,1.0
99241,True,2.0,98729.0,9.0,1.0
99251,True,2.0,98227.0,10.0,1.0
99257,True,2.0,99241.0,4.0,1.0
99257,True,2.0,33721.0,16.0,1.0
99259,True,2.0,99251.0,3.0,1.0
99259,True,2.0,99257.0,1.0,1.0
99259,True,2.0,99131.0,7.0,1.0
99259,True,2.0,66491.0,15.0,1.0
99277,True,2.0,99149.0,7.0,1.0
99277,True,2.0,66509.0,15.0,1.0
99289,True,2.0,97241.0,11.0,1.0
99289,True,2.0,91097.0,13.0,1.0
99289,True,2.0,99257.0,5.0,1.0
99317,False,,,,
99347,True,2.0,82963.0,14.0,1.0
99347,True,2.0,33811.0,16.0,1.0
99347,True,2.0,98323.0,10.0,1.0
99349,True,2.0,99317.0,5.0,1.0
99349,True,2.0,97301.0,11.0,1.0
99349,True,2.0,99347.0,1.0,1.0
99349,True,2.0,98837.0,9.0,1.0
99367,False,,,,
99371,True,2.0,99367.0,2.0,1.0
99371,True,2.0,98347.0,10.0,1.0
99377,False,,,,
99391,True,2.0,91199.0,13.0,1.0
99397,True,2.0,66629.0,15.0,1.0
99401,True,2.0,98377.0,10.0,1.0
99401,True,2.0,99397.0,2.0,1.0
99409,True,2.0,99377.0,5.0,1.0
99409,True,2.0,99401.0,3.0,1.0
99409,True,2.0,98897.0,9.0,1.0
99431,True,2.0,83047.0,14.0,1.0
99431,True,2.0,98407.0,10.0,1.0
99431,True,2.0,99367.0,6.0,1.0
99439,True,2.0,99431.0,3.0,1.0
99439,True,2.0,98927.0,9.0,1.0
99469,True,2.0,66701.0,15.0,1.0
99487,False,,,,
99497,True,2.0,99241.0,8.0,1.0
99497,True,2.0,33961.0,16.0,1.0
99497,True,2.0,98473.0,10.0,1.0
99497,True,2.0,95401.0,12.0,1.0
99523,True,2.0,91331.0,13.0,1.0
99527,True,2.0,99523.0,2.0,1.0
99529,True,2.0,99527.0,1.0,1.0
99529,True,2.0,99401.0,7.0,1.0
99529,True,2.0,99497.0,5.0,1.0
99529,True,2.0,99017.0,9.0,1.0
99551,True,2.0,99487.0,6.0,1.0
99559,True,2.0,97511.0,11.0,1.0
99559,True,2.0,99431.0,7.0,1.0
99559,True,2.0,91367.0,13.0,1.0
99559,True,2.0,99551.0,3.0,1.0
99559,True,2.0,66791.0,15.0,1.0
99559,True,2.0,99527.0,5.0,1.0
99563,True,2.0,95467.0,12.0,1.0
99563,True,2.0,99559.0,2.0,1.0
99571,True,2.0,99563.0,3.0,1.0
99571,True,2.0,97523.0,11.0,1.0
99577,True,2.0,66809.0,15.0,1.0
99581,True,2.0,99577.0,2.0,1.0
99607,False,,,,
99611,True,2.0,83227.0,14.0,1.0
99611,True,2.0,99607.0,2.0,1.0
99623,True,2.0,99559.0,6.0,1.0
99623,True,2.0,99367.0,8.0,1.0
99623,True,2.0,95527.0,12.0,1.0
99623,True,2.0,99607.0,4.0,1.0
99643,True,2.0,99611.0,5.0,1.0
99643,True,2.0,99131.0,9.0,1.0
99661,True,2.0,97613.0,11.0,1.0
99661,True,2.0,99149.0,9.0,1.0
99667,False,,,,
99679,True,2.0,99551.0,7.0,1.0
99689,False,,,,
99707,True,2.0,34171.0,16.0,1.0
99707,True,2.0,99643.0,6.0,1.0
99709,True,2.0,99707.0,1.0,1.0
99709,True,2.0,99581.0,7.0,1.0
99713,True,2.0,95617.0,12.0,1.0
99713,True,2.0,98689.0,10.0,1.0
99713,True,2.0,99709.0,2.0,1.0
99719,True,2.0,34183.0,16.0,1.0
99721,True,2.0,97673.0,11.0,1.0
99721,True,2.0,99689.0,5.0,1.0
99721,True,2.0,91529.0,13.0,1.0
99721,True,2.0,99719.0,1.0,1.0
99721,True,2.0,99713.0,3.0,1.0
99733,True,2.0,91541.0,13.0,1.0
99761,True,2.0,98737.0,10.0,1.0
99767,True,2.0,34231.0,16.0,1.0
99767,True,2.0,83383.0,14.0,1.0
99787,False,,,,
99793,True,2.0,99761.0,5.0,1.0
99809,True,2.0,34273.0,16.0,1.0
99809,True,2.0,99793.0,4.0,1.0
99809,True,2.0,95713.0,12.0,1.0
99817,True,2.0,67049.0,15.0,1.0
99817,True,2.0,99689.0,7.0,1.0
99817,True,2.0,99809.0,3.0,1.0
99823,True,2.0,91631.0,13.0,1.0
99829,True,2.0,99317.0,9.0,1.0
99829,True,2.0,67061.0,15.0,1.0
99833,True,2.0,98809.0,10.0,1.0
99833,True,2.0,99577.0,8.0,1.0
99833,True,2.0,99817.0,4.0,1.0
99833,True,2.0,34297.0,16.0,1.0
99833,True,2.0,99829.0,2.0,1.0
99833,True,2.0,95737.0,12.0,1.0
99833,True,2.0,83449.0,14.0,1.0
99839,True,2.0,99823.0,4.0,1.0
99839,True,2.0,34303.0,16.0,1.0
99859,True,2.0,99347.0,9.0,1.0
99871,True,2.0,67103.0,15.0,1.0
99871,True,2.0,99839.0,5.0,1.0
99877,True,2.0,97829.0,11.0,1.0
99881,True,2.0,99817.0,6.0,1.0
99881,True,2.0,99877.0,2.0,1.0
99881,True,2.0,83497.0,14.0,1.0
99901,False,,,,
99907,True,2.0,97859.0,11.0,1.0
99907,True,2.0,67139.0,15.0,1.0
99923,True,2.0,99667.0,8.0,1.0
99923,True,2.0,98899.0,10.0,1.0
99923,True,2.0,99859.0,6.0,1.0
99923,True,2.0,99907.0,4.0,1.0
99929,False,,,,
99961,True,2.0,99929.0,5.0,1.0
99961,True,2.0,99833.0,7.0,1.0
99971,True,2.0,99907.0,6.0,1.0
99971,True,2.0,98947.0,10.0,1.0
99989,True,2.0,99733.0,8.0,1.0
99991,True,2.0,99989.0,1.0,1.0
99991,True,2.0,97943.0,11.0,1.0
100003,True,2.0,99971.0,5.0,1.0
100003,True,2.0,91811.0,13.0,1.0
100019,True,2.0,100003.0,4.0,1.0
100019,True,2.0,34483.0,16.0,1.0
100019,True,2.0,95923.0,12.0,1.0
100043,True,2.0,95947.0,12.0,1.0
100043,True,2.0,99787.0,8.0,1.0
100049,True,2.0,99793.0,8.0,1.0
100049,True,2.0,34513.0,16.0,1.0
100057,True,2.0,98009.0,11.0,1.0
100057,True,2.0,100049.0,3.0,1.0
100057,True,2.0,99929.0,7.0,1.0
100057,True,2.0,67289.0,15.0,1.0
100069,False,,,,
100103,True,2.0,99079.0,10.0,1.0
100103,True,2.0,83719.0,14.0,1.0
100109,True,2.0,96013.0,12.0,1.0
100129,True,2.0,98081.0,11.0,1.0
100151,False,,,,
100153,True,2.0,91961.0,13.0,1.0
100153,True,2.0,100151.0,1.0,1.0
100169,True,2.0,100153.0,4.0,1.0
100183,True,2.0,100151.0,5.0,1.0
100189,True,2.0,67421.0,15.0,1.0
100189,True,2.0,91997.0,13.0,1.0
100193,True,2.0,96097.0,12.0,1.0
100193,True,2.0,100189.0,2.0,1.0
100193,True,2.0,100129.0,6.0,1.0
100207,False,,,,
100213,False,,,,
100237,True,2.0,100109.0,7.0,1.0
100267,True,2.0,67499.0,15.0,1.0
100271,True,2.0,100207.0,6.0,1.0
100271,True,2.0,100267.0,2.0,1.0
100279,True,2.0,99767.0,9.0,1.0
100279,True,2.0,67511.0,15.0,1.0
100279,True,2.0,100271.0,3.0,1.0
100279,True,2.0,100151.0,7.0,1.0
100291,True,2.0,67523.0,15.0,1.0
100297,True,2.0,100169.0,7.0,1.0
100313,True,2.0,100057.0,8.0,1.0
100313,True,2.0,100297.0,4.0,1.0
100313,True,2.0,99289.0,10.0,1.0
100333,False,,,,
100343,True,2.0,34807.0,16.0,1.0
100343,True,2.0,100279.0,6.0,1.0
100357,True,2.0,67589.0,15.0,1.0
100361,True,2.0,100297.0,6.0,1.0
100361,True,2.0,100357.0,2.0,1.0
100363,True,2.0,100361.0,1.0,1.0
100379,True,2.0,100363.0,4.0,1.0
100379,True,2.0,34843.0,16.0,1.0
100391,True,2.0,99367.0,10.0,1.0
100393,True,2.0,100361.0,5.0,1.0
100393,True,2.0,99881.0,9.0,1.0
100393,True,2.0,100391.0,1.0,1.0
100403,False,,,,
100411,True,2.0,100379.0,5.0,1.0
100411,True,2.0,100403.0,3.0,1.0
100411,True,2.0,92219.0,13.0,1.0
100417,True,2.0,98369.0,11.0,1.0
100447,True,2.0,67679.0,15.0,1.0
100459,True,2.0,98411.0,11.0,1.0
100469,True,2.0,100213.0,8.0,1.0
100483,True,2.0,99971.0,9.0,1.0
100493,True,2.0,317.0,2.0,2.0
100493,True,2.0,100237.0,8.0,1.0
100493,True,2.0,99469.0,10.0,1.0
100501,True,2.0,99989.0,9.0,1.0
100501,True,2.0,100493.0,3.0,1.0
100501,True,2.0,67733.0,15.0,1.0
100501,True,2.0,98453.0,11.0,1.0
100501,True,2.0,100469.0,5.0,1.0
100511,True,2.0,84127.0,14.0,1.0
100511,True,2.0,100447.0,6.0,1.0
100511,True,2.0,99487.0,10.0,1.0
100517,True,2.0,34981.0,16.0,1.0
100517,True,2.0,100501.0,4.0,1.0
100519,True,2.0,100517.0,1.0,1.0
100519,True,2.0,67751.0,15.0,1.0
100519,True,2.0,100511.0,3.0,1.0
100519,True,2.0,100391.0,7.0,1.0
100523,True,2.0,100459.0,6.0,1.0
100523,True,2.0,100267.0,8.0,1.0
100523,True,2.0,100519.0,2.0,1.0
100537,False,,,,
100547,True,2.0,96451.0,12.0,1.0
100547,True,2.0,84163.0,14.0,1.0
100547,True,2.0,100483.0,6.0,1.0
100547,True,2.0,99523.0,10.0,1.0
100547,True,2.0,100291.0,8.0,1.0
100549,True,2.0,92357.0,13.0,1.0
100549,True,2.0,100517.0,5.0,1.0
100549,True,2.0,100547.0,1.0,1.0
100559,True,2.0,35023.0,16.0,1.0
100591,True,2.0,98543.0,11.0,1.0
100591,True,2.0,92399.0,13.0,1.0
100591,True,2.0,100559.0,5.0,1.0
100609,True,2.0,98561.0,11.0,1.0
100613,True,2.0,100549.0,6.0,1.0
100613,True,2.0,96517.0,12.0,1.0
100613,True,2.0,100357.0,8.0,1.0
100613,True,2.0,84229.0,14.0,1.0
100613,True,2.0,100609.0,2.0,1.0
100621,True,2.0,98573.0,11.0,1.0
100621,True,2.0,100493.0,7.0,1.0
100621,True,2.0,67853.0,15.0,1.0
100621,True,2.0,100613.0,3.0,1.0
100621,True,2.0,100109.0,9.0,1.0
100649,True,2.0,100393.0,8.0,1.0
100649,True,2.0,96553.0,12.0,1.0
100669,True,2.0,98621.0,11.0,1.0
100669,True,2.0,67901.0,15.0,1.0
100673,True,2.0,100609.0,6.0,1.0
100673,True,2.0,100669.0,2.0,1.0
100673,True,2.0,100417.0,8.0,1.0
100693,False,,,,
100699,True,2.0,67931.0,15.0,1.0
100699,True,2.0,92507.0,13.0,1.0
100703,True,2.0,100699.0,2.0,1.0
100703,True,2.0,84319.0,14.0,1.0
100703,True,2.0,99679.0,10.0,1.0
100703,True,2.0,100447.0,8.0,1.0
100733,True,2.0,99709.0,10.0,1.0
100733,True,2.0,100669.0,6.0,1.0
100733,True,2.0,84349.0,14.0,1.0
100741,True,2.0,100613.0,7.0,1.0
100741,True,2.0,100733.0,3.0,1.0
100747,True,2.0,67979.0,15.0,1.0
100769,False,,,,
100787,True,2.0,35251.0,16.0,1.0
100799,True,2.0,96703.0,12.0,1.0
100801,True,2.0,100799.0,1.0,1.0
100801,True,2.0,100673.0,7.0,1.0
100801,True,2.0,100769.0,5.0,1.0
100811,True,2.0,99787.0,10.0,1.0
100811,True,2.0,100747.0,6.0,1.0
100823,False,,,,
100829,False,,,,
100847,True,2.0,100591.0,8.0,1.0
100847,True,2.0,35311.0,16.0,1.0
100847,True,2.0,84463.0,14.0,1.0
100847,True,2.0,99823.0,10.0,1.0
100853,True,2.0,96757.0,12.0,1.0
100853,True,2.0,35317.0,16.0,1.0
100853,True,2.0,99829.0,10.0,1.0
100907,True,2.0,84523.0,14.0,1.0
100913,False,,,,
100927,True,2.0,100799.0,7.0,1.0
100931,True,2.0,99907.0,10.0,1.0
100931,True,2.0,100927.0,2.0,1.0
100937,True,2.0,35401.0,16.0,1.0
100943,True,2.0,96847.0,12.0,1.0
100943,True,2.0,35407.0,16.0,1.0
100943,True,2.0,100927.0,4.0,1.0
100943,True,2.0,84559.0,14.0,1.0
100957,True,2.0,98909.0,11.0,1.0
100957,True,2.0,100829.0,7.0,1.0
100981,True,2.0,92789.0,13.0,1.0
100981,True,2.0,100853.0,7.0,1.0
100981,True,2.0,68213.0,15.0,1.0
100981,True,2.0,100469.0,9.0,1.0
100987,True,2.0,68219.0,15.0,1.0
100987,True,2.0,98939.0,11.0,1.0
100999,False,,,,
101009,False,,,,
101021,True,2.0,100957.0,6.0,1.0
101027,True,2.0,35491.0,16.0,1.0
101027,True,2.0,96931.0,12.0,1.0
101027,True,2.0,100003.0,10.0,1.0
101051,True,2.0,100987.0,6.0,1.0
101063,True,2.0,100999.0,6.0,1.0
101063,True,2.0,35527.0,16.0,1.0
101081,True,2.0,100057.0,10.0,1.0
101081,True,2.0,84697.0,14.0,1.0
101089,True,2.0,101081.0,3.0,1.0
101089,True,2.0,99041.0,11.0,1.0
101107,False,,,,
101111,True,2.0,101107.0,2.0,1.0
101113,True,2.0,101111.0,1.0,1.0
101113,True,2.0,92921.0,13.0,1.0
101113,True,2.0,101081.0,5.0,1.0
101117,True,2.0,101113.0,2.0,1.0
101117,True,2.0,97021.0,12.0,1.0
101119,True,2.0,101111.0,3.0,1.0
101119,True,2.0,68351.0,15.0,1.0
101119,True,2.0,101117.0,1.0,1.0
101119,True,2.0,92927.0,13.0,1.0
101141,False,,,,
101149,True,2.0,101117.0,5.0,1.0
101149,True,2.0,92957.0,13.0,1.0
101149,True,2.0,101141.0,3.0,1.0
101149,True,2.0,101021.0,7.0,1.0
101159,False,,,,
101161,True,2.0,101159.0,1.0,1.0
101161,True,2.0,100649.0,9.0,1.0
101173,True,2.0,101141.0,5.0,1.0
101183,True,2.0,100927.0,8.0,1.0
101183,True,2.0,101119.0,6.0,1.0
101197,True,2.0,99149.0,11.0,1.0
101203,False,,,,
101207,True,2.0,100183.0,10.0,1.0
101207,True,2.0,101203.0,2.0,1.0
101207,True,2.0,35671.0,16.0,1.0
101209,True,2.0,101207.0,1.0,1.0
101209,True,2.0,101081.0,7.0,1.0
101221,True,2.0,99173.0,11.0,1.0
101267,True,2.0,97171.0,12.0,1.0
101267,True,2.0,101203.0,6.0,1.0
101267,True,2.0,35731.0,16.0,1.0
101273,True,2.0,101209.0,6.0,1.0
101273,True,2.0,97177.0,12.0,1.0
101279,False,,,,
101281,True,2.0,99233.0,11.0,1.0
101281,True,2.0,101273.0,3.0,1.0
101281,True,2.0,100769.0,9.0,1.0
101281,True,2.0,101279.0,1.0,1.0
101281,True,2.0,93089.0,13.0,1.0
101287,True,2.0,101279.0,3.0,1.0
101287,True,2.0,101159.0,7.0,1.0
101293,False,,,,
101323,True,2.0,100811.0,9.0,1.0
101323,True,2.0,93131.0,13.0,1.0
101333,True,2.0,35797.0,16.0,1.0
101341,True,2.0,100829.0,9.0,1.0
101341,True,2.0,101333.0,3.0,1.0
101347,False,,,,
101359,True,2.0,100847.0,9.0,1.0
101363,True,2.0,101107.0,8.0,1.0
101363,True,2.0,101347.0,4.0,1.0
101363,True,2.0,84979.0,14.0,1.0
101363,True,2.0,101359.0,2.0,1.0
101377,False,,,,
101383,False,,,,
101399,True,2.0,97303.0,12.0,1.0
101399,True,2.0,35863.0,16.0,1.0
101399,True,2.0,101383.0,4.0,1.0
101411,True,2.0,85027.0,14.0,1.0
101411,True,2.0,101347.0,6.0,1.0
101419,True,2.0,100907.0,9.0,1.0
101419,True,2.0,101411.0,3.0,1.0
101419,True,2.0,99371.0,11.0,1.0
101429,True,2.0,101173.0,8.0,1.0
101449,True,2.0,100937.0,9.0,1.0
101449,True,2.0,93257.0,13.0,1.0
101449,True,2.0,99401.0,11.0,1.0
101467,True,2.0,68699.0,15.0,1.0
101477,True,2.0,85093.0,14.0,1.0
101477,True,2.0,101221.0,8.0,1.0
101477,True,2.0,97381.0,12.0,1.0
101483,True,2.0,101467.0,4.0,1.0
101483,True,2.0,101419.0,6.0,1.0
101483,True,2.0,97387.0,12.0,1.0
101483,True,2.0,100459.0,10.0,1.0
101489,False,,,,
101501,False,,,,
101503,True,2.0,101501.0,1.0,1.0
101513,True,2.0,317.0,10.0,2.0
101513,True,2.0,35977.0,16.0,1.0
101513,True,2.0,101449.0,6.0,1.0
101527,True,2.0,101399.0,7.0,1.0
101531,True,2.0,101467.0,6.0,1.0
101531,True,2.0,101527.0,2.0,1.0
101531,True,2.0,85147.0,14.0,1.0
101533,True,2.0,101501.0,5.0,1.0
101533,True,2.0,101021.0,9.0,1.0
101533,True,2.0,101531.0,1.0,1.0
101537,True,2.0,101533.0,2.0,1.0
101537,True,2.0,97441.0,12.0,1.0
101537,True,2.0,101281.0,8.0,1.0
101561,True,2.0,100537.0,10.0,1.0
101573,True,2.0,100549.0,10.0,1.0
101573,True,2.0,36037.0,16.0,1.0
101581,True,2.0,101573.0,3.0,1.0
101581,True,2.0,68813.0,15.0,1.0
101599,True,2.0,93407.0,13.0,1.0
101599,True,2.0,99551.0,11.0,1.0
101603,True,2.0,101347.0,8.0,1.0
101603,True,2.0,101599.0,2.0,1.0
101603,True,2.0,36067.0,16.0,1.0
101611,True,2.0,101483.0,7.0,1.0
101611,True,2.0,93419.0,13.0,1.0
101611,True,2.0,101603.0,3.0,1.0
101611,True,2.0,99563.0,11.0,1.0
101627,True,2.0,85243.0,14.0,1.0
101627,True,2.0,101611.0,4.0,1.0
101641,True,2.0,101513.0,7.0,1.0
101653,True,2.0,101141.0,9.0,1.0
101663,True,2.0,101599.0,6.0,1.0
101681,True,2.0,85297.0,14.0,1.0
101693,True,2.0,100669.0,10.0,1.0
101701,True,2.0,101573.0,7.0,1.0
101701,True,2.0,101693.0,3.0,1.0
101719,True,2.0,101207.0,9.0,1.0
101723,True,2.0,101719.0,2.0,1.0
101723,True,2.0,100699.0,10.0,1.0
101723,True,2.0,36187.0,16.0,1.0
101723,True,2.0,101467.0,8.0,1.0
101737,True,2.0,99689.0,11.0,1.0
101741,True,2.0,101737.0,2.0,1.0
101747,True,2.0,97651.0,12.0,1.0
101747,True,2.0,85363.0,14.0,1.0
101749,True,2.0,101747.0,1.0,1.0
101749,True,2.0,93557.0,13.0,1.0
101749,True,2.0,101741.0,3.0,1.0
101771,True,2.0,100747.0,10.0,1.0
101789,True,2.0,101533.0,8.0,1.0
101797,True,2.0,101789.0,3.0,1.0
101797,True,2.0,69029.0,15.0,1.0
101807,True,2.0,97711.0,12.0,1.0
101833,False,,,,
101837,True,2.0,101581.0,8.0,1.0
101837,True,2.0,101833.0,2.0,1.0
101837,True,2.0,85453.0,14.0,1.0
101839,True,2.0,101837.0,1.0,1.0
101839,True,2.0,101807.0,5.0,1.0
101863,False,,,,
101869,True,2.0,101741.0,7.0,1.0
101869,True,2.0,101837.0,5.0,1.0
101873,True,2.0,97777.0,12.0,1.0
101873,True,2.0,101869.0,2.0,1.0
101879,True,2.0,101863.0,4.0,1.0
101879,True,2.0,36343.0,16.0,1.0
101891,False,,,,
101917,True,2.0,101789.0,7.0,1.0
101917,True,2.0,69149.0,15.0,1.0
101921,True,2.0,101917.0,2.0,1.0
101929,True,2.0,99881.0,11.0,1.0
101929,True,2.0,101921.0,3.0,1.0
101939,True,2.0,97843.0,12.0,1.0
101957,True,2.0,97861.0,12.0,1.0
101957,True,2.0,101701.0,8.0,1.0
101963,False,,,,
101977,True,2.0,99929.0,11.0,1.0
101987,True,2.0,36451.0,16.0,1.0
101999,False,,,,
102001,True,2.0,101489.0,9.0,1.0
102001,True,2.0,93809.0,13.0,1.0
102001,True,2.0,69233.0,15.0,1.0
102001,True,2.0,101873.0,7.0,1.0
102001,True,2.0,101999.0,1.0,1.0
102013,True,2.0,101501.0,9.0,1.0
102019,True,2.0,99971.0,11.0,1.0
102019,True,2.0,101987.0,5.0,1.0
102019,True,2.0,93827.0,13.0,1.0
102019,True,2.0,101891.0,7.0,1.0
102023,True,2.0,85639.0,14.0,1.0
102023,True,2.0,97927.0,12.0,1.0
102023,True,2.0,102019.0,2.0,1.0
102023,True,2.0,100999.0,10.0,1.0
102031,True,2.0,102023.0,3.0,1.0
102031,True,2.0,69263.0,15.0,1.0
102031,True,2.0,101999.0,5.0,1.0
102043,True,2.0,93851.0,13.0,1.0
102043,True,2.0,101531.0,9.0,1.0
102059,True,2.0,36523.0,16.0,1.0
102059,True,2.0,102043.0,4.0,1.0
102061,True,2.0,102059.0,1.0,1.0
102071,False,,,,
102077,True,2.0,102061.0,4.0,1.0
102077,True,2.0,102013.0,6.0,1.0
102077,True,2.0,36541.0,16.0,1.0
102079,True,2.0,93887.0,13.0,1.0
102079,True,2.0,102071.0,3.0,1.0
102079,True,2.0,102077.0,1.0,1.0
102101,True,2.0,85717.0,14.0,1.0
102103,True,2.0,93911.0,13.0,1.0
102103,True,2.0,102071.0,5.0,1.0
102103,True,2.0,102101.0,1.0,1.0
102107,True,2.0,98011.0,12.0,1.0
102107,True,2.0,36571.0,16.0,1.0
102107,True,2.0,102043.0,6.0,1.0
102107,True,2.0,102103.0,2.0,1.0
102121,False,,,,
102139,True,2.0,101627.0,9.0,1.0
102139,True,2.0,69371.0,15.0,1.0
102139,True,2.0,102107.0,5.0,1.0
102149,False,,,,
102161,False,,,,
102181,True,2.0,102149.0,5.0,1.0
102191,False,,,,
102197,True,2.0,98101.0,12.0,1.0
102197,True,2.0,102181.0,4.0,1.0
102197,True,2.0,101173.0,10.0,1.0
102199,True,2.0,102197.0,1.0,1.0
102199,True,2.0,102071.0,7.0,1.0
102199,True,2.0,100151.0,11.0,1.0
102199,True,2.0,94007.0,13.0,1.0
102199,True,2.0,102191.0,3.0,1.0
102199,True,2.0,69431.0,15.0,1.0
102203,True,2.0,85819.0,14.0,1.0
102203,True,2.0,102139.0,6.0,1.0
102203,True,2.0,102199.0,2.0,1.0
102217,True,2.0,100169.0,11.0,1.0
102229,True,2.0,102197.0,5.0,1.0
102229,True,2.0,102101.0,7.0,1.0
102233,True,2.0,101209.0,10.0,1.0
102233,True,2.0,102217.0,4.0,1.0
102233,True,2.0,101977.0,8.0,1.0
102233,True,2.0,102229.0,2.0,1.0
102233,True,2.0,293.0,14.0,2.0
102233,True,2.0,36697.0,16.0,1.0
102241,True,2.0,94049.0,13.0,1.0
102241,True,2.0,102233.0,3.0,1.0
102241,True,2.0,100193.0,11.0,1.0
102241,True,2.0,69473.0,15.0,1.0
102251,False,,,,
102253,True,2.0,101741.0,9.0,1.0
102253,True,2.0,102251.0,1.0,1.0
102259,True,2.0,69491.0,15.0,1.0
102259,True,2.0,102251.0,3.0,1.0
102259,True,2.0,101747.0,9.0,1.0
102293,True,2.0,85909.0,14.0,1.0
102293,True,2.0,102229.0,6.0,1.0
102299,True,2.0,102043.0,8.0,1.0
102301,True,2.0,94109.0,13.0,1.0
102301,True,2.0,101789.0,9.0,1.0
102301,True,2.0,102299.0,1.0,1.0
102301,True,2.0,102293.0,3.0,1.0
102317,True,2.0,36781.0,16.0,1.0
102317,True,2.0,102253.0,6.0,1.0
102317,True,2.0,98221.0,12.0,1.0
102317,True,2.0,102301.0,4.0,1.0
102317,True,2.0,102061.0,8.0,1.0
102317,True,2.0,85933.0,14.0,1.0
102317,True,2.0,101293.0,10.0,1.0
102329,True,2.0,36793.0,16.0,1.0
102337,True,2.0,102329.0,3.0,1.0
102359,True,2.0,102103.0,8.0,1.0
102367,True,2.0,102359.0,3.0,1.0
102397,False,,,,
102407,True,2.0,101383.0,10.0,1.0
102407,True,2.0,36871.0,16.0,1.0
102409,True,2.0,100361.0,11.0,1.0
102409,True,2.0,102407.0,1.0,1.0
102433,True,2.0,101921.0,9.0,1.0
102437,True,2.0,36901.0,16.0,1.0
102437,True,2.0,102433.0,2.0,1.0
102437,True,2.0,102181.0,8.0,1.0
102451,True,2.0,101939.0,9.0,1.0
102451,True,2.0,100403.0,11.0,1.0
102461,True,2.0,86077.0,14.0,1.0
102461,True,2.0,102397.0,6.0,1.0
102481,False,,,,
102497,True,2.0,86113.0,14.0,1.0
102497,True,2.0,102481.0,4.0,1.0
102497,True,2.0,102433.0,6.0,1.0
102497,True,2.0,102241.0,8.0,1.0
102499,True,2.0,101987.0,9.0,1.0
102499,True,2.0,94307.0,13.0,1.0
102499,True,2.0,102497.0,1.0,1.0
102503,True,2.0,102499.0,2.0,1.0
102503,True,2.0,98407.0,12.0,1.0
102523,True,2.0,94331.0,13.0,1.0
102533,True,2.0,36997.0,16.0,1.0
102539,True,2.0,37003.0,16.0,1.0
102539,True,2.0,98443.0,12.0,1.0
102539,True,2.0,102523.0,4.0,1.0
102547,True,2.0,69779.0,15.0,1.0
102547,True,2.0,102539.0,3.0,1.0
102551,True,2.0,102547.0,2.0,1.0
102551,True,2.0,101527.0,10.0,1.0
102559,True,2.0,100511.0,11.0,1.0
102559,True,2.0,102551.0,3.0,1.0
102563,True,2.0,102547.0,4.0,1.0
102563,True,2.0,102499.0,6.0,1.0
102563,True,2.0,86179.0,14.0,1.0
102563,True,2.0,98467.0,12.0,1.0
102563,True,2.0,102559.0,2.0,1.0
102587,True,2.0,98491.0,12.0,1.0
102587,True,2.0,102523.0,6.0,1.0
102593,True,2.0,86209.0,14.0,1.0
102593,True,2.0,37057.0,16.0,1.0
102593,True,2.0,102337.0,8.0,1.0
102607,True,2.0,100559.0,11.0,1.0
102611,True,2.0,102547.0,6.0,1.0
102611,True,2.0,102607.0,2.0,1.0
102643,True,2.0,102611.0,5.0,1.0
102647,True,2.0,86263.0,14.0,1.0
102647,True,2.0,102643.0,2.0,1.0
102653,True,2.0,37117.0,16.0,1.0
102653,True,2.0,102397.0,8.0,1.0
102653,True,2.0,86269.0,14.0,1.0
102667,True,2.0,102539.0,7.0,1.0
102667,True,2.0,69899.0,15.0,1.0
102673,True,2.0,102161.0,9.0,1.0
102677,True,2.0,102673.0,2.0,1.0
102677,True,2.0,101653.0,10.0,1.0
102677,True,2.0,86293.0,14.0,1.0
102679,True,2.0,102647.0,5.0,1.0
102679,True,2.0,69911.0,15.0,1.0
102679,True,2.0,102551.0,7.0,1.0
102679,True,2.0,102677.0,1.0,1.0
102701,False,,,,
102761,True,2.0,101737.0,10.0,1.0
102763,True,2.0,102251.0,9.0,1.0
102763,True,2.0,102761.0,1.0,1.0
102769,True,2.0,102761.0,3.0,1.0
102769,True,2.0,70001.0,15.0,1.0
102793,True,2.0,102761.0,5.0,1.0
102797,True,2.0,86413.0,14.0,1.0
102797,True,2.0,102793.0,2.0,1.0
102811,True,2.0,102299.0,9.0,1.0
102829,True,2.0,70061.0,15.0,1.0
102829,True,2.0,102701.0,7.0,1.0
102829,True,2.0,102317.0,9.0,1.0
102829,True,2.0,102797.0,5.0,1.0
102841,True,2.0,94649.0,13.0,1.0
102841,True,2.0,102329.0,9.0,1.0
102859,True,2.0,100811.0,11.0,1.0
102871,True,2.0,100823.0,11.0,1.0
102871,True,2.0,102359.0,9.0,1.0
102877,True,2.0,100829.0,11.0,1.0
102881,True,2.0,102877.0,2.0,1.0
102911,False,,,,
102913,True,2.0,102881.0,5.0,1.0
102913,True,2.0,102911.0,1.0,1.0
102929,True,2.0,102673.0,8.0,1.0
102929,True,2.0,102913.0,4.0,1.0
102931,True,2.0,102929.0,1.0,1.0
102931,True,2.0,70163.0,15.0,1.0
102953,True,2.0,101929.0,10.0,1.0
102967,True,2.0,70199.0,15.0,1.0
102983,True,2.0,37447.0,16.0,1.0
102983,True,2.0,98887.0,12.0,1.0
102983,True,2.0,102967.0,4.0,1.0
102983,True,2.0,86599.0,14.0,1.0
103001,True,2.0,101977.0,10.0,1.0
103007,True,2.0,98911.0,12.0,1.0
103043,True,2.0,102019.0,10.0,1.0
103043,True,2.0,37507.0,16.0,1.0
103043,True,2.0,98947.0,12.0,1.0
103049,True,2.0,102793.0,8.0,1.0
103049,True,2.0,98953.0,12.0,1.0
103067,True,2.0,102811.0,8.0,1.0
103067,True,2.0,102043.0,10.0,1.0
103069,True,2.0,103067.0,1.0,1.0
103069,True,2.0,101021.0,11.0,1.0
103079,False,,,,
103087,True,2.0,103079.0,3.0,1.0
103091,True,2.0,103087.0,2.0,1.0
103093,True,2.0,103091.0,1.0,1.0
103099,True,2.0,102587.0,9.0,1.0
103099,True,2.0,103091.0,3.0,1.0
103099,True,2.0,101051.0,11.0,1.0
103099,True,2.0,94907.0,13.0,1.0
103099,True,2.0,103067.0,5.0,1.0
103123,True,2.0,103091.0,5.0,1.0
103123,True,2.0,102611.0,9.0,1.0
103141,True,2.0,94949.0,13.0,1.0
103141,True,2.0,70373.0,15.0,1.0
103171,True,2.0,103043.0,7.0,1.0
103177,True,2.0,103049.0,7.0,1.0
103183,False,,,,
103217,False,,,,
103231,True,2.0,101183.0,11.0,1.0
103237,False,,,,
103289,False,,,,
103291,True,2.0,103289.0,1.0,1.0
103307,True,2.0,86923.0,14.0,1.0
103307,True,2.0,103291.0,4.0,1.0
103319,True,2.0,99223.0,12.0,1.0
103319,True,2.0,37783.0,16.0,1.0
103333,False,,,,
103349,True,2.0,103093.0,8.0,1.0
103349,True,2.0,103333.0,4.0,1.0
103349,True,2.0,37813.0,16.0,1.0
103357,True,2.0,70589.0,15.0,1.0
103357,True,2.0,103349.0,3.0,1.0
103387,True,2.0,70619.0,15.0,1.0
103391,True,2.0,102367.0,10.0,1.0
103391,True,2.0,103387.0,2.0,1.0
103393,True,2.0,102881.0,9.0,1.0
103393,True,2.0,103391.0,1.0,1.0
103399,True,2.0,103391.0,3.0,1.0
103409,True,2.0,103393.0,4.0,1.0
103421,True,2.0,102397.0,10.0,1.0
103421,True,2.0,103357.0,6.0,1.0
103421,True,2.0,87037.0,14.0,1.0
103423,True,2.0,102911.0,9.0,1.0
103423,True,2.0,95231.0,13.0,1.0
103423,True,2.0,103421.0,1.0,1.0
103423,True,2.0,103391.0,5.0,1.0
103451,True,2.0,103387.0,6.0,1.0
103457,True,2.0,102433.0,10.0,1.0
103457,True,2.0,103393.0,6.0,1.0
103471,True,2.0,95279.0,13.0,1.0
103483,True,2.0,103451.0,5.0,1.0
103511,False,,,,
103529,True,2.0,37993.0,16.0,1.0
103549,True,2.0,101501.0,11.0,1.0
103549,True,2.0,103421.0,7.0,1.0
103553,True,2.0,103549.0,2.0,1.0
103561,True,2.0,95369.0,13.0,1.0
103561,True,2.0,103049.0,9.0,1.0
103561,True,2.0,101513.0,11.0,1.0
103561,True,2.0,103553.0,3.0,1.0
103561,True,2.0,103529.0,5.0,1.0
103561,True,2.0,70793.0,15.0,1.0
103567,False,,,,
103573,False,,,,
103577,True,2.0,103561.0,4.0,1.0
103577,True,2.0,103573.0,2.0,1.0
103583,True,2.0,102559.0,10.0,1.0
103583,True,2.0,38047.0,16.0,1.0
103583,True,2.0,103567.0,4.0,1.0
103583,True,2.0,99487.0,12.0,1.0
103591,True,2.0,103079.0,9.0,1.0
103591,True,2.0,70823.0,15.0,1.0
103591,True,2.0,103583.0,3.0,1.0
103613,True,2.0,103549.0,6.0,1.0
103613,True,2.0,103357.0,8.0,1.0
103619,True,2.0,99523.0,12.0,1.0
103619,True,2.0,38083.0,16.0,1.0
103643,True,2.0,103387.0,8.0,1.0
103651,True,2.0,103619.0,5.0,1.0
103651,True,2.0,101603.0,11.0,1.0
103651,True,2.0,103643.0,3.0,1.0
103657,True,2.0,103529.0,7.0,1.0
103669,True,2.0,70901.0,15.0,1.0
103681,True,2.0,70913.0,15.0,1.0
103681,True,2.0,103553.0,7.0,1.0
103687,True,2.0,70919.0,15.0,1.0
103699,True,2.0,95507.0,13.0,1.0
103703,True,2.0,102679.0,10.0,1.0
103703,True,2.0,103699.0,2.0,1.0
103703,True,2.0,38167.0,16.0,1.0
103703,True,2.0,103687.0,4.0,1.0
103703,True,2.0,99607.0,12.0,1.0
103723,True,2.0,95531.0,13.0,1.0
103769,False,,,,
103787,True,2.0,102763.0,10.0,1.0
103787,True,2.0,87403.0,14.0,1.0
103787,True,2.0,103723.0,6.0,1.0
103801,True,2.0,103769.0,5.0,1.0
103801,True,2.0,103289.0,9.0,1.0
103811,True,2.0,87427.0,14.0,1.0
103813,True,2.0,103811.0,1.0,1.0
103813,True,2.0,95621.0,13.0,1.0
103837,True,2.0,71069.0,15.0,1.0
103837,True,2.0,101789.0,11.0,1.0
103841,True,2.0,103837.0,2.0,1.0
103843,True,2.0,103811.0,5.0,1.0
103843,True,2.0,95651.0,13.0,1.0
103843,True,2.0,103841.0,1.0,1.0
103867,False,,,,
103889,True,2.0,99793.0,12.0,1.0
103903,True,2.0,103391.0,9.0,1.0
103913,True,2.0,38377.0,16.0,1.0
103913,True,2.0,103657.0,8.0,1.0
103913,True,2.0,99817.0,12.0,1.0
103919,True,2.0,99823.0,12.0,1.0
103919,True,2.0,103903.0,4.0,1.0
103951,True,2.0,103919.0,5.0,1.0
103951,True,2.0,47.0,7.0,3.0
103963,True,2.0,103451.0,9.0,1.0
103967,True,2.0,87583.0,14.0,1.0
103967,True,2.0,38431.0,16.0,1.0
103967,True,2.0,103951.0,4.0,1.0
103967,True,2.0,99871.0,12.0,1.0
103967,True,2.0,103963.0,2.0,1.0
103967,True,2.0,103903.0,6.0,1.0
103969,True,2.0,103967.0,1.0,1.0
103969,True,2.0,101921.0,11.0,1.0
103969,True,2.0,103457.0,9.0,1.0
103969,True,2.0,103841.0,7.0,1.0
103979,True,2.0,103723.0,8.0,1.0
103979,True,2.0,103963.0,4.0,1.0
103981,True,2.0,95789.0,13.0,1.0
103981,True,2.0,103979.0,1.0,1.0
103991,True,2.0,102967.0,10.0,1.0
103993,True,2.0,103991.0,1.0,1.0
103993,True,2.0,95801.0,13.0,1.0
103997,True,2.0,99901.0,12.0,1.0
103997,True,2.0,38461.0,16.0,1.0
103997,True,2.0,103981.0,4.0,1.0
103997,True,2.0,103993.0,2.0,1.0
103997,True,2.0,87613.0,14.0,1.0
104003,True,2.0,99907.0,12.0,1.0
104009,True,2.0,103993.0,4.0,1.0
104021,False,,,,
104033,True,2.0,87649.0,14.0,1.0
104033,True,2.0,103969.0,6.0,1.0
104047,True,2.0,101999.0,11.0,1.0
104047,True,2.0,103919.0,7.0,1.0
104053,True,2.0,104021.0,5.0,1.0
104059,False,,,,
104087,True,2.0,99991.0,12.0,1.0
104089,True,2.0,103577.0,9.0,1.0
104089,True,2.0,104087.0,1.0,1.0
104107,True,2.0,71339.0,15.0,1.0
104107,True,2.0,102059.0,11.0,1.0
104107,True,2.0,103979.0,7.0,1.0
104113,False,,,,
104119,True,2.0,104087.0,5.0,1.0
104119,True,2.0,103991.0,7.0,1.0
104119,True,2.0,102071.0,11.0,1.0
104123,True,2.0,104119.0,2.0,1.0
104123,True,2.0,103099.0,10.0,1.0
104123,True,2.0,103867.0,8.0,1.0
104123,True,2.0,104107.0,4.0,1.0
104123,True,2.0,87739.0,14.0,1.0
104123,True,2.0,104059.0,6.0,1.0
104147,True,2.0,38611.0,16.0,1.0
104147,True,2.0,103123.0,10.0,1.0
104149,True,2.0,104147.0,1.0,1.0
104149,True,2.0,95957.0,13.0,1.0
104149,True,2.0,104021.0,7.0,1.0
104149,True,2.0,102101.0,11.0,1.0
104161,True,2.0,104033.0,7.0,1.0
104173,False,,,,
104179,True,2.0,95987.0,13.0,1.0
104179,True,2.0,71411.0,15.0,1.0
104179,True,2.0,104147.0,5.0,1.0
104183,True,2.0,104119.0,6.0,1.0
104183,True,2.0,104179.0,2.0,1.0
104207,True,2.0,103951.0,8.0,1.0
104207,True,2.0,103183.0,10.0,1.0
104207,True,2.0,38671.0,16.0,1.0
104231,False,,,,
104233,True,2.0,104231.0,1.0,1.0
104239,True,2.0,104207.0,5.0,1.0
104239,True,2.0,102191.0,11.0,1.0
104239,True,2.0,104231.0,3.0,1.0
104239,True,2.0,71471.0,15.0,1.0
104243,True,2.0,104179.0,6.0,1.0
104243,True,2.0,104239.0,2.0,1.0
104243,True,2.0,38707.0,16.0,1.0
104281,True,2.0,102233.0,11.0,1.0
104281,True,2.0,103769.0,9.0,1.0
104287,False,,,,
104297,True,2.0,104281.0,4.0,1.0
104297,True,2.0,104233.0,6.0,1.0
104309,True,2.0,100213.0,12.0,1.0
104309,True,2.0,104053.0,8.0,1.0
104311,True,2.0,104309.0,1.0,1.0
104311,True,2.0,104183.0,7.0,1.0
104323,True,2.0,103811.0,9.0,1.0
104327,True,2.0,104311.0,4.0,1.0
104327,True,2.0,87943.0,14.0,1.0
104327,True,2.0,104323.0,2.0,1.0
104327,True,2.0,38791.0,16.0,1.0
104347,True,2.0,102299.0,11.0,1.0
104369,True,2.0,38833.0,16.0,1.0
104369,True,2.0,104113.0,8.0,1.0
104381,True,2.0,103357.0,10.0,1.0
104383,True,2.0,104381.0,1.0,1.0
104393,True,2.0,100297.0,12.0,1.0
104399,True,2.0,104383.0,4.0,1.0
104417,True,2.0,104161.0,8.0,1.0
104417,True,2.0,103393.0,10.0,1.0
104459,True,2.0,38923.0,16.0,1.0
104459,True,2.0,100363.0,12.0,1.0
104471,False,,,,
104473,True,2.0,104471.0,1.0,1.0
104473,True,2.0,96281.0,13.0,1.0
104479,True,2.0,103967.0,9.0,1.0
104479,True,2.0,104471.0,3.0,1.0
104479,True,2.0,71711.0,15.0,1.0
104491,True,2.0,103979.0,9.0,1.0
104491,True,2.0,104459.0,5.0,1.0
104513,True,2.0,88129.0,14.0,1.0
104513,True,2.0,100417.0,12.0,1.0
104513,True,2.0,38977.0,16.0,1.0
104527,True,2.0,104399.0,7.0,1.0
104537,True,2.0,104281.0,8.0,1.0
104537,True,2.0,104473.0,6.0,1.0
104543,True,2.0,100447.0,12.0,1.0
104543,True,2.0,104479.0,6.0,1.0
104543,True,2.0,104527.0,4.0,1.0
104543,True,2.0,104287.0,8.0,1.0
104549,False,,,,
104551,True,2.0,102503.0,11.0,1.0
104551,True,2.0,104543.0,3.0,1.0
104551,True,2.0,104549.0,1.0,1.0
104561,True,2.0,88177.0,14.0,1.0
104579,True,2.0,100483.0,12.0,1.0
104579,True,2.0,39043.0,16.0,1.0
104579,True,2.0,104323.0,8.0,1.0
104593,True,2.0,104561.0,5.0,1.0
104593,True,2.0,96401.0,13.0,1.0
104597,True,2.0,103573.0,10.0,1.0
104597,True,2.0,104593.0,2.0,1.0
104597,True,2.0,100501.0,12.0,1.0
104623,True,2.0,96431.0,13.0,1.0
104639,True,2.0,39103.0,16.0,1.0
104639,True,2.0,104623.0,4.0,1.0
104639,True,2.0,104383.0,8.0,1.0
104651,False,,,,
104659,True,2.0,104147.0,9.0,1.0
104659,True,2.0,104651.0,3.0,1.0
104659,True,2.0,102611.0,11.0,1.0
104677,True,2.0,71909.0,15.0,1.0
104677,True,2.0,104549.0,7.0,1.0
104681,True,2.0,104677.0,2.0,1.0
104681,True,2.0,103657.0,10.0,1.0
104683,True,2.0,104681.0,1.0,1.0
104683,True,2.0,104651.0,5.0,1.0
104693,True,2.0,39157.0,16.0,1.0
104693,True,2.0,104677.0,4.0,1.0
104693,True,2.0,103669.0,10.0,1.0
104701,True,2.0,104693.0,3.0,1.0
104701,True,2.0,102653.0,11.0,1.0
104701,True,2.0,71933.0,15.0,1.0
104707,True,2.0,104579.0,7.0,1.0
104711,True,2.0,103687.0,10.0,1.0
104711,True,2.0,104707.0,2.0,1.0
104711,True,2.0,88327.0,14.0,1.0
104717,True,2.0,100621.0,12.0,1.0
104717,True,2.0,104701.0,4.0,1.0
104717,True,2.0,39181.0,16.0,1.0
104723,True,2.0,88339.0,14.0,1.0
104723,True,2.0,104659.0,6.0,1.0
104723,True,2.0,104707.0,4.0,1.0
104723,True,2.0,103699.0,10.0,1.0
104729,True,2.0,104473.0,8.0,1.0
