n,has_partitions,p,q,j,k
3,False,,,,
2,False,,,,
5,True,2,3,1,1
7,True,2,5,1,1
7,True,2,3,2,1
11,True,2,3,1,2
11,True,2,3,3,1
11,True,2,7,2,1
13,True,2,5,3,1
13,True,2,11,1,1
13,True,2,3,2,2
17,True,2,3,3,2
17,True,2,13,2,1
19,True,2,17,1,1
19,True,2,3,4,1
19,True,2,11,3,1
23,True,2,19,2,1
23,True,2,7,4,1
29,True,2,13,4,1
29,True,2,3,1,3
29,True,2,5,2,2
37,True,2,29,3,1
37,True,2,5,5,1
31,True,2,3,2,3
31,True,2,29,1,1
31,True,2,23,3,1
43,True,2,41,1,1
43,True,2,11,5,1
43,True,2,3,4,3
47,True,2,31,4,1
47,True,2,43,2,1
41,True,2,37,2,1
41,True,2,5,4,2
41,True,2,3,5,2
53,True,2,7,2,2
53,True,2,37,4,1
59,True,2,3,5,3
59,True,2,43,4,1
61,True,2,59,1,1
61,True,2,53,3,1
61,True,2,29,5,1
67,True,2,3,6,1
67,True,2,59,3,1
71,True,2,67,2,1
71,True,2,7,6,1
79,True,2,47,5,1
79,True,2,71,3,1
83,True,2,67,4,1
83,True,2,79,2,1
83,True,2,3,1,4
83,True,2,19,6,1
89,True,2,3,3,4
89,True,2,73,4,1
89,True,2,5,6,2
103,True,2,71,5,1
103,True,2,101,1,1
101,True,2,97,2,1
101,True,2,37,6,1
73,True,2,3,6,2
73,True,2,41,5,1
73,True,2,71,1,1
107,True,2,43,6,1
107,True,2,103,2,1
109,True,2,101,3,1
109,True,2,107,1,1
113,True,2,7,6,2
113,True,2,97,4,1
113,True,2,109,2,1
113,True,2,3,5,4
127,True,2,5,1,3
131,True,2,3,7,1
131,True,2,127,2,1
131,True,2,67,6,1
137,True,2,11,4,2
137,True,2,73,6,1
137,True,2,3,7,2
139,True,2,107,5,1
139,True,2,137,1,1
139,True,2,11,7,1
139,True,2,131,3,1
157,True,2,29,7,1
157,True,2,149,3,1
157,True,2,5,5,3
163,True,2,131,5,1
167,True,2,151,4,1
167,True,2,163,2,1
167,True,2,103,6,1
151,True,2,149,1,1
151,True,2,23,7,1
97,True,2,89,3,1
97,True,2,3,4,4
173,True,2,13,2,2
173,True,2,157,4,1
173,True,2,109,6,1
181,True,2,173,3,1
181,True,2,179,1,1
181,True,2,53,7,1
181,True,2,149,5,1
191,True,2,127,6,1
179,True,2,163,4,1
193,True,2,191,1,1
197,True,2,181,4,1
197,True,2,193,2,1
199,True,2,167,5,1
199,True,2,197,1,1
199,True,2,71,7,1
199,True,2,191,3,1
211,True,2,179,5,1
211,True,2,83,7,1
223,True,2,191,5,1
149,False,,,,
227,True,2,223,2,1
227,True,2,163,6,1
227,True,2,211,4,1
233,True,2,13,6,2
233,True,2,229,2,1
239,True,2,223,4,1
241,True,2,233,3,1
241,True,2,113,7,1
241,True,2,239,1,1
251,True,2,3,3,5
257,True,2,193,6,1
257,True,2,241,4,1
263,True,2,199,6,1
263,True,2,7,8,1
269,True,2,13,8,1
277,True,2,149,7,1
277,True,2,269,3,1
281,True,2,5,8,2
281,True,2,277,2,1
283,True,2,3,8,3
283,True,2,281,1,1
283,True,2,251,5,1
229,True,2,101,7,1
229,True,2,197,5,1
229,True,2,227,1,1
293,True,2,17,2,2
293,True,2,277,4,1
293,True,2,37,8,1
293,True,2,229,6,1
307,True,2,3,6,5
307,True,2,179,7,1
311,True,2,307,2,1
313,True,2,311,1,1
313,True,2,281,5,1
317,True,2,61,8,1
317,True,2,313,2,1
331,False,,,,
337,True,2,3,8,4
271,True,2,239,5,1
271,True,2,269,1,1
271,True,2,263,3,1
347,True,2,283,6,1
347,True,2,331,4,1
347,True,2,7,2,3
353,True,2,17,6,2
353,True,2,97,8,1
353,True,2,337,4,1
353,True,2,349,2,1
367,True,2,239,7,1
367,True,2,359,3,1
373,False,,,,
379,True,2,347,5,1
379,True,2,251,7,1
383,True,2,367,4,1
383,True,2,127,8,1
383,True,2,379,2,1
397,True,2,389,3,1
397,True,2,269,7,1
389,True,2,373,4,1
401,True,2,337,6,1
401,True,2,397,2,1
409,True,2,401,3,1
409,True,2,281,7,1
359,True,2,7,4,3
359,True,2,103,8,1
419,True,2,163,8,1
421,True,2,293,7,1
421,True,2,389,5,1
421,True,2,419,1,1
431,True,2,367,6,1
433,True,2,431,1,1
433,True,2,401,5,1
439,True,2,311,7,1
439,True,2,431,3,1
443,True,2,439,2,1
443,True,2,379,6,1
449,True,2,433,4,1
449,True,2,193,8,1
457,True,2,449,3,1
349,True,2,347,1,1
349,True,2,317,5,1
463,True,2,431,5,1
463,True,2,461,1,1
467,True,2,463,2,1
467,True,2,211,8,1
487,True,2,479,3,1
487,True,2,359,7,1
491,True,2,487,2,1
461,True,2,457,2,1
461,True,2,397,6,1
503,True,2,439,6,1
503,True,2,487,4,1
503,True,2,499,2,1
499,True,2,467,5,1
499,True,2,491,3,1
499,True,2,3,8,5
521,True,2,457,6,1
521,True,2,3,9,2
523,True,2,491,5,1
523,True,2,521,1,1
523,True,2,11,9,1
509,False,,,,
547,True,2,419,7,1
541,True,2,509,5,1
541,True,2,29,9,1
479,True,2,223,8,1
479,True,2,463,4,1
563,True,2,547,4,1
563,True,2,499,6,1
563,True,2,307,8,1
571,True,2,569,1,1
571,True,2,59,9,1
571,True,2,563,3,1
571,True,2,443,7,1
569,True,2,313,8,1
577,True,2,449,7,1
577,True,2,569,3,1
557,True,2,541,4,1
593,True,2,337,8,1
593,True,2,577,4,1
593,True,2,23,6,2
593,True,2,3,9,4
601,True,2,89,9,1
601,True,2,569,5,1
601,True,2,599,1,1
601,True,2,593,3,1
607,True,2,479,7,1
607,True,2,599,3,1
599,True,2,7,8,3
617,True,2,19,8,2
617,True,2,601,4,1
617,True,2,613,2,1
619,True,2,617,1,1
619,True,2,587,5,1
619,True,2,107,9,1
619,True,2,491,7,1
587,True,2,523,6,1
587,True,2,571,4,1
587,True,2,331,8,1
631,True,2,599,5,1
631,True,2,503,7,1
641,True,2,5,4,4
641,True,2,577,6,1
647,True,2,643,2,1
647,True,2,631,4,1
653,True,2,397,8,1
613,True,2,101,9,1
661,True,2,149,9,1
661,True,2,653,3,1
661,True,2,659,1,1
659,True,2,643,4,1
683,True,2,619,6,1
643,True,2,131,9,1
643,True,2,641,1,1
673,True,2,641,5,1
691,True,2,683,3,1
691,True,2,563,7,1
691,True,2,659,5,1
691,True,2,179,9,1
701,False,,,,
709,True,2,701,3,1
709,True,2,197,9,1
709,True,2,677,5,1
719,True,2,463,8,1
727,True,2,599,7,1
727,True,2,719,3,1
739,True,2,227,9,1
677,True,2,661,4,1
677,True,2,421,8,1
677,True,2,673,2,1
677,True,2,613,6,1
743,True,2,739,2,1
743,True,2,727,4,1
743,True,2,487,8,1
751,True,2,719,5,1
751,True,2,239,9,1
751,True,2,743,3,1
757,False,,,,
769,True,2,641,7,1
769,True,2,257,9,1
769,True,2,761,3,1
761,True,2,3,5,6
761,True,2,757,2,1
773,True,2,709,6,1
773,True,2,757,4,1
773,True,2,769,2,1
787,True,2,659,7,1
733,True,2,701,5,1
733,True,2,3,2,6
811,True,2,683,7,1
811,True,2,809,1,1
797,True,2,541,8,1
797,True,2,733,6,1
823,True,2,311,9,1
823,True,2,821,1,1
829,True,2,317,9,1
829,True,2,797,5,1
829,True,2,701,7,1
829,True,2,821,3,1
829,True,2,827,1,1
809,False,,,,
827,True,2,823,2,1
827,True,2,571,8,1
827,True,2,811,4,1
839,True,2,823,4,1
853,True,2,821,5,1
859,True,2,827,5,1
859,True,2,857,1,1
859,True,2,347,9,1
857,True,2,29,4,2
857,True,2,601,8,1
857,True,2,853,2,1
857,True,2,3,7,6
821,True,2,757,6,1
877,False,,,,
881,True,2,877,2,1
881,True,2,5,8,4
883,True,2,881,1,1
887,True,2,883,2,1
887,True,2,823,6,1
887,True,2,631,8,1
863,True,2,859,2,1
863,True,2,607,8,1
907,False,,,,
919,True,2,887,5,1
919,True,2,911,3,1
929,True,2,673,8,1
911,True,2,907,2,1
937,True,2,929,3,1
937,True,2,809,7,1
941,True,2,877,6,1
941,True,2,937,2,1
947,True,2,883,6,1
947,True,2,691,8,1
967,True,2,839,7,1
971,True,2,967,2,1
971,True,2,907,6,1
983,True,2,919,6,1
983,True,2,967,4,1
983,True,2,727,8,1
977,True,2,31,4,2
991,True,2,479,9,1
991,True,2,863,7,1
991,True,2,983,3,1
953,True,2,937,4,1
997,False,,,,
1013,True,2,757,8,1
1013,True,2,997,4,1
1013,True,2,1009,2,1
1021,True,2,1013,3,1
1021,True,2,1019,1,1
1021,True,2,509,9,1
1009,True,2,881,7,1
1009,True,2,977,5,1
1019,False,,,,
1033,True,2,521,9,1
1033,True,2,3,10,2
1033,True,2,1031,1,1
1049,True,2,1033,4,1
1049,True,2,5,10,2
1051,True,2,1019,5,1
1051,True,2,1049,1,1
1051,True,2,3,10,3
1031,True,2,7,10,1
1031,True,2,967,6,1
1039,True,2,1031,3,1
1039,True,2,911,7,1
1069,True,2,1061,3,1
1069,True,2,941,7,1
1069,True,2,557,9,1
1087,False,,,,
1063,True,2,1061,1,1
1063,True,2,1031,5,1
1061,True,2,997,6,1
1061,True,2,37,10,1
1091,True,2,1087,2,1
1091,True,2,67,10,1
1093,True,2,1061,5,1
1093,True,2,1091,1,1
1103,True,2,1039,6,1
1103,True,2,79,10,1
1103,True,2,1087,4,1
1109,True,2,853,8,1
1109,True,2,1093,4,1
1123,True,2,1091,5,1
1129,True,2,1097,5,1
1129,True,2,617,9,1
1097,True,2,1033,6,1
1097,True,2,1093,2,1
1097,True,2,29,8,2
1097,True,2,73,10,1
1117,True,2,1109,3,1
1151,True,2,1087,6,1
1151,True,2,127,10,1
1153,True,2,1151,1,1
1153,True,2,641,9,1
1163,True,2,139,10,1
1163,True,2,907,8,1
1171,True,2,659,9,1
1171,True,2,1163,3,1
1181,True,2,157,10,1
1181,True,2,1117,6,1
1187,True,2,1123,6,1
1187,True,2,163,10,1
1187,True,2,1171,4,1
1213,True,2,701,9,1
1213,True,2,1181,5,1
1201,True,2,1193,3,1
1217,True,2,31,8,2
1217,True,2,193,10,1
1217,True,2,1213,2,1
1217,True,2,1153,6,1
1217,True,2,1201,4,1
1193,True,2,13,10,2
1193,True,2,937,8,1
1193,True,2,1129,6,1
1223,True,2,199,10,1
1223,True,2,967,8,1
1237,True,2,1229,3,1
1237,True,2,1109,7,1
1229,True,2,1213,4,1
1249,True,2,1217,5,1
1231,True,2,1229,1,1
1231,True,2,719,9,1
1231,True,2,1103,7,1
1231,True,2,1223,3,1
1277,True,2,1021,8,1
1277,True,2,1213,6,1
1279,True,2,1277,1,1
1279,True,2,1151,7,1
1283,True,2,1279,2,1
1289,True,2,1033,8,1
1259,False,,,,
1291,True,2,1289,1,1
1291,True,2,1259,5,1
1291,True,2,1163,7,1
1291,True,2,1283,3,1
1301,True,2,277,10,1
1301,True,2,1297,2,1
1301,True,2,1237,6,1
1303,True,2,1301,1,1
1319,True,2,1303,4,1
1319,True,2,1063,8,1
1297,True,2,1289,3,1
1321,True,2,1193,7,1
1321,True,2,1289,5,1
1321,True,2,1319,1,1
1321,True,2,809,9,1
1307,True,2,283,10,1
1307,True,2,1303,2,1
1307,True,2,1291,4,1
1307,True,2,1051,8,1
1327,True,2,1319,3,1
1361,True,2,337,10,1
1361,True,2,1297,6,1
1373,True,2,1117,8,1
1373,True,2,37,2,2
1373,True,2,349,10,1
1367,True,2,1303,6,1
1367,True,2,7,10,3
1381,True,2,1373,3,1
1399,True,2,1367,5,1
1399,True,2,887,9,1
1409,True,2,1153,8,1
1423,True,2,911,9,1
1427,True,2,1423,2,1
1427,True,2,1171,8,1
1429,True,2,1427,1,1
1429,True,2,1301,7,1
1433,True,2,37,6,2
1433,True,2,1429,2,1
1433,True,2,409,10,1
1439,True,2,1423,4,1
1453,True,2,1451,1,1
1453,True,2,941,9,1
1459,True,2,11,7,3
1459,True,2,947,9,1
1459,True,2,1451,3,1
1459,True,2,1427,5,1
1447,True,2,1319,7,1
1447,True,2,1439,3,1
1451,True,2,1447,2,1
1471,True,2,1439,5,1
1481,True,2,457,10,1
1483,True,2,1481,1,1
1483,True,2,971,9,1
1483,True,2,1451,5,1
1487,True,2,1423,6,1
1487,True,2,1231,8,1
1487,True,2,463,10,1
1487,True,2,1483,2,1
1487,True,2,1471,4,1
1489,True,2,1487,1,1
1489,True,2,1361,7,1
1489,True,2,977,9,1
1489,True,2,1481,3,1
1493,True,2,1237,8,1
1493,True,2,1429,6,1
1493,True,2,1489,2,1
1511,True,2,1447,6,1
1511,True,2,487,10,1
1499,True,2,1483,4,1
1531,True,2,1499,5,1
1531,True,2,1523,3,1
1531,True,2,1019,9,1
1523,True,2,1459,6,1
1523,True,2,499,10,1
1543,True,2,1511,5,1
1543,True,2,1031,9,1
1549,False,,,,
1553,True,2,23,10,2
1553,True,2,1297,8,1
1553,True,2,1489,6,1
1553,True,2,1549,2,1
1559,True,2,1543,4,1
1559,True,2,1303,8,1
1571,True,2,547,10,1
1571,True,2,1567,2,1
1579,True,2,1571,3,1
1579,True,2,1451,7,1
1567,True,2,1559,3,1
1567,True,2,1439,7,1
1583,True,2,1567,4,1
1583,True,2,1579,2,1
1583,True,2,1327,8,1
1597,False,,,,
1601,True,2,1597,2,1
1601,True,2,577,10,1
1609,True,2,1601,3,1
1609,True,2,1481,7,1
1609,True,2,1607,1,1
1609,True,2,1097,9,1
1607,True,2,1543,6,1
1619,False,,,,
1613,True,2,1597,4,1
1613,True,2,1609,2,1
1613,True,2,1549,6,1
1621,True,2,1493,7,1
1621,True,2,1619,1,1
1621,True,2,1109,9,1
1621,True,2,1613,3,1
1627,True,2,1499,7,1
1627,True,2,1619,3,1
1663,True,2,1151,9,1
1657,False,,,,
1669,True,2,1667,1,1
1669,True,2,1637,5,1
1693,True,2,1181,9,1
1637,True,2,1621,4,1
1637,True,2,1381,8,1
1637,True,2,613,10,1
1699,True,2,1667,5,1
1699,True,2,1697,1,1
1699,True,2,1571,7,1
1699,True,2,1187,9,1
1667,True,2,1663,2,1
1667,True,2,643,10,1
1697,True,2,673,10,1
1697,True,2,1693,2,1
1697,True,2,41,4,2
1721,True,2,1657,6,1
1709,True,2,1693,4,1
1709,True,2,1453,8,1
1723,True,2,1721,1,1
1733,True,2,709,10,1
1733,True,2,1669,6,1
1741,True,2,1613,7,1
1741,True,2,1733,3,1
1741,True,2,1709,5,1
1741,True,2,1229,9,1
1747,True,2,1619,7,1
1777,False,,,,
1753,True,2,3,10,6
1753,True,2,1721,5,1
1759,False,,,,
1783,False,,,,
1787,True,2,1783,2,1
1787,True,2,1531,8,1
1787,True,2,1723,6,1
1789,True,2,1787,1,1
1789,True,2,1277,9,1
1801,True,2,1289,9,1
1811,True,2,1747,6,1
1811,True,2,787,10,1
1823,True,2,1759,6,1
1823,True,2,1567,8,1
1831,True,2,1319,9,1
1831,True,2,1823,3,1
1847,True,2,1783,6,1
1847,True,2,823,10,1
1847,True,2,1831,4,1
1861,True,2,1733,7,1
1867,False,,,,
1873,True,2,1871,1,1
1873,True,2,1361,9,1
1877,True,2,853,10,1
1877,True,2,1873,2,1
1877,True,2,1861,4,1
1877,True,2,1621,8,1
1889,True,2,1873,4,1
1871,True,2,1867,2,1
1879,True,2,1877,1,1
1879,True,2,1367,9,1
1879,True,2,1847,5,1
1879,True,2,1871,3,1
1907,True,2,883,10,1
1901,True,2,877,10,1
1913,True,2,1657,8,1
1913,True,2,43,6,2
1933,True,2,1931,1,1
1933,True,2,1901,5,1
1951,True,2,1949,1,1
1951,True,2,1439,9,1
1951,True,2,1823,7,1
1949,True,2,1693,8,1
1949,True,2,1933,4,1
1931,True,2,907,10,1
1931,True,2,1867,6,1
1973,False,,,,
1979,True,2,1723,8,1
1987,True,2,1979,3,1
1997,True,2,1741,8,1
1997,True,2,1993,2,1
1997,True,2,1933,6,1
1993,True,2,1481,9,1
2011,True,2,1979,5,1
2011,True,2,1499,9,1
2011,True,2,2003,3,1
2003,True,2,1999,2,1
2003,True,2,1987,4,1
2003,True,2,1747,8,1
1999,True,2,1997,1,1
1999,True,2,1487,9,1
1999,True,2,1871,7,1
2027,True,2,2011,4,1
2029,True,2,1901,7,1
2029,True,2,1997,5,1
2029,True,2,2027,1,1
2017,True,2,1889,7,1
2039,True,2,1783,8,1
2053,True,2,5,11,1
2063,True,2,1999,6,1
2063,True,2,1039,10,1
2083,True,2,1571,9,1
2083,True,2,2081,1,1
2081,True,2,2017,6,1
2069,True,2,2053,4,1
2087,True,2,1063,10,1
2087,True,2,1831,8,1
2087,True,2,2083,2,1
2089,True,2,41,11,1
2089,True,2,2081,3,1
2089,True,2,2087,1,1
2099,True,2,2083,4,1
2129,True,2,1873,8,1
2129,True,2,3,11,4
2129,True,2,2113,4,1
2111,True,2,1087,10,1
2113,True,2,2111,1,1
2113,True,2,1601,9,1
2113,True,2,2081,5,1
2131,True,2,83,11,1
2131,True,2,2129,1,1
2131,True,2,1619,9,1
2131,True,2,2099,5,1
2131,True,2,2003,7,1
2137,True,2,2129,3,1
2137,True,2,89,11,1
2143,True,2,2111,5,1
2143,True,2,2141,1,1
2141,True,2,2137,2,1
2141,True,2,1117,10,1
2153,True,2,2137,4,1
2153,True,2,2089,6,1
2153,True,2,1129,10,1
2161,True,2,113,11,1
2161,True,2,2129,5,1
2161,True,2,2153,3,1
2179,True,2,1667,9,1
2179,True,2,131,11,1
2203,True,2,3,4,7
2207,True,2,2203,2,1
2207,True,2,2143,6,1
2207,True,2,1951,8,1
2213,True,2,47,2,2
2213,True,2,13,4,3
2221,True,2,2213,3,1
2221,True,2,173,11,1
2221,True,2,1709,9,1
2239,True,2,2237,1,1
2239,True,2,2111,7,1
2239,True,2,2207,5,1
2239,True,2,191,11,1
2243,True,2,2179,6,1
2243,True,2,2239,2,1
2243,True,2,1987,8,1
2237,True,2,1213,10,1
2237,True,2,2221,4,1
2251,True,2,3,6,7
2251,True,2,2243,3,1
2267,True,2,2011,8,1
2267,True,2,2251,4,1
2267,True,2,2203,6,1
2269,True,2,2141,7,1
2269,True,2,2237,5,1
2269,True,2,2267,1,1
2287,True,2,239,11,1
2281,True,2,2273,3,1
2281,True,2,233,11,1
2281,True,2,2153,7,1
2273,True,2,2017,8,1
2273,True,2,2269,2,1
2273,True,2,47,6,2
2273,True,2,1249,10,1
2297,True,2,2281,4,1
2297,True,2,2293,2,1
2309,True,2,2293,4,1
2309,True,2,2053,8,1
2293,False,,,,
2333,True,2,2269,6,1
2339,True,2,2083,8,1
2311,True,2,2309,1,1
2311,True,2,263,11,1
2347,True,2,2339,3,1
2351,True,2,1327,10,1
2351,True,2,2347,2,1
2351,True,2,2287,6,1
2357,True,2,2341,4,1
2357,True,2,2293,6,1
2371,True,2,2243,7,1
2371,True,2,2339,5,1
2341,True,2,293,11,1
2341,True,2,2309,5,1
2341,True,2,2213,7,1
2341,True,2,2333,3,1
2341,True,2,2339,1,1
2377,False,,,,
2381,True,2,2377,2,1
2383,True,2,2381,1,1
2383,True,2,2351,5,1
2383,True,2,1871,9,1
2389,True,2,2357,5,1
2389,True,2,1877,9,1
2389,True,2,2381,3,1
2393,True,2,2137,8,1
2393,True,2,37,10,2
2393,True,2,2377,4,1
2393,True,2,2389,2,1
2399,True,2,2143,8,1
2399,True,2,2383,4,1
2417,True,2,7,4,4
2417,True,2,2161,8,1
2437,True,2,2309,7,1
2437,True,2,389,11,1
2423,True,2,1399,10,1
2411,True,2,2347,6,1
2441,True,2,2437,2,1
2441,True,2,2377,6,1
2447,True,2,1423,10,1
2447,True,2,2383,6,1
2459,True,2,2203,8,1
2467,True,2,2339,7,1
2467,True,2,2459,3,1
2467,True,2,419,11,1
2473,True,2,2441,5,1
2477,True,2,1453,10,1
2477,True,2,2473,2,1
2477,True,2,2221,8,1
2521,True,2,2393,7,1
2531,True,2,2467,6,1
2539,True,2,491,11,1
2539,True,2,2411,7,1
2539,True,2,2531,3,1
2539,True,2,2027,9,1
2503,False,,,,
2543,True,2,2539,2,1
2543,True,2,2287,8,1
2551,True,2,2423,7,1
2551,True,2,2549,1,1
2551,True,2,503,11,1
2551,True,2,2039,9,1
2551,True,2,2543,3,1
2549,True,2,2293,8,1
2579,False,,,,
2557,True,2,509,11,1
2557,True,2,2549,3,1
2591,True,2,1567,10,1
2593,True,2,2081,9,1
2593,True,2,2591,1,1
2621,True,2,1597,10,1
2621,True,2,2617,2,1
2621,True,2,2557,6,1
2609,True,2,2593,4,1
2617,True,2,569,11,1
2617,True,2,2609,3,1
2647,True,2,599,11,1
2633,True,2,2377,8,1
2633,True,2,1609,10,1
2633,True,2,2617,4,1
2657,True,2,2593,6,1
2657,True,2,7,8,4
2663,True,2,2647,4,1
2663,True,2,2659,2,1
2671,True,2,2663,3,1
2671,True,2,2543,7,1
2659,True,2,2657,1,1
2659,True,2,2531,7,1
2677,True,2,2549,7,1
2683,False,,,,
2687,True,2,2671,4,1
2687,True,2,2683,2,1
2687,True,2,1663,10,1
2689,True,2,2687,1,1
2689,True,2,641,11,1
2689,True,2,2657,5,1
2699,True,2,2683,4,1
2699,True,2,3,9,7
2693,True,2,2437,8,1
2693,True,2,2677,4,1
2693,True,2,2689,2,1
2693,True,2,1669,10,1
2707,True,2,2699,3,1
2707,True,2,2579,7,1
2707,True,2,659,11,1
2713,True,2,2711,1,1
2729,True,2,2713,4,1
2729,True,2,2473,8,1
2719,True,2,2591,7,1
2719,True,2,2711,3,1
2719,True,2,2207,9,1
2719,True,2,2687,5,1
2731,True,2,2729,1,1
2731,True,2,683,11,1
2731,True,2,2699,5,1
2711,True,2,2647,6,1
2711,True,2,2707,2,1
2741,True,2,2677,6,1
2749,True,2,2621,7,1
2749,True,2,701,11,1
2749,True,2,2237,9,1
2749,True,2,2741,3,1
2753,True,2,2689,6,1
2753,True,2,2749,2,1
2791,True,2,2789,1,1
2791,True,2,2663,7,1
2791,True,2,743,11,1
2777,True,2,2713,6,1
2777,True,2,3,11,6
2777,True,2,1753,10,1
2777,True,2,2521,8,1
2789,False,,,,
2767,True,2,719,11,1
2797,True,2,2789,3,1
2801,True,2,1777,10,1
2801,True,2,2797,2,1
2819,True,2,2803,4,1
2833,True,2,2801,5,1
2803,True,2,2801,1,1
2837,True,2,2833,2,1
2851,True,2,2819,5,1
2851,True,2,2339,9,1
2851,True,2,2843,3,1
2861,True,2,2857,2,1
2861,True,2,2797,6,1
2879,False,,,,
2887,True,2,2879,3,1
2887,True,2,839,11,1
2897,True,2,2833,6,1
2897,True,2,1873,10,1
2843,False,,,,
2857,True,2,809,11,1
2857,True,2,2729,7,1
2903,True,2,2887,4,1
2903,True,2,2647,8,1
2903,True,2,1879,10,1
2909,False,,,,
2953,True,2,2441,9,1
2939,True,2,2683,8,1
2917,True,2,2909,3,1
2917,True,2,2789,7,1
2957,True,2,1933,10,1
2957,True,2,2953,2,1
2963,True,2,2707,8,1
2927,True,2,2671,8,1
2999,False,,,,
2971,True,2,2459,9,1
2971,True,2,2843,7,1
2971,True,2,2963,3,1
2971,True,2,2969,1,1
2971,True,2,2939,5,1
3011,True,2,1987,10,1
3019,True,2,3011,3,1
3019,True,2,971,11,1
2969,True,2,2953,4,1
2969,True,2,2713,8,1
3023,True,2,1999,10,1
3023,True,2,3019,2,1
3023,True,2,2767,8,1
3001,True,2,953,11,1
3001,True,2,2969,5,1
3001,True,2,2999,1,1
3037,True,2,2909,7,1
3049,True,2,3041,3,1
3067,True,2,1019,11,1
3067,True,2,2939,7,1
3061,True,2,1013,11,1
3061,True,2,2549,9,1
3041,True,2,3037,2,1
3041,True,2,2017,10,1
3083,True,2,3079,2,1
3083,True,2,3019,6,1
3083,True,2,3067,4,1
3079,True,2,1031,11,1
3089,True,2,2833,8,1
3119,False,,,,
3121,True,2,3089,5,1
3121,True,2,2609,9,1
3121,True,2,3119,1,1
3137,True,2,3121,4,1
3137,True,2,2113,10,1
3109,True,2,1061,11,1
3167,True,2,3163,2,1
3167,True,2,2143,10,1
3163,False,,,,
3169,True,2,3041,7,1
3169,True,2,3137,5,1
3169,True,2,3167,1,1
3169,True,2,2657,9,1
3181,False,,,,
3187,False,,,,
3203,True,2,3187,4,1
3203,True,2,2179,10,1
3191,True,2,3187,2,1
3209,True,2,2953,8,1
3229,True,2,1181,11,1
3229,True,2,3221,3,1
3221,True,2,3217,2,1
3221,True,2,13,10,3
3251,True,2,3187,6,1
3217,True,2,3209,3,1
3217,True,2,3089,7,1
3257,True,2,3001,8,1
3257,True,2,3253,2,1
3259,True,2,3257,1,1
3259,True,2,3251,3,1
3271,True,2,1223,11,1
3253,True,2,3221,5,1
3253,True,2,5,7,5
3253,True,2,3251,1,1
3253,True,2,2741,9,1
3299,False,,,,
3307,True,2,3299,3,1
3307,True,2,1259,11,1
3301,True,2,2789,9,1
3301,True,2,3299,1,1
3313,True,2,2801,9,1
3319,True,2,3191,7,1
3323,True,2,3259,6,1
3323,True,2,3319,2,1
3323,True,2,3067,8,1
3323,True,2,3307,4,1
3329,True,2,3313,4,1
3331,True,2,1283,11,1
3331,True,2,2819,9,1
3331,True,2,3329,1,1
3331,True,2,3299,5,1
3331,True,2,3203,7,1
3331,True,2,3323,3,1
3343,False,,,,
3347,True,2,3343,2,1
3347,True,2,3331,4,1
3371,True,2,3307,6,1
3371,True,2,2347,10,1
3359,True,2,3343,4,1
3361,True,2,3329,5,1
3361,True,2,3359,1,1
3373,True,2,3371,1,1
3373,True,2,2861,9,1
3389,True,2,3373,4,1
3407,True,2,3391,4,1
3407,True,2,3343,6,1
3407,True,2,2383,10,1
3413,True,2,2389,10,1
3391,True,2,3389,1,1
3391,True,2,3359,5,1
3391,True,2,2879,9,1
3433,False,,,,
3457,True,2,3449,3,1
3457,True,2,1409,11,1
3457,True,2,3329,7,1
3449,True,2,3433,4,1
3463,True,2,3461,1,1
3461,True,2,2437,10,1
3461,True,2,3457,2,1
3467,True,2,3463,2,1
3499,True,2,3467,5,1
3499,True,2,3371,7,1
3499,True,2,3491,3,1
3499,True,2,1451,11,1
3511,True,2,2999,9,1
3469,True,2,3467,1,1
3469,True,2,2957,9,1
3469,True,2,3461,3,1
3491,True,2,2467,10,1
3529,True,2,1481,11,1
3529,True,2,3527,1,1
3527,True,2,3271,8,1
3527,True,2,3463,6,1
3527,True,2,3511,4,1
3527,True,2,2503,10,1
3517,True,2,3389,7,1
3533,True,2,3529,2,1
3533,True,2,3517,4,1
3533,True,2,3469,6,1
3539,False,,,,
3541,True,2,1493,11,1
3541,True,2,3533,3,1
3541,True,2,3539,1,1
3541,True,2,3413,7,1
3547,True,2,3539,3,1
3547,True,2,1499,11,1
3559,True,2,3527,5,1
3559,True,2,3557,1,1
3559,True,2,1511,11,1
3557,True,2,3301,8,1
3557,True,2,3541,4,1
3571,True,2,3539,5,1
3571,True,2,1523,11,1
3581,True,2,3517,6,1
3581,True,2,2557,10,1
3607,True,2,1559,11,1
3583,True,2,3581,1,1
3593,True,2,3529,6,1
3613,True,2,3581,5,1
3617,True,2,3361,8,1
3617,True,2,3613,2,1
3617,True,2,2593,10,1
3631,True,2,3119,9,1
3631,True,2,3623,3,1
3631,True,2,1583,11,1
3623,True,2,3607,4,1
3623,True,2,3559,6,1
3637,True,2,5,9,5
3659,True,2,3643,4,1
3643,False,,,,
3671,True,2,3607,6,1
3671,True,2,2647,10,1
3673,True,2,3671,1,1
3691,True,2,3659,5,1
3677,True,2,3613,6,1
3677,True,2,3673,2,1
3697,False,,,,
3701,True,2,2677,10,1
3701,True,2,3697,2,1
3701,True,2,3637,6,1
3709,True,2,3701,3,1
3709,True,2,3581,7,1
3709,True,2,3677,5,1
3727,True,2,3719,3,1
3733,True,2,3701,5,1
3733,True,2,3221,9,1
3739,False,,,,
3719,True,2,3463,8,1
3761,True,2,3697,6,1
3767,True,2,3511,8,1
3769,True,2,1721,11,1
3769,True,2,3767,1,1
3769,True,2,3257,9,1
3769,True,2,3761,3,1
3797,True,2,3541,8,1
3797,True,2,3793,2,1
3797,True,2,3733,6,1
3793,True,2,3761,5,1
3779,False,,,,
3803,True,2,3739,6,1
3803,True,2,3547,8,1
3821,True,2,2797,10,1
3823,True,2,3821,1,1
3833,True,2,3769,6,1
3833,True,2,53,10,2
3847,True,2,3719,7,1
3853,True,2,3851,1,1
3853,True,2,3821,5,1
3863,True,2,3607,8,1
3863,True,2,3847,4,1
3851,True,2,3847,2,1
3877,False,,,,
3881,True,2,2857,10,1
3881,True,2,3877,2,1
3889,True,2,3881,3,1
3889,True,2,3761,7,1
3907,True,2,3779,7,1
3917,True,2,3853,6,1
3911,True,2,2887,10,1
3911,True,2,3907,2,1
3911,True,2,3847,6,1
3923,True,2,3919,2,1
3923,True,2,3907,4,1
3929,True,2,3673,8,1
3931,True,2,3929,1,1
3931,True,2,3803,7,1
3931,True,2,3923,3,1
3919,True,2,3407,9,1
3919,True,2,3911,3,1
3919,True,2,3917,1,1
3919,True,2,1871,11,1
3947,True,2,3943,2,1
3947,True,2,3691,8,1
3947,True,2,3931,4,1
3943,True,2,3911,5,1
3967,False,,,,
3989,True,2,3733,8,1
4001,False,,,,
4003,True,2,4001,1,1
4003,True,2,3491,9,1
4013,False,,,,
4019,True,2,4003,4,1
4021,True,2,1973,11,1
4021,True,2,3989,5,1
4021,True,2,4019,1,1
4021,True,2,4013,3,1
4007,True,2,4003,2,1
4007,True,2,3943,6,1
4027,True,2,4019,3,1
4027,True,2,1979,11,1
4049,True,2,3793,8,1
4057,True,2,3929,7,1
4057,True,2,4049,3,1
4051,True,2,4019,5,1
4051,True,2,4049,1,1
4051,True,2,3923,7,1
4051,True,2,2003,11,1
4051,True,2,3539,9,1
4079,True,2,3823,8,1
4073,True,2,4057,4,1
4073,True,2,3049,10,1
4093,True,2,4091,1,1
4093,True,2,3581,9,1
4099,True,2,3,12,1
4099,True,2,4091,3,1
4091,True,2,4027,6,1
4091,True,2,3067,10,1
4111,True,2,2063,11,1
4111,True,2,4079,5,1
4127,True,2,4111,4,1
4127,True,2,31,12,1
4129,True,2,4127,1,1
4129,True,2,3617,9,1
4129,True,2,2081,11,1
4129,True,2,4001,7,1
4139,True,2,43,12,1
4153,False,,,,
4157,True,2,4153,2,1
4157,True,2,4093,6,1
4157,True,2,61,12,1
4133,True,2,3877,8,1
4133,True,2,4129,2,1
4133,True,2,3109,10,1
4133,True,2,37,12,1
4159,True,2,4157,1,1
4159,True,2,2111,11,1
4159,True,2,4127,5,1
4177,True,2,3,12,4
4177,True,2,2129,11,1
4177,True,2,4049,7,1
4201,True,2,4073,7,1
4201,True,2,2153,11,1
4219,True,2,4091,7,1
4219,True,2,4211,3,1
4219,True,2,4217,1,1
4217,True,2,4153,6,1
4217,True,2,4201,4,1
4217,True,2,11,12,2
4229,False,,,,
4211,True,2,3187,10,1
4241,True,2,3217,10,1
4241,True,2,4177,6,1
4231,True,2,4229,1,1
4231,True,2,3719,9,1
4243,True,2,4211,5,1
4243,True,2,4241,1,1
4253,True,2,3229,10,1
4253,True,2,157,12,1
4261,True,2,2213,11,1
4261,True,2,4229,5,1
4261,True,2,4259,1,1
4261,True,2,4133,7,1
4261,True,2,4253,3,1
4259,True,2,163,12,1
4259,True,2,4003,8,1
4259,True,2,4243,4,1
4271,False,,,,
4273,True,2,4271,1,1
4273,True,2,3761,9,1
4273,True,2,4241,5,1
4283,True,2,3259,10,1
4283,True,2,4027,8,1
4283,True,2,4219,6,1
4289,True,2,193,12,1
4289,True,2,4273,4,1
4337,True,2,4273,6,1
4337,True,2,3313,10,1
4337,True,2,241,12,1
4327,False,,,,
4297,True,2,4289,3,1
4339,True,2,4337,1,1
4339,True,2,4211,7,1
4339,True,2,3,12,5
4357,True,2,2309,11,1
4357,True,2,4229,7,1
4357,True,2,4349,3,1
4349,True,2,4093,8,1
4363,True,2,3851,9,1
4373,True,2,4357,4,1
4373,True,2,277,12,1
4391,True,2,4327,6,1
4397,True,2,3373,10,1
4409,True,2,313,12,1
4409,True,2,4153,8,1
4421,True,2,4357,6,1
4423,True,2,4391,5,1
4423,True,2,3911,9,1
4423,True,2,4421,1,1
4447,True,2,2399,11,1
4441,True,2,2393,11,1
4441,True,2,4409,5,1
4441,True,2,3929,9,1
4451,True,2,4447,2,1
4457,True,2,4201,8,1
4457,True,2,4441,4,1
4457,True,2,3433,10,1
4457,True,2,19,12,2
4483,True,2,4481,1,1
4483,True,2,4451,5,1
4463,True,2,4447,4,1
4463,True,2,367,12,1
4481,True,2,3457,10,1
4507,True,2,2459,11,1
4513,True,2,4481,5,1
4513,True,2,4001,9,1
4493,True,2,397,12,1
4493,True,2,3469,10,1
4493,True,2,67,2,2
4517,True,2,4261,8,1
4517,True,2,4513,2,1
4517,True,2,421,12,1
4523,True,2,4519,2,1
4523,True,2,4507,4,1
4523,True,2,3499,10,1
4519,True,2,4391,7,1
4519,True,2,4517,1,1
4519,True,2,4007,9,1
4547,True,2,4483,6,1
4549,True,2,4421,7,1
4549,True,2,4517,5,1
4549,True,2,4547,1,1
4561,True,2,4049,9,1
4583,True,2,3559,10,1
4583,True,2,4519,6,1
4583,True,2,4567,4,1
4583,True,2,4327,8,1
4583,True,2,487,12,1
4567,False,,,,
4591,True,2,4079,9,1
4591,True,2,4463,7,1
4591,True,2,4583,3,1
4591,True,2,2543,11,1
4597,True,2,2549,11,1
4621,True,2,4493,7,1
4603,True,2,4091,9,1
4637,True,2,3613,10,1
4637,True,2,4621,4,1
4637,True,2,541,12,1
4643,True,2,547,12,1
4643,True,2,4639,2,1
4639,True,2,4637,1,1
4639,True,2,2591,11,1
4639,True,2,4127,9,1
4649,False,,,,
4657,True,2,2609,11,1
4657,True,2,4649,3,1
4651,True,2,4139,9,1
4651,True,2,4649,1,1
4651,True,2,4523,7,1
4651,True,2,4643,3,1
4673,True,2,4657,4,1
4673,True,2,577,12,1
4663,False,,,,
4679,True,2,4423,8,1
4679,True,2,4663,4,1
4721,True,2,5,12,4
4721,True,2,4657,6,1
4721,True,2,3697,10,1
4691,False,,,,
4723,True,2,4691,5,1
4723,True,2,4721,1,1
4723,True,2,4211,9,1
4703,True,2,4639,6,1
4703,True,2,4447,8,1
4703,True,2,607,12,1
4729,True,2,4217,9,1
4729,True,2,4721,3,1
4751,True,2,3727,10,1
4733,True,2,3709,10,1
4733,True,2,4729,2,1
4783,True,2,4271,9,1
4783,True,2,4751,5,1
4787,True,2,4723,6,1
4787,True,2,4783,2,1
4787,True,2,691,12,1
4759,True,2,4751,3,1
4759,True,2,2711,11,1
4789,True,2,2741,11,1
4789,True,2,4787,1,1
4793,True,2,3769,10,1
4793,True,2,4789,2,1
4793,True,2,4729,6,1
4799,True,2,4783,4,1
4801,True,2,4799,1,1
4801,True,2,4289,9,1
4801,True,2,2753,11,1
4801,True,2,4673,7,1
4801,True,2,4793,3,1
4813,False,,,,
4817,True,2,4561,8,1
4817,True,2,3793,10,1
4817,True,2,4813,2,1
4817,True,2,4801,4,1
4831,True,2,4703,7,1
4831,True,2,4799,5,1
4889,False,,,,
4871,True,2,3847,10,1
4877,True,2,4621,8,1
4877,True,2,4861,4,1
4877,True,2,4813,6,1
4877,True,2,3853,10,1
4861,True,2,4733,7,1
4861,True,2,4349,9,1
4903,True,2,4391,9,1
4903,True,2,4871,5,1
4909,True,2,2861,11,1
4909,True,2,4877,5,1
4909,True,2,4397,9,1
4919,True,2,4663,8,1
4919,True,2,4903,4,1
4919,True,2,823,12,1
4931,True,2,3907,10,1
4933,True,2,4931,1,1
4933,True,2,4421,9,1
4937,True,2,4933,2,1
4937,True,2,29,12,2
4943,True,2,3919,10,1
4957,True,2,2909,11,1
4967,True,2,4903,6,1
4967,True,2,4951,4,1
4967,True,2,3943,10,1
4951,True,2,4943,3,1
4951,True,2,2903,11,1
4951,True,2,4919,5,1
4969,True,2,4937,5,1
4969,True,2,4967,1,1
4969,True,2,4457,9,1
4973,True,2,877,12,1
4973,True,2,4969,2,1
4973,True,2,4909,6,1
4973,True,2,4957,4,1
4987,True,2,2939,11,1
4993,True,2,4481,9,1
5009,True,2,4993,4,1
5003,True,2,4999,2,1
5003,True,2,4987,4,1
5003,True,2,907,12,1
4999,True,2,4871,7,1
4999,True,2,4967,5,1
5011,True,2,5009,1,1
5011,True,2,5003,3,1
5011,True,2,2963,11,1
5021,True,2,4957,6,1
5023,True,2,5021,1,1
5051,True,2,4987,6,1
5051,True,2,4027,10,1
5039,True,2,4783,8,1
5039,True,2,5023,4,1
5059,True,2,4547,9,1
5059,True,2,4931,7,1
5059,True,2,3011,11,1
5059,True,2,5051,3,1
5077,False,,,,
5081,True,2,5077,2,1
5081,True,2,4057,10,1
5099,False,,,,
5087,True,2,5023,6,1
5087,True,2,991,12,1
5087,True,2,4831,8,1
5101,True,2,4973,7,1
5101,True,2,5099,1,1
5107,True,2,5099,3,1
5119,True,2,5087,5,1
5147,True,2,1051,12,1
5153,True,2,4129,10,1
5113,True,2,5081,5,1
5179,True,2,5171,3,1
5179,True,2,5051,7,1
5179,True,2,5147,5,1
5189,True,2,4933,8,1
5189,True,2,1093,12,1
5171,True,2,5167,2,1
5171,True,2,5107,6,1
5167,True,2,5039,7,1
5167,True,2,3119,11,1
5197,True,2,5189,3,1
5209,True,2,5081,7,1
5227,True,2,5099,7,1
5233,True,2,4721,9,1
5233,True,2,5231,1,1
5231,True,2,5227,2,1
5231,True,2,5167,6,1
5237,True,2,5233,2,1
5273,True,2,5209,6,1
5261,True,2,5197,6,1
5281,True,2,5279,1,1
5281,True,2,5273,3,1
5281,True,2,5153,7,1
5279,True,2,5023,8,1
5297,True,2,4273,10,1
5297,True,2,5233,6,1
5297,True,2,71,8,2
5297,True,2,1201,12,1
5297,True,2,5281,4,1
5309,True,2,1213,12,1
5303,False,,,,
5323,False,,,,
5333,True,2,1237,12,1
5333,True,2,73,2,2
5333,True,2,5077,8,1
5347,True,2,3299,11,1
5351,True,2,4327,10,1
5351,True,2,5347,2,1
5387,True,2,1291,12,1
5387,True,2,5323,6,1
5387,True,2,4363,10,1
5381,True,2,4357,10,1
5393,True,2,73,6,2
5393,True,2,1297,12,1
5407,True,2,5399,3,1
5407,True,2,3359,11,1
5407,True,2,5279,7,1
5399,True,2,1303,12,1
5417,True,2,5413,2,1
5417,True,2,1321,12,1
5413,True,2,5381,5,1
5419,True,2,5417,1,1
5419,True,2,3371,11,1
5419,True,2,5387,5,1
5431,True,2,4919,9,1
5431,True,2,5303,7,1
5431,True,2,5399,5,1
5443,True,2,5441,1,1
5443,True,2,4931,9,1
5437,True,2,3389,11,1
5437,True,2,5309,7,1
5441,True,2,5437,2,1
5449,True,2,5417,5,1
5449,True,2,4937,9,1
5449,True,2,5441,3,1
5471,True,2,4447,10,1
5471,True,2,5407,6,1
5477,True,2,5413,6,1
5477,True,2,1381,12,1
5479,True,2,4967,9,1
5479,True,2,5351,7,1
5479,True,2,5471,3,1
5479,True,2,5477,1,1
5501,True,2,5437,6,1
5503,True,2,5471,5,1
5503,True,2,5501,1,1
5483,True,2,5227,8,1
5483,True,2,5479,2,1
5483,True,2,5419,6,1
5507,True,2,5443,6,1
5507,True,2,5503,2,1
5507,True,2,4483,10,1
5519,True,2,1423,12,1
5519,True,2,5503,4,1
5527,True,2,5399,7,1
5527,True,2,5519,3,1
5521,True,2,5519,1,1
5521,True,2,5009,9,1
5521,True,2,5393,7,1
5531,True,2,5527,2,1
5531,True,2,4507,10,1
5563,True,2,5051,9,1
5563,True,2,5531,5,1
5557,False,,,,
5569,True,2,5441,7,1
5573,True,2,5569,2,1
5573,True,2,5557,4,1
5573,True,2,4549,10,1
5591,True,2,5527,6,1
5591,True,2,4567,10,1
5581,True,2,3533,11,1
5581,True,2,5573,3,1
5639,True,2,1543,12,1
5639,True,2,5623,4,1
5623,True,2,5591,5,1
5651,True,2,5647,2,1
5641,True,2,3593,11,1
5641,True,2,5639,1,1
5647,True,2,5519,7,1
5647,True,2,5639,3,1
5653,True,2,5651,1,1
5657,True,2,5641,4,1
5657,True,2,5653,2,1
5669,True,2,5653,4,1
5669,True,2,5413,8,1
5659,True,2,5531,7,1
5659,True,2,5651,3,1
5659,True,2,5657,1,1
5659,True,2,5147,9,1
5683,True,2,5651,5,1
5683,True,2,5171,9,1
5689,True,2,5657,5,1
5693,True,2,1597,12,1
5693,True,2,5689,2,1
5693,True,2,5437,8,1
5701,True,2,5669,5,1
5701,True,2,5693,3,1
5701,True,2,5189,9,1
5701,True,2,5573,7,1
5711,True,2,5647,6,1
5717,True,2,1621,12,1
5717,True,2,5701,4,1
5717,True,2,5653,6,1
5737,False,,,,
5743,True,2,5741,1,1
5743,True,2,5231,9,1
5743,True,2,5711,5,1
5749,True,2,3701,11,1
5749,True,2,5717,5,1
5749,True,2,5237,9,1
5749,True,2,5741,3,1
5741,True,2,5737,2,1
5779,True,2,5651,7,1
5783,True,2,5527,8,1
5783,True,2,4759,10,1
5783,True,2,5779,2,1
5791,True,2,5279,9,1
5791,True,2,5783,3,1
5807,True,2,4783,10,1
5807,True,2,5791,4,1
5807,True,2,5743,6,1
5801,True,2,5737,6,1
5813,True,2,5557,8,1
5813,True,2,5749,6,1
5813,True,2,4789,10,1
5821,True,2,5813,3,1
5821,True,2,5309,9,1
5821,True,2,5693,7,1
5827,True,2,3779,11,1
5843,True,2,1747,12,1
5843,True,2,5827,4,1
5843,True,2,5779,6,1
5843,True,2,5839,2,1
5849,True,2,1753,12,1
5839,True,2,5807,5,1
5839,True,2,5711,7,1
5857,True,2,5849,3,1
5851,True,2,5843,3,1
5851,True,2,3803,11,1
5851,True,2,5849,1,1
5861,True,2,5857,2,1
5867,True,2,5851,4,1
5869,True,2,3821,11,1
5869,True,2,5861,3,1
5869,True,2,5867,1,1
5869,True,2,5741,7,1
5879,True,2,5623,8,1
5879,True,2,1783,12,1
5881,True,2,3833,11,1
5881,True,2,5849,5,1
5881,True,2,5879,1,1
5903,True,2,5647,8,1
5903,True,2,5839,6,1
5923,False,,,,
5897,True,2,5641,8,1
5897,True,2,5881,4,1
5897,True,2,1801,12,1
5927,True,2,5923,2,1
5927,True,2,1831,12,1
5927,True,2,4903,10,1
5939,True,2,5683,8,1
5939,True,2,5923,4,1
5953,True,2,5441,9,1
5981,True,2,4957,10,1
6007,True,2,5879,7,1
5987,True,2,5923,6,1
6011,True,2,4987,10,1
6011,True,2,6007,2,1
6037,True,2,6029,3,1
6037,True,2,3989,11,1
6047,True,2,5023,10,1
6047,True,2,6043,2,1
6047,True,2,5791,8,1
6047,True,2,1951,12,1
6043,True,2,5531,9,1
6043,True,2,6011,5,1
6029,True,2,1933,12,1
6053,True,2,6037,4,1
6067,True,2,5939,7,1
6067,True,2,4019,11,1
6073,False,,,,
6089,True,2,1993,12,1
6089,True,2,6073,4,1
6079,True,2,6047,5,1
6091,True,2,6089,1,1
6113,True,2,5857,8,1
6113,True,2,2017,12,1
6101,True,2,5077,10,1
6101,True,2,6037,6,1
6121,True,2,4073,11,1
6121,True,2,6089,5,1
6121,True,2,6113,3,1
6131,True,2,6067,6,1
6131,True,2,5107,10,1
6133,True,2,6131,1,1
6133,True,2,6101,5,1
6143,True,2,6079,6,1
6143,True,2,5119,10,1
6163,True,2,5651,9,1
6163,True,2,6131,5,1
6151,True,2,5639,9,1
6151,True,2,6143,3,1
6173,False,,,,
6199,True,2,6197,1,1
6211,True,2,6203,3,1
6197,True,2,6133,6,1
6203,True,2,6199,2,1
6203,True,2,5179,10,1
6217,True,2,6089,7,1
6221,True,2,6217,2,1
6221,True,2,5197,10,1
6247,False,,,,
6229,True,2,6101,7,1
6229,True,2,6197,5,1
6229,True,2,6221,3,1
6229,True,2,5717,9,1
6257,True,2,2161,12,1
6257,True,2,5233,10,1
6257,True,2,79,4,2
6263,True,2,6007,8,1
6263,True,2,6247,4,1
6263,True,2,6199,6,1
6269,False,,,,
6277,True,2,6269,3,1
6277,True,2,4229,11,1
6287,True,2,6271,4,1
6271,True,2,6269,1,1
6271,True,2,6263,3,1
6271,True,2,6143,7,1
6299,True,2,6043,8,1
6299,True,2,2203,12,1
6311,True,2,6247,6,1
6301,True,2,4253,11,1
6301,True,2,6269,5,1
6301,True,2,6299,1,1
6301,True,2,6173,7,1
6317,True,2,6301,4,1
6317,True,2,2221,12,1
6329,True,2,6073,8,1
6323,True,2,6067,8,1
6343,True,2,6311,5,1
6337,True,2,4289,11,1
6337,True,2,6329,3,1
6353,True,2,6337,4,1
6353,True,2,73,10,2
6361,True,2,6359,1,1
6361,True,2,5849,9,1
6361,True,2,6329,5,1
6361,True,2,6353,3,1
6367,True,2,6359,3,1
6359,True,2,6343,4,1
6373,True,2,5861,9,1
6379,True,2,5867,9,1
6397,True,2,4349,11,1
6397,True,2,6389,3,1
6397,True,2,6269,7,1
6421,True,2,4373,11,1
6421,True,2,6389,5,1
6389,True,2,2293,12,1
6389,True,2,6373,4,1
6389,True,2,6133,8,1
6427,True,2,6299,7,1
6451,True,2,6449,1,1
6451,True,2,6323,7,1
6451,True,2,5939,9,1
6469,True,2,4421,11,1
6449,False,,,,
6473,True,2,6469,2,1
6473,True,2,5449,10,1
6473,True,2,2377,12,1
6473,True,2,6217,8,1
6481,True,2,6473,3,1
6481,True,2,6449,5,1
6481,True,2,6353,7,1
6521,False,,,,
6491,True,2,6427,6,1
6529,True,2,4481,11,1
6529,True,2,6521,3,1
6547,False,,,,
6551,True,2,5527,10,1
6551,True,2,6547,2,1
6553,True,2,6521,5,1
6553,True,2,6551,1,1
6563,True,2,3,1,8
6563,True,2,2467,12,1
6563,True,2,6547,4,1
6569,True,2,2473,12,1
6569,True,2,6553,4,1
6569,True,2,3,3,8
6571,True,2,6563,3,1
6571,True,2,6569,1,1
6571,True,2,4523,11,1
6577,True,2,6569,3,1
6577,True,2,6449,7,1
6577,True,2,3,4,8
6599,True,2,6343,8,1
6599,True,2,2503,12,1
6581,True,2,5557,10,1
6581,True,2,6577,2,1
6619,True,2,6491,7,1
6637,False,,,,
6607,True,2,6599,3,1
6653,True,2,6637,4,1
6653,True,2,6397,8,1
6653,True,2,2557,12,1
6659,False,,,,
6661,True,2,6659,1,1
6661,True,2,6653,3,1
6673,False,,,,
6679,True,2,6551,7,1
6689,True,2,6673,4,1
6689,True,2,2593,12,1
6689,True,2,3,7,8
6691,True,2,6689,1,1
6691,True,2,6563,7,1
6691,True,2,4643,11,1
6691,True,2,6659,5,1
6703,True,2,6701,1,1
6701,True,2,6637,6,1
6709,True,2,6197,9,1
6709,True,2,6581,7,1
6709,True,2,6701,3,1
6719,True,2,6703,4,1
6733,True,2,6701,5,1
6733,True,2,6221,9,1
6761,True,2,5737,10,1
6737,True,2,6673,6,1
6737,True,2,6733,2,1
6737,True,2,6481,8,1
6779,True,2,2683,12,1
6779,True,2,6763,4,1
6763,True,2,6761,1,1
6781,True,2,6779,1,1
6781,True,2,6269,9,1
6781,True,2,6653,7,1
6781,True,2,4733,11,1
6791,False,,,,
6793,True,2,6761,5,1
6793,True,2,6791,1,1
6803,True,2,6547,8,1
6803,True,2,2707,12,1
6803,True,2,5779,10,1
6823,True,2,6791,5,1
6823,True,2,6311,9,1
6829,True,2,6827,1,1
6829,True,2,6317,9,1
6829,True,2,6701,7,1
6833,True,2,6577,8,1
6833,True,2,6829,2,1
6841,True,2,4793,11,1
6841,True,2,6329,9,1
6841,True,2,6833,3,1
6827,True,2,2731,12,1
6827,True,2,6571,8,1
6827,True,2,6763,6,1
6827,True,2,6823,2,1
6857,True,2,6841,4,1
6857,True,2,6793,6,1
6863,True,2,6607,8,1
6863,True,2,19,2,3
6863,True,2,2767,12,1
6863,True,2,5839,10,1
6869,False,,,,
6871,True,2,6359,9,1
6871,True,2,6863,3,1
6871,True,2,6869,1,1
6883,False,,,,
6907,True,2,6779,7,1
6907,True,2,6899,3,1
6899,True,2,2803,12,1
6899,True,2,6883,4,1
6917,True,2,6661,8,1
6911,True,2,6907,2,1
6949,True,2,6917,5,1
6949,True,2,6947,1,1
6947,True,2,6691,8,1
6947,True,2,6883,6,1
6947,True,2,2851,12,1
6947,True,2,5923,10,1
6959,True,2,6703,8,1
6961,True,2,6959,1,1
6961,True,2,6449,9,1
6961,True,2,17,11,3
6961,True,2,6833,7,1
6971,True,2,6967,2,1
6971,True,2,6907,6,1
6967,True,2,6959,3,1
6967,True,2,4919,11,1
6977,True,2,6961,4,1
6977,True,2,5953,10,1
6997,True,2,6869,7,1
6991,True,2,6983,3,1
6991,True,2,6863,7,1
6991,True,2,4943,11,1
6991,True,2,6959,5,1
6983,True,2,6967,4,1
6983,True,2,2887,12,1
7001,True,2,6997,2,1
7013,True,2,6997,4,1
7013,True,2,6949,6,1
7013,True,2,2917,12,1
7019,True,2,6763,8,1
7027,True,2,7019,3,1
7027,True,2,6899,7,1
7043,True,2,7039,2,1
7043,True,2,7027,4,1
7039,True,2,6911,7,1
7057,True,2,5009,11,1
7069,True,2,5021,11,1
7079,True,2,6823,8,1
7103,True,2,6079,10,1
7103,True,2,7039,6,1
7121,True,2,7057,6,1
7109,False,,,,
7127,True,2,6871,8,1
7129,True,2,7127,1,1
7129,True,2,7001,7,1
7129,True,2,7121,3,1
7129,True,2,5081,11,1
7151,False,,,,
7177,False,,,,
7159,True,2,7151,3,1
7159,True,2,7127,5,1
7187,True,2,6163,10,1
7207,True,2,7079,7,1
7193,True,2,7177,4,1
7193,True,2,7129,6,1
7211,True,2,7207,2,1
7219,True,2,7211,3,1
7219,True,2,5171,11,1
7219,True,2,7187,5,1
7229,True,2,7213,4,1
7213,True,2,7211,1,1
7213,True,2,6701,9,1
7237,True,2,5189,11,1
7237,True,2,7109,7,1
7237,True,2,7229,3,1
7243,True,2,7211,5,1
7247,True,2,6991,8,1
7247,True,2,7243,2,1
7253,True,2,7237,4,1
7253,True,2,6229,10,1
7253,True,2,6997,8,1
7297,False,,,,
7283,True,2,7027,8,1
7283,True,2,7219,6,1
7283,True,2,3187,12,1
7307,True,2,7243,6,1
7309,True,2,5261,11,1
7309,True,2,7307,1,1
7321,True,2,7193,7,1
7321,True,2,5273,11,1
7333,True,2,7331,1,1
7331,False,,,,
7351,True,2,7349,1,1
7351,True,2,5303,11,1
7349,True,2,7333,4,1
7349,True,2,3253,12,1
7411,True,2,6899,9,1
7411,True,2,7283,7,1
7417,False,,,,
7369,True,2,6857,9,1
7393,False,,,,
7433,True,2,7417,4,1
7433,True,2,7369,6,1
7433,True,2,7177,8,1
7451,True,2,6427,10,1
7477,True,2,7349,7,1
7457,True,2,7393,6,1
7457,True,2,3361,12,1
7459,True,2,7331,7,1
7459,True,2,7451,3,1
7459,True,2,6947,9,1
7459,True,2,7457,1,1
7481,True,2,7417,6,1
7481,True,2,7477,2,1
7487,True,2,3391,12,1
7489,True,2,5441,11,1
7489,True,2,7481,3,1
7489,True,2,6977,9,1
7489,True,2,7457,5,1
7489,True,2,7487,1,1
7517,False,,,,
7507,True,2,7499,3,1
7529,True,2,3433,12,1
7537,True,2,7529,3,1
7499,True,2,7243,8,1
7523,True,2,7507,4,1
7523,True,2,7459,6,1
7541,True,2,7477,6,1
7541,True,2,7537,2,1
7547,False,,,,
7561,True,2,7433,7,1
7561,True,2,7529,5,1
7561,True,2,7559,1,1
7559,True,2,3463,12,1
7549,True,2,7541,3,1
7549,True,2,7547,1,1
7549,True,2,7517,5,1
7549,True,2,5501,11,1
7573,True,2,7541,5,1
7577,True,2,7321,8,1
7577,True,2,59,12,2
7577,True,2,7573,2,1
7577,True,2,6553,10,1
7577,True,2,7561,4,1
7583,False,,,,
7591,True,2,7079,9,1
7591,True,2,7583,3,1
7591,True,2,7589,1,1
7591,True,2,7559,5,1
7603,False,,,,
7607,True,2,7351,8,1
7607,True,2,7591,4,1
7607,True,2,3511,12,1
7607,True,2,7603,2,1
7639,True,2,7607,5,1
7639,True,2,5591,11,1
7639,True,2,7127,9,1
7621,True,2,5573,11,1
7621,True,2,7589,5,1
7621,True,2,7109,9,1
7589,True,2,7573,4,1
7589,True,2,7333,8,1
7643,True,2,7639,2,1
7643,True,2,3547,12,1
7643,True,2,6619,10,1
7649,True,2,7393,8,1
7669,True,2,7541,7,1
7687,True,2,7559,7,1
7687,True,2,5639,11,1
7681,True,2,7649,5,1
7681,True,2,7673,3,1
7673,True,2,7669,2,1
7673,True,2,7417,8,1
7691,True,2,7687,2,1
7699,True,2,7691,3,1
7699,True,2,5651,11,1
7699,True,2,7187,9,1
7703,True,2,6679,10,1
7703,True,2,7687,4,1
7703,True,2,3607,12,1
7703,True,2,7639,6,1
7703,True,2,7699,2,1
7727,True,2,7723,2,1
7727,True,2,6703,10,1
7727,True,2,3631,12,1
7717,True,2,7589,7,1
7717,True,2,5669,11,1
7723,True,2,7691,5,1
7723,True,2,7211,9,1
7753,False,,,,
7741,True,2,5693,11,1
7741,True,2,7229,9,1
7757,True,2,7753,2,1
7757,True,2,6733,10,1
7757,True,2,7741,4,1
7789,True,2,5741,11,1
7789,True,2,7757,5,1
7817,True,2,7753,6,1
7817,True,2,61,12,2
7817,True,2,6793,10,1
7817,True,2,7561,8,1
7823,True,2,7759,6,1
7823,True,2,3727,12,1
7759,True,2,7757,1,1
7759,True,2,7247,9,1
7759,True,2,5711,11,1
7759,True,2,7727,5,1
7841,False,,,,
7793,True,2,7537,8,1
7793,True,2,3697,12,1
7793,True,2,7789,2,1
7829,True,2,3733,12,1
7829,True,2,7573,8,1
7867,False,,,,
7853,True,2,6829,10,1
7853,True,2,7789,6,1
7883,True,2,7867,4,1
7883,True,2,19,10,3
7883,True,2,7879,2,1
7879,True,2,7877,1,1
7873,True,2,7841,5,1
7877,True,2,7621,8,1
7877,True,2,7873,2,1
7901,False,,,,
7933,True,2,7901,5,1
7927,True,2,7919,3,1
7927,True,2,5879,11,1
7907,True,2,6883,10,1
7951,True,2,7823,7,1
7951,True,2,5903,11,1
7951,True,2,7919,5,1
7951,True,2,7949,1,1
7937,True,2,7933,2,1
7937,True,2,7873,6,1
7937,True,2,7681,8,1
7937,True,2,89,4,2
7963,True,2,7451,9,1
7949,True,2,3853,12,1
7949,True,2,7933,4,1
7919,True,2,3823,12,1
8009,True,2,7993,4,1
8009,True,2,7753,8,1
7993,True,2,7481,9,1
8011,True,2,7499,9,1
8011,True,2,7883,7,1
8011,True,2,8009,1,1
8039,True,2,3943,12,1
8059,True,2,6011,11,1
8059,True,2,7547,9,1
8069,True,2,8053,4,1
8053,True,2,7541,9,1
8017,True,2,8009,3,1
8087,False,,,,
8101,True,2,6053,11,1
8101,True,2,7589,9,1
8101,True,2,8069,5,1
8101,True,2,8093,3,1
8089,True,2,8087,1,1
8089,True,2,7577,9,1
8089,True,2,8081,3,1
8081,True,2,7057,10,1
8081,True,2,8017,6,1
8111,False,,,,
8117,True,2,8101,4,1
8117,True,2,8053,6,1
8117,True,2,4021,12,1
8147,True,2,4051,12,1
8161,True,2,6113,11,1
8161,True,2,7649,9,1
8167,True,2,8039,7,1
8093,True,2,8089,2,1
8093,True,2,7069,10,1
8123,True,2,7867,8,1
8123,True,2,8059,6,1
8123,True,2,4027,12,1
8171,True,2,8167,2,1
8219,True,2,7963,8,1
8219,True,2,3,13,3
8179,True,2,8171,3,1
8179,True,2,6131,11,1
8179,True,2,8147,5,1
8221,True,2,8219,1,1
8221,True,2,29,13,1
8221,True,2,6173,11,1
8221,True,2,8093,7,1
8231,True,2,8167,6,1
8231,True,2,7207,10,1
8233,True,2,41,13,1
8233,True,2,8231,1,1
8209,True,2,17,13,1
8209,True,2,8081,7,1
8191,True,2,6143,11,1
8243,True,2,8179,6,1
8243,True,2,7219,10,1
8237,True,2,8221,4,1
8237,True,2,8233,2,1
8237,True,2,7213,10,1
8273,True,2,8269,2,1
8273,True,2,8209,6,1
8273,True,2,3,13,4
8273,True,2,8017,8,1
8273,True,2,4177,12,1
8287,False,,,,
8291,True,2,8287,2,1
8293,True,2,8291,1,1
8293,True,2,101,13,1
8297,True,2,8293,2,1
8297,True,2,8233,6,1
8297,True,2,4201,12,1
8263,True,2,71,13,1
8263,True,2,8231,5,1
8311,True,2,6263,11,1
8317,True,2,5,13,3
8317,True,2,6269,11,1
8269,True,2,8237,5,1
8269,True,2,7757,9,1
8269,True,2,6221,11,1
8363,False,,,,
8353,True,2,7841,9,1
8387,False,,,,
8377,True,2,6329,11,1
8377,True,2,8369,3,1
8389,True,2,197,13,1
8389,True,2,7877,9,1
8389,True,2,8387,1,1
8329,True,2,8297,5,1
8329,True,2,137,13,1
8329,True,2,7817,9,1
8419,True,2,8291,7,1
8419,True,2,227,13,1
8419,True,2,7907,9,1
8419,True,2,8387,5,1
8423,True,2,8167,8,1
8423,True,2,8419,2,1
8423,True,2,4327,12,1
8369,True,2,8353,4,1
8369,True,2,4273,12,1
8443,True,2,251,13,1
8431,True,2,8423,3,1
8431,True,2,239,13,1
8431,True,2,7919,9,1
8431,True,2,8429,1,1
8461,True,2,8429,5,1
8461,True,2,7949,9,1
8461,True,2,269,13,1
8429,False,,,,
8447,True,2,8443,2,1
8447,True,2,8191,8,1
8447,True,2,8431,4,1
8501,True,2,7477,10,1
8467,False,,,,
8513,True,2,7489,10,1
8521,True,2,6473,11,1
8521,True,2,8009,9,1
8521,True,2,8513,3,1
8527,False,,,,
8537,True,2,8521,4,1
8537,True,2,4441,12,1
8543,True,2,8287,8,1
8543,True,2,4447,12,1
8543,True,2,8539,2,1
8543,True,2,8527,4,1
8539,True,2,347,13,1
8539,True,2,8537,1,1
8539,True,2,6491,11,1
8563,False,,,,
8581,True,2,389,13,1
8581,True,2,8069,9,1
8581,True,2,8573,3,1
8597,True,2,8581,4,1
8597,True,2,7573,10,1
8599,True,2,8597,1,1
8599,True,2,6551,11,1
8599,True,2,8087,9,1
8573,True,2,7549,10,1
8573,True,2,8317,8,1
8609,True,2,4513,12,1
8609,True,2,8353,8,1
8609,True,2,3,11,8
8627,True,2,8563,6,1
8627,True,2,7603,10,1
8627,True,2,8623,2,1
8623,True,2,431,13,1
8623,True,2,8111,9,1
8641,True,2,8609,5,1
8641,True,2,8513,7,1
8641,True,2,449,13,1
8629,True,2,8627,1,1
8629,True,2,8501,7,1
8629,True,2,6581,11,1
8629,True,2,8117,9,1
8629,True,2,8597,5,1
8647,True,2,6599,11,1
8663,True,2,7639,10,1
8663,True,2,8599,6,1
8663,True,2,8647,4,1
8663,True,2,4567,12,1
8669,False,,,,
8681,True,2,8677,2,1
8693,True,2,4597,12,1
8693,True,2,8689,2,1
8693,True,2,7669,10,1
8693,True,2,8677,4,1
8693,True,2,8629,6,1
8677,True,2,8669,3,1
8689,True,2,8681,3,1
8699,True,2,8443,8,1
8699,True,2,4603,12,1
8707,True,2,6659,11,1
8707,True,2,8699,3,1
8719,False,,,,
8713,True,2,8681,5,1
8713,True,2,521,13,1
8731,True,2,8699,5,1
8731,True,2,8219,9,1
8737,True,2,8609,7,1
8737,True,2,6689,11,1
8753,True,2,8689,6,1
8753,True,2,8737,4,1
8753,True,2,4657,12,1
8741,True,2,8737,2,1
8741,True,2,7717,10,1
8741,True,2,8677,6,1
8747,True,2,7723,10,1
8747,True,2,8731,4,1
8747,True,2,4651,12,1
8761,True,2,569,13,1
8761,True,2,8753,3,1
8779,True,2,587,13,1
8779,True,2,8747,5,1
8783,True,2,8527,8,1
8783,True,2,8779,2,1
8783,True,2,7759,10,1
8783,True,2,8719,6,1
8807,True,2,8803,2,1
8803,True,2,8291,9,1
8819,True,2,8563,8,1
8819,True,2,8803,4,1
8819,True,2,4723,12,1
8821,True,2,8819,1,1
8821,True,2,8693,7,1
8831,False,,,,
8839,True,2,647,13,1
8839,True,2,8831,3,1
8839,True,2,6791,11,1
8839,True,2,8807,5,1
8839,True,2,8837,1,1
8837,True,2,8821,4,1
8837,True,2,8581,8,1
8849,False,,,,
8861,False,,,,
8867,True,2,8863,2,1
8867,True,2,8803,6,1
8863,True,2,8861,1,1
8863,True,2,8831,5,1
8887,False,,,,
8893,True,2,8861,5,1
8893,True,2,701,13,1
8923,False,,,,
8929,False,,,,
8933,True,2,8929,2,1
8933,True,2,8677,8,1
8941,True,2,8429,9,1
8941,True,2,8933,3,1
8951,True,2,8887,6,1
8951,True,2,7927,10,1
8963,True,2,8707,8,1
8969,True,2,8713,8,1
8971,True,2,8969,1,1
8971,True,2,8963,3,1
8999,True,2,4903,12,1
9007,True,2,8999,3,1
9007,True,2,6959,11,1
9011,True,2,9007,2,1
9013,True,2,9011,1,1
9013,True,2,8501,9,1
9013,True,2,821,13,1
9001,True,2,8969,5,1
9001,True,2,8999,1,1
9001,True,2,809,13,1
9029,True,2,4933,12,1
9029,True,2,9013,4,1
9049,True,2,7001,11,1
9049,True,2,8537,9,1
9049,True,2,857,13,1
9049,True,2,9041,3,1
9043,True,2,9011,5,1
9043,True,2,9041,1,1
9041,True,2,8017,10,1
9067,True,2,9059,3,1
9067,True,2,7019,11,1
9059,True,2,8803,8,1
9059,True,2,9043,4,1
9091,True,2,8963,7,1
9091,True,2,7043,11,1
9091,True,2,9059,5,1
9109,True,2,8597,9,1
9103,True,2,911,13,1
9127,True,2,8999,7,1
9127,True,2,7079,11,1
9137,True,2,9133,2,1
9137,True,2,71,12,2
9157,True,2,9029,7,1
9157,True,2,7109,11,1
9133,True,2,941,13,1
9151,True,2,7103,11,1
9161,True,2,9157,2,1
9173,True,2,9157,4,1
9173,True,2,9109,6,1
9173,True,2,5077,12,1
9187,True,2,9059,7,1
9199,True,2,7151,11,1
9181,True,2,8669,9,1
9181,True,2,9173,3,1
9203,True,2,5107,12,1
9203,True,2,8179,10,1
9203,True,2,9187,4,1
9203,True,2,9199,2,1
9221,True,2,9157,6,1
9209,True,2,5113,12,1
9239,False,,,,
9241,True,2,9209,5,1
9241,True,2,9239,1,1
9241,True,2,1049,13,1
9241,True,2,7193,11,1
9257,True,2,9241,4,1
9257,True,2,8233,10,1
9257,True,2,9001,8,1
9277,True,2,7229,11,1
9227,True,2,8971,8,1
9281,True,2,9277,2,1
9293,True,2,5197,12,1
9293,True,2,9277,4,1
9293,True,2,8269,10,1
9283,True,2,1091,13,1
9283,True,2,9281,1,1
9319,True,2,9311,3,1
9319,True,2,8807,9,1
9311,True,2,8287,10,1
9323,True,2,9067,8,1
9323,True,2,9319,2,1
9323,True,2,5227,12,1
9337,True,2,9209,7,1
9341,True,2,8317,10,1
9341,True,2,9337,2,1
9341,True,2,9277,6,1
9349,True,2,9221,7,1
9349,True,2,8837,9,1
9349,True,2,9341,3,1
9371,False,,,,
9377,True,2,8353,10,1
9377,True,2,5281,12,1
9343,True,2,9341,1,1
9343,True,2,1151,13,1
9343,True,2,9311,5,1
9343,True,2,8831,9,1
9391,False,,,,
9403,True,2,9371,5,1
9397,True,2,7349,11,1
9413,True,2,9397,4,1
9413,True,2,9157,8,1
9413,True,2,8389,10,1
9413,True,2,97,2,2
9413,True,2,9349,6,1
9419,True,2,9403,4,1
9419,True,2,5323,12,1
9421,True,2,9293,7,1
9421,True,2,9419,1,1
9421,True,2,9413,3,1
9421,True,2,1229,13,1
9431,False,,,,
9439,True,2,9311,7,1
9439,True,2,9431,3,1
9439,True,2,9437,1,1
9437,True,2,9421,4,1
9437,True,2,9433,2,1
9437,True,2,9181,8,1
9433,True,2,9431,1,1
9461,True,2,9397,6,1
9463,True,2,8951,9,1
9463,True,2,9431,5,1
9463,True,2,9461,1,1
9467,True,2,9403,6,1
9467,True,2,9463,2,1
9467,True,2,8443,10,1
9479,True,2,9463,4,1
9473,True,2,97,6,2
9491,True,2,8467,10,1
9497,True,2,9433,6,1
9497,True,2,9241,8,1
9511,True,2,1319,13,1
9511,True,2,9479,5,1
9511,True,2,8999,9,1
9539,True,2,9283,8,1
9539,True,2,5443,12,1
9533,True,2,5437,12,1
9533,True,2,9277,8,1
9521,False,,,,
9547,True,2,9419,7,1
9547,True,2,7499,11,1
9547,True,2,9539,3,1
9551,True,2,8527,10,1
9551,True,2,9547,2,1
9587,True,2,8563,10,1
9601,True,2,1409,13,1
9601,True,2,9473,7,1
9623,True,2,8599,10,1
9623,True,2,5527,12,1
9623,True,2,9619,2,1
9619,True,2,9587,5,1
9619,True,2,1427,13,1
9619,True,2,9491,7,1
9613,False,,,,
9629,True,2,9613,4,1
9643,True,2,1451,13,1
9649,True,2,9521,7,1
9649,True,2,9137,9,1
9631,True,2,9623,3,1
9631,True,2,9629,1,1
9631,True,2,1439,13,1
9631,True,2,7583,11,1
9677,True,2,9661,4,1
9677,True,2,5581,12,1
9677,True,2,9613,6,1
9677,True,2,9421,8,1
9661,True,2,9533,7,1
9661,True,2,9629,5,1
9689,True,2,9433,8,1
9697,True,2,7649,11,1
9697,True,2,9689,3,1
9679,True,2,9677,1,1
9679,True,2,1487,13,1
9679,True,2,9551,7,1
9719,True,2,9463,8,1
9719,True,2,5623,12,1
9721,True,2,9719,1,1
9721,True,2,9209,9,1
9721,True,2,9689,5,1
9721,True,2,7673,11,1
9733,True,2,9221,9,1
9743,True,2,9679,6,1
9743,True,2,5647,12,1
9743,True,2,8719,10,1
9743,True,2,9739,2,1
9739,True,2,9227,9,1
9739,True,2,7691,11,1
9767,True,2,9511,8,1
9749,True,2,5653,12,1
9749,True,2,9733,4,1
9769,True,2,9257,9,1
9769,True,2,9767,1,1
9787,False,,,,
9781,True,2,9749,5,1
9791,True,2,9787,2,1
9811,True,2,9803,3,1
9811,True,2,1619,13,1
9803,True,2,9547,8,1
9803,True,2,8779,10,1
9803,True,2,9787,4,1
9803,True,2,9739,6,1
9817,True,2,9689,7,1
9829,True,2,1637,13,1
9833,True,2,5737,12,1
9833,True,2,9829,2,1
9833,True,2,9817,4,1
9833,True,2,9769,6,1
9839,True,2,5743,12,1
9857,True,2,9601,8,1
9851,True,2,9787,6,1
9859,True,2,9857,1,1
9859,True,2,9851,3,1
9859,True,2,1667,13,1
9871,True,2,9743,7,1
9871,True,2,7823,11,1
9871,True,2,9839,5,1
9883,True,2,9851,5,1
9883,True,2,9371,9,1
9901,True,2,7853,11,1
9901,True,2,1709,13,1
9887,True,2,8863,10,1
9887,True,2,5791,12,1
9887,True,2,9883,2,1
9887,True,2,9631,8,1
9887,True,2,9871,4,1
9907,False,,,,
9929,False,,,,
9923,True,2,9859,6,1
9923,True,2,5827,12,1
9923,True,2,9907,4,1
9941,False,,,,
9931,True,2,9419,9,1
9931,True,2,9803,7,1
9931,True,2,9929,1,1
9931,True,2,7883,11,1
9931,True,2,9923,3,1
9949,True,2,7901,11,1
9949,True,2,9437,9,1
9949,True,2,9941,3,1
9967,True,2,7919,11,1
9967,True,2,9839,7,1
9973,True,2,9941,5,1
9973,True,2,9461,9,1
10009,True,2,10007,1,1
10009,True,2,9497,9,1
10007,False,,,,
10037,True,2,9013,10,1
10037,True,2,9973,6,1
10037,True,2,9781,8,1
10039,True,2,1847,13,1
10039,True,2,10007,5,1
10039,True,2,10037,1,1
10061,False,,,,
10069,True,2,1877,13,1
10069,True,2,10037,5,1
10069,True,2,10067,1,1
10069,True,2,9941,7,1
10069,True,2,10061,3,1
10067,True,2,9811,8,1
10067,True,2,9043,10,1
10091,True,2,9067,10,1
10079,False,,,,
10093,True,2,10091,1,1
10093,True,2,10061,5,1
10093,True,2,1901,13,1
10099,True,2,1907,13,1
10099,True,2,10091,3,1
10099,True,2,10067,5,1
10099,True,2,9587,9,1
10103,True,2,6007,12,1
10103,True,2,10039,6,1
10103,True,2,10099,2,1
10111,True,2,10079,5,1
10111,True,2,10103,3,1
10133,True,2,9109,10,1
10133,True,2,10069,6,1
10133,True,2,6037,12,1
10141,True,2,9629,9,1
10141,True,2,8093,11,1
10141,True,2,10133,3,1
10141,True,2,1949,13,1
10141,True,2,10139,1,1
10139,True,2,9883,8,1
10139,True,2,6043,12,1
10151,True,2,9127,10,1
10159,True,2,10151,3,1
10159,True,2,8111,11,1
10163,True,2,9907,8,1
10163,True,2,10099,6,1
10163,True,2,6067,12,1
10163,True,2,10159,2,1
10181,True,2,9157,10,1
10181,True,2,10177,2,1
10169,True,2,6073,12,1
10177,True,2,10169,3,1
10193,True,2,10177,4,1
10211,True,2,9187,10,1
10243,True,2,10211,5,1
10223,True,2,9967,8,1
10223,True,2,10159,6,1
10223,True,2,9199,10,1
10247,True,2,6151,12,1
10247,True,2,10243,2,1
10253,False,,,,
10259,True,2,10243,4,1
10259,True,2,6163,12,1
10271,True,2,10267,2,1
10267,True,2,10139,7,1
10267,True,2,10259,3,1
10267,True,2,8219,11,1
10273,True,2,10271,1,1
10273,True,2,2081,13,1
10301,True,2,9277,10,1
10289,True,2,10273,4,1
10303,True,2,10301,1,1
10303,True,2,9791,9,1
10303,True,2,10271,5,1
10303,True,2,2111,13,1
10313,True,2,6217,12,1
10321,True,2,10289,5,1
10321,True,2,10193,7,1
10321,True,2,10313,3,1
10321,True,2,2129,13,1
10321,True,2,8273,11,1
10331,True,2,10267,6,1
10333,True,2,10301,5,1
10333,True,2,10331,1,1
10333,True,2,2141,13,1
10337,True,2,10321,4,1
10337,True,2,10333,2,1
10337,True,2,79,12,2
10337,True,2,10273,6,1
10343,True,2,6247,12,1
10343,True,2,9319,10,1
10357,False,,,,
10391,False,,,,
10369,True,2,10337,5,1
10369,True,2,9857,9,1
10399,True,2,10391,3,1
10399,True,2,10271,7,1
10399,True,2,2207,13,1
10399,True,2,9887,9,1
10427,True,2,9403,10,1
10429,True,2,10427,1,1
10429,True,2,2237,13,1
10429,True,2,10301,7,1
10433,True,2,97,10,2
10433,True,2,10429,2,1
10433,True,2,10369,6,1
10433,True,2,10177,8,1
10433,True,2,6337,12,1
10453,True,2,9941,9,1
10459,True,2,10331,7,1
10459,True,2,10457,1,1
10459,True,2,10427,5,1
10459,True,2,2267,13,1
10457,True,2,10453,2,1
10457,True,2,9433,10,1
10457,True,2,101,8,2
10457,True,2,6361,12,1
10477,True,2,8429,11,1
10487,True,2,9463,10,1
10463,True,2,10399,6,1
10463,True,2,9439,10,1
10463,True,2,6367,12,1
10463,True,2,10459,2,1
10499,True,2,10243,8,1
10501,True,2,10499,1,1
10501,True,2,2309,13,1
10513,False,,,,
10531,True,2,10529,1,1
10531,True,2,10499,5,1
10531,True,2,2339,13,1
10529,True,2,10513,4,1
10529,True,2,10273,8,1
10559,True,2,10303,8,1
10567,True,2,10559,3,1
10589,True,2,10333,8,1
10597,True,2,10589,3,1
10601,True,2,10597,2,1
10607,False,,,,
10613,True,2,103,2,2
10613,True,2,10357,8,1
10613,True,2,10597,4,1
10631,True,2,10567,6,1
10631,True,2,10627,2,1
10627,True,2,10499,7,1
10639,True,2,2447,13,1
10639,True,2,10607,5,1
10639,True,2,10631,3,1
10657,True,2,8609,11,1
10657,True,2,10529,7,1
10657,True,2,3,12,8
10651,True,2,10139,9,1
10651,True,2,2459,13,1
10667,True,2,6571,12,1
10667,True,2,10663,2,1
10667,True,2,9643,10,1
10667,True,2,10651,4,1
10663,True,2,10631,5,1
10663,True,2,10151,9,1
10687,True,2,10559,7,1
10691,True,2,10687,2,1
10691,True,2,10627,6,1
10709,True,2,10453,8,1
10723,True,2,10211,9,1
10723,True,2,2531,13,1
10723,True,2,10691,5,1
10729,True,2,10601,7,1
10729,True,2,8681,11,1
10733,True,2,10729,2,1
10733,True,2,10477,8,1
10733,True,2,6637,12,1
10711,True,2,8663,11,1
10711,True,2,10709,1,1
10739,True,2,10723,4,1
10753,False,,,,
10771,True,2,2579,13,1
10771,True,2,10259,9,1
10771,True,2,10739,5,1
10781,False,,,,
10789,True,2,10781,3,1
10789,True,2,8741,11,1
10831,True,2,8783,11,1
10831,True,2,10799,5,1
10799,True,2,6703,12,1
10837,True,2,10709,7,1
10853,True,2,9829,10,1
10853,True,2,10789,6,1
10853,True,2,10597,8,1
10853,True,2,10837,4,1
10847,True,2,10831,4,1
10859,True,2,6763,12,1
10883,True,2,10867,4,1
10883,True,2,9859,10,1
10883,True,2,10627,8,1
10867,True,2,10739,7,1
10867,True,2,10859,3,1
10867,True,2,8819,11,1
10889,True,2,6793,12,1
10861,True,2,10733,7,1
10861,True,2,10859,1,1
10861,True,2,10853,3,1
10891,True,2,10883,3,1
10891,True,2,10889,1,1
10891,True,2,10859,5,1
10891,True,2,2699,13,1
10903,True,2,2711,13,1
10903,True,2,10391,9,1
10909,True,2,10781,7,1
10909,True,2,8861,11,1
10937,True,2,6841,12,1
10939,True,2,10427,9,1
10939,True,2,10937,1,1
10949,False,,,,
10957,True,2,10949,3,1
10979,True,2,10723,8,1
10979,True,2,6883,12,1
10973,True,2,10909,6,1
10973,True,2,10957,4,1
10973,True,2,9949,10,1
10987,True,2,10859,7,1
10987,True,2,10979,3,1
10993,True,2,2801,13,1
11003,True,2,10939,6,1
11003,True,2,10987,4,1
11003,True,2,6907,12,1
11047,True,2,8999,11,1
11027,True,2,10771,8,1
11057,True,2,10993,6,1
11057,True,2,6961,12,1
11059,True,2,11057,1,1
11059,True,2,9011,11,1
11059,True,2,11027,5,1
11069,False,,,,
11087,True,2,11071,4,1
11087,True,2,10831,8,1
11087,True,2,11083,2,1
11087,True,2,6991,12,1
11083,False,,,,
11071,True,2,11069,1,1
11071,True,2,10559,9,1
11071,True,2,2879,13,1
11093,True,2,6997,12,1
11093,True,2,10069,10,1
11093,True,2,10837,8,1
11113,True,2,10601,9,1
11117,True,2,11113,2,1
11117,True,2,10861,8,1
11117,True,2,10093,10,1
11119,True,2,2927,13,1
11119,True,2,11117,1,1
11119,True,2,10607,9,1
11119,True,2,11087,5,1
11131,True,2,2939,13,1
11131,True,2,11003,7,1
11149,True,2,11117,5,1
11149,True,2,2957,13,1
11159,True,2,10903,8,1
11171,False,,,,
11173,True,2,11171,1,1
11161,True,2,11159,1,1
11161,True,2,2969,13,1
11177,True,2,11173,2,1
11177,True,2,11113,6,1
11177,True,2,11161,4,1
11197,True,2,11069,7,1
11213,True,2,11149,6,1
11213,True,2,10957,8,1
11213,True,2,11197,4,1
11239,False,,,,
11243,True,2,10987,8,1
11243,True,2,11239,2,1
11251,True,2,11243,3,1
11251,True,2,9203,11,1
11251,True,2,10739,9,1
11257,True,2,9209,11,1
11273,True,2,7177,12,1
11273,True,2,11257,4,1
11261,True,2,11257,2,1
11261,True,2,11197,6,1
11279,False,,,,
11287,True,2,11159,7,1
11287,True,2,11279,3,1
11287,True,2,9239,11,1
11311,True,2,3119,13,1
11311,True,2,10799,9,1
11311,True,2,11279,5,1
11317,True,2,5,13,5
11299,True,2,11171,7,1
11321,True,2,11317,2,1
11321,True,2,11257,6,1
11351,True,2,11287,6,1
11329,True,2,3137,13,1
11329,True,2,9281,11,1
11329,True,2,11321,3,1
11369,True,2,11353,4,1
11369,True,2,11113,8,1
11353,True,2,11351,1,1
11353,True,2,11321,5,1
11383,True,2,3191,13,1
11383,True,2,11351,5,1
11393,True,2,7297,12,1
11393,True,2,10369,10,1
11393,True,2,11329,6,1
11399,True,2,11383,4,1
11411,False,,,,
11423,True,2,10399,10,1
11437,False,,,,
11443,True,2,3251,13,1
11443,True,2,11411,5,1
11467,True,2,9419,11,1
11447,True,2,11443,2,1
11447,True,2,11383,6,1
11447,True,2,7351,12,1
11471,True,2,11467,2,1
11483,True,2,11467,4,1
11483,True,2,10459,10,1
11489,True,2,7393,12,1
11497,True,2,11489,3,1
11497,True,2,11369,7,1
11503,True,2,11471,5,1
11491,True,2,11483,3,1
11491,True,2,3299,13,1
11491,True,2,10979,9,1
11491,True,2,11489,1,1
11519,True,2,11503,4,1
11549,False,,,,
11527,True,2,11399,7,1
11527,True,2,9479,11,1
11527,True,2,11519,3,1
11551,True,2,11519,5,1
11551,True,2,11549,1,1
11551,True,2,3359,13,1
11551,True,2,11423,7,1
11579,False,,,,
11593,False,,,,
11587,True,2,9539,11,1
11587,True,2,11579,3,1
11617,True,2,11489,7,1
11597,True,2,11593,2,1
11633,True,2,11617,4,1
11633,True,2,7537,12,1
11633,True,2,103,10,2
11621,True,2,10597,10,1
11621,True,2,11617,2,1
11657,True,2,11593,6,1
11657,True,2,7561,12,1
11677,True,2,9629,11,1
11677,True,2,11549,7,1
11681,True,2,11617,6,1
11681,True,2,11677,2,1
11681,True,2,10657,10,1
11689,True,2,11657,5,1
11689,True,2,11177,9,1
11689,True,2,11681,3,1
11699,True,2,11443,8,1
11699,True,2,7603,12,1
11717,True,2,7621,12,1
11717,True,2,11701,4,1
11701,True,2,11699,1,1
11731,True,2,3539,13,1
11731,True,2,11699,5,1
11719,True,2,11717,1,1
11719,True,2,3527,13,1
11743,False,,,,
11779,True,2,11777,1,1
11783,True,2,11527,8,1
11783,True,2,7687,12,1
11783,True,2,11779,2,1
11783,True,2,11719,6,1
11777,True,2,10753,10,1
11777,True,2,7681,12,1
11789,False,,,,
11801,False,,,,
11807,True,2,11551,8,1
11807,True,2,11743,6,1
11821,True,2,11813,3,1
11821,True,2,11789,5,1
11813,True,2,7717,12,1
11813,True,2,10789,10,1
11827,True,2,11699,7,1
11831,True,2,11827,2,1
11833,True,2,11801,5,1
11833,True,2,11831,1,1
11833,True,2,11321,9,1
11839,True,2,11831,3,1
11839,True,2,9791,11,1
11839,True,2,11807,5,1
11863,True,2,3671,13,1
11863,True,2,11351,9,1
11863,True,2,11831,5,1
11867,True,2,11863,2,1
11887,True,2,9839,11,1
11903,True,2,11839,6,1
11903,True,2,11887,4,1
11897,True,2,109,4,2
11897,True,2,11833,6,1
11923,True,2,11411,9,1
11909,False,,,,
11927,True,2,10903,10,1
11927,True,2,11923,2,1
11927,True,2,11863,6,1
11933,True,2,10909,10,1
11933,True,2,11677,8,1
11939,True,2,11923,4,1
11941,True,2,11909,5,1
11941,True,2,11813,7,1
11941,True,2,11933,3,1
11941,True,2,11939,1,1
11953,True,2,3761,13,1
11969,True,2,11953,4,1
11969,True,2,7873,12,1
11959,True,2,11831,7,1
11959,True,2,11927,5,1
11959,True,2,11447,9,1
11959,True,2,3767,13,1
11987,True,2,11731,8,1
11987,True,2,11971,4,1
11987,True,2,11923,6,1
11981,True,2,10957,10,1
12007,False,,,,
11971,True,2,9923,11,1
11971,True,2,11969,1,1
11971,True,2,11939,5,1
11971,True,2,3779,13,1
12011,True,2,12007,2,1
12011,True,2,10987,10,1
12037,True,2,11909,7,1
12041,True,2,12037,2,1
12043,True,2,12041,1,1
12043,True,2,12011,5,1
12043,True,2,3851,13,1
12049,True,2,12041,3,1
12071,True,2,12007,6,1
12071,True,2,11047,10,1
12073,True,2,12071,1,1
12073,True,2,12041,5,1
12073,True,2,3881,13,1
12101,True,2,12037,6,1
12101,True,2,12097,2,1
12107,True,2,8011,12,1
12107,True,2,11083,10,1
12107,True,2,12043,6,1
12097,True,2,11969,7,1
12109,True,2,11981,7,1
12109,True,2,12101,3,1
12109,True,2,10061,11,1
12109,True,2,11597,9,1
12109,True,2,12107,1,1
12109,True,2,3917,13,1
12113,True,2,12109,2,1
12113,True,2,8017,12,1
12113,True,2,12097,4,1
12113,True,2,12049,6,1
12119,True,2,11863,8,1
12143,True,2,11887,8,1
12143,True,2,11119,10,1
12161,True,2,12157,2,1
12161,True,2,12097,6,1
12157,True,2,12149,3,1
12149,True,2,8053,12,1
12203,False,,,,
12197,True,2,11941,8,1
12197,True,2,11173,10,1
12197,True,2,8101,12,1
12211,True,2,12203,3,1
12211,True,2,10163,11,1
12211,True,2,11699,9,1
12211,True,2,4019,13,1
12163,True,2,12161,1,1
12227,True,2,12211,4,1
12227,True,2,12163,6,1
12227,True,2,11971,8,1
12239,False,,,,
12241,True,2,12239,1,1
12241,True,2,4049,13,1
12241,True,2,12113,7,1
12241,True,2,10193,11,1
12253,True,2,12251,1,1
12263,True,2,8167,12,1
12263,True,2,11239,10,1
12263,True,2,12007,8,1
12251,False,,,,
12269,True,2,12253,4,1
12277,True,2,12149,7,1
12277,True,2,12269,3,1
12281,True,2,11257,10,1
12281,True,2,12277,2,1
12301,True,2,12269,5,1
12301,True,2,11789,9,1
12301,True,2,10253,11,1
12289,True,2,11777,9,1
12289,True,2,12281,3,1
12289,True,2,12161,7,1
12323,True,2,11299,10,1
12329,True,2,8233,12,1
12329,True,2,12073,8,1
12343,True,2,11831,9,1
12373,False,,,,
12377,True,2,12373,2,1
12377,True,2,11353,10,1
12347,True,2,12343,2,1
12379,True,2,12251,7,1
12379,True,2,10331,11,1
12379,True,2,12347,5,1
12379,True,2,11867,9,1
12379,True,2,12377,1,1
12391,True,2,10343,11,1
12391,True,2,12263,7,1
12401,False,,,,
12409,True,2,12401,3,1
12409,True,2,12281,7,1
12409,True,2,4217,13,1
12409,True,2,11897,9,1
12409,True,2,12377,5,1
12413,True,2,12409,2,1
12413,True,2,12157,8,1
12413,True,2,8317,12,1
12421,True,2,11909,9,1
12421,True,2,4229,13,1
12421,True,2,12413,3,1
12433,True,2,12401,5,1
12433,True,2,4241,13,1
12451,True,2,12323,7,1
12451,True,2,11939,9,1
12451,True,2,4259,13,1
12457,True,2,12329,7,1
12473,True,2,12409,6,1
12473,True,2,107,10,2
12473,True,2,8377,12,1
12473,True,2,12457,4,1
12437,True,2,12433,2,1
12437,True,2,12421,4,1
12437,True,2,12373,6,1
12479,False,,,,
12491,True,2,11467,10,1
12491,True,2,12487,2,1
12497,True,2,12241,8,1
12497,True,2,12433,6,1
12487,True,2,12479,3,1
12511,True,2,12503,3,1
12511,True,2,12479,5,1
12511,True,2,10463,11,1
12503,True,2,12487,4,1
12517,False,,,,
12539,True,2,8443,12,1
12527,True,2,12511,4,1
12527,True,2,11503,10,1
12527,True,2,8431,12,1
12547,True,2,10499,11,1
12547,True,2,12539,3,1
12553,True,2,12041,9,1
12541,True,2,12539,1,1
12541,True,2,4349,13,1
12541,True,2,12413,7,1
12577,True,2,12569,3,1
12577,True,2,10529,11,1
12583,True,2,12071,9,1
12583,True,2,4391,13,1
12569,True,2,12553,4,1
12589,True,2,4397,13,1
12611,True,2,12547,6,1
12611,True,2,11587,10,1
12601,True,2,12569,5,1
12601,True,2,4409,13,1
12601,True,2,12473,7,1
12619,True,2,12107,9,1
12619,True,2,12491,7,1
12619,True,2,12611,3,1
12613,True,2,12611,1,1
12613,True,2,12101,9,1
12613,True,2,4421,13,1
12637,True,2,10589,11,1
12641,True,2,12637,2,1
12641,True,2,11617,10,1
12641,True,2,12577,6,1
12647,True,2,12583,6,1
12647,True,2,12391,8,1
12653,True,2,12637,4,1
12653,True,2,12589,6,1
12659,True,2,8563,12,1
12671,False,,,,
12689,True,2,12433,8,1
12703,True,2,12671,5,1
12697,True,2,12689,3,1
12697,True,2,12569,7,1
12713,True,2,11689,10,1
12713,True,2,12697,4,1
12713,True,2,12457,8,1
12721,True,2,12713,3,1
12721,True,2,12689,5,1
12739,True,2,12611,7,1
12739,True,2,10691,11,1
12739,True,2,12227,9,1
12739,True,2,4547,13,1
12743,True,2,12739,2,1
12743,True,2,12487,8,1
12743,True,2,8647,12,1
12743,True,2,11719,10,1
12763,True,2,12251,9,1
12757,True,2,10709,11,1
12781,True,2,12653,7,1
12781,True,2,12269,9,1
12781,True,2,10733,11,1
12791,False,,,,
12799,True,2,12671,7,1
12799,True,2,12791,3,1
12809,True,2,8713,12,1
12809,True,2,12553,8,1
12821,True,2,12757,6,1
12823,True,2,12791,5,1
12823,True,2,12821,1,1
12829,True,2,12821,3,1
12829,True,2,4637,13,1
12829,True,2,10781,11,1
12841,True,2,12713,7,1
12841,True,2,12809,5,1
12841,True,2,12329,9,1
12841,True,2,4649,13,1
12853,True,2,12821,5,1
12889,True,2,12377,9,1
12899,True,2,8803,12,1
12893,True,2,12889,2,1
12893,True,2,12637,8,1
12893,True,2,12829,6,1
12911,True,2,12907,2,1
12911,True,2,11887,10,1
12907,True,2,12899,3,1
12907,True,2,10859,11,1
12917,True,2,12853,6,1
12917,True,2,8821,12,1
12919,True,2,12917,1,1
12919,True,2,12791,7,1
12919,True,2,12911,3,1
12923,True,2,12907,4,1
12923,True,2,12919,2,1
12941,False,,,,
12953,True,2,12697,8,1
12953,True,2,12889,6,1
12959,True,2,12703,8,1
12959,True,2,8863,12,1
12967,True,2,12959,3,1
12973,True,2,12941,5,1
12979,True,2,4787,13,1
12983,True,2,11959,10,1
12983,True,2,12919,6,1
12983,True,2,8887,12,1
12983,True,2,12967,4,1
12983,True,2,12979,2,1
13001,False,,,,
13007,True,2,13003,2,1
13033,True,2,13001,5,1
13003,True,2,12491,9,1
13003,True,2,13001,1,1
13009,True,2,12497,9,1
13009,True,2,13007,1,1
13009,True,2,13001,3,1
13009,True,2,4817,13,1
13037,True,2,8941,12,1
13037,True,2,13033,2,1
13037,True,2,12781,8,1
13037,True,2,12973,6,1
13043,True,2,12979,6,1
13063,True,2,4871,13,1
13049,True,2,13033,4,1
13099,False,,,,
13093,False,,,,
13103,True,2,13099,2,1
13103,True,2,9007,12,1
13127,True,2,13063,6,1
13121,True,2,12097,10,1
13109,True,2,13093,4,1
13109,True,2,9013,12,1
13109,True,2,12853,8,1
13147,False,,,,
13151,True,2,13147,2,1
13159,True,2,12647,9,1
13159,True,2,13127,5,1
13159,True,2,4967,13,1
13159,True,2,13151,3,1
13163,True,2,9067,12,1
13163,True,2,13147,4,1
13163,True,2,13099,6,1
13163,True,2,13159,2,1
13163,True,2,12907,8,1
13171,True,2,13043,7,1
13171,True,2,13163,3,1
13171,True,2,12659,9,1
13177,True,2,13049,7,1
13183,True,2,13151,5,1
13183,True,2,12671,9,1
13217,False,,,,
13229,True,2,9133,12,1
13229,True,2,12973,8,1
13219,True,2,11171,11,1
13219,True,2,13217,1,1
13219,True,2,13187,5,1
13187,True,2,12163,10,1
13187,True,2,13171,4,1
13187,True,2,9091,12,1
13187,True,2,13183,2,1
13259,True,2,13003,8,1
13249,True,2,13217,5,1
13249,True,2,13241,3,1
13249,True,2,13121,7,1
13241,True,2,13177,6,1
13267,True,2,13259,3,1
13291,True,2,5099,13,1
13291,True,2,11243,11,1
13291,True,2,13259,5,1
13291,True,2,13163,7,1
13297,False,,,,
13309,True,2,11261,11,1
13327,True,2,11279,11,1
13313,True,2,13309,2,1
13313,True,2,13297,4,1
13313,True,2,13249,6,1
13313,True,2,12289,10,1
13331,True,2,13267,6,1
13331,True,2,13327,2,1
13339,True,2,13331,3,1
13339,True,2,13337,1,1
13339,True,2,5147,13,1
13367,True,2,12343,10,1
13337,True,2,9241,12,1
13381,True,2,5189,13,1
13399,True,2,11351,11,1
13399,True,2,13397,1,1
13399,True,2,13367,5,1
13397,True,2,13381,4,1
13397,True,2,12373,10,1
13411,True,2,12899,9,1
13417,True,2,11369,11,1
13421,True,2,13417,2,1
13441,True,2,11393,11,1
13441,True,2,13313,7,1
13457,True,2,13441,4,1
13457,True,2,12433,10,1
13463,True,2,13399,6,1
13451,False,,,,
13469,False,,,,
13477,True,2,13469,3,1
13487,True,2,9391,12,1
13513,True,2,13001,9,1
13499,True,2,9403,12,1
13537,True,2,11489,11,1
13523,True,2,13267,8,1
13553,True,2,13537,4,1
13553,True,2,13297,8,1
13567,True,2,11519,11,1
13577,True,2,12553,10,1
13577,True,2,13513,6,1
13591,True,2,5399,13,1
13591,True,2,13463,7,1
13597,True,2,13469,7,1
13597,True,2,11549,11,1
13619,False,,,,
13613,True,2,13597,4,1
13613,True,2,12589,10,1
13627,True,2,11579,11,1
13627,True,2,13499,7,1
13627,True,2,13619,3,1
13633,True,2,13121,9,1
13633,True,2,5441,13,1
13649,True,2,13633,4,1
13679,False,,,,
13669,True,2,5477,13,1
13669,True,2,11621,11,1
13681,True,2,13679,1,1
13681,True,2,13649,5,1
13681,True,2,13553,7,1
13681,True,2,11633,11,1
13687,True,2,13679,3,1
13691,True,2,13627,6,1
13691,True,2,13687,2,1
13709,True,2,9613,12,1
13709,True,2,13693,4,1
13697,True,2,13633,6,1
13697,True,2,9601,12,1
13697,True,2,13441,8,1
13697,True,2,13693,2,1
13697,True,2,13681,4,1
13693,True,2,5501,13,1
13693,True,2,13691,1,1
13711,True,2,13709,1,1
13711,True,2,13679,5,1
13711,True,2,5519,13,1
13721,True,2,12697,10,1
13723,True,2,13691,5,1
13723,True,2,13721,1,1
13723,True,2,5531,13,1
13751,True,2,13687,6,1
13729,True,2,13217,9,1
13729,True,2,13721,3,1
13729,True,2,11681,11,1
13729,True,2,13697,5,1
13757,True,2,13693,6,1
13757,True,2,9661,12,1
13759,True,2,13757,1,1
13759,True,2,13751,3,1
13763,True,2,12739,10,1
13763,True,2,13759,2,1
13789,True,2,13781,3,1
13789,True,2,13757,5,1
13799,False,,,,
13781,True,2,12757,10,1
13829,True,2,9733,12,1
13807,True,2,13679,7,1
13807,True,2,13799,3,1
13831,True,2,11783,11,1
13831,True,2,13799,5,1
13831,True,2,5639,13,1
13831,True,2,13829,1,1
13841,False,,,,
13859,False,,,,
13873,True,2,13841,5,1
13877,True,2,13873,2,1
13877,True,2,12853,10,1
13877,True,2,9781,12,1
13883,True,2,9787,12,1
13883,True,2,13879,2,1
13883,True,2,13627,8,1
13903,True,2,5711,13,1
13903,True,2,13901,1,1
13879,True,2,13751,7,1
13879,True,2,11831,11,1
13879,True,2,13877,1,1
13879,True,2,13367,9,1
13901,False,,,,
13907,True,2,13903,2,1
13907,True,2,9811,12,1
13931,True,2,12907,10,1
13913,True,2,9817,12,1
13913,True,2,12889,10,1
13921,True,2,13913,3,1
13933,True,2,13901,5,1
13933,True,2,13931,1,1
13933,True,2,13421,9,1
13933,True,2,5741,13,1
13963,True,2,13451,9,1
13963,True,2,13931,5,1
13967,True,2,13711,8,1
13967,True,2,13903,6,1
13967,True,2,13963,2,1
13967,True,2,9871,12,1
13999,True,2,13487,9,1
13999,True,2,13997,1,1
13999,True,2,13967,5,1
13999,True,2,5807,13,1
13997,True,2,12973,10,1
13997,True,2,13933,6,1
13997,True,2,9901,12,1
14011,True,2,13883,7,1
14011,True,2,13499,9,1
14011,True,2,14009,1,1
14009,False,,,,
14029,True,2,13997,5,1
14029,True,2,11981,11,1
14029,True,2,13901,7,1
14051,False,,,,
14057,True,2,13033,10,1
14033,True,2,14029,2,1
14033,True,2,13009,10,1
14071,True,2,5879,13,1
14081,False,,,,
14083,True,2,14051,5,1
14083,True,2,14081,1,1
14107,False,,,,
14087,True,2,13831,8,1
14087,True,2,14071,4,1
14087,True,2,14083,2,1
14087,True,2,13063,10,1
14143,False,,,,
14149,True,2,12101,11,1
14153,True,2,14149,2,1
14173,True,2,5981,13,1
14159,True,2,14143,4,1
14159,True,2,13903,8,1
14197,True,2,12149,11,1
14177,True,2,14173,2,1
14177,True,2,13921,8,1
14207,True,2,14143,6,1
14207,True,2,10111,12,1
14207,True,2,13183,10,1
14243,True,2,13219,10,1
14249,False,,,,
14221,True,2,6029,13,1
14221,True,2,13709,9,1
14251,True,2,12203,11,1
14251,True,2,14249,1,1
14251,True,2,14243,3,1
14281,True,2,14249,5,1
14281,True,2,14153,7,1
14281,True,2,6089,13,1
14293,True,2,13781,9,1
14293,True,2,6101,13,1
14303,False,,,,
14323,True,2,14321,1,1
14323,True,2,6131,13,1
14321,True,2,13297,10,1
14327,True,2,14071,8,1
14327,True,2,14323,2,1
14341,True,2,13829,9,1
14347,False,,,,
14369,True,2,10273,12,1
14387,True,2,14323,6,1
14401,True,2,14369,5,1
14407,False,,,,
14389,True,2,6197,13,1
14389,True,2,14387,1,1
14389,True,2,13877,9,1
14419,True,2,14387,5,1
14419,True,2,13907,9,1
14419,True,2,14411,3,1
14423,True,2,13399,10,1
14423,True,2,14407,4,1
14423,True,2,14419,2,1
14411,True,2,14347,6,1
14411,True,2,14407,2,1
14431,True,2,14423,3,1
14431,True,2,14303,7,1
14437,False,,,,
14447,True,2,14431,4,1
14461,True,2,6269,13,1
14461,True,2,12413,11,1
14449,True,2,14321,7,1
14449,True,2,14447,1,1
14449,True,2,6257,13,1
14449,True,2,12401,11,1
14479,True,2,14447,5,1
14479,True,2,6287,13,1
14479,True,2,13967,9,1
14489,False,,,,
14503,True,2,6311,13,1
14533,False,,,,
14537,True,2,14533,2,1
14537,True,2,14281,8,1
14537,True,2,13513,10,1
14519,True,2,14503,4,1
14543,True,2,14479,6,1
14549,True,2,14533,4,1
14549,True,2,14293,8,1
14549,True,2,10453,12,1
14551,True,2,14543,3,1
14551,True,2,14519,5,1
14551,True,2,14549,1,1
14551,True,2,12503,11,1
14551,True,2,14423,7,1
14551,True,2,6359,13,1
14557,True,2,14549,3,1
14561,True,2,14557,2,1
14561,True,2,13537,10,1
14563,True,2,14051,9,1
14563,True,2,14561,1,1
14591,True,2,13567,10,1
14621,True,2,13597,10,1
14621,True,2,14557,6,1
14627,True,2,14563,6,1
14627,True,2,10531,12,1
14629,True,2,14627,1,1
14629,True,2,14621,3,1
14593,True,2,14591,1,1
14593,True,2,14561,5,1
14593,True,2,14081,9,1
14633,True,2,14629,2,1
14639,False,,,,
14653,True,2,14621,5,1
14657,True,2,14593,6,1
14657,True,2,14401,8,1
14657,True,2,11,4,4
14657,True,2,14653,2,1
14657,True,2,13633,10,1
14683,True,2,6491,13,1
14669,True,2,14653,4,1
14699,True,2,14683,4,1
14713,True,2,6521,13,1
14717,True,2,14713,2,1
14717,True,2,14461,8,1
14717,True,2,14653,6,1
14717,True,2,13693,10,1
14723,True,2,10627,12,1
14731,True,2,14699,5,1
14731,True,2,14723,3,1
14741,True,2,14737,2,1
14737,True,2,12689,11,1
14753,True,2,13729,10,1
14753,True,2,3,13,8
14753,True,2,10657,12,1
14753,True,2,14737,4,1
14747,True,2,14731,4,1
14747,True,2,14683,6,1
14747,True,2,10651,12,1
14747,True,2,13723,10,1
14759,True,2,14503,8,1
14759,True,2,10663,12,1
14771,True,2,14767,2,1
14779,True,2,14747,5,1
14779,True,2,14771,3,1
14767,True,2,14639,7,1
14767,True,2,14759,3,1
14783,True,2,14779,2,1
14783,True,2,10687,12,1
14783,True,2,13759,10,1
14783,True,2,14767,4,1
14797,True,2,14669,7,1
14813,True,2,13789,10,1
14813,True,2,14557,8,1
14813,True,2,14797,4,1
14827,True,2,14699,7,1
14821,True,2,14813,3,1
14831,True,2,13807,10,1
14831,True,2,14827,2,1
14831,True,2,14767,6,1
14843,True,2,14827,4,1
14843,True,2,14779,6,1
14851,True,2,6659,13,1
14851,True,2,14723,7,1
14851,True,2,14843,3,1
14869,True,2,14867,1,1
14869,True,2,14741,7,1
14869,True,2,12821,11,1
14867,True,2,14851,4,1
14867,True,2,10771,12,1
14879,False,,,,
14887,True,2,14879,3,1
14887,True,2,14759,7,1
14891,True,2,14887,2,1
14891,True,2,14827,6,1
14897,True,2,11,8,4
14897,True,2,13873,10,1
14929,True,2,14897,5,1
14929,True,2,6737,13,1
14923,True,2,14891,5,1
14923,True,2,14411,9,1
14939,True,2,14683,8,1
14939,True,2,14923,4,1
14947,True,2,12899,11,1
14947,True,2,14939,3,1
14951,True,2,14887,6,1
14951,True,2,14947,2,1
14969,True,2,14713,8,1
14957,True,2,10861,12,1
14957,True,2,13933,10,1
15013,False,,,,
15017,True,2,15013,2,1
15031,True,2,14519,9,1
15031,True,2,12983,11,1
14983,True,2,14951,5,1
14983,True,2,6791,13,1
15053,True,2,14797,8,1
15053,True,2,14029,10,1
15053,True,2,10957,12,1
15061,True,2,15053,3,1
15061,True,2,14549,9,1
15061,True,2,6869,13,1
15073,True,2,14561,9,1
15077,True,2,15013,6,1
15077,True,2,14821,8,1
15077,True,2,15073,2,1
15077,True,2,15061,4,1
15083,True,2,14827,8,1
15083,True,2,10987,12,1
15091,True,2,13043,11,1
15091,True,2,6899,13,1
15091,True,2,15083,3,1
15101,False,,,,
15107,True,2,15091,4,1
15107,True,2,14083,10,1
15107,True,2,14851,8,1
15131,True,2,14107,10,1
15121,False,,,,
15137,True,2,15121,4,1
15137,True,2,15073,6,1
15149,False,,,,
15161,False,,,,
15139,True,2,15107,5,1
15139,True,2,15137,1,1
15139,True,2,6947,13,1
15139,True,2,15131,3,1
15139,True,2,14627,9,1
15173,True,2,14149,10,1
15187,False,,,,
15193,True,2,7001,13,1
15193,True,2,15161,5,1
15199,True,2,13151,11,1
15217,False,,,,
15227,True,2,11131,12,1
15233,True,2,15217,4,1
15241,True,2,15233,3,1
15263,True,2,15259,2,1
15263,True,2,15199,6,1
15269,True,2,15013,8,1
15269,True,2,11173,12,1
15259,True,2,15131,7,1
15259,True,2,15227,5,1
15259,True,2,14747,9,1
15271,True,2,7079,13,1
15271,True,2,14759,9,1
15271,True,2,15263,3,1
15271,True,2,15269,1,1
15277,True,2,15149,7,1
15277,True,2,13229,11,1
15277,True,2,15269,3,1
15287,True,2,15271,4,1
15287,True,2,15031,8,1
15289,True,2,15287,1,1
15289,True,2,15161,7,1
15289,True,2,13241,11,1
15299,False,,,,
15313,True,2,7121,13,1
15307,True,2,13259,11,1
15307,True,2,15299,3,1
15331,True,2,15299,5,1
15331,True,2,15329,1,1
15329,True,2,15073,8,1
15329,True,2,15313,4,1
15349,False,,,,
15319,True,2,15287,5,1
15319,True,2,7127,13,1
15359,False,,,,
15361,True,2,15233,7,1
15361,True,2,15359,1,1
15361,True,2,13313,11,1
15361,True,2,15329,5,1
15373,False,,,,
15383,True,2,11287,12,1
15383,True,2,15319,6,1
15377,True,2,15121,8,1
15377,True,2,15373,2,1
15377,True,2,15361,4,1
15377,True,2,15313,6,1
15401,False,,,,
15391,True,2,15263,7,1
15391,True,2,15359,5,1
15391,True,2,14879,9,1
15391,True,2,15383,3,1
15413,True,2,14389,10,1
15413,True,2,15349,6,1
15413,True,2,11317,12,1
15439,True,2,7247,13,1
15443,True,2,15439,2,1
15443,True,2,15427,4,1
15443,True,2,14419,10,1
15443,True,2,15187,8,1
15427,True,2,15299,7,1
15451,True,2,14939,9,1
15451,True,2,15443,3,1
15461,True,2,14437,10,1
15467,True,2,15451,4,1
15473,True,2,15217,8,1
15473,True,2,14449,10,1
15493,True,2,15461,5,1
15497,True,2,15241,8,1
15497,True,2,15493,2,1
15511,True,2,15383,7,1
15511,True,2,13463,11,1
15541,True,2,15413,7,1
15541,True,2,7349,13,1
15551,False,,,,
15527,True,2,15511,4,1
15527,True,2,14503,10,1
15527,True,2,15271,8,1
15559,True,2,15551,3,1
15559,True,2,15527,5,1
15569,True,2,15313,8,1
15581,True,2,14557,10,1
15583,True,2,15581,1,1
15583,True,2,15551,5,1
15601,True,2,15473,7,1
15601,True,2,13553,11,1
15601,True,2,15569,5,1
15607,False,,,,
15619,True,2,15107,9,1
15641,True,2,5,4,6
15643,True,2,15131,9,1
15643,True,2,15641,1,1
15643,True,2,7451,13,1
15647,True,2,15643,2,1
15647,True,2,15583,6,1
15647,True,2,11551,12,1
15647,True,2,15391,8,1
15629,True,2,15373,8,1
15629,True,2,5,2,6
15649,True,2,15137,9,1
15649,True,2,7457,13,1
15649,True,2,15641,3,1
15649,True,2,15647,1,1
15661,True,2,15149,9,1
15661,True,2,13613,11,1
15661,True,2,15629,5,1
15667,True,2,13619,11,1
15671,True,2,15607,6,1
15671,True,2,15667,2,1
15679,True,2,15551,7,1
15679,True,2,15647,5,1
15679,True,2,15671,3,1
15679,True,2,7487,13,1
15683,True,2,15619,6,1
15683,True,2,15679,2,1
15683,True,2,11587,12,1
15683,True,2,15427,8,1
15683,True,2,15667,4,1
15727,True,2,13679,11,1
15737,True,2,15733,2,1
15737,True,2,14713,10,1
15733,True,2,15731,1,1
15733,True,2,7541,13,1
15739,True,2,15737,1,1
15739,True,2,7547,13,1
15739,True,2,13691,11,1
15739,True,2,15227,9,1
15739,True,2,15731,3,1
15731,True,2,15727,2,1
15731,True,2,15667,6,1
15749,True,2,15493,8,1
15749,True,2,15733,4,1
15767,True,2,15511,8,1
15761,True,2,14737,10,1
15773,True,2,11677,12,1
15787,False,,,,
15791,True,2,15787,2,1
15791,True,2,15727,6,1
15791,True,2,14767,10,1
15797,True,2,15541,8,1
15797,True,2,11701,12,1
15797,True,2,15733,6,1
15809,False,,,,
15817,True,2,15809,3,1
15803,True,2,15787,4,1
15803,True,2,15739,6,1
15803,True,2,14779,10,1
15823,True,2,15791,5,1
15859,True,2,15731,7,1
15877,True,2,15749,7,1
15877,True,2,13829,11,1
15881,True,2,5,8,6
15881,True,2,15817,6,1
15881,True,2,15877,2,1
15887,True,2,15823,6,1
15889,True,2,15881,3,1
15889,True,2,13841,11,1
15889,True,2,15761,7,1
15889,True,2,15377,9,1
15889,True,2,15887,1,1
15901,True,2,15773,7,1
15913,True,2,15401,9,1
15913,True,2,15881,5,1
15907,True,2,13859,11,1
15919,True,2,15887,5,1
15919,True,2,7727,13,1
15919,True,2,15791,7,1
15923,True,2,15667,8,1
15923,True,2,15859,6,1
15923,True,2,11827,12,1
15923,True,2,15919,2,1
15923,True,2,15907,4,1
15937,True,2,15809,7,1
15971,True,2,15907,6,1
15971,True,2,14947,10,1
15959,True,2,11863,12,1
15973,True,2,15461,9,1
15973,True,2,15971,1,1
16001,True,2,15937,6,1
15991,True,2,15959,5,1
16033,True,2,16001,5,1
16033,True,2,7841,13,1
16007,True,2,14983,10,1
16007,True,2,15991,4,1
16057,True,2,14009,11,1
16061,True,2,16057,2,1
16063,True,2,16061,1,1
16063,True,2,15551,9,1
16069,True,2,7877,13,1
16069,True,2,16061,3,1
16069,True,2,16067,1,1
16067,True,2,11971,12,1
16067,True,2,16063,2,1
16073,True,2,15817,8,1
16073,True,2,16069,2,1
16073,True,2,16057,4,1
16087,True,2,15959,7,1
16091,True,2,16087,2,1
16097,True,2,16033,6,1
16097,True,2,15073,10,1
16103,True,2,16087,4,1
16103,True,2,12007,12,1
16111,True,2,7919,13,1
16111,True,2,16103,3,1
16127,True,2,16111,4,1
16127,True,2,16063,6,1
16183,True,2,15671,9,1
16139,True,2,12043,12,1
16141,True,2,16139,1,1
16141,True,2,15629,9,1
16141,True,2,7949,13,1
16187,True,2,16183,2,1
16189,True,2,16061,7,1
16189,True,2,16187,1,1
16217,True,2,15193,10,1
16223,True,2,15199,10,1
16193,True,2,16189,2,1
16193,True,2,15937,8,1
16193,True,2,12097,12,1
16193,True,2,127,6,2
16229,True,2,15973,8,1
16249,True,2,16217,5,1
16249,True,2,15737,9,1
16231,True,2,16229,1,1
16231,True,2,8039,13,1
16231,True,2,16223,3,1
16231,True,2,16103,7,1
16253,True,2,12157,12,1
16253,True,2,16249,2,1
16253,True,2,16189,6,1
16267,True,2,16139,7,1
16273,True,2,15761,9,1
16273,True,2,8081,13,1
16301,True,2,15277,10,1
16333,True,2,16301,5,1
16319,True,2,16063,8,1
16339,True,2,8147,13,1
16349,True,2,16333,4,1
16349,True,2,12253,12,1
16361,False,,,,
16369,True,2,14321,11,1
16369,True,2,16361,3,1
16363,True,2,8171,13,1
16363,True,2,16361,1,1
16381,True,2,16253,7,1
16381,True,2,16349,5,1
16411,True,2,8219,13,1
16411,True,2,3,14,3
16417,True,2,14369,11,1
16433,True,2,7,14,2
16433,True,2,16417,4,1
16433,True,2,16369,6,1
16447,True,2,16319,7,1
16421,True,2,37,14,1
16421,True,2,16417,2,1
16427,True,2,43,14,1
16427,True,2,16411,4,1
16427,True,2,16363,6,1
16451,True,2,15427,10,1
16451,True,2,16447,2,1
16451,True,2,67,14,1
16453,True,2,16451,1,1
16453,True,2,16421,5,1
16477,True,2,16349,7,1
16493,True,2,109,14,1
16493,True,2,16477,4,1
16487,True,2,103,14,1
16487,True,2,16231,8,1
16487,True,2,12391,12,1
16481,True,2,16477,2,1
16481,True,2,16417,6,1
16481,True,2,97,14,1
16529,True,2,16273,8,1
16529,True,2,12433,12,1
16519,True,2,16487,5,1
16519,True,2,16007,9,1
16547,True,2,12451,12,1
16547,True,2,163,14,1
16553,True,2,13,14,2
16553,True,2,12457,12,1
16561,True,2,16529,5,1
16561,True,2,8369,13,1
16561,True,2,16553,3,1
16561,True,2,16433,7,1
16567,True,2,14519,11,1
16573,True,2,16061,9,1
16607,True,2,223,14,1
16607,True,2,16603,2,1
16607,True,2,15583,10,1
16607,True,2,12511,12,1
16603,True,2,16091,9,1
16631,True,2,15607,10,1
16631,True,2,16567,6,1
16619,True,2,16603,4,1
16619,True,2,16363,8,1
16633,True,2,16631,1,1
16651,True,2,16649,1,1
16651,True,2,16619,5,1
16651,True,2,16139,9,1
16649,True,2,5,10,6
16649,True,2,16633,4,1
16649,True,2,12553,12,1
16657,True,2,16649,3,1
16657,True,2,16529,7,1
16661,True,2,16657,2,1
16661,True,2,277,14,1
16673,True,2,16417,8,1
16673,True,2,16657,4,1
16673,True,2,17,14,2
16673,True,2,15649,10,1
16673,True,2,12577,12,1
16699,True,2,16187,9,1
16699,True,2,16691,3,1
16691,True,2,307,14,1
16691,True,2,15667,10,1
16693,True,2,16691,1,1
16693,True,2,8501,13,1
16693,True,2,16661,5,1
16703,True,2,16699,2,1
16703,True,2,15679,10,1
16703,True,2,16447,8,1
16729,True,2,16217,9,1
16729,True,2,8537,13,1
16747,True,2,14699,11,1
16747,True,2,16619,7,1
16741,True,2,16229,9,1
16759,True,2,16631,7,1
16763,True,2,16747,4,1
16763,True,2,16699,6,1
16763,True,2,16759,2,1
16763,True,2,15739,10,1
16763,True,2,379,14,1
16787,False,,,,
16823,True,2,16567,8,1
16823,True,2,439,14,1
16823,True,2,16759,6,1
16823,True,2,7,4,5
16811,True,2,15787,10,1
16811,True,2,16747,6,1
16811,True,2,7,2,5
16829,True,2,16573,8,1
16843,True,2,16811,5,1
16831,True,2,16319,9,1
16831,True,2,16829,1,1
16831,True,2,16703,7,1
16831,True,2,16823,3,1
16831,True,2,14783,11,1
16871,True,2,487,14,1
16871,True,2,7,6,5
16879,True,2,14831,11,1
16879,True,2,16871,3,1
16883,True,2,16879,2,1
16883,True,2,15859,10,1
16883,True,2,499,14,1
16889,True,2,16633,8,1
16903,True,2,16871,5,1
16903,True,2,16901,1,1
16901,True,2,15877,10,1
16921,True,2,16889,5,1
16927,True,2,14879,11,1
16931,True,2,16927,2,1
16931,True,2,15907,10,1
16931,True,2,547,14,1
16937,True,2,12841,12,1
16937,True,2,15913,10,1
16937,True,2,16921,4,1
16943,True,2,16879,6,1
16943,True,2,16927,4,1
16943,True,2,15919,10,1
16963,True,2,16931,5,1
16963,True,2,16451,9,1
16979,True,2,16963,4,1
16987,True,2,16979,3,1
16987,True,2,14939,11,1
16981,True,2,16979,1,1
16993,True,2,16481,9,1
17011,True,2,16979,5,1
17011,True,2,8819,13,1
17011,True,2,16883,7,1
17021,False,,,,
17029,True,2,17027,1,1
17029,True,2,8837,13,1
17029,True,2,17021,3,1
17029,True,2,16901,7,1
17027,True,2,17011,4,1
17027,True,2,643,14,1
17027,True,2,16963,6,1
17033,True,2,17029,2,1
17047,False,,,,
17041,True,2,17033,3,1
17041,True,2,16529,9,1
17041,True,2,8849,13,1
17077,False,,,,
17053,True,2,8861,13,1
17053,True,2,17021,5,1
17093,True,2,709,14,1
17093,True,2,16069,10,1
17093,True,2,17029,6,1
17093,True,2,17077,4,1
17099,True,2,13003,12,1
17099,True,2,16843,8,1
17107,True,2,17099,3,1
17107,True,2,16979,7,1
17117,True,2,733,14,1
17117,True,2,17053,6,1
17123,True,2,17107,4,1
17123,True,2,739,14,1
17137,False,,,,
17159,True,2,13063,12,1
17159,True,2,16903,8,1
17183,True,2,17167,4,1
17183,True,2,16927,8,1
17167,True,2,17159,3,1
17189,True,2,13093,12,1
17191,True,2,17183,3,1
17191,True,2,17189,1,1
17191,True,2,8999,13,1
17191,True,2,17159,5,1
17203,True,2,9011,13,1
17203,True,2,16691,9,1
17209,True,2,15161,11,1
17209,True,2,17207,1,1
17207,True,2,17203,2,1
17207,True,2,823,14,1
17207,True,2,17191,4,1
17207,True,2,16183,10,1
17239,True,2,17207,5,1
17239,True,2,17231,3,1
17231,True,2,17167,6,1
17257,False,,,,
17291,True,2,907,14,1
17291,True,2,16267,10,1
17293,True,2,17291,1,1
17299,True,2,16787,9,1
17299,True,2,17291,3,1
17317,True,2,17189,7,1
17317,True,2,15269,11,1
17321,True,2,937,14,1
17321,True,2,17317,2,1
17321,True,2,17257,6,1
17333,True,2,17077,8,1
17333,True,2,17317,4,1
17327,False,,,,
17341,True,2,16829,9,1
17341,True,2,17333,3,1
17359,True,2,17327,5,1
17359,True,2,17231,7,1
17359,True,2,17351,3,1
17377,True,2,15329,11,1
17351,True,2,967,14,1
17383,True,2,17351,5,1
17383,True,2,16871,9,1
17387,True,2,13291,12,1
17387,True,2,17383,2,1
17387,True,2,16363,10,1
17389,True,2,17387,1,1
17393,True,2,17389,2,1
17393,True,2,17137,8,1
17393,True,2,17377,4,1
17393,True,2,1009,14,1
17393,True,2,16369,10,1
17393,True,2,13297,12,1
17401,True,2,17393,3,1
17401,True,2,16889,9,1
17401,True,2,9209,13,1
17417,True,2,1033,14,1
17417,True,2,17401,4,1
17417,True,2,131,8,2
17419,True,2,17417,1,1
17419,True,2,17387,5,1
17419,True,2,17291,7,1
17419,True,2,9227,13,1
17443,True,2,16931,9,1
17449,True,2,17417,5,1
17449,True,2,17321,7,1
17449,True,2,15401,11,1
17449,True,2,9257,13,1
17449,True,2,16937,9,1
17431,True,2,15383,11,1
17431,True,2,9239,13,1
17467,False,,,,
17471,True,2,1087,14,1
17471,True,2,16447,10,1
17471,True,2,17467,2,1
17477,True,2,16453,10,1
17477,True,2,13381,12,1
17477,True,2,1093,14,1
17483,True,2,17419,6,1
17483,True,2,17467,4,1
17491,True,2,17489,1,1
17491,True,2,17483,3,1
17491,True,2,16979,9,1
17491,True,2,15443,11,1
17489,False,,,,
17497,True,2,17489,3,1
17509,True,2,15461,11,1
17509,True,2,17477,5,1
17519,False,,,,
17539,True,2,17027,9,1
17551,True,2,17519,5,1
17569,True,2,9377,13,1
17573,True,2,17569,2,1
17573,True,2,17317,8,1
17573,True,2,17509,6,1
17573,True,2,13477,12,1
17581,True,2,17573,3,1
17581,True,2,17579,1,1
17597,True,2,17341,8,1
17597,True,2,16573,10,1
17597,True,2,17581,4,1
17597,True,2,1213,14,1
17599,True,2,15551,11,1
17599,True,2,17471,7,1
17599,True,2,17597,1,1
17579,False,,,,
17609,True,2,13513,12,1
17623,True,2,9431,13,1
17627,True,2,17623,2,1
17627,True,2,16603,10,1
17657,True,2,17401,8,1
17657,True,2,16633,10,1
17659,True,2,17627,5,1
17659,True,2,17657,1,1
17659,True,2,9467,13,1
17669,False,,,,
17681,True,2,1297,14,1
17681,True,2,16657,10,1
17707,True,2,17579,7,1
17729,True,2,17713,4,1
17729,True,2,13633,12,1
17713,True,2,9521,13,1
17713,True,2,17681,5,1
17683,True,2,17681,1,1
17683,True,2,9491,13,1
17737,True,2,17729,3,1
17737,True,2,17609,7,1
17747,True,2,17683,6,1
17747,True,2,17491,8,1
17749,True,2,17747,1,1
17761,True,2,17729,5,1
17783,True,2,13687,12,1
17783,True,2,1399,14,1
17783,True,2,16759,10,1
17789,True,2,13693,12,1
17791,True,2,17789,1,1
17791,True,2,17783,3,1
17827,False,,,,
17807,True,2,13711,12,1
17807,True,2,1423,14,1
17807,True,2,17551,8,1
17807,True,2,17791,4,1
17837,True,2,17581,8,1
17837,True,2,1453,14,1
17839,True,2,17837,1,1
17839,True,2,17327,9,1
17839,True,2,17807,5,1
17839,True,2,15791,11,1
17851,True,2,15803,11,1
17863,True,2,17351,9,1
17881,True,2,9689,13,1
17903,True,2,16879,10,1
17903,True,2,17839,6,1
17903,True,2,13807,12,1
17891,True,2,17827,6,1
17911,True,2,17903,3,1
17911,True,2,17909,1,1
17911,True,2,17783,7,1
17911,True,2,9719,13,1
17909,False,,,,
17921,False,,,,
17929,True,2,15881,11,1
17929,True,2,17417,9,1
17929,True,2,17921,3,1
17923,True,2,17921,1,1
17923,True,2,17891,5,1
17939,True,2,17923,4,1
17939,True,2,17683,8,1
17957,False,,,,
17959,True,2,17957,1,1
17959,True,2,9767,13,1
17977,False,,,,
17971,True,2,15923,11,1
17971,True,2,17939,5,1
17981,True,2,1597,14,1
17981,True,2,17977,2,1
17987,True,2,17923,6,1
17987,True,2,16963,10,1
17987,True,2,17971,4,1
17989,True,2,17477,9,1
17989,True,2,17981,3,1
17989,True,2,17957,5,1
17989,True,2,17987,1,1
18041,True,2,17977,6,1
18041,True,2,1657,14,1
18013,True,2,17981,5,1
18049,True,2,16001,11,1
18049,True,2,18041,3,1
18049,True,2,9857,13,1
18049,True,2,18047,1,1
18049,True,2,17921,7,1
18043,True,2,18041,1,1
18043,True,2,9851,13,1
18047,True,2,1663,14,1
18047,True,2,18043,2,1
18047,True,2,17791,8,1
18061,True,2,18059,1,1
18077,True,2,18061,4,1
18077,True,2,18013,6,1
18077,True,2,1693,14,1
18077,True,2,17053,10,1
18059,True,2,18043,4,1
18059,True,2,13963,12,1
18089,False,,,,
18097,True,2,18089,3,1
18127,True,2,18119,3,1
18119,True,2,17863,8,1
18121,True,2,18119,1,1
18121,True,2,9929,13,1
18121,True,2,16073,11,1
18121,True,2,17609,9,1
18121,True,2,18089,5,1
18131,True,2,18127,2,1
18131,True,2,17107,10,1
18131,True,2,1747,14,1
18143,True,2,18127,4,1
18143,True,2,1759,14,1
18133,True,2,18131,1,1
18133,True,2,9941,13,1
18169,True,2,17657,9,1
18169,True,2,18041,7,1
18149,True,2,18133,4,1
18181,True,2,18149,5,1
18181,True,2,17669,9,1
18191,True,2,17167,10,1
18191,True,2,18127,6,1
18199,True,2,10007,13,1
18199,True,2,18191,3,1
18217,True,2,18089,7,1
18211,False,,,,
18223,True,2,18191,5,1
18229,True,2,10037,13,1
18233,True,2,17977,8,1
18233,True,2,18229,2,1
18233,True,2,17209,10,1
18233,True,2,43,14,2
18233,True,2,18217,4,1
18233,True,2,18169,6,1
18251,True,2,1867,14,1
18257,True,2,18253,2,1
18257,True,2,1873,14,1
18253,True,2,10061,13,1
18253,True,2,18251,1,1
18269,True,2,18013,8,1
18269,True,2,18253,4,1
18269,True,2,14173,12,1
18301,True,2,17789,9,1
18301,True,2,16253,11,1
18301,True,2,18269,5,1
18307,False,,,,
18287,True,2,18223,6,1
18289,True,2,18287,1,1
18289,True,2,18257,5,1
18311,True,2,18307,2,1
18313,True,2,18311,1,1
18329,True,2,18313,4,1
18341,True,2,17317,10,1
18353,True,2,18097,8,1
18353,True,2,18289,6,1
18367,True,2,16319,11,1
18371,True,2,18307,6,1
18371,True,2,18367,2,1
18371,True,2,1987,14,1
18397,True,2,18269,7,1
18397,True,2,16349,11,1
18379,True,2,18371,3,1
18379,True,2,18251,7,1
18401,True,2,18397,2,1
18401,True,2,2017,14,1
18401,True,2,17377,10,1
18427,False,,,,
18413,True,2,18397,4,1
18413,True,2,17389,10,1
18413,True,2,2029,14,1
18433,True,2,17921,9,1
18433,True,2,18401,5,1
18439,True,2,10247,13,1
18439,True,2,18311,7,1
18443,True,2,14347,12,1
18443,True,2,18427,4,1
18443,True,2,18439,2,1
18443,True,2,18379,6,1
18443,True,2,17419,10,1
18451,True,2,10259,13,1
18451,True,2,17939,9,1
18451,True,2,18443,3,1
18457,True,2,18329,7,1
18461,True,2,18457,2,1
18461,True,2,18397,6,1
18481,True,2,10289,13,1
18481,True,2,18353,7,1
18481,True,2,16433,11,1
18493,True,2,17981,9,1
18493,True,2,10301,13,1
18493,True,2,18461,5,1
18503,True,2,18439,6,1
18503,True,2,14407,12,1
18521,True,2,17497,10,1
18521,True,2,2137,14,1
18521,True,2,18517,2,1
18521,True,2,18457,6,1
18517,False,,,,
18523,True,2,10331,13,1
18523,True,2,18521,1,1
18541,True,2,16493,11,1
18541,True,2,18539,1,1
18541,True,2,18413,7,1
18539,True,2,18523,4,1
18553,True,2,18041,9,1
18553,True,2,18521,5,1
18583,True,2,10391,13,1
18587,True,2,2203,14,1
18587,True,2,18583,2,1
18587,True,2,18523,6,1
18593,True,2,47,14,2
18593,True,2,17569,10,1
18617,True,2,18553,6,1
18637,False,,,,
18661,True,2,18149,9,1
18671,True,2,2287,14,1
18691,True,2,10499,13,1
18679,True,2,16631,11,1
18679,True,2,18671,3,1
18679,True,2,10487,13,1
18701,True,2,18637,6,1
18719,False,,,,
18713,True,2,18457,8,1
18731,True,2,2347,14,1
18731,True,2,17707,10,1
18743,True,2,18679,6,1
18773,True,2,137,2,2
18773,True,2,18757,4,1
18773,True,2,18517,8,1
18773,True,2,17749,10,1
18773,True,2,2389,14,1
18749,True,2,18493,8,1
18749,True,2,14653,12,1
18757,True,2,18749,3,1
18787,False,,,,
18793,True,2,10601,13,1
18797,True,2,18541,8,1
18797,True,2,18793,2,1
18803,True,2,18787,4,1
18839,True,2,18583,8,1
18859,True,2,18731,7,1
18859,True,2,10667,13,1
18859,True,2,16811,11,1
18869,False,,,,
18913,True,2,18911,1,1
18913,True,2,18401,9,1
18899,False,,,,
18911,False,,,,
18917,True,2,18661,8,1
18917,True,2,14821,12,1
18917,True,2,18913,2,1
18919,True,2,18917,1,1
18919,True,2,18911,3,1
18919,True,2,16871,11,1
18947,True,2,17923,10,1
18947,True,2,14851,12,1
18947,True,2,18691,8,1
18959,False,,,,
18973,True,2,10781,13,1
18973,True,2,18461,9,1
18979,True,2,18947,5,1
18979,True,2,16931,11,1
19001,True,2,2617,14,1
19001,True,2,17977,10,1
19009,True,2,19001,3,1
19013,True,2,18757,8,1
19013,True,2,17989,10,1
19013,True,2,19009,2,1
19031,True,2,2647,14,1
19037,True,2,18973,6,1
19037,True,2,18013,10,1
19051,True,2,18539,9,1
19051,True,2,10859,13,1
19073,True,2,2689,14,1
19073,True,2,18049,10,1
19073,True,2,19069,2,1
19073,True,2,19009,6,1
19069,True,2,17021,11,1
19069,True,2,19037,5,1
19079,True,2,14983,12,1
19081,True,2,19073,3,1
19081,True,2,17033,11,1
19081,True,2,19079,1,1
19081,True,2,10889,13,1
19087,True,2,19079,3,1
19087,True,2,18959,7,1
19139,False,,,,
19121,True,2,18097,10,1
19157,True,2,19141,4,1
19157,True,2,15061,12,1
19157,True,2,18133,10,1
19141,True,2,19139,1,1
19141,True,2,10949,13,1
19141,True,2,17093,11,1
19141,True,2,19013,7,1
19163,False,,,,
19181,True,2,2797,14,1
19183,True,2,19181,1,1
19183,True,2,18671,9,1
19207,True,2,17159,11,1
19207,True,2,19079,7,1
19211,True,2,19207,2,1
19219,True,2,11027,13,1
19219,True,2,19211,3,1
19237,True,2,17189,11,1
19213,True,2,18701,9,1
19213,True,2,19181,5,1
19213,True,2,19211,1,1
19231,True,2,18719,9,1
19231,True,2,17183,11,1
19259,False,,,,
19249,True,2,19121,7,1
19249,True,2,11057,13,1
19273,False,,,,
19267,True,2,19259,3,1
19267,True,2,19139,7,1
19289,True,2,19273,4,1
19289,True,2,15193,12,1
19301,True,2,19237,6,1
19301,True,2,2917,14,1
19309,True,2,19181,7,1
19309,True,2,19301,3,1
19309,True,2,11117,13,1
19309,True,2,18797,9,1
19333,True,2,19301,5,1
19319,False,,,,
19373,True,2,15277,12,1
19373,True,2,19309,6,1
19381,True,2,19373,3,1
19381,True,2,17333,11,1
19381,True,2,18869,9,1
19381,True,2,19379,1,1
19379,False,,,,
19387,True,2,19259,7,1
19387,True,2,19379,3,1
19391,True,2,18367,10,1
19391,True,2,19387,2,1
19403,True,2,15307,12,1
19403,True,2,3019,14,1
19403,True,2,18379,10,1
19403,True,2,19387,4,1
19423,True,2,19391,5,1
19423,True,2,18911,9,1
19423,True,2,19421,1,1
19417,True,2,19289,7,1
19421,True,2,3037,14,1
19421,True,2,18397,10,1
19421,True,2,19417,2,1
19427,True,2,19423,2,1
19427,True,2,15331,12,1
19429,True,2,19301,7,1
19429,True,2,19421,3,1
19429,True,2,18917,9,1
19429,True,2,19427,1,1
19433,True,2,19417,4,1
19433,True,2,3049,14,1
19433,True,2,19429,2,1
19441,True,2,17393,11,1
19441,True,2,19433,3,1
19447,True,2,19319,7,1
19457,True,2,19441,4,1
19457,True,2,18433,10,1
19457,True,2,15361,12,1
19463,True,2,18439,10,1
19463,True,2,19447,4,1
19463,True,2,3079,14,1
19463,True,2,19207,8,1
19471,True,2,19463,3,1
19471,True,2,18959,9,1
19471,True,2,19469,1,1
19471,True,2,11279,13,1
19469,True,2,15373,12,1
19469,True,2,19213,8,1
19477,True,2,19469,3,1
19489,True,2,19457,5,1
19483,False,,,,
19501,True,2,19373,7,1
19501,True,2,19469,5,1
19531,True,2,19403,7,1
19531,True,2,17483,11,1
19507,True,2,19379,7,1
19543,True,2,19541,1,1
19543,True,2,19031,9,1
19543,True,2,11351,13,1
19541,True,2,19477,6,1
19541,True,2,18517,10,1
19553,True,2,19489,6,1
19553,True,2,3169,14,1
19571,True,2,19507,6,1
19571,True,2,3187,14,1
19559,True,2,19543,4,1
19583,False,,,,
19577,True,2,139,8,2
19577,True,2,18553,10,1
19597,True,2,19469,7,1
19603,True,2,19571,5,1
19603,True,2,11411,13,1
19609,True,2,19577,5,1
19681,True,2,19553,7,1
19681,True,2,11489,13,1
19687,True,2,19559,7,1
19687,True,2,3,2,9
19697,True,2,19441,8,1
19697,True,2,19681,4,1
19697,True,2,3313,14,1
19697,True,2,15601,12,1
19661,True,2,19597,6,1
19661,True,2,18637,10,1
19699,True,2,19697,1,1
19699,True,2,3,4,9
19699,True,2,19571,7,1
19739,True,2,19483,8,1
19739,True,2,15643,12,1
19709,False,,,,
19717,True,2,17669,11,1
19717,True,2,19709,3,1
19727,True,2,19471,8,1
19727,True,2,3343,14,1
19751,True,2,19687,6,1
19753,True,2,19751,1,1
19759,True,2,19727,5,1
19759,True,2,19751,3,1
19777,True,2,17729,11,1
19763,True,2,19699,6,1
19763,True,2,15667,12,1
19763,True,2,19507,8,1
19763,True,2,19759,2,1
19793,True,2,137,10,2
19793,True,2,19777,4,1
19813,True,2,19301,9,1
19813,True,2,11621,13,1
19801,True,2,19289,9,1
19801,True,2,19793,3,1
19841,True,2,3457,14,1
19841,True,2,19777,6,1
19819,False,,,,
19843,True,2,19841,1,1
19861,True,2,19853,3,1
19853,True,2,19597,8,1
19853,True,2,3469,14,1
19889,False,,,,
19867,True,2,19739,7,1
19891,True,2,19889,1,1
19891,True,2,11699,13,1
19891,True,2,19379,9,1
19891,True,2,19763,7,1
19913,True,2,15817,12,1
19913,True,2,3529,14,1
19919,True,2,15823,12,1
19927,True,2,19919,3,1
19937,True,2,19681,8,1
19937,True,2,18913,10,1
19949,False,,,,
19961,False,,,,
19973,True,2,19717,8,1
19973,True,2,15877,12,1
19963,True,2,19961,1,1
19991,True,2,3607,14,1
19991,True,2,19927,6,1
19979,True,2,19963,4,1
19993,True,2,19991,1,1
19993,True,2,19961,5,1
19993,True,2,11801,13,1
20011,True,2,19979,5,1
19997,True,2,3613,14,1
19997,True,2,18973,10,1
19997,True,2,19993,2,1
19997,True,2,15901,12,1
20021,True,2,3637,14,1
20023,True,2,19991,5,1
20023,True,2,20021,1,1
20023,True,2,11831,13,1
20029,True,2,20021,3,1
20029,True,2,17981,11,1
20029,True,2,19997,5,1
20047,True,2,19919,7,1
20051,True,2,20047,2,1
20063,True,2,20047,4,1
20071,True,2,19559,9,1
20071,True,2,20063,3,1
20101,True,2,19973,7,1
20101,True,2,11909,13,1
20089,True,2,11897,13,1
20089,True,2,19961,7,1
20089,True,2,18041,11,1
20089,True,2,19577,9,1
20107,True,2,18059,11,1
20107,True,2,19979,7,1
20113,False,,,,
20117,True,2,20113,2,1
20117,True,2,19861,8,1
20117,True,2,3733,14,1
20117,True,2,20101,4,1
20143,False,,,,
20129,True,2,20113,4,1
20129,True,2,16033,12,1
20123,True,2,3739,14,1
20123,True,2,20107,4,1
20123,True,2,19867,8,1
20149,True,2,20021,7,1
20149,True,2,20117,5,1
20149,True,2,20147,1,1
20161,True,2,11969,13,1
20161,True,2,20129,5,1
20147,True,2,20143,2,1
20147,True,2,19891,8,1
20173,True,2,19661,9,1
20173,True,2,11981,13,1
20177,True,2,20161,4,1
20177,True,2,3793,14,1
20177,True,2,20113,6,1
20177,True,2,20173,2,1
20183,True,2,19927,8,1
20183,True,2,16087,12,1
20201,False,,,,
20219,True,2,19963,8,1
20231,True,2,19207,10,1
20231,True,2,3847,14,1
20233,True,2,12041,13,1
20233,True,2,20201,5,1
20233,True,2,20231,1,1
20249,True,2,19993,8,1
20249,True,2,20233,4,1
20269,True,2,20261,3,1
20261,True,2,3877,14,1
20261,True,2,19237,10,1
20287,False,,,,
20323,False,,,,
20297,True,2,20233,6,1
20297,True,2,19273,10,1
20327,True,2,20323,2,1
20327,True,2,3943,14,1
20327,True,2,20071,8,1
20327,True,2,16231,12,1
20333,True,2,19309,10,1
20333,True,2,20269,6,1
20341,True,2,20333,3,1
20341,True,2,12149,13,1
20347,True,2,20219,7,1
20357,True,2,20101,8,1
20357,True,2,20341,4,1
20357,True,2,19333,10,1
20357,True,2,20353,2,1
20353,True,2,19841,9,1
20353,True,2,12161,13,1
20359,True,2,20327,5,1
20359,True,2,20357,1,1
20359,True,2,23,13,3
20359,True,2,20231,7,1
20359,True,2,18311,11,1
20369,True,2,20113,8,1
20369,True,2,16273,12,1
20369,True,2,20353,4,1
20393,True,2,20389,2,1
20389,True,2,20261,7,1
20389,True,2,12197,13,1
20389,True,2,18341,11,1
20389,True,2,20357,5,1
20399,True,2,20143,8,1
20411,True,2,20347,6,1
20411,True,2,20407,2,1
20411,True,2,4027,14,1
20411,True,2,19387,10,1
20431,True,2,20399,5,1
20431,True,2,12239,13,1
20431,True,2,19919,9,1
20407,True,2,20399,3,1
20441,True,2,19417,10,1
20441,True,2,4057,14,1
20443,True,2,12251,13,1
20443,True,2,20441,1,1
20443,True,2,20411,5,1
20483,True,2,4099,14,1
20483,True,2,20479,2,1
20479,True,2,20477,1,1
20477,True,2,4093,14,1
20477,True,2,16381,12,1
20507,True,2,20443,6,1
20507,True,2,16411,12,1
20507,True,2,19483,10,1
20509,True,2,18461,11,1
20509,True,2,20477,5,1
20509,True,2,20507,1,1
20509,True,2,19997,9,1
20521,True,2,12329,13,1
20521,True,2,20393,7,1
20533,True,2,20021,9,1
20543,True,2,16447,12,1
20543,True,2,4159,14,1
20543,True,2,20287,8,1
20543,True,2,20479,6,1
20549,True,2,20533,4,1
20549,True,2,16453,12,1
20551,True,2,20543,3,1
20551,True,2,20549,1,1
20551,True,2,18503,11,1
20593,True,2,12401,13,1
20599,False,,,,
20563,True,2,20051,9,1
20627,True,2,20611,4,1
20627,True,2,20563,6,1
20627,True,2,19603,10,1
20627,True,2,4243,14,1
20611,True,2,20483,7,1
20639,False,,,,
20641,True,2,18593,11,1
20641,True,2,20129,9,1
20641,True,2,20639,1,1
20663,True,2,20599,6,1
20663,True,2,16567,12,1
20663,True,2,20407,8,1
20693,False,,,,
20681,True,2,4297,14,1
20707,True,2,3,10,9
20717,False,,,,
20719,True,2,20717,1,1
20719,True,2,12527,13,1
20719,True,2,18671,11,1
20731,True,2,20219,9,1
20731,True,2,12539,13,1
20743,True,2,20231,9,1
20747,True,2,4363,14,1
20747,True,2,20731,4,1
20747,True,2,20743,2,1
20747,True,2,16651,12,1
20749,True,2,18701,11,1
20749,True,2,20717,5,1
20749,True,2,20747,1,1
20771,True,2,20707,6,1
20753,True,2,20749,2,1
20753,True,2,16657,12,1
20759,True,2,20743,4,1
20773,True,2,20771,1,1
20773,True,2,20261,9,1
20789,True,2,20533,8,1
20789,True,2,20773,4,1
20789,True,2,16693,12,1
20849,True,2,20593,8,1
20809,True,2,20681,7,1
20809,True,2,20297,9,1
20809,True,2,20807,1,1
20807,True,2,20743,6,1
20807,True,2,20551,8,1
20807,True,2,4423,14,1
20857,True,2,20849,3,1
20873,True,2,20857,4,1
20873,True,2,20809,6,1
20873,True,2,67,14,2
20879,False,,,,
20887,True,2,20759,7,1
20887,True,2,20879,3,1
20887,True,2,18839,11,1
20897,True,2,20641,8,1
20897,True,2,4513,14,1
20899,True,2,20897,1,1
20899,True,2,20771,7,1
20903,True,2,20887,4,1
20903,True,2,20899,2,1
20903,True,2,4519,14,1
20903,True,2,7,12,5
20929,True,2,20897,5,1
20929,True,2,20921,3,1
20921,True,2,20857,6,1
20939,True,2,16843,12,1
20959,True,2,18911,11,1
20947,True,2,20939,3,1
20947,True,2,18899,11,1
20981,True,2,4597,14,1
20963,True,2,20899,6,1
20963,True,2,20947,4,1
20963,True,2,20959,2,1
20963,True,2,20707,8,1
20983,True,2,20981,1,1
20983,True,2,12791,13,1
21011,True,2,20947,6,1
21001,True,2,12809,13,1
21001,True,2,20873,7,1
21013,True,2,21011,1,1
21013,True,2,20981,5,1
21013,True,2,12821,13,1
21017,True,2,19993,10,1
21017,True,2,21001,4,1
21017,True,2,16921,12,1
21017,True,2,21013,2,1
21019,True,2,21017,1,1
21019,True,2,20507,9,1
21019,True,2,21011,3,1
21023,True,2,16927,12,1
21023,True,2,20959,6,1
21023,True,2,4639,14,1
21023,True,2,21019,2,1
21031,True,2,20903,7,1
21031,True,2,21023,3,1
21059,True,2,16963,12,1
21061,True,2,20549,9,1
21061,True,2,19013,11,1
21061,True,2,21059,1,1
21067,True,2,21059,3,1
21067,True,2,20939,7,1
21107,True,2,17011,12,1
21107,True,2,4723,14,1
21101,False,,,,
21089,True,2,16993,12,1
21121,True,2,19073,11,1
21121,True,2,21089,5,1
21139,True,2,20627,9,1
21139,True,2,21011,7,1
21139,True,2,21107,5,1
21143,True,2,21139,2,1
21143,True,2,17047,12,1
21143,True,2,20887,8,1
21143,True,2,4759,14,1
21149,True,2,17053,12,1
21163,False,,,,
21157,True,2,21149,3,1
21169,True,2,19121,11,1
21179,True,2,21163,4,1
21187,True,2,21059,7,1
21187,True,2,21179,3,1
21187,True,2,19139,11,1
21193,True,2,20681,9,1
21193,True,2,13001,13,1
21193,True,2,21191,1,1
21191,True,2,21187,2,1
21221,True,2,21157,6,1
21211,True,2,21179,5,1
21211,True,2,19163,11,1
21227,True,2,21163,6,1
21227,True,2,21211,4,1
21247,False,,,,
21269,True,2,21013,8,1
21283,True,2,20771,9,1
21277,True,2,21269,3,1
21277,True,2,21149,7,1
21313,True,2,13121,13,1
21317,True,2,21313,2,1
21317,True,2,4933,14,1
21317,True,2,21061,8,1
21319,True,2,21317,1,1
21319,True,2,13127,13,1
21319,True,2,21191,7,1
21319,True,2,20807,9,1
21323,True,2,21319,2,1
21323,True,2,21067,8,1
21347,True,2,21283,6,1
21347,True,2,20323,10,1
21341,True,2,21277,6,1
21341,True,2,4957,14,1
21377,True,2,21121,8,1
21377,True,2,21313,6,1
21377,True,2,4993,14,1
21377,True,2,20353,10,1
21379,True,2,21377,1,1
21379,True,2,21347,5,1
21379,True,2,13187,13,1
21383,True,2,21379,2,1
21383,True,2,20359,10,1
21383,True,2,21319,6,1
21383,True,2,4999,14,1
21391,True,2,21383,3,1
21391,True,2,20879,9,1
21397,True,2,21269,7,1
21407,True,2,5023,14,1
21407,True,2,21391,4,1
21401,True,2,21397,2,1
21419,True,2,21163,8,1
21433,True,2,21401,5,1
21433,True,2,20921,9,1
21433,True,2,13241,13,1
21467,True,2,21211,8,1
21467,True,2,20443,10,1
21481,True,2,19433,11,1
21487,False,,,,
21493,True,2,20981,9,1
21493,True,2,21491,1,1
21491,True,2,21487,2,1
21491,True,2,5107,14,1
21499,True,2,21467,5,1
21499,True,2,21491,3,1
21517,True,2,19469,11,1
21503,True,2,21247,8,1
21503,True,2,5119,14,1
21503,True,2,21499,2,1
21503,True,2,20479,10,1
21503,True,2,21487,4,1
21521,True,2,21517,2,1
21529,True,2,13337,13,1
21529,True,2,21401,7,1
21529,True,2,21017,9,1
21529,True,2,21521,3,1
21523,True,2,21521,1,1
21523,True,2,13331,13,1
21523,True,2,21491,5,1
21523,True,2,21011,9,1
21557,True,2,21493,6,1
21557,True,2,20533,10,1
21559,True,2,21557,1,1
21559,True,2,13367,13,1
21563,True,2,21559,2,1
21563,True,2,5179,14,1
21563,True,2,21499,6,1
21563,True,2,17467,12,1
21577,True,2,21569,3,1
21587,True,2,17491,12,1
21587,True,2,21523,6,1
21587,True,2,20563,10,1
21569,True,2,21313,8,1
21589,True,2,19541,11,1
21589,True,2,21587,1,1
21589,True,2,21557,5,1
21589,True,2,13397,13,1
21599,False,,,,
21601,True,2,19553,11,1
21601,True,2,21569,5,1
21601,True,2,21599,1,1
21601,True,2,21089,9,1
21613,True,2,13421,13,1
21613,True,2,21611,1,1
21613,True,2,21101,9,1
21611,True,2,5227,14,1
21617,True,2,20593,10,1
21617,True,2,21601,4,1
21617,True,2,5233,14,1
21617,True,2,21613,2,1
21649,True,2,13457,13,1
21649,True,2,21647,1,1
21649,True,2,21617,5,1
21649,True,2,21521,7,1
21647,True,2,21391,8,1
21647,True,2,17551,12,1
21661,True,2,21149,9,1
21661,True,2,13469,13,1
21683,False,,,,
21673,False,,,,
21701,False,,,,
21713,True,2,21649,6,1
21713,True,2,73,14,2
21727,True,2,21599,7,1
21737,True,2,21481,8,1
21737,True,2,21673,6,1
21739,True,2,21737,1,1
21739,True,2,21227,9,1
21739,True,2,21611,7,1
21751,False,,,,
21757,True,2,19709,11,1
21767,True,2,20743,10,1
21767,True,2,21751,4,1
21773,True,2,21517,8,1
21773,True,2,20749,10,1
21773,True,2,21757,4,1
21803,True,2,21787,4,1
21803,True,2,5419,14,1
21803,True,2,21739,6,1
21803,True,2,17707,12,1
21803,True,2,21799,2,1
21799,True,2,21767,5,1
21799,True,2,19751,11,1
21787,True,2,19739,11,1
21817,False,,,,
21821,True,2,5437,14,1
21821,True,2,21817,2,1
21821,True,2,21757,6,1
21839,False,,,,
21841,True,2,13649,13,1
21841,True,2,19793,11,1
21841,True,2,21839,1,1
21841,True,2,21713,7,1
21851,True,2,21787,6,1
21859,True,2,21347,9,1
21859,True,2,21851,3,1
21863,True,2,21859,2,1
21863,True,2,21799,6,1
21863,True,2,5479,14,1
21871,True,2,13679,13,1
21871,True,2,21863,3,1
21871,True,2,21839,5,1
21893,False,,,,
21881,True,2,20857,10,1
21881,True,2,21817,6,1
21911,True,2,20887,10,1
21911,True,2,5527,14,1
21937,True,2,19889,11,1
21937,True,2,21929,3,1
21929,True,2,21673,8,1
21943,True,2,21911,5,1
21943,True,2,13751,13,1
21961,True,2,19913,11,1
21961,True,2,21929,5,1
21977,True,2,17881,12,1
21977,True,2,21961,4,1
21991,True,2,13799,13,1
21991,True,2,21863,7,1
21997,True,2,19949,11,1
22003,True,2,21491,9,1
22013,True,2,21997,4,1
22013,True,2,21757,8,1
22027,True,2,19979,11,1
22039,True,2,22037,1,1
22039,True,2,21911,7,1
22039,True,2,22031,3,1
22039,True,2,19991,11,1
22037,True,2,5653,14,1
22037,True,2,21013,10,1
22031,True,2,22027,2,1
22031,True,2,5647,14,1
22051,True,2,13859,13,1
22063,True,2,22031,5,1
22067,True,2,22063,2,1
22067,True,2,17971,12,1
22067,True,2,22051,4,1
22067,True,2,22003,6,1
22067,True,2,5683,14,1
22073,True,2,21817,8,1
22073,True,2,17977,12,1
22073,True,2,5689,14,1
22091,True,2,22027,6,1
22091,True,2,21067,10,1
22079,True,2,22063,4,1
22093,True,2,13901,13,1
22093,True,2,22091,1,1
22111,True,2,21599,9,1
22111,True,2,22079,5,1
22111,True,2,20063,11,1
22111,True,2,22109,1,1
22109,True,2,18013,12,1
22109,True,2,22093,4,1
22123,True,2,22091,5,1
22123,True,2,21611,9,1
22123,True,2,13931,13,1
22129,True,2,21617,9,1
22133,True,2,5749,14,1
22133,True,2,22129,2,1
22147,False,,,,
22157,True,2,18061,12,1
22157,True,2,22153,2,1
22157,True,2,22093,6,1
22153,False,,,,
22159,True,2,21647,9,1
22159,True,2,22157,1,1
22159,True,2,13967,13,1
22159,True,2,22031,7,1
22171,True,2,20123,11,1
22189,True,2,13997,13,1
22189,True,2,22157,5,1
22229,True,2,18133,12,1
22193,True,2,22189,2,1
22193,True,2,22129,6,1
22193,True,2,21937,8,1
22193,True,2,18097,12,1
22193,True,2,21169,10,1
22247,True,2,21991,8,1
22259,True,2,22003,8,1
22271,True,2,21247,10,1
22273,True,2,22271,1,1
22273,True,2,14081,13,1
22279,True,2,22271,3,1
22279,True,2,20231,11,1
22279,True,2,22277,1,1
22279,True,2,21767,9,1
22279,True,2,14087,13,1
22279,True,2,22247,5,1
22277,True,2,18181,12,1
22277,True,2,22273,2,1
22283,True,2,22279,2,1
22283,True,2,22027,8,1
22291,True,2,22259,5,1
22291,True,2,22283,3,1
22343,True,2,21319,10,1
22343,True,2,22279,6,1
22303,True,2,22271,5,1
22307,True,2,18211,12,1
22307,True,2,22303,2,1
22307,True,2,21283,10,1
22307,True,2,5923,14,1
22307,True,2,22291,4,1
22307,True,2,22051,8,1
22349,True,2,22093,8,1
22349,True,2,18253,12,1
22367,True,2,22111,8,1
22367,True,2,22303,6,1
22381,True,2,20333,11,1
22381,True,2,22349,5,1
22369,True,2,14177,13,1
22369,True,2,22367,1,1
22391,True,2,6007,14,1
22397,True,2,22381,4,1
22397,True,2,18301,12,1
22433,True,2,22369,6,1
22409,True,2,18313,12,1
22409,True,2,22153,8,1
22447,True,2,20399,11,1
22441,True,2,14249,13,1
22441,True,2,22433,3,1
22441,True,2,20393,11,1
22441,True,2,21929,9,1
22441,True,2,22409,5,1
22481,False,,,,
22453,False,,,,
22469,True,2,22453,4,1
22483,True,2,22481,1,1
22501,True,2,22469,5,1
22511,True,2,21487,10,1
22511,True,2,22447,6,1
22541,True,2,21517,10,1
22543,True,2,22541,1,1
22543,True,2,22031,9,1
22543,True,2,22511,5,1
22531,True,2,20483,11,1
22549,True,2,22541,3,1
22549,True,2,22037,9,1
22571,True,2,22567,2,1
22567,False,,,,
22573,True,2,22571,1,1
22573,True,2,22541,5,1
22619,True,2,18523,12,1
22613,True,2,22549,6,1
22613,True,2,6229,14,1
22613,True,2,21589,10,1
22613,True,2,18517,12,1
22621,True,2,22613,3,1
22621,True,2,22109,9,1
22621,True,2,22619,1,1
22637,True,2,22573,6,1
22637,True,2,18541,12,1
22637,True,2,22381,8,1
22637,True,2,22621,4,1
22637,True,2,21613,10,1
22639,True,2,22511,7,1
22639,True,2,14447,13,1
22639,True,2,22637,1,1
22651,True,2,22619,5,1
22651,True,2,22643,3,1
22643,True,2,22639,2,1
22669,True,2,22541,7,1
22669,True,2,22637,5,1
22669,True,2,22157,9,1
22679,True,2,18583,12,1
22691,False,,,,
22697,True,2,22441,8,1
22697,True,2,21673,10,1
22709,True,2,22453,8,1
22699,True,2,22691,3,1
22699,True,2,22571,7,1
22699,True,2,22697,1,1
22717,True,2,22709,3,1
22727,True,2,6343,14,1
22721,True,2,6337,14,1
22721,True,2,22717,2,1
22739,True,2,22483,8,1
22741,True,2,22613,7,1
22741,True,2,14549,13,1
22741,True,2,22739,1,1
22741,True,2,20693,11,1
22741,True,2,22709,5,1
22741,True,2,22229,9,1
22751,True,2,6367,14,1
22751,True,2,21727,10,1
22777,True,2,22769,3,1
22769,False,,,,
22783,True,2,22271,9,1
22783,True,2,22751,5,1
22783,True,2,14591,13,1
22787,True,2,22531,8,1
22787,True,2,18691,12,1
22787,True,2,22783,2,1
22807,True,2,20759,11,1
22807,True,2,22679,7,1
22853,True,2,18757,12,1
22853,True,2,6469,14,1
22817,True,2,151,4,2
22811,True,2,21787,10,1
22811,True,2,22807,2,1
22811,True,2,6427,14,1
22861,True,2,22859,1,1
22861,True,2,14669,13,1
22861,True,2,22349,9,1
22861,True,2,22853,3,1
22859,False,,,,
22871,True,2,22807,6,1
22877,True,2,22621,8,1
22877,True,2,22861,4,1
22901,False,,,,
22907,True,2,22651,8,1
22921,True,2,20873,11,1
22921,True,2,22409,9,1
22937,True,2,22921,4,1
22937,True,2,6553,14,1
22943,False,,,,
22961,True,2,6577,14,1
22961,True,2,21937,10,1
22963,True,2,14771,13,1
22963,True,2,22961,1,1
22973,True,2,22717,8,1
22993,True,2,22961,5,1
22993,True,2,22481,9,1
23011,True,2,23003,3,1
23011,True,2,20963,11,1
23017,False,,,,
23021,True,2,6637,14,1
23021,True,2,21997,10,1
23021,True,2,23017,2,1
23003,True,2,6619,14,1
23027,True,2,22963,6,1
23027,True,2,22003,10,1
23027,True,2,23011,4,1
23039,True,2,22783,8,1
23029,True,2,23021,3,1
23029,True,2,20981,11,1
23029,True,2,23027,1,1
23029,True,2,22901,7,1
23041,True,2,23039,1,1
23053,True,2,23021,5,1
23053,True,2,22541,9,1
23057,True,2,23053,2,1
23057,True,2,23041,4,1
23057,True,2,151,8,2
23057,True,2,22993,6,1
23057,True,2,6673,14,1
23059,True,2,23057,1,1
23059,True,2,23027,5,1
23059,True,2,14867,13,1
23059,True,2,21011,11,1
23071,True,2,22943,7,1
23071,True,2,23039,5,1
23071,True,2,14879,13,1
23071,True,2,23063,3,1
23071,True,2,21023,11,1
23081,True,2,23017,6,1
23063,True,2,23059,2,1
23063,True,2,22807,8,1
23063,True,2,6679,14,1
23063,True,2,22039,10,1
23087,True,2,6703,14,1
23087,True,2,22063,10,1
23087,True,2,23071,4,1
23099,False,,,,
23117,True,2,22861,8,1
23117,True,2,6733,14,1
23117,True,2,22093,10,1
23117,True,2,23053,6,1
23143,True,2,14951,13,1
23159,True,2,23143,4,1
23131,True,2,22619,9,1
23131,True,2,14939,13,1
23131,True,2,23003,7,1
23131,True,2,23099,5,1
23167,True,2,23039,7,1
23167,True,2,23159,3,1
23189,True,2,23173,4,1
23201,True,2,23197,2,1
23173,False,,,,
23197,True,2,23189,3,1
23197,True,2,21149,11,1
23203,True,2,22691,9,1
23203,True,2,23201,1,1
23209,True,2,23201,3,1
23209,True,2,23081,7,1
23209,True,2,22697,9,1
23209,True,2,15017,13,1
23227,True,2,23099,7,1
23227,True,2,21179,11,1
23251,True,2,22739,9,1
23279,True,2,19183,12,1
23269,True,2,21221,11,1
23269,True,2,15077,13,1
23291,True,2,6907,14,1
23291,True,2,23227,6,1
23311,True,2,23279,5,1
23297,True,2,23293,2,1
23297,True,2,22273,10,1
23297,True,2,23041,8,1
23293,True,2,15101,13,1
23293,True,2,23291,1,1
23321,False,,,,
23327,True,2,23311,4,1
23327,True,2,23071,8,1
23327,True,2,19231,12,1
23327,True,2,22303,10,1
23333,True,2,23269,6,1
23333,True,2,19237,12,1
23333,True,2,6949,14,1
23339,False,,,,
23357,True,2,23293,6,1
23369,True,2,19273,12,1
23371,True,2,23369,1,1
23371,True,2,22859,9,1
23371,True,2,21323,11,1
23371,True,2,23339,5,1
23431,True,2,23399,5,1
23431,True,2,21383,11,1
23417,True,2,139,12,2
23399,True,2,23143,8,1
23447,True,2,23431,4,1
23459,True,2,23203,8,1
23473,True,2,22961,9,1
23497,True,2,23369,7,1
23509,False,,,,
23531,False,,,,
23537,True,2,23473,6,1
23537,True,2,19441,12,1
23549,True,2,23293,8,1
23557,True,2,23549,3,1
23539,True,2,23537,1,1
23539,True,2,23027,9,1
23539,True,2,23531,3,1
23539,True,2,21491,11,1
23561,True,2,23497,6,1
23561,True,2,7177,14,1
23561,True,2,23557,2,1
23563,True,2,23561,1,1
23563,True,2,23531,5,1
23567,True,2,22543,10,1
23567,True,2,23563,2,1
23567,True,2,23311,8,1
23567,True,2,19471,12,1
23593,True,2,23561,5,1
23593,True,2,15401,13,1
23593,True,2,23081,9,1
23581,True,2,23549,5,1
23599,True,2,23567,5,1
23599,True,2,23087,9,1
23603,True,2,23599,2,1
23603,True,2,23539,6,1
23603,True,2,19507,12,1
23603,True,2,7219,14,1
23627,True,2,23623,2,1
23627,True,2,7243,14,1
23627,True,2,19531,12,1
23627,True,2,23371,8,1
23627,True,2,23563,6,1
23629,True,2,23627,1,1
23629,True,2,23117,9,1
23609,True,2,23593,4,1
23623,False,,,,
23633,True,2,23629,2,1
23663,True,2,23599,6,1
23663,True,2,22639,10,1
23671,True,2,23669,1,1
23671,True,2,23159,9,1
23671,True,2,23663,3,1
23669,False,,,,
23677,True,2,23549,7,1
23677,True,2,23669,3,1
23687,True,2,23671,4,1
23687,True,2,23431,8,1
23687,True,2,23623,6,1
23689,True,2,23687,1,1
23689,True,2,23561,7,1
23689,True,2,15497,13,1
23719,True,2,23687,5,1
23719,True,2,15527,13,1
23741,True,2,23677,6,1
23741,True,2,22717,10,1
23743,True,2,23741,1,1
23743,True,2,15551,13,1
23761,True,2,23753,3,1
23761,True,2,23633,7,1
23761,True,2,15569,13,1
23761,True,2,21713,11,1
23747,True,2,23743,2,1
23767,False,,,,
23753,True,2,23689,6,1
23753,True,2,7369,14,1
23753,True,2,23497,8,1
23773,True,2,23741,5,1
23773,True,2,15581,13,1
23789,True,2,23773,4,1
23801,True,2,22777,10,1
23801,True,2,7417,14,1
23813,True,2,23557,8,1
23813,True,2,19717,12,1
23819,True,2,23563,8,1
23831,True,2,23767,6,1
23831,True,2,22807,10,1
23831,True,2,23827,2,1
23827,True,2,23819,3,1
23833,True,2,23801,5,1
23833,True,2,23831,1,1
23833,True,2,23321,9,1
23833,True,2,15641,13,1
23857,False,,,,
23869,True,2,21821,11,1
23869,True,2,23357,9,1
23869,True,2,23741,7,1
23887,True,2,23879,3,1
23887,True,2,21839,11,1
23879,True,2,23623,8,1
23873,True,2,23857,4,1
23873,True,2,23869,2,1
23873,True,2,7489,14,1
23873,True,2,19777,12,1
23893,False,,,,
23899,True,2,21851,11,1
23909,True,2,19813,12,1
23909,True,2,23893,4,1
23911,True,2,23909,1,1
23911,True,2,23399,9,1
23911,True,2,23879,5,1
23911,True,2,21863,11,1
23929,True,2,21881,11,1
23929,True,2,15737,13,1
23929,True,2,23417,9,1
23929,True,2,23801,7,1
23917,True,2,23909,3,1
23917,True,2,23789,7,1
23957,True,2,19861,12,1
23957,True,2,7573,14,1
23957,True,2,23893,6,1
23971,True,2,23459,9,1
23977,True,2,21929,11,1
23993,True,2,23977,4,1
23993,True,2,23929,6,1
23981,True,2,23917,6,1
23981,True,2,23977,2,1
24007,True,2,23879,7,1
24001,True,2,15809,13,1
24001,True,2,23873,7,1
24001,True,2,23993,3,1
24029,True,2,23773,8,1
24023,True,2,19927,12,1
24023,True,2,23767,8,1
24023,True,2,24019,2,1
24023,True,2,24007,4,1
24023,True,2,7639,14,1
24043,True,2,23531,9,1
24019,False,,,,
24049,True,2,23537,9,1
24071,True,2,24007,6,1
24071,True,2,7687,14,1
24061,True,2,22013,11,1
24061,True,2,24029,5,1
24061,True,2,23549,9,1
24077,True,2,24061,4,1
24077,True,2,23053,10,1
24083,True,2,23059,10,1
24083,True,2,23827,8,1
24083,True,2,24019,6,1
24083,True,2,7699,14,1
24091,True,2,24083,3,1
24097,False,,,,
24107,True,2,20011,12,1
24107,True,2,24103,2,1
24107,True,2,24091,4,1
24107,True,2,7723,14,1
24107,True,2,24043,6,1
24103,True,2,24071,5,1
24109,True,2,24077,5,1
24109,True,2,24107,1,1
24109,True,2,23981,7,1
24121,True,2,24113,3,1
24121,True,2,22073,11,1
24121,True,2,23609,9,1
24121,True,2,23993,7,1
24113,True,2,23857,8,1
24113,True,2,24097,4,1
24113,True,2,24049,6,1
24113,True,2,24109,2,1
24133,False,,,,
24137,True,2,7753,14,1
24137,True,2,24133,2,1
24137,True,2,24121,4,1
24151,True,2,15959,13,1
24151,True,2,24023,7,1
24169,True,2,24137,5,1
24181,True,2,22133,11,1
24181,True,2,24179,1,1
24181,True,2,23669,9,1
24179,False,,,,
24197,True,2,24181,4,1
24197,True,2,24133,6,1
24197,True,2,20101,12,1
24197,True,2,23173,10,1
24229,True,2,24197,5,1
24223,False,,,,
24203,True,2,20107,12,1
24239,True,2,24223,4,1
24239,True,2,20143,12,1
24247,True,2,24239,3,1
24317,True,2,24061,8,1
24317,True,2,23293,10,1
24317,True,2,7933,14,1
24281,False,,,,
24251,True,2,7867,14,1
24251,True,2,24247,2,1
24251,True,2,23227,10,1
24329,True,2,20233,12,1
24337,True,2,24329,3,1
24359,True,2,24103,8,1
24371,False,,,,
24373,True,2,24371,1,1
24379,True,2,16187,13,1
24379,True,2,24251,7,1
24379,True,2,24371,3,1
24391,True,2,23879,9,1
24391,True,2,22343,11,1
24391,True,2,29,1,3
24391,True,2,24359,5,1
24413,False,,,,
24407,True,2,24151,8,1
24407,True,2,24391,4,1
24419,True,2,20323,12,1
24439,True,2,22391,11,1
24439,True,2,24407,5,1
24421,True,2,23909,9,1
24421,True,2,24419,1,1
24421,True,2,24413,3,1
24421,True,2,29,5,3
24421,True,2,16229,13,1
24469,True,2,23957,9,1
24443,True,2,24379,6,1
24443,True,2,24439,2,1
24443,True,2,8059,14,1
24443,True,2,20347,12,1
24473,True,2,8089,14,1
24473,True,2,24469,2,1
24499,True,2,24371,7,1
24481,True,2,24473,3,1
24481,True,2,22433,11,1
24509,False,,,,
24517,True,2,24509,3,1
24517,True,2,29,7,3
24517,True,2,22469,11,1
24527,True,2,20431,12,1
24533,True,2,24517,4,1
24533,True,2,24469,6,1
24533,True,2,23509,10,1
24551,True,2,8167,14,1
24551,True,2,24547,2,1
24571,True,2,24443,7,1
24547,True,2,24419,7,1
24611,True,2,24547,6,1
24623,True,2,23599,10,1
24593,True,2,8209,14,1
24593,True,2,24337,8,1
24671,True,2,8287,14,1
24631,True,2,24623,3,1
24659,True,2,20563,12,1
24677,True,2,24421,8,1
24677,True,2,8293,14,1
24683,False,,,,
24697,False,,,,
24709,True,2,24197,9,1
24709,True,2,24677,5,1
24733,False,,,,
24691,True,2,24659,5,1
24691,True,2,24683,3,1
24691,True,2,22643,11,1
24691,True,2,24179,9,1
24749,True,2,24733,4,1
24767,True,2,23743,10,1
24767,True,2,24763,2,1
24763,True,2,24251,9,1
24781,True,2,24749,5,1
24799,True,2,24767,5,1
24799,True,2,24671,7,1
24799,True,2,22751,11,1
24799,True,2,16607,13,1
24809,True,2,24793,4,1
24793,True,2,24281,9,1
24821,False,,,,
24841,True,2,24809,5,1
24841,True,2,16649,13,1
24841,True,2,24329,9,1
24847,False,,,,
24851,True,2,8467,14,1
24851,True,2,24847,2,1
24851,True,2,23827,10,1
24877,True,2,24749,7,1
24859,True,2,24851,3,1
24859,True,2,22811,11,1
24889,False,,,,
24917,True,2,23893,10,1
24907,True,2,22859,11,1
24919,True,2,24407,9,1
24919,True,2,22871,11,1
24919,True,2,24917,1,1
24923,True,2,24907,4,1
24923,True,2,23899,10,1
24923,True,2,24859,6,1
24923,True,2,8539,14,1
24923,True,2,24919,2,1
24943,False,,,,
24953,True,2,24697,8,1
24953,True,2,20857,12,1
24953,True,2,24889,6,1
24953,True,2,23929,10,1
24971,True,2,24967,2,1
24971,True,2,24907,6,1
24967,False,,,,
24977,False,,,,
24979,True,2,24977,1,1
24979,True,2,24851,7,1
24979,True,2,24971,3,1
24979,True,2,16787,13,1
25031,True,2,24007,10,1
25031,True,2,8647,14,1
25031,True,2,24967,6,1
25013,True,2,8629,14,1
24989,True,2,24733,8,1
25033,True,2,25031,1,1
25037,True,2,25033,2,1
25037,True,2,24781,8,1
25057,False,,,,
25073,True,2,25057,4,1
25073,True,2,8689,14,1
25073,True,2,24049,10,1
25097,True,2,24841,8,1
25097,True,2,25033,6,1
25097,True,2,21001,12,1
25097,True,2,8713,14,1
25087,True,2,23039,11,1
25117,True,2,24989,7,1
25111,True,2,23063,11,1
25121,True,2,25057,6,1
25121,True,2,25117,2,1
25121,True,2,24097,10,1
25121,True,2,8737,14,1
25147,True,2,23099,11,1
25127,True,2,24103,10,1
25127,True,2,25111,4,1
25127,True,2,21031,12,1
25153,True,2,25121,5,1
25163,True,2,25147,4,1
25163,True,2,8779,14,1
25163,True,2,24907,8,1
25163,True,2,21067,12,1
25169,True,2,25153,4,1
25189,True,2,24677,9,1
25171,True,2,24659,9,1
25171,True,2,16979,13,1
25171,True,2,25169,1,1
25171,True,2,25163,3,1
25183,True,2,24671,9,1
25219,True,2,17027,13,1
25229,False,,,,
25243,False,,,,
25237,True,2,23189,11,1
25237,True,2,25229,3,1
25253,True,2,21157,12,1
25253,True,2,24229,10,1
25253,True,2,25237,4,1
25253,True,2,25189,6,1
25247,True,2,25243,2,1
25247,True,2,25183,6,1
25247,True,2,8863,14,1
25247,True,2,24223,10,1
25261,True,2,25229,5,1
25261,True,2,24749,9,1
25261,True,2,25253,3,1
25301,True,2,25237,6,1
25303,True,2,25301,1,1
25307,True,2,25303,2,1
25307,True,2,25243,6,1
25307,True,2,21211,12,1
25307,True,2,8923,14,1
25339,True,2,25307,5,1
25339,True,2,23291,11,1
25309,True,2,25307,1,1
25309,True,2,17117,13,1
25309,True,2,25301,3,1
25321,True,2,24809,9,1
25343,True,2,21247,12,1
25343,True,2,25087,8,1
25343,True,2,25339,2,1
25349,False,,,,
25357,True,2,25349,3,1
25357,True,2,25229,7,1
25373,True,2,21277,12,1
25373,True,2,25357,4,1
25373,True,2,25309,6,1
25373,True,2,25117,8,1
25367,True,2,25111,8,1
25367,True,2,25303,6,1
25391,True,2,9007,14,1
25409,True,2,21313,12,1
25409,True,2,25153,8,1
25411,True,2,25409,1,1
25439,True,2,25183,8,1
25439,True,2,25423,4,1
25423,True,2,17231,13,1
25423,True,2,25391,5,1
25447,True,2,25439,3,1
25447,True,2,23399,11,1
25457,True,2,25453,2,1
25453,False,,,,
25463,True,2,24439,10,1
25463,True,2,25447,4,1
25469,True,2,25453,4,1
25471,True,2,25469,1,1
25471,True,2,25343,7,1
25471,True,2,25463,3,1
25471,True,2,25439,5,1
25537,True,2,25409,7,1
25523,True,2,24499,10,1
25561,False,,,,
25541,True,2,9157,14,1
25541,True,2,24517,10,1
25541,True,2,25537,2,1
25577,True,2,25321,8,1
25577,True,2,21481,12,1
25577,True,2,25561,4,1
25579,True,2,25577,1,1
25579,True,2,17387,13,1
25579,True,2,23531,11,1
25583,True,2,25579,2,1
25583,True,2,21487,12,1
25583,True,2,9199,14,1
25589,True,2,21493,12,1
25601,True,2,25537,6,1
25603,True,2,25601,1,1
25609,True,2,17417,13,1
25609,True,2,25097,9,1
25609,True,2,25577,5,1
25609,True,2,25601,3,1
25609,True,2,23561,11,1
25621,True,2,25589,5,1
25633,True,2,25601,5,1
25633,True,2,25121,9,1
25639,True,2,25127,9,1
25657,True,2,23609,11,1
25643,True,2,25639,2,1
25643,True,2,25579,6,1
25667,True,2,25411,8,1
25667,True,2,9283,14,1
25667,True,2,25603,6,1
25673,True,2,25609,6,1
25673,True,2,157,10,2
25673,True,2,21577,12,1
25673,True,2,25657,4,1
25693,False,,,,
25679,True,2,25423,8,1
25703,True,2,25447,8,1
25703,True,2,9319,14,1
25703,True,2,25639,6,1
25717,True,2,25589,7,1
25717,True,2,23669,11,1
25733,True,2,24709,10,1
25733,True,2,25717,4,1
25733,True,2,9349,14,1
25747,False,,,,
25741,True,2,25733,3,1
25741,True,2,25229,9,1
25759,True,2,25247,9,1
25763,True,2,25747,4,1
25763,True,2,25759,2,1
25771,True,2,25763,3,1
25771,True,2,25643,7,1
25771,True,2,17579,13,1
25799,False,,,,
25793,True,2,25537,8,1
25793,True,2,97,14,2
25801,True,2,25799,1,1
25801,True,2,25793,3,1
25801,True,2,23753,11,1
25801,True,2,25673,7,1
25801,True,2,17609,13,1
25819,True,2,17627,13,1
25819,True,2,25307,9,1
25841,False,,,,
25867,True,2,23819,11,1
25847,True,2,21751,12,1
25847,True,2,9463,14,1
25849,True,2,25847,1,1
25849,True,2,17657,13,1
25849,True,2,25841,3,1
25849,True,2,23801,11,1
25873,True,2,25841,5,1
25873,True,2,17681,13,1
25889,True,2,25873,4,1
25889,True,2,25633,8,1
25903,True,2,25391,9,1
25913,True,2,25849,6,1
25913,True,2,21817,12,1
25913,True,2,24889,10,1
25913,True,2,25657,8,1
25919,True,2,25903,4,1
25931,True,2,25867,6,1
25931,True,2,24907,10,1
25931,True,2,9547,14,1
25933,True,2,25931,1,1
25939,True,2,17747,13,1
25939,True,2,25931,3,1
25943,True,2,25939,2,1
25943,True,2,24919,10,1
25951,True,2,25943,3,1
25951,True,2,25919,5,1
25951,True,2,25439,9,1
25981,True,2,25469,9,1
25981,True,2,17789,13,1
25969,True,2,25457,9,1
25969,True,2,25841,7,1
25997,True,2,25981,4,1
25997,True,2,9613,14,1
25997,True,2,25933,6,1
25997,True,2,25741,8,1
25999,True,2,25997,1,1
25999,True,2,17807,13,1
26003,True,2,25747,8,1
26003,True,2,24979,10,1
26003,True,2,9619,14,1
26003,True,2,25939,6,1
26003,True,2,25999,2,1
26017,True,2,25889,7,1
26021,True,2,26017,2,1
26029,True,2,23981,11,1
26029,True,2,25997,5,1
26029,True,2,17837,13,1
26029,True,2,26021,3,1
26041,True,2,25913,7,1
26041,True,2,23993,11,1
26083,True,2,17891,13,1
26099,True,2,26083,4,1
26099,True,2,22003,12,1
26053,True,2,26021,5,1
26053,True,2,25541,9,1
26107,True,2,26099,3,1
26111,True,2,26107,2,1
26111,True,2,25087,10,1
26113,True,2,17921,13,1
26113,True,2,25601,9,1
26113,True,2,26111,1,1
26141,True,2,25117,10,1
26119,True,2,26111,3,1
26119,True,2,24071,11,1
26153,True,2,9769,14,1
26161,True,2,24113,11,1
26161,True,2,26153,3,1
26171,True,2,26107,6,1
26171,True,2,25147,10,1
26171,True,2,9787,14,1
26177,True,2,26161,4,1
26177,True,2,26113,6,1
26177,True,2,25153,10,1
26183,True,2,26119,6,1
26189,True,2,25933,8,1
26189,True,2,22093,12,1
26203,True,2,26171,5,1
26209,True,2,26177,5,1
26227,True,2,26099,7,1
26227,True,2,24179,11,1
26249,True,2,22153,12,1
26237,True,2,25981,8,1
26261,True,2,25237,10,1
26251,True,2,18059,13,1
26251,True,2,24203,11,1
26251,True,2,26249,1,1
26267,True,2,22171,12,1
26267,True,2,25243,10,1
26267,True,2,9883,14,1
26267,True,2,26263,2,1
26267,True,2,26251,4,1
26267,True,2,26203,6,1
26263,True,2,26261,1,1
26293,True,2,26261,5,1
26309,True,2,26293,4,1
26309,True,2,26053,8,1
26317,True,2,26189,7,1
26317,True,2,26309,3,1
26297,True,2,26293,2,1
26297,True,2,149,12,2
26297,True,2,26041,8,1
26321,True,2,26317,2,1
26347,True,2,26339,3,1
26357,True,2,26293,6,1
26357,True,2,9973,14,1
26339,True,2,26083,8,1
26393,True,2,10009,14,1
26387,True,2,22291,12,1
26387,True,2,26371,4,1
26399,True,2,22303,12,1
26371,True,2,26339,5,1
26407,True,2,24359,11,1
26407,True,2,26399,3,1
26417,True,2,26161,8,1
26431,True,2,26399,5,1
26431,True,2,26423,3,1
26431,True,2,25919,9,1
26423,True,2,26407,4,1
26423,True,2,10039,14,1
26437,True,2,29,11,3
26437,True,2,26309,7,1
26449,True,2,26417,5,1
26449,True,2,18257,13,1
26449,True,2,26321,7,1
26479,True,2,18287,13,1
26459,True,2,26203,8,1
26489,False,,,,
26497,True,2,26489,3,1
26501,True,2,26497,2,1
26501,True,2,26437,6,1
26539,False,,,,
26513,True,2,26497,4,1
26513,True,2,26449,6,1
26557,True,2,24509,11,1
26573,True,2,163,2,2
26573,True,2,26317,8,1
26573,True,2,26557,4,1
26561,True,2,26497,6,1
26561,True,2,26557,2,1
26561,True,2,10177,14,1
26561,True,2,25537,10,1
26591,False,,,,
26597,True,2,22501,12,1
26627,True,2,25603,10,1
26627,True,2,26371,8,1
26627,True,2,22531,12,1
26627,True,2,10243,14,1
26633,True,2,25609,10,1
26633,True,2,163,6,2
26647,False,,,,
26641,True,2,26633,3,1
26641,True,2,26513,7,1
26641,True,2,24593,11,1
26669,True,2,22573,12,1
26681,True,2,25657,10,1
26683,True,2,26681,1,1
26683,True,2,26171,9,1
26693,True,2,26437,8,1
26687,True,2,26431,8,1
26687,True,2,10303,14,1
26687,True,2,26683,2,1
26699,True,2,26683,4,1
26711,True,2,26647,6,1
26701,True,2,26669,5,1
26701,True,2,26189,9,1
26701,True,2,26693,3,1
26701,True,2,26573,7,1
26701,True,2,26699,1,1
26713,True,2,26711,1,1
26713,True,2,26681,5,1
26713,True,2,18521,13,1
26717,True,2,26701,4,1
26717,True,2,26713,2,1
26717,True,2,25693,10,1
26717,True,2,10333,14,1
26717,True,2,22621,12,1
26723,False,,,,
26731,True,2,18539,13,1
26731,True,2,24683,11,1
26731,True,2,26723,3,1
26731,True,2,26699,5,1
26731,True,2,26729,1,1
26729,True,2,26713,4,1
26759,False,,,,
26737,True,2,26729,3,1
26777,True,2,26713,6,1
26783,True,2,10399,14,1
26783,True,2,25759,10,1
26801,True,2,26737,6,1
26839,True,2,26711,7,1
26833,True,2,26801,5,1
26833,True,2,26321,9,1
26821,True,2,26693,7,1
26821,True,2,26309,9,1
26821,True,2,26813,3,1
26813,True,2,22717,12,1
26813,True,2,10429,14,1
26813,True,2,26557,8,1
26849,True,2,26833,4,1
26861,True,2,10477,14,1
26879,True,2,22783,12,1
26879,True,2,26863,4,1
26863,True,2,26861,1,1
26863,True,2,18671,13,1
26881,True,2,26849,5,1
26881,True,2,26879,1,1
26891,True,2,25867,10,1
26893,True,2,26891,1,1
26893,True,2,26861,5,1
26893,True,2,18701,13,1
26921,False,,,,
26903,True,2,26647,8,1
26903,True,2,22807,12,1
26903,True,2,26839,6,1
26927,True,2,25903,10,1
26927,True,2,26863,6,1
26951,True,2,10567,14,1
26951,True,2,26947,2,1
26947,False,,,,
26953,True,2,26921,5,1
26953,True,2,26951,1,1
26959,True,2,26927,5,1
26959,True,2,26951,3,1
26981,True,2,10597,14,1
26987,True,2,26731,8,1
27011,True,2,26947,6,1
27011,True,2,10627,14,1
26993,True,2,25969,10,1
26993,True,2,26737,8,1
26993,True,2,103,14,2
27017,True,2,22921,12,1
27017,True,2,26953,6,1
27043,True,2,27011,5,1
27031,True,2,18839,13,1
27031,True,2,26903,7,1
27061,True,2,25013,11,1
27061,True,2,27059,1,1
27061,True,2,18869,13,1
27059,True,2,27043,4,1
27059,True,2,22963,12,1
27067,True,2,27059,3,1
27077,True,2,27061,4,1
27077,True,2,27073,2,1
27077,True,2,26053,10,1
27077,True,2,26821,8,1
27073,True,2,26561,9,1
27091,True,2,27059,5,1
27091,True,2,18899,13,1
27103,True,2,26591,9,1
27103,True,2,18911,13,1
27107,True,2,10723,14,1
27107,True,2,27091,4,1
27107,True,2,27103,2,1
27107,True,2,23011,12,1
27107,True,2,26083,10,1
27107,True,2,27043,6,1
27109,True,2,26597,9,1
27109,True,2,27077,5,1
27109,True,2,27107,1,1
27109,True,2,18917,13,1
27109,True,2,26981,7,1
27143,True,2,26119,10,1
27143,True,2,27127,4,1
27179,False,,,,
27127,False,,,,
27211,True,2,25163,11,1
27211,True,2,26699,9,1
27211,True,2,27179,5,1
27191,True,2,27127,6,1
27197,False,,,,
27239,True,2,23143,12,1
27241,True,2,27239,1,1
27241,True,2,26729,9,1
27253,False,,,,
27277,True,2,25229,11,1
27271,True,2,26759,9,1
27271,True,2,19079,13,1
27271,True,2,27143,7,1
27271,True,2,27239,5,1
27259,False,,,,
27281,True,2,27277,2,1
27283,True,2,27281,1,1
27299,True,2,27043,8,1
27299,True,2,23203,12,1
27299,True,2,27283,4,1
27329,True,2,27073,8,1
27337,True,2,27329,3,1
27361,True,2,26849,9,1
27361,True,2,27329,5,1
27367,True,2,27239,7,1
27397,True,2,25349,11,1
27409,True,2,27407,1,1
27409,True,2,27281,7,1
27407,True,2,23311,12,1
27431,True,2,27367,6,1
27431,True,2,11047,14,1
27431,True,2,27427,2,1
27431,True,2,26407,10,1
27427,True,2,27299,7,1
27437,False,,,,
27449,False,,,,
27457,True,2,27329,7,1
27457,True,2,27449,3,1
27457,True,2,25409,11,1
27481,True,2,27449,5,1
27481,True,2,27479,1,1
27481,True,2,19289,13,1
27479,False,,,,
27509,True,2,27253,8,1
27527,True,2,23431,12,1
27527,True,2,27271,8,1
27487,True,2,27479,3,1
27487,True,2,25439,11,1
27539,True,2,27283,8,1
27541,True,2,27509,5,1
27541,True,2,27539,1,1
27581,True,2,11197,14,1
27581,True,2,26557,10,1
27583,True,2,27581,1,1
27583,True,2,27551,5,1
27583,True,2,19391,13,1
27529,True,2,27527,1,1
27529,True,2,27017,9,1
27617,True,2,27361,8,1
27611,False,,,,
27551,True,2,27487,6,1
27647,True,2,27631,4,1
27647,True,2,27583,6,1
27653,True,2,23557,12,1
27653,True,2,27397,8,1
27689,True,2,23593,12,1
27689,True,2,27673,4,1
27691,True,2,25643,11,1
27691,True,2,27689,1,1
27691,True,2,27179,9,1
27697,True,2,27689,3,1
27673,False,,,,
27631,True,2,25583,11,1
27701,True,2,27697,2,1
27701,True,2,11317,14,1
27733,True,2,19541,13,1
27733,True,2,27701,5,1
27743,True,2,27487,8,1
27743,True,2,27739,2,1
27737,True,2,27733,2,1
27737,True,2,26713,10,1
27737,True,2,27673,6,1
27737,True,2,11353,14,1
27737,True,2,27481,8,1
27739,True,2,27737,1,1
27739,True,2,27611,7,1
27749,True,2,27733,4,1
27751,True,2,27749,1,1
27751,True,2,19559,13,1
27751,True,2,27743,3,1
27751,True,2,25703,11,1
27751,True,2,27239,9,1
27773,True,2,23677,12,1
27763,True,2,19571,13,1
27767,True,2,27751,4,1
27767,True,2,23671,12,1
27767,True,2,11383,14,1
27767,True,2,27763,2,1
27779,True,2,27763,4,1
27791,False,,,,
27799,True,2,27791,3,1
27799,True,2,27767,5,1
27793,True,2,27791,1,1
27793,True,2,27281,9,1
27809,True,2,27793,4,1
27803,True,2,27739,6,1
27803,True,2,27799,2,1
27817,True,2,27689,7,1
27817,True,2,27809,3,1
27827,True,2,11443,14,1
27827,True,2,27823,2,1
27827,True,2,27763,6,1
27823,True,2,27791,5,1
27847,True,2,25799,11,1
27851,True,2,27847,2,1
27851,True,2,11467,14,1
27883,True,2,27851,5,1
27893,True,2,167,2,2
27917,True,2,27901,4,1
27917,True,2,26893,10,1
27919,True,2,27917,1,1
27919,True,2,27791,7,1
27919,True,2,27407,9,1
27919,True,2,19727,13,1
27901,True,2,19709,13,1
27901,True,2,27893,3,1
27901,True,2,27773,7,1
27941,False,,,,
27943,True,2,19751,13,1
27943,True,2,27431,9,1
27943,True,2,27941,1,1
27947,True,2,27691,8,1
27947,True,2,27883,6,1
27947,True,2,27943,2,1
27967,True,2,25919,11,1
27961,True,2,25913,11,1
27961,True,2,27953,3,1
27961,True,2,27449,9,1
27983,True,2,27919,6,1
27983,True,2,26959,10,1
27983,True,2,27967,4,1
27983,True,2,23887,12,1
27953,True,2,23857,12,1
27953,True,2,167,6,2
27953,True,2,27697,8,1
27997,False,,,,
28019,True,2,27763,8,1
28001,True,2,27997,2,1
28001,True,2,11617,14,1
28031,True,2,28027,2,1
28031,True,2,27967,6,1
28051,True,2,26003,11,1
28051,True,2,27539,9,1
28051,True,2,28019,5,1
28027,True,2,28019,3,1
28057,False,,,,
28069,True,2,27941,7,1
28069,True,2,26021,11,1
28081,True,2,19889,13,1
28081,True,2,27953,7,1
28097,True,2,28081,4,1
28097,True,2,27073,10,1
28097,True,2,24001,12,1
28099,True,2,28097,1,1
28087,False,,,,
28109,False,,,,
28111,True,2,28109,1,1
28111,True,2,19919,13,1
28111,True,2,27983,7,1
28123,True,2,27611,9,1
28163,True,2,28099,6,1
28163,True,2,11779,14,1
28151,True,2,28087,6,1
28151,True,2,27127,10,1
28183,True,2,28151,5,1
28183,True,2,28181,1,1
28183,True,2,19991,13,1
28181,False,,,,
28201,True,2,27689,9,1
28201,True,2,26153,11,1
28219,True,2,26171,11,1
28219,True,2,28211,3,1
28229,True,2,24133,12,1
28277,True,2,24181,12,1
28277,True,2,27253,10,1
28211,True,2,11827,14,1
28279,True,2,28277,1,1
28279,True,2,28151,7,1
28279,True,2,27767,9,1
28289,False,,,,
28283,True,2,28027,8,1
28283,True,2,28219,6,1
28283,True,2,28279,2,1
28283,True,2,27259,10,1
28307,True,2,28051,8,1
28307,True,2,27283,10,1
28307,True,2,11923,14,1
28297,True,2,28289,3,1
28297,True,2,26249,11,1
28309,True,2,28277,5,1
28309,True,2,28181,7,1
28309,True,2,28307,1,1
28309,True,2,20117,13,1
28309,True,2,26261,11,1
28319,True,2,24223,12,1
28349,False,,,,
28387,True,2,26339,11,1
28393,True,2,20201,13,1
28351,True,2,28319,5,1
28351,True,2,28349,1,1
28403,True,2,28387,4,1
28409,True,2,28393,4,1
28411,True,2,28403,3,1
28411,True,2,20219,13,1
28411,True,2,28409,1,1
28411,True,2,28283,7,1
28433,True,2,27409,10,1
28433,True,2,28429,2,1
28433,True,2,12049,14,1
28433,True,2,24337,12,1
28439,True,2,28183,8,1
28429,True,2,27917,9,1
28447,True,2,28439,3,1
28447,True,2,26399,11,1
28447,True,2,28319,7,1
28463,True,2,28447,4,1
28477,True,2,28349,7,1
28493,True,2,28477,4,1
28493,True,2,28429,6,1
28493,True,2,12109,14,1
28499,False,,,,
28517,True,2,28513,2,1
28517,True,2,24421,12,1
28513,True,2,28001,9,1
28547,True,2,12163,14,1
28537,True,2,26489,11,1
28537,True,2,28409,7,1
28541,True,2,28477,6,1
28541,True,2,12157,14,1
28541,True,2,28537,2,1
28549,True,2,20357,13,1
28549,True,2,28517,5,1
28549,True,2,28547,1,1
28549,True,2,26501,11,1
28549,True,2,28541,3,1
28559,False,,,,
28579,True,2,28571,3,1
28579,True,2,28547,5,1
28573,True,2,28541,5,1
28573,True,2,28571,1,1
28591,True,2,28463,7,1
28591,True,2,28559,5,1
28591,True,2,20399,13,1
28571,False,,,,
28597,False,,,,
28603,True,2,20411,13,1
28603,True,2,28571,5,1
28607,True,2,28591,4,1
28607,True,2,28603,2,1
28607,True,2,28351,8,1
28607,True,2,27583,10,1
28621,True,2,28619,1,1
28621,True,2,28109,9,1
28621,True,2,28493,7,1
28621,True,2,26573,11,1
28619,True,2,28603,4,1
28631,True,2,28627,2,1
28627,True,2,28619,3,1
28627,True,2,28499,7,1
28643,True,2,28387,8,1
28643,True,2,28627,4,1
28643,True,2,24547,12,1
28643,True,2,28579,6,1
28657,True,2,28649,3,1
28661,True,2,28657,2,1
28661,True,2,28597,6,1
28661,True,2,12277,14,1
28649,True,2,28393,8,1
28663,True,2,28661,1,1
28663,True,2,28151,9,1
28663,True,2,28631,5,1
28697,True,2,27673,10,1
28703,True,2,28447,8,1
28703,True,2,28687,4,1
28669,True,2,20477,13,1
28669,True,2,28541,7,1
28669,True,2,28661,3,1
28687,True,2,28559,7,1
28723,True,2,28211,9,1
28729,True,2,26681,11,1
28729,True,2,28697,5,1
28711,True,2,28703,3,1
28751,True,2,28687,6,1
28753,True,2,28751,1,1
28771,True,2,28643,7,1
28771,True,2,26723,11,1
28759,True,2,28751,3,1
28759,True,2,26711,11,1
28759,True,2,28631,7,1
28789,True,2,28661,7,1
28789,True,2,28277,9,1
28793,True,2,28729,6,1
28793,True,2,24697,12,1
28793,True,2,28789,2,1
28793,True,2,28537,8,1
28793,True,2,12409,14,1
28807,True,2,26759,11,1
28813,False,,,,
28817,True,2,28813,2,1
28817,True,2,13,8,4
28817,True,2,27793,10,1
28817,True,2,12433,14,1
28817,True,2,28753,6,1
28859,True,2,28603,8,1
28859,True,2,24763,12,1
28859,True,2,28843,4,1
28843,False,,,,
28837,False,,,,
28871,True,2,28807,6,1
28871,True,2,28867,2,1
28871,True,2,12487,14,1
28871,True,2,27847,10,1
28879,True,2,28751,7,1
28879,True,2,28871,3,1
28867,True,2,28859,3,1
28901,True,2,28837,6,1
28901,True,2,12517,14,1
28909,True,2,20717,13,1
28909,True,2,28901,3,1
28909,True,2,26861,11,1
28921,True,2,28793,7,1
28921,True,2,28409,9,1
28927,True,2,26879,11,1
28949,True,2,28933,4,1
28933,True,2,28901,5,1
28961,True,2,12577,14,1
28979,True,2,28723,8,1
29009,True,2,28753,8,1
29021,True,2,27997,10,1
29021,True,2,29017,2,1
29021,True,2,12637,14,1
29017,True,2,29009,3,1
29027,True,2,28771,8,1
29027,True,2,29023,2,1
29033,True,2,29017,4,1
29023,True,2,29021,1,1
29059,True,2,27011,11,1
29059,True,2,29027,5,1
29059,True,2,28547,9,1
29063,True,2,28807,8,1
29063,True,2,24967,12,1
29063,True,2,29059,2,1
29077,True,2,28949,7,1
29101,False,,,,
29123,True,2,28867,8,1
29123,True,2,12739,14,1
29123,True,2,28099,10,1
29123,True,2,29059,6,1
29129,True,2,25033,12,1
29131,True,2,29123,3,1
29131,True,2,29129,1,1
29131,True,2,20939,13,1
29131,True,2,28619,9,1
29137,True,2,29129,3,1
29137,True,2,29009,7,1
29147,True,2,29131,4,1
29147,True,2,28123,10,1
29147,True,2,12763,14,1
29153,True,2,29137,4,1
29153,True,2,113,14,2
29153,True,2,25057,12,1
29167,False,,,,
29179,True,2,29147,5,1
29173,True,2,28661,9,1
29173,True,2,20981,13,1
29191,True,2,27143,11,1
29191,True,2,29063,7,1
29201,True,2,29137,6,1
29207,True,2,28183,10,1
29207,True,2,25111,12,1
29207,True,2,12823,14,1
29207,True,2,29191,4,1
29221,False,,,,
29209,True,2,21017,13,1
29209,True,2,29207,1,1
29209,True,2,28697,9,1
29209,True,2,29201,3,1
29231,True,2,29167,6,1
29243,True,2,29179,6,1
29243,True,2,28219,10,1
29243,True,2,25147,12,1
29287,True,2,27239,11,1
29251,True,2,29123,7,1
29251,True,2,21059,13,1
29251,True,2,29243,3,1
29297,False,,,,
29269,False,,,,
29303,True,2,29287,4,1
29303,True,2,12919,14,1
29303,True,2,28279,10,1
29327,True,2,29311,4,1
29311,True,2,29303,3,1
29333,True,2,28309,10,1
29333,True,2,29269,6,1
29333,True,2,29077,8,1
29333,True,2,25237,12,1
29339,True,2,25243,12,1
29347,True,2,29339,3,1
29347,True,2,27299,11,1
29363,True,2,29347,4,1
29363,True,2,12979,14,1
29383,True,2,21191,13,1
29383,True,2,28871,9,1
29387,True,2,29131,8,1
29387,True,2,13003,14,1
29387,True,2,29383,2,1
29389,True,2,29387,1,1
29399,True,2,29383,4,1
29399,True,2,25303,12,1
29411,True,2,29347,6,1
29411,True,2,28387,10,1
29423,True,2,29167,8,1
29401,True,2,29399,1,1
29429,True,2,29173,8,1
29437,True,2,29429,3,1
29443,True,2,29411,5,1
29453,True,2,29437,4,1
29453,True,2,29389,6,1
29453,True,2,25357,12,1
29453,True,2,28429,10,1
29483,True,2,13099,14,1
29501,True,2,29437,6,1
29501,True,2,28477,10,1
29473,True,2,28961,9,1
29531,True,2,29527,2,1
29531,True,2,13147,14,1
29527,True,2,27479,11,1
29527,True,2,29399,7,1
29537,True,2,29473,6,1
29537,True,2,28513,10,1
29567,True,2,29311,8,1
29567,True,2,25471,12,1
29567,True,2,13183,14,1
29569,True,2,29567,1,1
29569,True,2,29537,5,1
29569,True,2,21377,13,1
29581,True,2,29453,7,1
29581,True,2,29573,3,1
29573,True,2,29569,2,1
29573,True,2,28549,10,1
29599,True,2,21407,13,1
29599,True,2,27551,11,1
29599,True,2,29567,5,1
29611,True,2,29483,7,1
29611,True,2,21419,13,1
29587,True,2,27539,11,1
29629,True,2,29501,7,1
29629,True,2,27581,11,1
29633,True,2,29569,6,1
29633,True,2,25537,12,1
29633,True,2,13249,14,1
29633,True,2,29629,2,1
29641,True,2,29129,9,1
29641,True,2,29633,3,1
29669,False,,,,
29663,True,2,29599,6,1
29671,True,2,29663,3,1
29671,True,2,29669,1,1
29683,True,2,21491,13,1
29717,True,2,25621,12,1
29741,False,,,,
29753,True,2,28729,10,1
29753,True,2,25657,12,1
29723,True,2,13339,14,1
29761,True,2,21569,13,1
29761,True,2,29759,1,1
29761,True,2,29633,7,1
29761,True,2,29753,3,1
29789,True,2,25693,12,1
29759,False,,,,
29803,True,2,21611,13,1
29819,True,2,29803,4,1
29833,False,,,,
29837,True,2,28813,10,1
29837,True,2,29833,2,1
29837,True,2,25741,12,1
29837,True,2,29581,8,1
29851,True,2,27803,11,1
29851,True,2,29723,7,1
29851,True,2,29819,5,1
29851,True,2,29339,9,1
29863,False,,,,
29867,True,2,29863,2,1
29867,True,2,29851,4,1
29867,True,2,29803,6,1
29867,True,2,25771,12,1
29867,True,2,29611,8,1
29867,True,2,28843,10,1
29873,False,,,,
29881,True,2,29873,3,1
29881,True,2,29879,1,1
29881,True,2,29753,7,1
29917,True,2,29789,7,1
29879,True,2,29863,4,1
29927,True,2,29671,8,1
29927,True,2,29863,6,1
29921,True,2,29917,2,1
29921,True,2,13537,14,1
29947,True,2,29819,7,1
29959,True,2,29927,5,1
29959,True,2,21767,13,1
29983,False,,,,
29989,True,2,27941,11,1
30011,True,2,13627,14,1
30011,True,2,29947,6,1
30029,True,2,30013,4,1
30029,True,2,25933,12,1
30013,True,2,29501,9,1
30013,True,2,30011,1,1
30013,True,2,21821,13,1
30059,True,2,29803,8,1
30047,True,2,29983,6,1
30047,True,2,25951,12,1
30047,True,2,29023,10,1
30047,True,2,31,8,3
30071,True,2,13687,14,1
30097,True,2,30089,3,1
30091,True,2,30089,1,1
30091,True,2,30059,5,1
30089,True,2,29833,8,1
30103,True,2,21911,13,1
30103,True,2,30071,5,1
30109,False,,,,
30113,True,2,26017,12,1
30113,True,2,30109,2,1
30113,True,2,13729,14,1
30113,True,2,30097,4,1
30133,False,,,,
30119,True,2,29863,8,1
30119,True,2,30103,4,1
30137,True,2,30133,2,1
30137,True,2,26041,12,1
30137,True,2,29881,8,1
30139,True,2,30011,7,1
30139,True,2,30137,1,1
30161,True,2,30097,6,1
30161,True,2,29137,10,1
30169,True,2,30137,5,1
30169,True,2,30161,3,1
30169,True,2,21977,13,1
30181,True,2,29669,9,1
30187,True,2,30059,7,1
30197,True,2,30133,6,1
30197,True,2,30181,4,1
30197,True,2,29173,10,1
30203,True,2,30187,4,1
30203,True,2,30139,6,1
30203,True,2,29179,10,1
30203,True,2,29947,8,1
30203,True,2,26107,12,1
30211,True,2,30203,3,1
30211,True,2,28163,11,1
30223,True,2,22031,13,1
30259,True,2,22067,13,1
30259,True,2,28211,11,1
30241,True,2,30113,7,1
30253,True,2,29741,9,1
30269,True,2,30253,4,1
30269,True,2,30013,8,1
30271,True,2,22079,13,1
30271,True,2,30269,1,1
30271,True,2,29759,9,1
30307,False,,,,
30313,False,,,,
30293,True,2,29269,10,1
30319,False,,,,
30323,True,2,30319,2,1
30323,True,2,30259,6,1
30323,True,2,30307,4,1
30323,True,2,26227,12,1
30341,False,,,,
30347,True,2,26251,12,1
30347,True,2,13963,14,1
30347,True,2,30091,8,1
30391,True,2,30389,1,1
30391,True,2,29879,9,1
30367,True,2,28319,11,1
30389,True,2,26293,12,1
30389,True,2,30133,8,1
30403,False,,,,
30427,False,,,,
30431,True,2,30427,2,1
30431,True,2,30367,6,1
30449,False,,,,
30469,True,2,30467,1,1
30469,True,2,22277,13,1
30469,True,2,30341,7,1
30467,True,2,30403,6,1
30467,True,2,26371,12,1
30467,True,2,30211,8,1
30467,True,2,14083,14,1
30467,True,2,29443,10,1
30491,True,2,30427,6,1
30491,True,2,14107,14,1
30493,True,2,30491,1,1
30497,True,2,29473,10,1
30497,True,2,30241,8,1
30497,True,2,30493,2,1
30517,True,2,30389,7,1
30517,True,2,30509,3,1
30509,True,2,30253,8,1
30509,True,2,30493,4,1
30529,True,2,30497,5,1
30539,False,,,,
30553,False,,,,
30577,True,2,30449,7,1
30557,True,2,30553,2,1
30557,True,2,14173,14,1
30557,True,2,30493,6,1
30559,True,2,30431,7,1
30559,True,2,30047,9,1
30559,True,2,30557,1,1
30559,True,2,22367,13,1
30593,True,2,30577,4,1
30593,True,2,30529,6,1
30593,True,2,29569,10,1
30593,True,2,26497,12,1
30637,True,2,30509,7,1
30631,True,2,30119,9,1
30643,False,,,,
30649,True,2,30137,9,1
30661,True,2,22469,13,1
30671,False,,,,
30689,False,,,,
30697,True,2,30689,3,1
30697,True,2,28649,11,1
30677,True,2,14293,14,1
30677,True,2,30661,4,1
30703,True,2,30671,5,1
30703,True,2,22511,13,1
30707,True,2,30703,2,1
30707,True,2,29683,10,1
30707,True,2,30643,6,1
30707,True,2,14323,14,1
30713,True,2,30649,6,1
30713,True,2,30697,4,1
30757,False,,,,
30727,False,,,,
30763,True,2,22571,13,1
30781,True,2,30773,3,1
30781,True,2,30269,9,1
30773,True,2,30757,4,1
30773,True,2,14389,14,1
30773,True,2,30517,8,1
30803,True,2,14419,14,1
30809,True,2,30553,8,1
30809,True,2,26713,12,1
30817,True,2,30689,7,1
30817,True,2,30809,3,1
30829,True,2,22637,13,1
30839,False,,,,
30841,True,2,30839,1,1
30841,True,2,30809,5,1
30841,True,2,30713,7,1
30841,True,2,28793,11,1
30851,False,,,,
30853,True,2,30851,1,1
30853,True,2,30341,9,1
30869,True,2,30853,4,1
30859,True,2,30347,9,1
30859,True,2,30851,3,1
30871,True,2,22679,13,1
30871,True,2,30839,5,1
30871,True,2,30869,1,1
30881,True,2,30817,6,1
30893,True,2,30637,8,1
30893,True,2,30829,6,1
30931,True,2,22739,13,1
30931,True,2,30803,7,1
30911,False,,,,
30937,True,2,30809,7,1
30941,True,2,30937,2,1
30941,True,2,29917,10,1
30941,True,2,14557,14,1
30949,True,2,30941,3,1
30949,True,2,28901,11,1
30977,True,2,26881,12,1
30977,True,2,14593,14,1
30983,True,2,30727,8,1
30983,True,2,29959,10,1
30971,True,2,29947,10,1
31013,True,2,30949,6,1
31013,True,2,29989,10,1
31013,True,2,30757,8,1
31013,True,2,14629,14,1
31019,True,2,30763,8,1
31033,False,,,,
31039,True,2,30911,7,1
31051,True,2,30539,9,1
31051,True,2,31019,5,1
31051,True,2,22859,13,1
31063,True,2,22871,13,1
31069,True,2,30557,9,1
31069,True,2,30941,7,1
31069,True,2,22877,13,1
31069,True,2,29021,11,1
31081,True,2,31079,1,1
31081,True,2,29033,11,1
31079,True,2,31063,4,1
31091,False,,,,
31121,True,2,14737,14,1
31121,True,2,30097,10,1
31123,True,2,31121,1,1
31123,True,2,31091,5,1
31147,True,2,31139,3,1
31147,True,2,31019,7,1
31153,True,2,31151,1,1
31153,True,2,22961,13,1
31153,True,2,31121,5,1
31151,True,2,31147,2,1
31151,True,2,14767,14,1
31139,True,2,31123,4,1
31139,True,2,27043,12,1
31159,True,2,31151,3,1
31177,True,2,29129,11,1
31181,True,2,31177,2,1
31181,True,2,14797,14,1
31183,True,2,31151,5,1
31183,True,2,30671,9,1
31183,True,2,31181,1,1
31189,True,2,30677,9,1
31189,True,2,31181,3,1
31193,True,2,31189,2,1
31193,True,2,30937,8,1
31193,True,2,30169,10,1
31193,True,2,31177,4,1
31219,True,2,23027,13,1
31219,True,2,31091,7,1
31219,True,2,30707,9,1
31223,True,2,31159,6,1
31223,True,2,27127,12,1
31223,True,2,31219,2,1
31231,True,2,23039,13,1
31231,True,2,31223,3,1
31237,False,,,,
31247,True,2,30223,10,1
31247,True,2,31231,4,1
31247,True,2,31183,6,1
31253,True,2,31249,2,1
31253,True,2,14869,14,1
31253,True,2,31237,4,1
31253,True,2,31189,6,1
31249,True,2,31121,7,1
31249,True,2,23057,13,1
31249,True,2,31247,1,1
31249,True,2,29201,11,1
31259,False,,,,
31267,True,2,31139,7,1
31267,True,2,31259,3,1
31277,True,2,30253,10,1
31307,True,2,31051,8,1
31307,True,2,27211,12,1
31307,True,2,14923,14,1
31271,True,2,14887,14,1
31271,True,2,31267,2,1
31319,True,2,31063,8,1
31321,True,2,31319,1,1
31321,True,2,31193,7,1
31321,True,2,30809,9,1
31337,True,2,31333,2,1
31337,True,2,31321,4,1
31337,True,2,30313,10,1
31337,True,2,31081,8,1
31337,True,2,27241,12,1
31327,True,2,31319,3,1
31333,False,,,,
31357,False,,,,
31387,True,2,29339,11,1
31387,True,2,31379,3,1
31387,True,2,31259,7,1
31379,True,2,27283,12,1
31379,True,2,31123,8,1
31393,True,2,31391,1,1
31393,True,2,30881,9,1
31393,True,2,23201,13,1
31391,True,2,31327,6,1
31391,True,2,30367,10,1
31391,True,2,31387,2,1
31397,True,2,31333,6,1
31397,True,2,15013,14,1
31397,True,2,31393,2,1
31469,False,,,,
31477,True,2,31469,3,1
31477,True,2,29429,11,1
31481,True,2,31477,2,1
31489,True,2,23297,13,1
31489,True,2,31481,3,1
31489,True,2,30977,9,1
31513,True,2,31481,5,1
31513,True,2,31511,1,1
31513,True,2,23321,13,1
31517,True,2,31513,2,1
31517,True,2,30493,10,1
31511,False,,,,
31541,True,2,31477,6,1
31541,True,2,30517,10,1
31531,True,2,29483,11,1
31531,True,2,31019,9,1
31531,True,2,23339,13,1
31547,True,2,31531,4,1
31547,True,2,31543,2,1
31543,True,2,31511,5,1
31543,True,2,31541,1,1
31567,False,,,,
31583,True,2,31327,8,1
31583,True,2,31567,4,1
31583,True,2,15199,14,1
31583,True,2,30559,10,1
31583,True,2,27487,12,1
31573,True,2,31541,5,1
31601,True,2,30577,10,1
31601,True,2,15217,14,1
31607,True,2,31543,6,1
31627,False,,,,
31649,True,2,31393,8,1
31643,True,2,31627,4,1
31643,True,2,31387,8,1
31643,True,2,15259,14,1
31657,True,2,31649,3,1
31663,True,2,31151,9,1
31667,True,2,31663,2,1
31667,True,2,30643,10,1
31699,True,2,31667,5,1
31687,False,,,,
31721,True,2,30697,10,1
31721,True,2,31657,6,1
31727,True,2,31663,6,1
31727,True,2,27631,12,1
31727,True,2,31723,2,1
31727,True,2,30703,10,1
31723,True,2,31721,1,1
31723,True,2,23531,13,1
31729,True,2,31727,1,1
31729,True,2,23537,13,1
31729,True,2,31601,7,1
31729,True,2,31721,3,1
31741,True,2,23549,13,1
31751,True,2,31687,6,1
31751,True,2,30727,10,1
31769,True,2,27673,12,1
31769,True,2,31513,8,1
31793,True,2,27697,12,1
31793,True,2,31729,6,1
31771,True,2,29723,11,1
31771,True,2,31769,1,1
31771,True,2,31259,9,1
31771,True,2,31643,7,1
31799,True,2,31543,8,1
31817,False,,,,
31847,True,2,27751,12,1
31849,True,2,31847,1,1
31849,True,2,31337,9,1
31849,True,2,31721,7,1
31849,True,2,31817,5,1
31859,True,2,27763,12,1
31883,True,2,30859,10,1
31883,True,2,31627,8,1
31873,False,,,,
31891,True,2,31883,3,1
31891,True,2,31859,5,1
31891,True,2,31379,9,1
31907,True,2,31891,4,1
31957,False,,,,
31963,False,,,,
31973,True,2,30949,10,1
31973,True,2,31957,4,1
31981,True,2,31469,9,1
31981,True,2,23789,13,1
31981,True,2,31973,3,1
31991,True,2,15607,14,1
32009,True,2,5,14,6
32003,True,2,15619,14,1
32029,True,2,32027,1,1
32029,True,2,31517,9,1
32027,True,2,31771,8,1
32027,True,2,15643,14,1
32027,True,2,31963,6,1
32051,True,2,15667,14,1
32059,True,2,32027,5,1
32059,True,2,32057,1,1
32059,True,2,32051,3,1
32059,True,2,30011,11,1
32059,True,2,31547,9,1
32057,True,2,31033,10,1
32057,True,2,179,4,2
32057,True,2,27961,12,1
32063,True,2,31039,10,1
32063,True,2,32059,2,1
32063,True,2,27967,12,1
32063,True,2,15679,14,1
32077,True,2,30029,11,1
32077,True,2,32069,3,1
32069,False,,,,
32089,True,2,32057,5,1
32083,True,2,32051,5,1
32099,True,2,32083,4,1
32117,True,2,15733,14,1
32141,True,2,32077,6,1
32119,True,2,31991,7,1
32119,True,2,30071,11,1
32119,True,2,31607,9,1
32119,True,2,32117,1,1
32143,True,2,32141,1,1
32159,True,2,32143,4,1
32189,True,2,32173,4,1
32173,True,2,23981,13,1
32173,True,2,32141,5,1
32183,True,2,31159,10,1
32183,True,2,32119,6,1
32183,True,2,28087,12,1
32191,True,2,32183,3,1
32191,True,2,32189,1,1
32191,True,2,32159,5,1
32191,True,2,32063,7,1
32203,False,,,,
32213,True,2,31957,8,1
32213,True,2,31189,10,1
32233,True,2,31721,9,1
32237,True,2,32173,6,1
32237,True,2,31981,8,1
32237,True,2,32233,2,1
32257,False,,,,
32251,True,2,30203,11,1
32261,True,2,15877,14,1
32261,True,2,32257,2,1
32261,True,2,31237,10,1
32297,True,2,179,8,2
32297,True,2,28201,12,1
32297,True,2,32233,6,1
32297,True,2,15913,14,1
32299,True,2,32297,1,1
32299,True,2,24107,13,1
32321,True,2,15937,14,1
32321,True,2,32257,6,1
32303,True,2,15919,14,1
32303,True,2,32299,2,1
32323,True,2,32321,1,1
32309,False,,,,
32341,True,2,32309,5,1
32341,True,2,32213,7,1
32341,True,2,30293,11,1
32327,True,2,32323,2,1
32353,True,2,32321,5,1
32363,True,2,32359,2,1
32363,True,2,32299,6,1
32369,True,2,32353,4,1
32359,True,2,32327,5,1
32359,True,2,31847,9,1
32371,True,2,32369,1,1
32371,True,2,32363,3,1
32371,True,2,24179,13,1
32371,True,2,31859,9,1
32371,True,2,30323,11,1
32377,True,2,32369,3,1
32381,True,2,32377,2,1
32381,True,2,31357,10,1
32411,True,2,31387,10,1
32413,True,2,32411,1,1
32413,True,2,32381,5,1
32401,True,2,32369,5,1
32429,True,2,32173,8,1
32429,True,2,32413,4,1
32423,True,2,32359,6,1
32441,True,2,32377,6,1
32441,True,2,16057,14,1
32467,False,,,,
32479,True,2,30431,11,1
32491,True,2,32363,7,1
32443,True,2,32411,5,1
32443,True,2,24251,13,1
32443,True,2,32441,1,1
32497,True,2,32369,7,1
32497,True,2,30449,11,1
32507,True,2,32491,4,1
32507,True,2,32251,8,1
32507,True,2,28411,12,1
32507,True,2,32503,2,1
32507,True,2,32443,6,1
32503,True,2,31991,9,1
32531,True,2,32467,6,1
32533,True,2,32531,1,1
32537,True,2,32533,2,1
32537,True,2,31513,10,1
32561,True,2,32497,6,1
32563,True,2,32531,5,1
32563,True,2,32561,1,1
32563,True,2,32051,9,1
32563,True,2,24371,13,1
32569,True,2,32561,3,1
32569,True,2,32057,9,1
32569,True,2,32441,7,1
32569,True,2,32537,5,1
32573,True,2,32569,2,1
32573,True,2,28477,12,1
32573,True,2,16189,14,1
32579,True,2,32563,4,1
32579,True,2,32323,8,1
32603,True,2,32587,4,1
32609,True,2,32353,8,1
32609,True,2,28513,12,1
32587,True,2,32579,3,1
32587,True,2,30539,11,1
32611,True,2,32603,3,1
32611,True,2,32609,1,1
32611,True,2,24419,13,1
32611,True,2,32579,5,1
32611,True,2,32099,9,1
32621,False,,,,
32633,True,2,32569,6,1
32633,True,2,28537,12,1
32633,True,2,32377,8,1
32633,True,2,16249,14,1
32687,True,2,28591,12,1
32687,True,2,31663,10,1
32647,False,,,,
32653,True,2,32141,9,1
32653,True,2,32621,5,1
32693,True,2,28597,12,1
32707,True,2,32579,7,1
32717,True,2,28621,12,1
32717,True,2,32713,2,1
32717,True,2,32653,6,1
32717,True,2,16333,14,1
32719,True,2,30671,11,1
32719,True,2,32717,1,1
32719,True,2,24527,13,1
32719,True,2,32687,5,1
32713,False,,,,
32749,True,2,32237,9,1
32749,True,2,32621,7,1
32749,True,2,32717,5,1
32779,True,2,11,15,1
32779,True,2,32771,3,1
32771,True,2,3,15,1
32771,True,2,32707,6,1
32783,True,2,32779,2,1
32783,True,2,28687,12,1
32783,True,2,32719,6,1
32789,True,2,32533,8,1
32797,True,2,29,15,1
32797,True,2,32789,3,1
32801,True,2,16417,14,1
32801,True,2,32797,2,1
32803,True,2,24611,13,1
32803,True,2,32771,5,1
32803,True,2,32801,1,1
32833,True,2,32801,5,1
32833,True,2,32831,1,1
32833,True,2,32321,9,1
32831,True,2,16447,14,1
32839,True,2,32327,9,1
32839,True,2,71,15,1
32839,True,2,32831,3,1
32869,True,2,24677,13,1
32869,True,2,101,15,1
32887,True,2,30839,11,1
32843,True,2,32779,6,1
32843,True,2,32839,2,1
32843,True,2,32587,8,1
32909,True,2,28813,12,1
32909,True,2,32653,8,1
32911,True,2,32909,1,1
32911,True,2,32783,7,1
32917,True,2,32909,3,1
32917,True,2,149,15,1
32917,True,2,32789,7,1
32917,True,2,30869,11,1
32941,True,2,32429,9,1
32941,True,2,173,15,1
32941,True,2,32909,5,1
32941,True,2,32939,1,1
32941,True,2,24749,13,1
32941,True,2,32933,3,1
32941,True,2,30893,11,1
32933,True,2,32917,4,1
32933,True,2,32869,6,1
32933,True,2,28837,12,1
32957,True,2,32941,4,1
32957,True,2,16573,14,1
32939,True,2,28843,12,1
32969,True,2,32713,8,1
32983,False,,,,
32987,True,2,31963,10,1
32987,True,2,16603,14,1
32987,True,2,32983,2,1
32987,True,2,32971,4,1
32993,False,,,,
32971,True,2,32939,5,1
32971,True,2,32843,7,1
32971,True,2,32969,1,1
32999,True,2,32983,4,1
33023,True,2,28927,12,1
33013,True,2,24821,13,1
33037,True,2,32909,7,1
33037,True,2,33029,3,1
33037,True,2,269,15,1
33049,True,2,281,15,1
33049,True,2,32537,9,1
33071,False,,,,
33053,True,2,32797,8,1
33053,True,2,33037,4,1
33053,True,2,33049,2,1
33053,True,2,32029,10,1
33029,True,2,28933,12,1
33029,True,2,33013,4,1
33073,True,2,33071,1,1
33073,True,2,32561,9,1
33083,True,2,32059,10,1
33083,True,2,16699,14,1
33091,True,2,33083,3,1
33091,True,2,32579,9,1
33113,True,2,32089,10,1
33113,True,2,16729,14,1
33113,True,2,33049,6,1
33113,True,2,29017,12,1
33119,True,2,29023,12,1
33107,True,2,33091,4,1
33107,True,2,32083,10,1
33149,False,,,,
33151,True,2,383,15,1
33151,True,2,33119,5,1
33151,True,2,33023,7,1
33151,True,2,33149,1,1
33161,False,,,,
33181,True,2,33149,5,1
33181,True,2,33179,1,1
33181,True,2,33053,7,1
33181,True,2,24989,13,1
33191,True,2,7,14,5
33179,False,,,,
33199,True,2,32687,9,1
33199,True,2,431,15,1
33199,True,2,33071,7,1
33199,True,2,33191,3,1
33199,True,2,31151,11,1
33203,True,2,33199,2,1
33211,True,2,33083,7,1
33211,True,2,33203,3,1
33211,True,2,33179,5,1
33211,True,2,443,15,1
33247,True,2,479,15,1
33247,True,2,33119,7,1
33223,True,2,33191,5,1
33223,True,2,25031,13,1
33287,True,2,16903,14,1
33287,True,2,33223,6,1
33287,True,2,29191,12,1
33289,True,2,33287,1,1
33289,True,2,521,15,1
33289,True,2,33161,7,1
33289,True,2,25097,13,1
33301,True,2,32789,9,1
33301,True,2,31253,11,1
33329,True,2,33073,8,1
33317,True,2,33301,4,1
33317,True,2,29221,12,1
33331,True,2,33329,1,1
33331,True,2,33203,7,1
33331,True,2,563,15,1
33343,True,2,33311,5,1
33343,True,2,32831,9,1
33311,True,2,16927,14,1
33311,True,2,33247,6,1
33347,True,2,32323,10,1
33347,True,2,33343,2,1
33347,True,2,33091,8,1
33347,True,2,33331,4,1
33347,True,2,29251,12,1
33347,True,2,16963,14,1
33349,True,2,33317,5,1
33349,True,2,33347,1,1
33377,True,2,16993,14,1
33377,True,2,32353,10,1
33353,True,2,33349,2,1
33353,True,2,33289,6,1
33359,True,2,33343,4,1
33403,False,,,,
33427,True,2,31379,11,1
33427,True,2,659,15,1
33391,True,2,33359,5,1
33457,True,2,33329,7,1
33409,True,2,641,15,1
33409,True,2,33377,5,1
33413,True,2,17029,14,1
33413,True,2,33349,6,1
33413,True,2,33409,2,1
33469,True,2,33461,3,1
33469,True,2,701,15,1
33469,True,2,32957,9,1
33493,True,2,25301,13,1
33493,True,2,33461,5,1
33487,True,2,33479,3,1
33487,True,2,33359,7,1
33487,True,2,719,15,1
33461,True,2,33457,2,1
33461,True,2,17077,14,1
33479,True,2,33223,8,1
33479,True,2,29383,12,1
33503,True,2,33487,4,1
33503,True,2,32479,10,1
33503,True,2,33247,8,1
33547,False,,,,
33521,True,2,33457,6,1
33521,True,2,17137,14,1
33521,True,2,32497,10,1
33563,True,2,33547,4,1
33533,True,2,33529,2,1
33533,True,2,33469,6,1
33533,True,2,29437,12,1
33529,True,2,761,15,1
33529,True,2,33521,3,1
33529,True,2,31481,11,1
33577,True,2,33569,3,1
33577,True,2,809,15,1
33569,True,2,29473,12,1
33587,True,2,17203,14,1
33587,True,2,32563,10,1
33587,True,2,33331,8,1
33589,True,2,821,15,1
33589,True,2,33587,1,1
33589,True,2,31541,11,1
33589,True,2,33461,7,1
33589,True,2,33581,3,1
33581,True,2,33577,2,1
33599,True,2,33343,8,1
33613,True,2,33581,5,1
33601,True,2,33599,1,1
33601,True,2,25409,13,1
33601,True,2,33569,5,1
33617,True,2,33613,2,1
33617,True,2,33601,4,1
33623,True,2,29527,12,1
33623,True,2,17239,14,1
33623,True,2,33619,2,1
33619,True,2,33587,5,1
33619,True,2,33617,1,1
33619,True,2,33107,9,1
33641,True,2,33637,2,1
33641,True,2,33577,6,1
33641,True,2,17257,14,1
33629,True,2,33613,4,1
33637,True,2,33629,3,1
33647,True,2,33391,8,1
33679,True,2,33647,5,1
33679,True,2,911,15,1
33703,True,2,33191,9,1
33721,True,2,953,15,1
33721,True,2,33713,3,1
33713,True,2,33457,8,1
33739,True,2,971,15,1
33751,True,2,33749,1,1
33751,True,2,983,15,1
33751,True,2,33623,7,1
33749,True,2,33493,8,1
33767,True,2,33703,6,1
33767,True,2,33751,4,1
33767,True,2,29671,12,1
33767,True,2,17383,14,1
33757,True,2,33629,7,1
33757,True,2,33749,3,1
33769,True,2,33641,7,1
33769,True,2,25577,13,1
33769,True,2,33767,1,1
33769,True,2,31721,11,1
33773,True,2,33769,2,1
33773,True,2,17389,14,1
33773,True,2,33757,4,1
33773,True,2,32749,10,1
33791,False,,,,
33797,False,,,,
33809,False,,,,
33827,True,2,33811,4,1
33827,True,2,17443,14,1
33827,True,2,32803,10,1
33811,True,2,33809,1,1
33851,True,2,17467,14,1
33857,True,2,33601,8,1
33857,True,2,32833,10,1
33857,True,2,29761,12,1
33829,True,2,33827,1,1
33829,True,2,1061,15,1
33829,True,2,33317,9,1
33829,True,2,33797,5,1
33889,True,2,33377,9,1
33889,True,2,33857,5,1
33863,True,2,32839,10,1
33871,True,2,1103,15,1
33871,True,2,33359,9,1
33871,True,2,33863,3,1
33871,True,2,25679,13,1
33893,True,2,33889,2,1
33893,True,2,32869,10,1
33893,True,2,33829,6,1
33893,True,2,17509,14,1
33893,True,2,33637,8,1
33911,True,2,32887,10,1
33937,True,2,33809,7,1
33923,True,2,17539,14,1
33941,True,2,33937,2,1
33941,True,2,32917,10,1
33931,True,2,31883,11,1
33931,True,2,33923,3,1
33931,True,2,1163,15,1
33997,True,2,1229,15,1
33967,False,,,,
33961,True,2,1193,15,1
34019,False,,,,
34031,True,2,33967,6,1
34033,True,2,34031,1,1
34033,True,2,33521,9,1
34033,True,2,25841,13,1
34039,True,2,31991,11,1
34039,True,2,33911,7,1
34039,True,2,25847,13,1
34039,True,2,34031,3,1
34061,True,2,33997,6,1
34061,True,2,33037,10,1
34061,True,2,34057,2,1
34057,True,2,1289,15,1
34057,True,2,32009,11,1
34123,True,2,25931,13,1
34127,True,2,34123,2,1
34127,True,2,33871,8,1
34129,True,2,33617,9,1
34129,True,2,34127,1,1
34129,True,2,1361,15,1
34141,True,2,1373,15,1
34141,True,2,33629,9,1
34147,True,2,34019,7,1
34147,True,2,32099,11,1
34157,True,2,34141,4,1
34159,True,2,34157,1,1
34159,True,2,34127,5,1
34159,True,2,34031,7,1
34159,True,2,33647,9,1
34183,False,,,,
34213,True,2,26021,13,1
34213,True,2,34211,1,1
34211,True,2,34147,6,1
34211,True,2,17827,14,1
34171,False,,,,
34231,True,2,32183,11,1
34253,True,2,33997,8,1
34217,True,2,33961,8,1
34217,True,2,34213,2,1
34259,False,,,,
34261,True,2,33749,9,1
34261,True,2,1493,15,1
34261,True,2,34253,3,1
34261,True,2,34259,1,1
34261,True,2,32213,11,1
34267,True,2,34259,3,1
34267,True,2,1499,15,1
34273,False,,,,
34283,True,2,34267,4,1
34283,True,2,30187,12,1
34297,False,,,,
34301,True,2,34297,2,1
34319,True,2,34303,4,1
34319,True,2,30223,12,1
34313,True,2,34057,8,1
34313,True,2,34297,4,1
34313,True,2,17929,14,1
34313,True,2,33289,10,1
34327,True,2,34319,3,1
34327,True,2,1559,15,1
34303,True,2,34301,1,1
34303,True,2,26111,13,1
34303,True,2,33791,9,1
34337,True,2,30241,12,1
34337,True,2,34273,6,1
34367,True,2,34351,4,1
34367,True,2,34303,6,1
34367,True,2,33343,10,1
34367,True,2,30271,12,1
34361,True,2,17977,14,1
34361,True,2,34297,6,1
34351,True,2,1583,15,1
34351,True,2,34319,5,1
34351,True,2,32303,11,1
34369,True,2,34367,1,1
34369,True,2,34361,3,1
34369,True,2,1601,15,1
34369,True,2,32321,11,1
34369,True,2,26177,13,1
34369,True,2,33857,9,1
34369,True,2,34337,5,1
34381,True,2,1613,15,1
34381,True,2,26189,13,1
34381,True,2,34253,7,1
34429,True,2,34301,7,1
34429,True,2,34421,3,1
34429,True,2,32381,11,1
34429,True,2,26237,13,1
34403,True,2,30307,12,1
34403,True,2,34147,8,1
34421,False,,,,
34457,False,,,,
34439,True,2,34183,8,1
34469,True,2,34213,8,1
34483,False,,,,
34471,True,2,32423,11,1
34471,True,2,34439,5,1
34471,True,2,34469,1,1
34487,True,2,34471,4,1
34487,True,2,30391,12,1
34487,True,2,34483,2,1
34487,True,2,34231,8,1
34499,True,2,30403,12,1
34499,True,2,34483,4,1
34501,True,2,34499,1,1
34501,True,2,26309,13,1
34501,True,2,1733,15,1
34501,True,2,34469,5,1
34513,True,2,26321,13,1
34513,True,2,34511,1,1
34511,True,2,33487,10,1
34511,True,2,18127,14,1
34537,False,,,,
34519,True,2,34511,3,1
34519,True,2,34487,5,1
34543,True,2,34031,9,1
34543,True,2,34511,5,1
34549,True,2,26357,13,1
34549,True,2,34421,7,1
34583,True,2,34519,6,1
34583,True,2,18199,14,1
34583,True,2,34327,8,1
34589,True,2,30493,12,1
34591,True,2,1823,15,1
34591,True,2,34583,3,1
34591,True,2,34589,1,1
34591,True,2,26399,13,1
34607,True,2,18223,14,1
34607,True,2,34603,2,1
34607,True,2,34591,4,1
34607,True,2,34543,6,1
34607,True,2,34351,8,1
34603,False,,,,
34631,False,,,,
34649,True,2,30553,12,1
34613,True,2,34549,6,1
34613,True,2,33589,10,1
34613,True,2,30517,12,1
34613,True,2,18229,14,1
34667,True,2,34651,4,1
34667,True,2,34603,6,1
34673,True,2,30577,12,1
34673,True,2,18289,14,1
34651,True,2,32603,11,1
34651,True,2,26459,13,1
34651,True,2,34649,1,1
34687,True,2,34679,3,1
34679,False,,,,
34693,True,2,26501,13,1
34739,True,2,34483,8,1
34739,True,2,30643,12,1
34721,False,,,,
34703,True,2,34687,4,1
34703,True,2,33679,10,1
34729,True,2,34721,3,1
34729,True,2,34217,9,1
34747,True,2,1979,15,1
34747,True,2,34739,3,1
34759,True,2,34757,1,1
34759,True,2,34631,7,1
34757,True,2,34501,8,1
34757,True,2,34693,6,1
34757,True,2,30661,12,1
34763,True,2,34747,4,1
34763,True,2,34759,2,1
34763,True,2,33739,10,1
34763,True,2,18379,14,1
34781,True,2,18397,14,1
34781,True,2,33757,10,1
34841,True,2,18457,14,1
34843,True,2,34841,1,1
34807,True,2,2039,15,1
34807,True,2,34679,7,1
34819,True,2,32771,11,1
34819,True,2,26627,13,1
34849,True,2,34721,7,1
34849,True,2,32801,11,1
34849,True,2,2081,15,1
34849,True,2,34337,9,1
34849,True,2,34841,3,1
34849,True,2,34847,1,1
34847,True,2,34843,2,1
34847,True,2,34591,8,1
34877,True,2,30781,12,1
34877,True,2,18493,14,1
34871,True,2,34807,6,1
34883,True,2,34819,6,1
34897,True,2,2129,15,1
34913,True,2,34849,6,1
34913,True,2,30817,12,1
34913,True,2,33889,10,1
34913,True,2,34897,4,1
34919,False,,,,
34939,False,,,,
34949,True,2,34693,8,1
34949,True,2,30853,12,1
34961,True,2,33937,10,1
34961,True,2,34897,6,1
34963,True,2,34961,1,1
34981,True,2,34469,9,1
34981,True,2,34949,5,1
34981,True,2,32933,11,1
34981,True,2,2213,15,1
35023,True,2,34511,9,1
35053,True,2,35051,1,1
35053,True,2,26861,13,1
35027,True,2,34963,6,1
35027,True,2,35023,2,1
35027,True,2,30931,12,1
35051,False,,,,
35059,True,2,35027,5,1
35059,True,2,35051,3,1
35069,True,2,35053,4,1
35083,True,2,35081,1,1
35083,True,2,26891,13,1
35083,True,2,35051,5,1
35081,True,2,34057,10,1
35089,True,2,35081,3,1
35089,True,2,34961,7,1
35099,True,2,35083,4,1
35099,True,2,34843,8,1
35107,True,2,2339,15,1
35107,True,2,35099,3,1
35129,True,2,31033,12,1
35117,True,2,35053,6,1
35111,True,2,35107,2,1
35141,True,2,18757,14,1
35149,True,2,35141,3,1
35149,True,2,35117,5,1
35149,True,2,2381,15,1
35153,True,2,137,14,2
35153,True,2,34897,8,1
35153,True,2,34129,10,1
35153,True,2,35149,2,1
35153,True,2,35089,6,1
35159,True,2,31063,12,1
35201,False,,,,
35171,True,2,34147,10,1
35171,True,2,35107,6,1
35171,True,2,18787,14,1
35221,False,,,,
35251,True,2,33203,11,1
35251,True,2,27059,13,1
35251,True,2,34739,9,1
35227,True,2,33179,11,1
35227,True,2,35099,7,1
35227,True,2,2459,15,1
35257,True,2,35129,7,1
35279,True,2,31183,12,1
35279,True,2,35023,8,1
35267,True,2,35251,4,1
35281,True,2,35279,1,1
35281,True,2,35153,7,1
35291,True,2,35227,6,1
35291,True,2,34267,10,1
35311,True,2,35279,5,1
35311,True,2,2543,15,1
35317,True,2,2549,15,1
35323,True,2,35291,5,1
35327,True,2,35323,2,1
35327,True,2,34303,10,1
35327,True,2,31231,12,1
35327,True,2,35311,4,1
35339,True,2,35323,4,1
35339,True,2,35083,8,1
35353,True,2,34841,9,1
35393,True,2,34369,10,1
35393,True,2,19009,14,1
35381,True,2,35317,6,1
35363,True,2,31267,12,1
35363,True,2,18979,14,1
35363,True,2,35107,8,1
35401,True,2,35393,3,1
35401,True,2,2633,15,1
35401,True,2,33353,11,1
35407,True,2,35279,7,1
35407,True,2,33359,11,1
35437,False,,,,
35447,False,,,,
35423,True,2,31327,12,1
35423,True,2,35407,4,1
35423,True,2,35419,2,1
35419,True,2,35291,7,1
35449,True,2,35447,1,1
35461,True,2,2693,15,1
35461,True,2,34949,9,1
35461,True,2,33413,11,1
35507,True,2,35491,4,1
35507,True,2,34483,10,1
35507,True,2,35251,8,1
35509,True,2,2741,15,1
35509,True,2,35381,7,1
35509,True,2,33461,11,1
35509,True,2,35507,1,1
35521,True,2,35393,7,1
35521,True,2,27329,13,1
35521,True,2,2753,15,1
35491,True,2,35363,7,1
35491,True,2,27299,13,1
35531,True,2,35527,2,1
35533,True,2,35531,1,1
35527,True,2,33479,11,1
35537,True,2,35281,8,1
35537,True,2,34513,10,1
35537,True,2,35521,4,1
35537,True,2,35533,2,1
35569,True,2,2801,15,1
35569,True,2,33521,11,1
35569,True,2,35537,5,1
35543,True,2,35527,4,1
35543,True,2,34519,10,1
35573,True,2,35317,8,1
35573,True,2,31477,12,1
35573,True,2,35569,2,1
35573,True,2,34549,10,1
35573,True,2,35509,6,1
35597,True,2,35533,6,1
35597,True,2,35593,2,1
35597,True,2,19213,14,1
35593,True,2,35591,1,1
35593,True,2,35081,9,1
35591,True,2,19207,14,1
35591,True,2,35527,6,1
35671,True,2,2903,15,1
35671,True,2,35159,9,1
35671,True,2,27479,13,1
35671,True,2,33623,11,1
35671,True,2,35543,7,1
35617,True,2,33569,11,1
35603,True,2,19219,14,1
35677,True,2,2909,15,1
35677,True,2,33629,11,1
35729,False,,,,
35731,True,2,2963,15,1
35731,True,2,35603,7,1
35731,True,2,27539,13,1
35731,True,2,35729,1,1
35759,True,2,31663,12,1
35771,True,2,34747,10,1
35771,True,2,19387,14,1
35747,True,2,35731,4,1
35747,True,2,35491,8,1
35753,True,2,34729,10,1
35753,True,2,31657,12,1
35797,True,2,33749,11,1
35801,True,2,19417,14,1
35801,True,2,35797,2,1
35803,True,2,35771,5,1
35803,True,2,35801,1,1
35803,True,2,35291,9,1
35803,True,2,27611,13,1
35831,True,2,19447,14,1
35831,True,2,34807,10,1
35837,True,2,31741,12,1
35809,True,2,27617,13,1
35809,True,2,35801,3,1
35809,True,2,3041,15,1
35851,True,2,35339,9,1
35851,True,2,3083,15,1
35863,True,2,35831,5,1
35839,True,2,33791,11,1
35839,True,2,27647,13,1
35839,True,2,35837,1,1
35839,True,2,35327,9,1
35839,True,2,35831,3,1
35879,True,2,35863,4,1
35897,False,,,,
35869,True,2,35837,5,1
35911,True,2,35879,5,1
35911,True,2,33863,11,1
35923,False,,,,
35899,True,2,33851,11,1
35899,True,2,35897,1,1
35899,True,2,35771,7,1
35951,False,,,,
35933,True,2,35677,8,1
35933,True,2,35869,6,1
35963,True,2,34939,10,1
35963,True,2,35899,6,1
35969,True,2,31873,12,1
35977,True,2,3209,15,1
35977,True,2,35969,3,1
35993,True,2,19609,14,1
35993,True,2,35977,4,1
36007,True,2,35879,7,1
36007,True,2,35999,3,1
35983,True,2,35951,5,1
35983,True,2,27791,13,1
36011,True,2,36007,2,1
35999,True,2,35983,4,1
36013,True,2,36011,1,1
36017,True,2,36013,2,1
36037,False,,,,
36067,True,2,34019,11,1
36067,True,2,3299,15,1
36067,True,2,3,14,9
36061,True,2,35933,7,1
36083,True,2,35059,10,1
36083,True,2,36067,4,1
36083,True,2,19699,14,1
36073,False,,,,
36097,True,2,3329,15,1
36097,True,2,35969,7,1
36107,True,2,35083,10,1
36107,True,2,35851,8,1
36109,True,2,34061,11,1
36109,True,2,35597,9,1
36109,True,2,27917,13,1
36109,True,2,36107,1,1
36137,True,2,179,12,2
36137,True,2,36073,6,1
36137,True,2,19753,14,1
36131,True,2,35107,10,1
36131,True,2,36067,6,1
36151,False,,,,
36161,True,2,36097,6,1
36161,True,2,19777,14,1
36191,True,2,36187,2,1
36187,False,,,,
36217,True,2,3449,15,1
36217,True,2,36209,3,1
36209,False,,,,
36229,True,2,3461,15,1
36251,True,2,36187,6,1
36251,True,2,19867,14,1
36251,True,2,35227,10,1
36263,True,2,36007,8,1
36241,True,2,35729,9,1
36241,True,2,36209,5,1
36269,True,2,36013,8,1
36269,True,2,32173,12,1
36277,True,2,36269,3,1
36293,True,2,36277,4,1
36293,True,2,36229,6,1
36293,True,2,36037,8,1
36307,True,2,36299,3,1
36307,True,2,34259,11,1
36307,True,2,3539,15,1
36299,True,2,32203,12,1
36341,True,2,36277,6,1
36341,True,2,35317,10,1
36319,True,2,36191,7,1
36313,True,2,35801,9,1
36343,True,2,36341,1,1
36343,True,2,28151,13,1
36343,True,2,35831,9,1
36353,True,2,36097,8,1
36353,True,2,32257,12,1
36373,True,2,28181,13,1
36373,True,2,36341,5,1
36383,True,2,36319,6,1
36389,True,2,36373,4,1
36433,False,,,,
36451,True,2,34403,11,1
36457,False,,,,
36469,True,2,28277,13,1
36469,True,2,34421,11,1
36469,True,2,36467,1,1
36469,True,2,3701,15,1
36469,True,2,36341,7,1
36467,True,2,32371,12,1
36467,True,2,36451,4,1
36473,True,2,36217,8,1
36473,True,2,36457,4,1
36473,True,2,20089,14,1
36473,True,2,35449,10,1
36473,True,2,36469,2,1
36473,True,2,32377,12,1
36493,False,,,,
36479,False,,,,
36497,True,2,191,4,2
36497,True,2,20113,14,1
36497,True,2,36493,2,1
36497,True,2,36433,6,1
36497,True,2,32401,12,1
36497,True,2,36241,8,1
36523,True,2,36011,9,1
36527,True,2,20143,14,1
36527,True,2,36523,2,1
36551,True,2,35527,10,1
36529,True,2,3761,15,1
36529,True,2,36527,1,1
36529,True,2,36017,9,1
36529,True,2,36497,5,1
36541,True,2,28349,13,1
36563,True,2,36559,2,1
36563,True,2,36307,8,1
36563,True,2,32467,12,1
36583,True,2,36551,5,1
36571,True,2,36563,3,1
36571,True,2,3803,15,1
36559,True,2,34511,11,1
36559,True,2,36527,5,1
36559,True,2,36551,3,1
36587,True,2,36583,2,1
36587,True,2,32491,12,1
36587,True,2,36523,6,1
36587,True,2,36571,4,1
36629,True,2,36373,8,1
36629,True,2,32533,12,1
36607,True,2,36599,3,1
36607,True,2,36479,7,1
36599,True,2,32503,12,1
36599,True,2,36343,8,1
36599,True,2,36583,4,1
36637,True,2,36629,3,1
36637,True,2,34589,11,1
36643,True,2,36131,9,1
36671,True,2,36607,6,1
36671,True,2,20287,14,1
36653,True,2,36637,4,1
36653,True,2,20269,14,1
36683,True,2,32587,12,1
36677,False,,,,
36697,True,2,3929,15,1
36697,True,2,34649,11,1
36691,True,2,3923,15,1
36691,True,2,28499,13,1
36691,True,2,36563,7,1
36691,True,2,36683,3,1
36713,True,2,36457,8,1
36713,True,2,36697,4,1
36713,True,2,36709,2,1
36709,True,2,28517,13,1
36709,True,2,36677,5,1
36721,True,2,36209,9,1
36721,True,2,34673,11,1
36721,True,2,36713,3,1
36749,True,2,36493,8,1
36749,True,2,32653,12,1
36761,True,2,36697,6,1
36739,True,2,28547,13,1
36767,False,,,,
36781,True,2,36269,9,1
36781,True,2,36749,5,1
36781,True,2,36779,1,1
36781,True,2,36653,7,1
36781,True,2,4013,15,1
36787,True,2,34739,11,1
36787,True,2,4019,15,1
36787,True,2,36779,3,1
36779,True,2,36523,8,1
36791,True,2,20407,14,1
36791,True,2,36787,2,1
36793,True,2,36761,5,1
36793,True,2,36791,1,1
36809,True,2,36793,4,1
36809,True,2,32713,12,1
36821,True,2,35797,10,1
36833,True,2,35809,10,1
36847,True,2,4079,15,1
36857,True,2,181,12,2
36857,True,2,36793,6,1
36871,False,,,,
36887,True,2,36871,4,1
36887,True,2,35863,10,1
36877,True,2,36749,7,1
36901,True,2,36899,1,1
36901,True,2,36389,9,1
36901,True,2,4133,15,1
36899,True,2,36643,8,1
36899,True,2,32803,12,1
36913,False,,,,
36919,True,2,34871,11,1
36919,True,2,36887,5,1
36919,True,2,36791,7,1
36923,True,2,36919,2,1
36923,True,2,35899,10,1
36931,True,2,34883,11,1
36931,True,2,36929,1,1
36931,True,2,36899,5,1
36931,True,2,36923,3,1
36929,True,2,32833,12,1
36929,True,2,36913,4,1
36943,True,2,28751,13,1
36947,True,2,20563,14,1
36947,True,2,36943,2,1
36947,True,2,35923,10,1
36947,True,2,36931,4,1
36947,True,2,36691,8,1
36973,False,,,,
36979,True,2,36947,5,1
36979,True,2,36467,9,1
36979,True,2,4211,15,1
37003,False,,,,
37013,True,2,36997,4,1
37013,True,2,32917,12,1
36997,True,2,34949,11,1
36997,True,2,4229,15,1
37019,True,2,37003,4,1
37039,True,2,4271,15,1
37039,True,2,36527,9,1
37021,True,2,37019,1,1
37021,True,2,37013,3,1
37021,True,2,4253,15,1
37049,True,2,36793,8,1
37087,False,,,,
37061,True,2,36997,6,1
37061,True,2,36037,10,1
37061,True,2,37057,2,1
37097,True,2,36073,10,1
37057,True,2,37049,3,1
37057,True,2,4289,15,1
37057,True,2,36929,7,1
37117,True,2,35069,11,1
37117,True,2,4349,15,1
37139,True,2,37123,4,1
37123,False,,,,
37159,True,2,35111,11,1
37159,True,2,4391,15,1
37181,True,2,37117,6,1
37189,True,2,37061,7,1
37189,True,2,37181,3,1
37189,True,2,35141,11,1
37189,True,2,36677,9,1
37189,True,2,4421,15,1
37171,True,2,37139,5,1
37171,True,2,28979,13,1
37199,True,2,36943,8,1
37217,True,2,37201,4,1
37201,True,2,29009,13,1
37201,True,2,37199,1,1
37201,True,2,35153,11,1
37223,True,2,37159,6,1
37253,True,2,193,2,2
37253,True,2,36997,8,1
37253,True,2,36229,10,1
37253,True,2,37189,6,1
37243,False,,,,
37273,True,2,36761,9,1
37277,True,2,37021,8,1
37277,True,2,33181,12,1
37277,True,2,37273,2,1
37307,True,2,37243,6,1
37307,True,2,33211,12,1
37309,True,2,37181,7,1
37309,True,2,37277,5,1
37309,True,2,37307,1,1
37321,True,2,37313,3,1
37321,True,2,36809,9,1
37321,True,2,29129,13,1
37313,True,2,193,6,2
37313,True,2,37057,8,1
37313,True,2,20929,14,1
37313,True,2,37309,2,1
37337,True,2,37321,4,1
37337,True,2,36313,10,1
37337,True,2,37273,6,1
37339,True,2,35291,11,1
37339,True,2,37307,5,1
37339,True,2,29147,13,1
37339,True,2,37337,1,1
37357,False,,,,
37361,True,2,37357,2,1
37363,True,2,37361,1,1
37369,True,2,37361,3,1
37369,True,2,36857,9,1
37369,True,2,37337,5,1
37379,True,2,37363,4,1
37379,True,2,37123,8,1
37397,True,2,33301,12,1
37397,True,2,36373,10,1
37397,True,2,21013,14,1
37423,True,2,29231,13,1
37409,False,,,,
37441,True,2,36929,9,1
37441,True,2,35393,11,1
37441,True,2,37409,5,1
37441,True,2,4673,15,1
37441,True,2,37313,7,1
37447,True,2,4679,15,1
37463,True,2,37447,4,1
37483,False,,,,
37489,True,2,4721,15,1
37489,True,2,37361,7,1
37489,True,2,29297,13,1
37501,True,2,37493,3,1
37501,True,2,4733,15,1
37511,True,2,37447,6,1
37511,True,2,37507,2,1
37493,True,2,36469,10,1
37493,True,2,37489,2,1
37507,True,2,37379,7,1
37517,True,2,36493,10,1
37517,True,2,37501,4,1
37529,True,2,37273,8,1
37547,True,2,36523,10,1
37547,True,2,21163,14,1
37547,True,2,37483,6,1
37537,True,2,37409,7,1
37537,True,2,37529,3,1
37549,True,2,37517,5,1
37549,True,2,37547,1,1
37561,True,2,4793,15,1
37561,True,2,37049,9,1
37561,True,2,37529,5,1
37571,True,2,21187,14,1
37571,True,2,37567,2,1
37571,True,2,37507,6,1
37567,True,2,4799,15,1
37573,True,2,37571,1,1
37573,True,2,37061,9,1
37579,True,2,37547,5,1
37579,True,2,29387,13,1
37579,True,2,35531,11,1
37579,True,2,37571,3,1
37589,True,2,37573,4,1
37589,True,2,33493,12,1
37591,True,2,29399,13,1
37591,True,2,37589,1,1
37591,True,2,37463,7,1
37591,True,2,35543,11,1
37607,True,2,37591,4,1
37607,True,2,36583,10,1
37619,True,2,37363,8,1
37643,True,2,37579,6,1
37643,True,2,33547,12,1
37649,True,2,37633,4,1
37633,False,,,,
37657,True,2,37649,3,1
37657,True,2,37529,7,1
37657,True,2,4889,15,1
37663,False,,,,
37691,False,,,,
37693,True,2,37691,1,1
37693,True,2,37181,9,1
37693,True,2,29501,13,1
37699,True,2,37691,3,1
37699,True,2,4931,15,1
37699,True,2,37571,7,1
37717,True,2,37589,7,1
37747,True,2,37619,7,1
37781,True,2,37717,6,1
37781,True,2,21397,14,1
37783,True,2,37781,1,1
37799,True,2,37783,4,1
37799,True,2,33703,12,1
37811,True,2,37747,6,1
37811,True,2,36787,10,1
37813,True,2,37811,1,1
37813,True,2,37781,5,1
37831,True,2,37799,5,1
37853,True,2,33757,12,1
37847,True,2,37831,4,1
37847,True,2,33751,12,1
37847,True,2,37591,8,1
37847,True,2,37783,6,1
37871,True,2,21487,14,1
37871,True,2,36847,10,1
37879,True,2,35831,11,1
37879,True,2,37847,5,1
37879,True,2,37871,3,1
37861,True,2,37853,3,1
37861,True,2,29669,13,1
37889,True,2,37633,8,1
37897,True,2,37889,3,1
37907,True,2,21523,14,1
37907,True,2,33811,12,1
37957,True,2,5189,15,1
37951,True,2,29759,13,1
37963,False,,,,
37967,True,2,33871,12,1
37967,True,2,37963,2,1
37967,True,2,36943,10,1
37967,True,2,37951,4,1
37991,True,2,37987,2,1
37993,True,2,37991,1,1
37997,True,2,36973,10,1
37997,True,2,21613,14,1
37997,True,2,37993,2,1
37987,False,,,,
38011,True,2,29819,13,1
38011,True,2,35963,11,1
38039,True,2,37783,8,1
38047,True,2,35999,11,1
38047,True,2,38039,3,1
38047,True,2,5279,15,1
38053,False,,,,
38069,True,2,37813,8,1
38069,True,2,38053,4,1
38113,True,2,29921,13,1
38083,True,2,37571,9,1
38149,True,2,5381,15,1
38119,True,2,37607,9,1
38119,True,2,5351,15,1
38119,True,2,37991,7,1
38119,True,2,29927,13,1
38177,True,2,38113,6,1
38153,True,2,37897,8,1
38153,True,2,34057,12,1
38153,True,2,38149,2,1
38167,True,2,5399,15,1
38167,True,2,38039,7,1
38189,False,,,,
38183,True,2,38119,6,1
38183,True,2,21799,14,1
38183,True,2,38167,4,1
38183,True,2,37159,10,1
38201,True,2,21817,14,1
38201,True,2,38197,2,1
38197,True,2,38069,7,1
38197,True,2,38189,3,1
38219,True,2,34123,12,1
38219,True,2,37963,8,1
38237,True,2,34141,12,1
38231,True,2,38167,6,1
38239,True,2,38231,3,1
38239,True,2,36191,11,1
38239,True,2,5471,15,1
38239,True,2,30047,13,1
38239,True,2,38237,1,1
38261,True,2,38197,6,1
38273,True,2,193,10,2
38281,True,2,38273,3,1
38281,True,2,38153,7,1
38281,True,2,30089,13,1
38299,True,2,36251,11,1
38299,True,2,5531,15,1
38303,True,2,38287,4,1
38303,True,2,38299,2,1
38303,True,2,38239,6,1
38303,True,2,38047,8,1
38287,True,2,5519,15,1
38321,True,2,21937,14,1
38321,True,2,38317,2,1
38317,True,2,36269,11,1
38317,True,2,38189,7,1
38329,True,2,30137,13,1
38329,True,2,38201,7,1
38329,True,2,38327,1,1
38329,True,2,38321,3,1
38327,True,2,34231,12,1
38327,True,2,21943,14,1
38333,True,2,38329,2,1
38333,True,2,37309,10,1
38333,True,2,38317,4,1
38351,True,2,38287,6,1
38371,False,,,,
38393,True,2,38329,6,1
38393,True,2,37369,10,1
38393,True,2,38377,4,1
38393,True,2,34297,12,1
38431,True,2,38303,7,1
38431,True,2,36383,11,1
38377,False,,,,
38447,True,2,37423,10,1
38447,True,2,38431,4,1
38447,True,2,34351,12,1
38447,True,2,22063,14,1
38449,True,2,38447,1,1
38449,True,2,38321,7,1
38461,True,2,5693,15,1
38461,True,2,38453,3,1
38461,True,2,38333,7,1
38461,True,2,30269,13,1
38461,True,2,38459,1,1
38459,False,,,,
38453,True,2,38197,8,1
38453,True,2,38449,2,1
38501,False,,,,
38543,True,2,22159,14,1
38543,True,2,38287,8,1
38557,False,,,,
38561,True,2,37537,10,1
38561,True,2,38557,2,1
38567,True,2,34471,12,1
38569,True,2,38561,3,1
38569,True,2,38567,1,1
38569,True,2,5801,15,1
38593,True,2,38561,5,1
38609,True,2,34513,12,1
38609,True,2,38593,4,1
38603,True,2,37579,10,1
38611,True,2,38603,3,1
38611,True,2,5843,15,1
38611,True,2,38609,1,1
38611,True,2,36563,11,1
38639,True,2,34543,12,1
38629,True,2,5861,15,1
38629,True,2,38501,7,1
38653,True,2,38651,1,1
38651,False,,,,
38669,True,2,38653,4,1
38677,True,2,36629,11,1
38677,True,2,38669,3,1
38671,True,2,38669,1,1
38671,True,2,5903,15,1
38671,True,2,38543,7,1
38671,True,2,38639,5,1
38699,True,2,34603,12,1
38707,True,2,5939,15,1
38707,True,2,38699,3,1
38693,True,2,38629,6,1
38693,True,2,38677,4,1
38711,True,2,38707,2,1
38713,True,2,38711,1,1
38713,True,2,38201,9,1
38723,True,2,38707,4,1
38723,True,2,37699,10,1
38737,True,2,38729,3,1
38737,True,2,38609,7,1
38747,True,2,34651,12,1
38729,True,2,38713,4,1
38749,True,2,38747,1,1
38749,True,2,5981,15,1
38749,True,2,30557,13,1
38749,True,2,38237,9,1
38783,True,2,38767,4,1
38783,True,2,34687,12,1
38791,True,2,38783,3,1
38767,True,2,38639,7,1
38803,False,,,,
38821,True,2,6053,15,1
38821,True,2,38693,7,1
38839,True,2,38711,7,1
38839,True,2,38327,9,1
38839,True,2,36791,11,1
38833,True,2,38321,9,1
38861,False,,,,
38851,True,2,38723,7,1
38867,True,2,38611,8,1
38867,True,2,38803,6,1
38867,True,2,38851,4,1
38867,True,2,22483,14,1
38891,False,,,,
38903,True,2,38839,6,1
38903,True,2,34807,12,1
38903,True,2,37879,10,1
38873,True,2,197,6,2
38917,False,,,,
38923,True,2,38891,5,1
38923,True,2,38921,1,1
38953,True,2,38921,5,1
38933,True,2,38677,8,1
38933,True,2,22549,14,1
38933,True,2,38917,4,1
38921,True,2,37897,10,1
38921,True,2,38917,2,1
38959,True,2,38447,9,1
38971,True,2,38459,9,1
38971,True,2,6203,15,1
38971,True,2,36923,11,1
39019,True,2,38891,7,1
38993,True,2,38977,4,1
38993,True,2,38737,8,1
38993,True,2,34897,12,1
38977,True,2,36929,11,1
39023,True,2,39019,2,1
39023,True,2,38959,6,1
39023,True,2,38767,8,1
39023,True,2,22639,14,1
39041,True,2,38977,6,1
39047,True,2,38791,8,1
39047,True,2,39043,2,1
39043,True,2,39041,1,1
39043,True,2,30851,13,1
39079,True,2,39047,5,1
39079,True,2,6311,15,1
39079,True,2,38567,9,1
39089,True,2,38833,8,1
39097,True,2,6329,15,1
39097,True,2,37049,11,1
39097,True,2,39089,3,1
39107,True,2,39103,2,1
39107,True,2,38083,10,1
39107,True,2,38851,8,1
39107,True,2,39043,6,1
39113,True,2,39097,4,1
39103,True,2,30911,13,1
39119,True,2,35023,12,1
39119,True,2,39103,4,1
39139,True,2,39107,5,1
39133,True,2,30941,13,1
39157,True,2,6389,15,1
39161,True,2,22777,14,1
39161,True,2,39157,2,1
39161,True,2,39097,6,1
39163,True,2,39161,1,1
39163,True,2,38651,9,1
39163,True,2,30971,13,1
39181,True,2,38669,9,1
39191,True,2,38167,10,1
39191,True,2,22807,14,1
39199,True,2,39191,3,1
39209,True,2,38953,8,1
39217,True,2,39209,3,1
39217,True,2,39089,7,1
39217,True,2,6449,15,1
39233,True,2,38977,8,1
39233,True,2,39217,4,1
39233,True,2,39229,2,1
39239,False,,,,
39229,True,2,37181,11,1
39229,True,2,39227,1,1
39227,True,2,38971,8,1
39227,True,2,39163,6,1
39251,False,,,,
39241,True,2,39239,1,1
39241,True,2,39233,3,1
39241,True,2,6473,15,1
39241,True,2,38729,9,1
39241,True,2,39113,7,1
39241,True,2,39209,5,1
39293,True,2,39229,6,1
39301,True,2,37253,11,1
39301,True,2,39293,3,1
39313,True,2,31121,13,1
39323,True,2,38299,10,1
39323,True,2,35227,12,1
39317,True,2,39301,4,1
39317,True,2,35221,12,1
39317,True,2,39313,2,1
39341,True,2,38317,10,1
39359,True,2,39343,4,1
39359,True,2,39103,8,1
39343,True,2,39341,1,1
39343,True,2,31151,13,1
39367,True,2,39359,3,1
39367,True,2,39239,7,1
39367,True,2,6599,15,1
39373,True,2,31181,13,1
39373,True,2,39341,5,1
39373,True,2,38861,9,1
39373,True,2,39371,1,1
39371,True,2,39367,2,1
39397,False,,,,
39383,True,2,39367,4,1
39409,True,2,37361,11,1
39443,True,2,39439,2,1
39443,True,2,23059,14,1
39419,True,2,39163,8,1
39419,True,2,35323,12,1
39439,True,2,31247,13,1
39451,True,2,39419,5,1
39451,True,2,39323,7,1
39451,True,2,31259,13,1
39451,True,2,39443,3,1
39499,True,2,31307,13,1
39499,True,2,39371,7,1
39461,True,2,39397,6,1
39503,True,2,35407,12,1
39503,True,2,39499,2,1
39503,True,2,39439,6,1
39509,False,,,,
39511,True,2,39509,1,1
39511,True,2,31319,13,1
39511,True,2,37463,11,1
39511,True,2,39503,3,1
39511,True,2,39383,7,1
39541,True,2,37493,11,1
39541,True,2,39509,5,1
39521,False,,,,
39551,True,2,23167,14,1
39569,True,2,39313,8,1
39563,True,2,39499,6,1
39581,True,2,38557,10,1
39581,True,2,23197,14,1
39607,False,,,,
39623,True,2,35527,12,1
39623,True,2,39619,2,1
39623,True,2,39367,8,1
39623,True,2,39607,4,1
39659,False,,,,
39619,True,2,37571,11,1
39619,True,2,39107,9,1
39631,True,2,39503,7,1
39631,True,2,39623,3,1
39631,True,2,39119,9,1
39631,True,2,6863,15,1
39671,True,2,39667,2,1
39671,True,2,39607,6,1
39667,True,2,39659,3,1
39667,True,2,37619,11,1
39667,True,2,6899,15,1
39679,True,2,39671,3,1
39679,True,2,6911,15,1
39679,True,2,39551,7,1
39703,True,2,31511,13,1
39703,True,2,39191,9,1
39703,True,2,39671,5,1
39709,True,2,31517,13,1
39709,True,2,39581,7,1
39719,True,2,39703,4,1
39727,True,2,6959,15,1
39727,True,2,39719,3,1
39733,True,2,31541,13,1
39749,True,2,39733,4,1
39761,True,2,38737,10,1
39779,False,,,,
39769,True,2,7001,15,1
39769,True,2,39761,3,1
39791,True,2,38767,10,1
39791,True,2,39727,6,1
39799,True,2,39671,7,1
39799,True,2,39791,3,1
39799,True,2,31607,13,1
39821,False,,,,
39829,True,2,39317,9,1
39829,True,2,39821,3,1
39829,True,2,37781,11,1
39829,True,2,39827,1,1
39839,False,,,,
39827,True,2,35731,12,1
39827,True,2,38803,10,1
39841,True,2,31649,13,1
39841,True,2,39839,1,1
39847,True,2,39719,7,1
39847,True,2,39839,3,1
39847,True,2,37799,11,1
39847,True,2,7079,15,1
39857,True,2,39841,4,1
39857,True,2,23473,14,1
39857,True,2,199,8,2
39857,True,2,38833,10,1
39863,True,2,39799,6,1
39863,True,2,39847,4,1
39863,True,2,39607,8,1
39863,True,2,38839,10,1
39877,True,2,39869,3,1
39877,True,2,7109,15,1
39877,True,2,39749,7,1
39883,True,2,39371,9,1
39869,False,,,,
39887,True,2,39883,2,1
39887,True,2,39631,8,1
39901,True,2,37853,11,1
39901,True,2,39869,5,1
39937,True,2,37889,11,1
39937,True,2,39929,3,1
39929,False,,,,
39971,False,,,,
39953,True,2,39937,4,1
39979,True,2,7211,15,1
39979,True,2,39971,3,1
39983,True,2,39979,2,1
39983,True,2,38959,10,1
39983,True,2,23599,14,1
39983,True,2,39727,8,1
39989,True,2,39733,8,1
40013,True,2,23629,14,1
40013,True,2,40009,2,1
40009,True,2,31817,13,1
40031,False,,,,
40037,False,,,,
40039,True,2,40031,3,1
40039,True,2,40037,1,1
40039,True,2,31847,13,1
40039,True,2,37991,11,1
40063,True,2,40031,5,1
40063,True,2,39551,9,1
40087,True,2,38039,11,1
40093,True,2,39581,9,1
40099,True,2,31907,13,1
40099,True,2,39971,7,1
40099,True,2,7331,15,1
40123,False,,,,
40127,True,2,23743,14,1
40127,True,2,40063,6,1
40127,True,2,39103,10,1
40127,True,2,40123,2,1
40127,True,2,40111,4,1
40111,True,2,39983,7,1
40163,True,2,39139,10,1
40163,True,2,40099,6,1
40163,True,2,36067,12,1
40151,True,2,40087,6,1
40151,True,2,23767,14,1
40153,True,2,40151,1,1
40129,True,2,40127,1,1
40169,True,2,36073,12,1
40169,True,2,40153,4,1
40177,True,2,40169,3,1
40189,False,,,,
40193,True,2,40129,6,1
40193,True,2,39937,8,1
40193,True,2,40189,2,1
40193,True,2,36097,12,1
40193,True,2,40177,4,1
40213,False,,,,
40231,True,2,39719,9,1
40231,True,2,38183,11,1
40237,True,2,38189,11,1
40241,True,2,23857,14,1
40241,True,2,40237,2,1
40241,True,2,40177,6,1
40241,True,2,39217,10,1
40253,True,2,40237,4,1
40253,True,2,39229,10,1
40253,True,2,40189,6,1
40253,True,2,23869,14,1
40277,True,2,40213,6,1
40277,True,2,23893,14,1
40283,True,2,36187,12,1
40283,True,2,23899,14,1
40343,True,2,40087,8,1
40351,True,2,32159,13,1
40351,True,2,40343,3,1
40351,True,2,38303,11,1
40351,True,2,39839,9,1
40351,True,2,7583,15,1
40289,False,,,,
40357,True,2,7589,15,1
40361,True,2,23977,14,1
40361,True,2,40357,2,1
40427,True,2,24043,14,1
40427,True,2,40423,2,1
40387,False,,,,
40423,False,,,,
40429,True,2,40427,1,1
40429,True,2,32237,13,1
40433,True,2,40177,8,1
40433,True,2,40429,2,1
40433,True,2,24049,14,1
40433,True,2,39409,10,1
40459,True,2,40427,5,1
40459,True,2,7691,15,1
40471,True,2,7703,15,1
40471,True,2,40343,7,1
40483,True,2,39971,9,1
40487,True,2,40231,8,1
40487,True,2,40483,2,1
40487,True,2,40471,4,1
40487,True,2,40423,6,1
40487,True,2,24103,14,1
40493,True,2,40237,8,1
40493,True,2,40429,6,1
40493,True,2,24109,14,1
40499,True,2,40483,4,1
40507,True,2,38459,11,1
40507,True,2,40499,3,1
40519,True,2,40487,5,1
40519,True,2,32327,13,1
40531,True,2,40529,1,1
40531,True,2,40499,5,1
40529,True,2,36433,12,1
40543,True,2,40031,9,1
40577,True,2,191,12,2
40583,True,2,40519,6,1
40559,True,2,40543,4,1
40591,True,2,40559,5,1
40591,True,2,7823,15,1
40591,True,2,40583,3,1
40591,True,2,38543,11,1
40597,True,2,7829,15,1
40609,True,2,38561,11,1
40609,True,2,40577,5,1
40609,True,2,7841,15,1
40627,True,2,40499,7,1
40637,True,2,36541,12,1
40693,False,,,,
40697,True,2,40693,2,1
40639,True,2,40637,1,1
40639,True,2,40127,9,1
40709,True,2,40693,4,1
40739,True,2,36643,12,1
40739,True,2,40483,8,1
40751,True,2,39727,10,1
40699,True,2,40697,1,1
40699,True,2,32507,13,1
40699,True,2,38651,11,1
40759,True,2,40751,3,1
40759,True,2,38711,11,1
40771,True,2,40763,3,1
40771,True,2,32579,13,1
40771,True,2,38723,11,1
40771,True,2,40739,5,1
40763,True,2,40759,2,1
40763,True,2,24379,14,1
40763,True,2,40507,8,1
40763,True,2,40699,6,1
40787,True,2,40771,4,1
40787,True,2,36691,12,1
40787,True,2,40531,8,1
40813,True,2,32621,13,1
40801,True,2,40289,9,1
40801,True,2,32609,13,1
40819,True,2,40787,5,1
40823,True,2,40819,2,1
40823,True,2,40759,6,1
40823,True,2,39799,10,1
40823,True,2,24439,14,1
40829,True,2,40813,4,1
40841,False,,,,
40847,True,2,40591,8,1
40849,True,2,40847,1,1
40849,True,2,8081,15,1
40849,True,2,40841,3,1
40853,True,2,39829,10,1
40853,True,2,24469,14,1
40853,True,2,40849,2,1
40853,True,2,40597,8,1
40867,True,2,40739,7,1
40897,False,,,,
40879,True,2,40847,5,1
40879,True,2,8111,15,1
40879,True,2,40751,7,1
40879,True,2,32687,13,1
40883,True,2,40819,6,1
40883,True,2,36787,12,1
40883,True,2,40627,8,1
40883,True,2,40867,4,1
40883,True,2,24499,14,1
40883,True,2,40879,2,1
40903,False,,,,
40933,False,,,,
40939,True,2,40427,9,1
40939,True,2,8171,15,1
40939,True,2,38891,11,1
40927,False,,,,
40949,True,2,40693,8,1
40949,True,2,40933,4,1
40961,True,2,40897,6,1
40961,True,2,39937,10,1
41011,True,2,8243,15,1
41011,True,2,40499,9,1
41011,True,2,40883,7,1
40973,True,2,36877,12,1
40993,True,2,40961,5,1
40993,True,2,32801,13,1
41017,False,,,,
41023,True,2,32831,13,1
41047,True,2,41039,3,1
41039,True,2,36943,12,1
41039,True,2,41023,4,1
41051,True,2,41047,2,1
41057,True,2,40993,6,1
41057,True,2,40801,8,1
41077,True,2,40949,7,1
41113,True,2,41081,5,1
41081,True,2,41017,6,1
41081,True,2,41077,2,1
41081,True,2,24697,14,1
41117,True,2,24733,14,1
41117,True,2,41113,2,1
41117,True,2,40093,10,1
41117,True,2,37021,12,1
41131,True,2,32939,13,1
41131,True,2,8363,15,1
41141,True,2,41077,6,1
41143,True,2,41141,1,1
41149,True,2,32957,13,1
41149,True,2,41141,3,1
41149,True,2,41117,5,1
41149,True,2,40637,9,1
41177,True,2,41161,4,1
41177,True,2,41113,6,1
41177,True,2,24793,14,1
41177,True,2,40153,10,1
41161,True,2,32969,13,1
41161,True,2,39113,11,1
41179,True,2,41177,1,1
41179,True,2,32987,13,1
41179,True,2,41051,7,1
41183,True,2,41179,2,1
41183,True,2,40927,8,1
41183,True,2,37087,12,1
41183,True,2,24799,14,1
41189,True,2,40933,8,1
41201,True,2,40177,10,1
41203,True,2,41201,1,1
41213,True,2,41149,6,1
41213,True,2,37117,12,1
41213,True,2,40189,10,1
41221,True,2,41189,5,1
41221,True,2,40709,9,1
41221,True,2,33029,13,1
41221,True,2,41213,3,1
41231,True,2,41227,2,1
41231,True,2,24847,14,1
41233,True,2,41201,5,1
41233,True,2,41231,1,1
41227,False,,,,
41243,True,2,24859,14,1
41243,True,2,41227,4,1
41243,True,2,41179,6,1
41257,True,2,39209,11,1
41263,True,2,41231,5,1
41263,True,2,40751,9,1
41263,True,2,33071,13,1
41281,True,2,39233,11,1
41281,True,2,8513,15,1
41269,True,2,8501,15,1
41269,True,2,41141,7,1
41299,True,2,40787,9,1
41299,True,2,33107,13,1
41299,True,2,39251,11,1
41333,True,2,41077,8,1
41333,True,2,41269,6,1
41341,True,2,8573,15,1
41341,True,2,40829,9,1
41341,True,2,39293,11,1
41341,True,2,41213,7,1
41341,True,2,41333,3,1
41341,True,2,33149,13,1
41351,True,2,24967,14,1
41357,True,2,41341,4,1
41381,True,2,40357,10,1
41387,True,2,41131,8,1
41399,True,2,41143,8,1
41411,True,2,40387,10,1
41389,True,2,41381,3,1
41389,True,2,39341,11,1
41389,True,2,41357,5,1
41389,True,2,41387,1,1
41413,True,2,41381,5,1
41413,True,2,41411,1,1
41443,True,2,41411,5,1
41453,True,2,40429,10,1
41453,True,2,37357,12,1
41453,True,2,41389,6,1
41467,True,2,39419,11,1
41467,True,2,8699,15,1
41479,True,2,33287,13,1
41479,True,2,41351,7,1
41491,True,2,39443,11,1
41507,True,2,41491,4,1
41507,True,2,41443,6,1
41507,True,2,40483,10,1
41519,True,2,41263,8,1
41519,True,2,37423,12,1
41513,True,2,41257,8,1
41521,True,2,8753,15,1
41521,True,2,33329,13,1
41521,True,2,41519,1,1
41521,True,2,41513,3,1
41539,True,2,33347,13,1
41539,True,2,41411,7,1
41539,True,2,41507,5,1
41543,True,2,41539,2,1
41543,True,2,41479,6,1
41543,True,2,40519,10,1
41543,True,2,37447,12,1
41579,True,2,37483,12,1
41593,True,2,41081,9,1
41549,False,,,,
41597,True,2,37501,12,1
41597,True,2,41593,2,1
41597,True,2,41341,8,1
41609,True,2,41593,4,1
41603,True,2,41539,6,1
41603,True,2,37507,12,1
41603,True,2,25219,14,1
41617,True,2,41609,3,1
41617,True,2,8849,15,1
41617,True,2,39569,11,1
41611,True,2,41609,1,1
41611,True,2,41603,3,1
41611,True,2,41579,5,1
41611,True,2,39563,11,1
41627,True,2,25243,14,1
41627,True,2,41611,4,1
41621,True,2,25237,14,1
41621,True,2,40597,10,1
41621,True,2,41617,2,1
41647,True,2,41519,7,1
41641,True,2,41609,5,1
41641,True,2,41513,7,1
41651,True,2,40627,10,1
41651,True,2,41647,2,1
41659,True,2,41627,5,1
41659,True,2,41651,3,1
41681,True,2,41617,6,1
41669,True,2,41413,8,1
41669,True,2,37573,12,1
41687,True,2,25303,14,1
41687,True,2,37591,12,1
41719,True,2,8951,15,1
41719,True,2,39671,11,1
41719,True,2,41687,5,1
41729,True,2,37633,12,1
41759,True,2,37663,12,1
41737,True,2,41729,3,1
41737,True,2,41609,7,1
41737,True,2,8969,15,1
41761,True,2,41729,5,1
41761,True,2,41759,1,1
41761,True,2,33569,13,1
41771,False,,,,
41777,True,2,41521,8,1
41777,True,2,41761,4,1
41801,True,2,41737,6,1
41809,True,2,41681,7,1
41809,True,2,33617,13,1
41809,True,2,41801,3,1
41809,True,2,39761,11,1
41809,True,2,41777,5,1
41809,True,2,9041,15,1
41813,True,2,37717,12,1
41813,True,2,41809,2,1
41843,True,2,37747,12,1
41843,True,2,40819,10,1
41849,True,2,41593,8,1
41851,True,2,41849,1,1
41851,True,2,41843,3,1
41863,True,2,41351,9,1
41879,True,2,37783,12,1
41879,True,2,41863,4,1
41897,True,2,41893,2,1
41897,True,2,41641,8,1
41903,True,2,41647,8,1
41903,True,2,40879,10,1
41903,True,2,41887,4,1
41887,True,2,41879,3,1
41887,True,2,41759,7,1
41887,True,2,39839,11,1
41893,True,2,41381,9,1
41927,True,2,41863,6,1
41927,True,2,40903,10,1
41927,True,2,37831,12,1
41927,True,2,41911,4,1
41911,True,2,41399,9,1
41911,True,2,39863,11,1
41911,True,2,41903,3,1
41911,True,2,41879,5,1
41953,False,,,,
41957,True,2,41893,6,1
41957,True,2,37861,12,1
41957,True,2,41953,2,1
41957,True,2,40933,10,1
41957,True,2,41941,4,1
41941,True,2,33749,13,1
41941,True,2,9173,15,1
41941,True,2,41813,7,1
41959,True,2,41927,5,1
41959,True,2,41957,1,1
41959,True,2,33767,13,1
41969,True,2,41953,4,1
41947,False,,,,
41981,False,,,,
41983,True,2,41981,1,1
41983,True,2,33791,13,1
41999,True,2,41983,4,1
42013,True,2,41981,5,1
42019,True,2,41507,9,1
42019,True,2,42017,1,1
42019,True,2,33827,13,1
42019,True,2,39971,11,1
42017,True,2,42013,2,1
42017,True,2,41953,6,1
42017,True,2,40993,10,1
42017,True,2,41761,8,1
42017,True,2,25633,14,1
42023,True,2,42019,2,1
42023,True,2,41959,6,1
42023,True,2,25639,14,1
42043,True,2,33851,13,1
42071,True,2,41047,10,1
42073,True,2,42071,1,1
42061,True,2,40013,11,1
42061,True,2,41549,9,1
42061,True,2,9293,15,1
42083,True,2,42019,6,1
42083,True,2,37987,12,1
42101,True,2,25717,14,1
42101,True,2,41077,10,1
42131,True,2,25747,14,1
42089,True,2,42073,4,1
42089,True,2,37993,12,1
42139,True,2,41627,9,1
42139,True,2,42131,3,1
42139,True,2,9371,15,1
42157,False,,,,
42179,True,2,38083,12,1
42181,True,2,42179,1,1
42181,True,2,41669,9,1
42181,True,2,9413,15,1
42169,False,,,,
42187,True,2,42179,3,1
42187,True,2,9419,15,1
42193,True,2,41681,9,1
42197,True,2,41941,8,1
42197,True,2,42181,4,1
42197,True,2,42193,2,1
42221,True,2,42157,6,1
42209,True,2,41953,8,1
42209,True,2,42193,4,1
42209,True,2,38113,12,1
42223,True,2,42221,1,1
42223,True,2,34031,13,1
42227,True,2,42223,2,1
42227,True,2,41203,10,1
42239,True,2,42223,4,1
42239,True,2,41983,8,1
42281,True,2,41257,10,1
42257,True,2,25873,14,1
42257,True,2,41233,10,1
42257,True,2,42193,6,1
42293,True,2,41269,10,1
42293,True,2,38197,12,1
42283,True,2,42281,1,1
42283,True,2,41771,9,1
42299,True,2,42043,8,1
42299,True,2,42283,4,1
42323,True,2,25939,14,1
42323,True,2,42307,4,1
42323,True,2,41299,10,1
42307,True,2,9539,15,1
42307,True,2,42179,7,1
42307,True,2,42299,3,1
42331,True,2,42299,5,1
42331,True,2,42323,3,1
42331,True,2,40283,11,1
42337,True,2,40289,11,1
42337,True,2,42209,7,1
42349,True,2,34157,13,1
42349,True,2,42221,7,1
42373,False,,,,
42359,False,,,,
42379,False,,,,
42391,True,2,9623,15,1
42391,True,2,40343,11,1
42391,True,2,42359,5,1
42391,True,2,41879,9,1
42397,True,2,9629,15,1
42403,True,2,34211,13,1
42407,True,2,42403,2,1
42407,True,2,42391,4,1
42409,True,2,41897,9,1
42409,True,2,40361,11,1
42409,True,2,42281,7,1
42409,True,2,42407,1,1
42409,True,2,34217,13,1
42433,False,,,,
42443,True,2,42379,6,1
42443,True,2,42187,8,1
42437,True,2,42433,2,1
42437,True,2,41413,10,1
42437,True,2,42373,6,1
42437,True,2,42181,8,1
42437,True,2,26053,14,1
42451,True,2,34259,13,1
42451,True,2,42443,3,1
42451,True,2,42323,7,1
42457,True,2,9689,15,1
42461,True,2,42457,2,1
42461,True,2,42397,6,1
42467,True,2,38371,12,1
42467,True,2,42463,2,1
42467,True,2,41443,10,1
42467,True,2,42403,6,1
42467,True,2,42451,4,1
42467,True,2,26083,14,1
42463,True,2,42461,1,1
42473,True,2,42457,4,1
42473,True,2,42409,6,1
42473,True,2,38377,12,1
42491,True,2,41467,10,1
42491,True,2,26107,14,1
42491,True,2,42487,2,1
42487,True,2,9719,15,1
42487,True,2,42359,7,1
42499,True,2,42467,5,1
42499,True,2,42491,3,1
42509,False,,,,
42533,False,,,,
42557,True,2,38461,12,1
42571,True,2,42569,1,1
42571,True,2,42443,7,1
42571,True,2,9803,15,1
42569,False,,,,
42577,True,2,42569,3,1
42577,True,2,40529,11,1
42589,True,2,42557,5,1
42589,True,2,42461,7,1
42641,True,2,42577,6,1
42641,True,2,41617,10,1
42611,True,2,26227,14,1
42643,True,2,42641,1,1
42643,True,2,42131,9,1
42643,True,2,42611,5,1
42677,True,2,26293,14,1
42667,False,,,,
42649,True,2,42641,3,1
42649,True,2,34457,13,1
42683,True,2,41659,10,1
42683,True,2,42667,4,1
42689,True,2,38593,12,1
42689,True,2,42433,8,1
42697,True,2,42569,7,1
42697,True,2,42689,3,1
42697,True,2,9929,15,1
42703,True,2,34511,13,1
42703,True,2,42701,1,1
42701,True,2,42697,2,1
42701,True,2,26317,14,1
42709,True,2,42677,5,1
42709,True,2,9941,15,1
42709,True,2,42701,3,1
42709,True,2,42197,9,1
42719,True,2,42463,8,1
42719,True,2,42703,4,1
42727,True,2,42719,3,1
42737,False,,,,
42743,True,2,42487,8,1
42743,True,2,42727,4,1
42743,True,2,41719,10,1
42751,True,2,42239,9,1
42751,True,2,42743,3,1
42751,True,2,42719,5,1
42767,True,2,42703,6,1
42767,True,2,38671,12,1
42767,True,2,42751,4,1
42773,True,2,38677,12,1
42773,True,2,42709,6,1
42787,True,2,40739,11,1
42797,True,2,42793,2,1
42793,True,2,42281,9,1
42821,True,2,26437,14,1
42829,True,2,42797,5,1
42829,True,2,42821,3,1
42829,True,2,42701,7,1
42829,True,2,10061,15,1
42839,False,,,,
42841,True,2,34649,13,1
42841,True,2,42839,1,1
42853,True,2,42821,5,1
42863,True,2,42859,2,1
42863,True,2,26479,14,1
42863,True,2,38767,12,1
42859,True,2,34667,13,1
42859,True,2,10091,15,1
42899,True,2,38803,12,1
42899,True,2,42643,8,1
42923,True,2,26539,14,1
42923,True,2,42667,8,1
42923,True,2,42859,6,1
42929,True,2,38833,12,1
42901,True,2,42899,1,1
42901,True,2,42773,7,1
42901,True,2,10133,15,1
42901,True,2,40853,11,1
42937,True,2,10169,15,1
42937,True,2,42929,3,1
42943,False,,,,
42953,True,2,42697,8,1
42953,True,2,163,14,2
42953,True,2,42937,4,1
42961,True,2,42929,5,1
42961,True,2,42953,3,1
42961,True,2,10193,15,1
42967,True,2,42839,7,1
42989,False,,,,
42979,True,2,42467,9,1
42979,True,2,10211,15,1
43003,True,2,42491,9,1
43013,True,2,38917,12,1
43019,True,2,38923,12,1
43019,True,2,43003,4,1
43037,True,2,42013,10,1
43051,True,2,43049,1,1
43051,True,2,42923,7,1
43051,True,2,43019,5,1
43049,True,2,38953,12,1
43049,True,2,42793,8,1
43067,True,2,38971,12,1
43067,True,2,26683,14,1
43067,True,2,43063,2,1
43067,True,2,42043,10,1
43067,True,2,43051,4,1
43067,True,2,43003,6,1
43063,True,2,34871,13,1
43093,False,,,,
43117,True,2,42989,7,1
43133,True,2,43117,4,1
43103,False,,,,
43151,False,,,,
43159,True,2,43151,3,1
43159,True,2,10391,15,1
43177,True,2,43049,7,1
43189,True,2,41141,11,1
43189,True,2,42677,9,1
43207,False,,,,
43201,True,2,42689,9,1
43201,True,2,10433,15,1
43223,True,2,42967,8,1
43223,True,2,43207,4,1
43223,True,2,26839,14,1
43223,True,2,43159,6,1
43283,False,,,,
43237,True,2,41189,11,1
43261,True,2,41213,11,1
43261,True,2,35069,13,1
43261,True,2,43133,7,1
43271,True,2,43207,6,1
43291,True,2,35099,13,1
43291,True,2,41243,11,1
43291,True,2,43283,3,1
43319,True,2,43063,8,1
43321,True,2,43313,3,1
43321,True,2,43319,1,1
43321,True,2,35129,13,1
43313,True,2,39217,12,1
43331,True,2,42307,10,1
43331,True,2,26947,14,1
43391,False,,,,
43397,True,2,39301,12,1
43397,True,2,42373,10,1
43399,True,2,43397,1,1
43399,True,2,43271,7,1
43399,True,2,43391,3,1
43399,True,2,10631,15,1
43399,True,2,41351,11,1
43403,True,2,42379,10,1
43403,True,2,43399,2,1
43411,True,2,42899,9,1
43411,True,2,43283,7,1
43411,True,2,43403,3,1
43427,True,2,42403,10,1
43427,True,2,43411,4,1
43427,True,2,27043,14,1
43451,True,2,27067,14,1
43457,True,2,42433,10,1
43457,True,2,43441,4,1
43457,True,2,43201,8,1
43457,True,2,27073,14,1
43441,True,2,42929,9,1
43441,True,2,43313,7,1
43481,True,2,42457,10,1
43487,True,2,42463,10,1
43487,True,2,27103,14,1
43499,False,,,,
43517,True,2,43261,8,1
43541,False,,,,
43573,True,2,43541,5,1
43573,True,2,35381,13,1
43543,True,2,43541,1,1
43577,True,2,43573,2,1
43577,True,2,43321,8,1
43591,True,2,41543,11,1
43597,True,2,41549,11,1
43579,True,2,43067,9,1
43579,True,2,43451,7,1
43579,True,2,43577,1,1
43613,True,2,43597,4,1
43613,True,2,42589,10,1
43613,True,2,43609,2,1
43609,True,2,43577,5,1
43609,True,2,43607,1,1
43609,True,2,43481,7,1
43627,True,2,43499,7,1
43627,True,2,10859,15,1
43627,True,2,41579,11,1
43607,True,2,43543,6,1
43607,True,2,43591,4,1
43607,True,2,39511,12,1
43649,True,2,43633,4,1
43633,False,,,,
43651,True,2,43649,1,1
43651,True,2,10883,15,1
43651,True,2,41603,11,1
43661,True,2,43597,6,1
43661,True,2,27277,14,1
43691,True,2,43627,6,1
43691,True,2,42667,10,1
43711,False,,,,
43669,True,2,43661,3,1
43669,True,2,43541,7,1
43669,True,2,41621,11,1
43717,True,2,41669,11,1
43717,True,2,10949,15,1
43753,True,2,43721,5,1
43721,True,2,43717,2,1
43721,True,2,42697,10,1
43721,True,2,27337,14,1
43759,False,,,,
43777,True,2,41729,11,1
43777,True,2,43649,7,1
43781,True,2,43717,6,1
43781,True,2,27397,14,1
43781,True,2,43777,2,1
43787,True,2,43783,2,1
43783,True,2,43271,9,1
43783,True,2,35591,13,1
43783,True,2,43781,1,1
43793,True,2,43789,2,1
43793,True,2,27409,14,1
43793,True,2,43777,4,1
43789,True,2,43661,7,1
43789,True,2,43787,1,1
43789,True,2,43781,3,1
43789,True,2,35597,13,1
43801,True,2,43793,3,1
43853,True,2,43789,6,1
43853,True,2,42829,10,1
43853,True,2,43597,8,1
43867,False,,,,
43913,True,2,27529,14,1
43891,True,2,43889,1,1
43891,True,2,41843,11,1
43889,True,2,43633,8,1
43933,False,,,,
43943,True,2,39847,12,1
43951,True,2,43943,3,1
43951,True,2,35759,13,1
43951,True,2,41903,11,1
43961,True,2,42937,10,1
43963,True,2,43451,9,1
43963,True,2,35771,13,1
43963,True,2,43961,1,1
43969,True,2,43961,3,1
43969,True,2,43457,9,1
43973,True,2,39877,12,1
43973,True,2,43969,2,1
43973,True,2,43717,8,1
43991,True,2,42967,10,1
43991,True,2,43987,2,1
43987,False,,,,
43997,True,2,39901,12,1
43997,True,2,43933,6,1
44017,True,2,43889,7,1
44017,True,2,41969,11,1
44027,True,2,43963,6,1
44027,True,2,43003,10,1
44021,True,2,44017,2,1
44029,True,2,35837,13,1
44029,True,2,43517,9,1
44029,True,2,43997,5,1
44029,True,2,44027,1,1
44029,True,2,11261,15,1
44029,True,2,44021,3,1
44029,True,2,41981,11,1
44041,True,2,11273,15,1
44041,True,2,43913,7,1
44053,True,2,44021,5,1
44053,True,2,43541,9,1
44071,True,2,35879,13,1
44071,True,2,43943,7,1
44071,True,2,42023,11,1
44059,True,2,44027,5,1
44087,True,2,44071,4,1
44087,True,2,43063,10,1
44089,True,2,43961,7,1
44089,True,2,43577,9,1
44089,True,2,11321,15,1
44089,True,2,44087,1,1
44089,True,2,35897,13,1
44101,True,2,43973,7,1
44119,True,2,43607,9,1
44119,True,2,11351,15,1
44119,True,2,43991,7,1
44119,True,2,44111,3,1
44119,True,2,42071,11,1
44119,True,2,44087,5,1
44111,False,,,,
44123,True,2,43867,8,1
44123,True,2,27739,14,1
44123,True,2,44059,6,1
44123,True,2,44119,2,1
44129,False,,,,
44131,True,2,44123,3,1
44131,True,2,42083,11,1
44131,True,2,44129,1,1
44159,True,2,40063,12,1
44171,False,,,,
44179,True,2,44171,3,1
44179,True,2,11411,15,1
44179,True,2,42131,11,1
44189,True,2,43933,8,1
44189,True,2,40093,12,1
44201,True,2,43177,10,1
44201,True,2,27817,14,1
44203,True,2,44201,1,1
44203,True,2,36011,13,1
44203,True,2,44171,5,1
44203,True,2,43691,9,1
44207,True,2,43951,8,1
44207,True,2,40111,12,1
44207,True,2,27823,14,1
44207,True,2,44203,2,1
44221,True,2,44189,5,1
44249,True,2,40153,12,1
44257,True,2,42209,11,1
44257,True,2,44129,7,1
44257,True,2,11489,15,1
44257,True,2,44249,3,1
44263,False,,,,
44269,True,2,44267,1,1
44269,True,2,42221,11,1
44267,True,2,44263,2,1
44267,True,2,27883,14,1
44267,True,2,44203,6,1
44273,True,2,44269,2,1
44273,True,2,44257,4,1
44273,True,2,40177,12,1
44273,True,2,167,14,2
44273,True,2,44017,8,1
44279,True,2,44263,4,1
44351,True,2,27967,14,1
44281,True,2,44249,5,1
44281,True,2,44273,3,1
44281,True,2,44279,1,1
44293,True,2,43781,9,1
44357,True,2,44101,8,1
44357,True,2,44293,6,1
44371,True,2,42323,11,1
44381,True,2,27997,14,1
44383,True,2,44381,1,1
44383,True,2,36191,13,1
44383,True,2,44351,5,1
44389,True,2,44357,5,1
44389,True,2,11621,15,1
44389,True,2,44381,3,1
44417,False,,,,
44449,True,2,44417,5,1
44449,True,2,11681,15,1
44453,True,2,44449,2,1
44453,True,2,44389,6,1
44453,True,2,28069,14,1
44453,True,2,40357,12,1
44491,True,2,36299,13,1
44491,True,2,44483,3,1
44491,True,2,42443,11,1
44483,True,2,40387,12,1
44483,True,2,28099,14,1
44497,False,,,,
44501,True,2,44497,2,1
44507,True,2,44491,4,1
44507,True,2,28123,14,1
44531,False,,,,
44519,True,2,44263,8,1
44519,True,2,40423,12,1
44537,True,2,44281,8,1
44537,True,2,44533,2,1
44537,True,2,211,4,2
44543,False,,,,
44533,True,2,44501,5,1
44533,True,2,44531,1,1
44533,True,2,44021,9,1
44533,True,2,36341,13,1
44549,True,2,44533,4,1
44549,True,2,44293,8,1
44563,True,2,44531,5,1
44579,True,2,40483,12,1
44579,True,2,44563,4,1
44587,True,2,44579,3,1
44621,True,2,44617,2,1
44621,True,2,43597,10,1
44623,True,2,44621,1,1
44623,True,2,44111,9,1
44617,True,2,42569,11,1
44633,True,2,44617,4,1
44633,True,2,43609,10,1
44641,True,2,44129,9,1
44641,True,2,44633,3,1
44647,True,2,44519,7,1
44683,True,2,44171,9,1
44683,True,2,44651,5,1
44657,True,2,44641,4,1
44657,True,2,43633,10,1
44651,True,2,44587,6,1
44651,True,2,43627,10,1
44651,True,2,44647,2,1
44687,True,2,44683,2,1
44687,True,2,44623,6,1
44687,True,2,40591,12,1
44699,True,2,44683,4,1
44729,False,,,,
44701,True,2,44699,1,1
44701,True,2,11933,15,1
44701,True,2,44189,9,1
44711,True,2,44647,6,1
44741,True,2,43717,10,1
44753,True,2,44497,8,1
44771,True,2,28387,14,1
44777,True,2,44773,2,1
44777,True,2,211,8,2
44777,True,2,28393,14,1
44777,True,2,43753,10,1
44789,True,2,40693,12,1
44789,True,2,44773,4,1
44789,True,2,44533,8,1
44773,True,2,44771,1,1
44773,True,2,44741,5,1
44797,True,2,44789,3,1
44809,True,2,44777,5,1
44809,True,2,12041,15,1
44819,True,2,44563,8,1
44839,True,2,44711,7,1
44839,True,2,12071,15,1
44851,True,2,44843,3,1
44851,True,2,44819,5,1
44867,True,2,44851,4,1
44867,True,2,40771,12,1
44843,True,2,44587,8,1
44843,True,2,44839,2,1
44887,True,2,44879,3,1
44887,True,2,42839,11,1
44887,True,2,12119,15,1
44879,True,2,44623,8,1
44893,True,2,44381,9,1
44909,True,2,40813,12,1
44909,True,2,44893,4,1
44917,True,2,12149,15,1
44917,True,2,44789,7,1
44917,True,2,44909,3,1
44939,True,2,44683,8,1
44927,False,,,,
44959,True,2,36767,13,1
44959,True,2,44927,5,1
44963,True,2,44959,2,1
44963,True,2,40867,12,1
44963,True,2,28579,14,1
44953,True,2,36761,13,1
44971,True,2,12203,15,1
44971,True,2,44843,7,1
44971,True,2,44963,3,1
44971,True,2,44939,5,1
44971,True,2,36779,13,1
44971,True,2,42923,11,1
44983,True,2,36791,13,1
44987,True,2,43963,10,1
44987,True,2,44971,4,1
44987,True,2,28603,14,1
44987,True,2,44983,2,1
45013,True,2,44501,9,1
45013,True,2,36821,13,1
45053,True,2,44029,10,1
45053,True,2,28669,14,1
45053,True,2,44797,8,1
45007,True,2,12239,15,1
45007,True,2,44879,7,1
45061,True,2,45053,3,1
45061,True,2,44549,9,1
45061,True,2,43013,11,1
45077,True,2,45061,4,1
45077,True,2,45013,6,1
45077,True,2,44053,10,1
45083,True,2,44059,10,1
45121,True,2,36929,13,1
45121,True,2,45119,1,1
45119,True,2,41023,12,1
45131,True,2,45127,2,1
45127,True,2,45119,3,1
45137,True,2,45121,4,1
45137,True,2,28753,14,1
45161,False,,,,
45179,False,,,,
45181,True,2,45053,7,1
45181,True,2,45179,1,1
45181,True,2,12413,15,1
45181,True,2,43133,11,1
45139,True,2,45137,1,1
45139,True,2,45131,3,1
45139,True,2,36947,13,1
45191,True,2,45127,6,1
45191,True,2,28807,14,1
45233,False,,,,
45197,True,2,45181,4,1
45197,True,2,28813,14,1
45259,True,2,45131,7,1
45259,True,2,12491,15,1
45247,True,2,12479,15,1
45247,True,2,45119,7,1
45263,True,2,45007,8,1
45263,True,2,45247,4,1
45263,True,2,45259,2,1
45263,True,2,28879,14,1
45281,True,2,44257,10,1
45289,True,2,44777,9,1
45289,True,2,37097,13,1
45289,True,2,45161,7,1
45289,True,2,45281,3,1
45307,True,2,12539,15,1
45307,True,2,45179,7,1
45293,True,2,44269,10,1
45293,True,2,45289,2,1
45293,True,2,28909,14,1
45317,True,2,44293,10,1
45317,True,2,41221,12,1
45317,True,2,28933,14,1
45317,True,2,45061,8,1
45319,True,2,45191,7,1
45319,True,2,43271,11,1
45319,True,2,45317,1,1
45329,True,2,41233,12,1
45341,True,2,45337,2,1
45337,True,2,12569,15,1
45337,True,2,45329,3,1
45361,True,2,43313,11,1
45361,True,2,45329,5,1
45361,True,2,45233,7,1
45343,True,2,45341,1,1
45377,True,2,45361,4,1
45377,True,2,41281,12,1
45377,True,2,45121,8,1
45403,False,,,,
45413,True,2,44389,10,1
45389,False,,,,
45433,False,,,,
45427,True,2,12659,15,1
45439,True,2,12671,15,1
45439,True,2,43391,11,1
45439,True,2,44927,9,1
45491,True,2,45427,6,1
45481,True,2,12713,15,1
45497,True,2,45481,4,1
45497,True,2,45433,6,1
45503,True,2,45247,8,1
45503,True,2,45439,6,1
45523,True,2,45491,5,1
45533,False,,,,
45541,True,2,45413,7,1
45541,True,2,45533,3,1
45557,True,2,45553,2,1
45557,True,2,44533,10,1
45557,True,2,45541,4,1
45557,True,2,29173,14,1
45553,True,2,37361,13,1
45569,True,2,45553,4,1
45587,True,2,44563,10,1
45587,True,2,45523,6,1
45587,True,2,41491,12,1
45589,True,2,45587,1,1
45589,True,2,37397,13,1
45589,True,2,43541,11,1
45589,True,2,45077,9,1
45589,True,2,45557,5,1
45589,True,2,12821,15,1
45613,False,,,,
45599,True,2,45343,8,1
45641,True,2,44617,10,1
45631,True,2,45599,5,1
45631,True,2,45119,9,1
45631,True,2,45503,7,1
45667,True,2,12899,15,1
45667,True,2,45659,3,1
45659,True,2,45403,8,1
45673,True,2,45641,5,1
45673,True,2,45161,9,1
45691,True,2,45179,9,1
45691,True,2,12923,15,1
45691,True,2,45659,5,1
45697,True,2,45569,7,1
45697,True,2,43649,11,1
45677,True,2,45613,6,1
45677,True,2,45673,2,1
45707,True,2,45691,4,1
45707,True,2,41611,12,1
45707,True,2,44683,10,1
45737,True,2,41641,12,1
45737,True,2,45673,6,1
45737,True,2,45481,8,1
45751,True,2,12983,15,1
45757,False,,,,
45763,True,2,37571,13,1
45767,True,2,45751,4,1
45767,True,2,45763,2,1
45767,True,2,29383,14,1
45779,True,2,45523,8,1
45779,True,2,45763,4,1
45821,True,2,45757,6,1
45821,True,2,29437,14,1
45821,True,2,45817,2,1
45821,True,2,44797,10,1
45817,True,2,13049,15,1
45823,True,2,45821,1,1
45827,True,2,45823,2,1
45827,True,2,45763,6,1
45827,True,2,29443,14,1
45833,True,2,44809,10,1
45833,True,2,45817,4,1
45833,True,2,41737,12,1
45841,True,2,43793,11,1
45841,True,2,45329,9,1
45841,True,2,45833,3,1
45841,True,2,37649,13,1
45853,True,2,45821,5,1
45853,True,2,45341,9,1
45863,True,2,44839,10,1
45893,False,,,,
45887,True,2,45823,6,1
45887,True,2,45631,8,1
45869,True,2,45853,4,1
45869,True,2,45613,8,1
45943,False,,,,
45949,True,2,45821,7,1
45953,True,2,29569,14,1
45953,True,2,45949,2,1
45953,True,2,45697,8,1
45959,True,2,45943,4,1
45959,True,2,41863,12,1
45971,True,2,29587,14,1
45979,True,2,45971,3,1
45989,True,2,41893,12,1
46021,True,2,43973,11,1
46021,True,2,45989,5,1
46021,True,2,45893,7,1
46049,True,2,41953,12,1
46027,True,2,13259,15,1
46051,True,2,46049,1,1
46073,True,2,45817,8,1
46061,False,,,,
46091,True,2,46027,6,1
46093,True,2,46061,5,1
46093,True,2,46091,1,1
46099,True,2,45971,7,1
46099,True,2,37907,13,1
46099,True,2,45587,9,1
46099,True,2,46091,3,1
46099,True,2,13331,15,1
46133,False,,,,
46141,True,2,46133,3,1
46103,True,2,46099,2,1
46147,False,,,,
46171,True,2,44123,11,1
46171,True,2,45659,9,1
46153,True,2,45641,9,1
46183,True,2,37991,13,1
46183,True,2,46181,1,1
46181,False,,,,
46187,True,2,46171,4,1
46187,True,2,29803,14,1
46187,True,2,46183,2,1
46219,True,2,45707,9,1
46219,True,2,44171,11,1
46219,True,2,46187,5,1
46219,True,2,13451,15,1
46219,True,2,46091,7,1
46199,True,2,45943,8,1
46199,True,2,46183,4,1
46229,False,,,,
46261,True,2,46229,5,1
46261,True,2,46133,7,1
46261,True,2,38069,13,1
46237,True,2,44189,11,1
46237,True,2,46229,3,1
46237,True,2,13469,15,1
46273,True,2,46271,1,1
46271,True,2,45247,10,1
46301,True,2,46237,6,1
46301,True,2,29917,14,1
46279,True,2,45767,9,1
46279,True,2,46271,3,1
46307,True,2,46051,8,1
46309,True,2,46307,1,1
46309,True,2,46181,7,1
46309,True,2,46301,3,1
46327,True,2,44279,11,1
46327,True,2,46199,7,1
46349,True,2,46093,8,1
46337,True,2,46273,6,1
46351,True,2,46349,1,1
46399,True,2,46271,7,1
46399,True,2,44351,11,1
46399,True,2,45887,9,1
46381,True,2,45869,9,1
46381,True,2,46349,5,1
46381,True,2,13613,15,1
46381,True,2,38189,13,1
46411,True,2,38219,13,1
46439,True,2,46183,8,1
46441,True,2,46439,1,1
46447,True,2,46439,3,1
46447,True,2,13679,15,1
46451,True,2,46447,2,1
46451,True,2,45427,10,1
46471,True,2,45959,9,1
46471,True,2,46439,5,1
46457,True,2,45433,10,1
46457,True,2,46441,4,1
46477,True,2,13709,15,1
46477,True,2,46349,7,1
46489,True,2,46457,5,1
46489,True,2,13721,15,1
46499,True,2,42403,12,1
46507,True,2,46499,3,1
46511,True,2,46447,6,1
46511,True,2,46507,2,1
46523,True,2,46507,4,1
46523,True,2,30139,14,1
46549,True,2,13781,15,1
46549,True,2,44501,11,1
46559,True,2,42463,12,1
46567,True,2,13799,15,1
46567,True,2,46559,3,1
46567,True,2,44519,11,1
46567,True,2,46439,7,1
46589,True,2,46573,4,1
46573,True,2,46061,9,1
46619,False,,,,
46633,True,2,46601,5,1
46639,True,2,46511,7,1
46639,True,2,38447,13,1
46591,True,2,46589,1,1
46591,True,2,44543,11,1
46591,True,2,46559,5,1
46601,False,,,,
46649,True,2,46633,4,1
46663,False,,,,
46643,True,2,30259,14,1
46643,True,2,46639,2,1
46679,True,2,46663,4,1
46681,True,2,46649,5,1
46681,True,2,46679,1,1
46681,True,2,13913,15,1
46681,True,2,44633,11,1
46687,True,2,46559,7,1
46687,True,2,46679,3,1
46691,True,2,45667,10,1
46691,True,2,46687,2,1
46691,True,2,30307,14,1
46703,True,2,46447,8,1
46703,True,2,46687,4,1
46703,True,2,46639,6,1
46703,True,2,30319,14,1
46723,True,2,46691,5,1
46727,True,2,46471,8,1
46727,True,2,46663,6,1
46727,True,2,46723,2,1
46757,False,,,,
46751,True,2,46687,6,1
46751,True,2,30367,14,1
46751,True,2,46747,2,1
46747,True,2,46619,7,1
46747,True,2,44699,11,1
46769,False,,,,
46771,True,2,46643,7,1
46771,True,2,46769,1,1
46807,True,2,46679,7,1
46811,True,2,30427,14,1
46811,True,2,46807,2,1
46811,True,2,46747,6,1
46817,False,,,,
46819,True,2,14051,15,1
46819,True,2,46691,7,1
46819,True,2,46811,3,1
46819,True,2,46817,1,1
46819,True,2,44771,11,1
46819,True,2,46307,9,1
46853,True,2,30469,14,1
46831,True,2,38639,13,1
46831,True,2,46829,1,1
46831,True,2,46703,7,1
46829,True,2,46573,8,1
46861,True,2,46829,5,1
46861,True,2,46853,3,1
46861,True,2,46349,9,1
46861,True,2,38669,13,1
46867,True,2,44819,11,1
46877,True,2,45853,10,1
46877,True,2,46861,4,1
46877,True,2,30493,14,1
46901,True,2,30517,14,1
46889,True,2,46633,8,1
46889,True,2,42793,12,1
46919,True,2,46663,8,1
46957,True,2,44909,11,1
46957,True,2,46829,7,1
46933,True,2,46901,5,1
46997,True,2,46933,6,1
46997,True,2,46993,2,1
46997,True,2,42901,12,1
46993,False,,,,
47017,True,2,14249,15,1
47017,True,2,46889,7,1
47051,True,2,46027,10,1
47041,False,,,,
47057,True,2,47041,4,1
47057,True,2,46993,6,1
47057,True,2,42961,12,1
47059,True,2,47051,3,1
47059,True,2,47057,1,1
47059,True,2,38867,13,1
47087,True,2,46831,8,1
47087,True,2,30703,14,1
47093,False,,,,
47119,True,2,47087,5,1
47119,True,2,47111,3,1
47111,True,2,30727,14,1
47123,True,2,46867,8,1
47123,True,2,47059,6,1
47123,True,2,47119,2,1
47123,True,2,46099,10,1
47137,True,2,47129,3,1
47137,True,2,14369,15,1
47129,False,,,,
47147,True,2,43051,12,1
47147,True,2,30763,14,1
47147,True,2,47143,2,1
47143,True,2,47111,5,1
47149,True,2,47147,1,1
47189,True,2,43093,12,1
47189,True,2,46933,8,1
47161,True,2,47129,5,1
47161,True,2,46649,9,1
47207,True,2,47143,6,1
47207,True,2,46183,10,1
47221,True,2,47189,5,1
47221,True,2,47093,7,1
47237,True,2,47221,4,1
47237,True,2,30853,14,1
47279,False,,,,
47251,True,2,47123,7,1
47269,True,2,46757,9,1
47269,True,2,47237,5,1
47287,True,2,47279,3,1
47287,True,2,14519,15,1
47293,False,,,,
47297,True,2,47293,2,1
47297,True,2,46273,10,1
47297,True,2,43201,12,1
47297,True,2,47041,8,1
47309,True,2,47293,4,1
47303,True,2,47287,4,1
47303,True,2,43207,12,1
47303,True,2,46279,10,1
47317,True,2,47309,3,1
47317,True,2,47189,7,1
47317,True,2,14549,15,1
47351,True,2,47287,6,1
47351,True,2,46327,10,1
47339,False,,,,
47363,False,,,,
47353,True,2,47351,1,1
47353,True,2,39161,13,1
47387,True,2,43291,12,1
47389,True,2,14621,15,1
47389,True,2,47387,1,1
47389,True,2,47381,3,1
47389,True,2,46877,9,1
47389,True,2,45341,11,1
47381,True,2,47317,6,1
47407,True,2,47279,7,1
47407,True,2,14639,15,1
47419,True,2,47417,1,1
47419,True,2,47387,5,1
47419,True,2,39227,13,1
47417,True,2,43321,12,1
47417,True,2,47353,6,1
47417,True,2,31033,14,1
47417,True,2,47161,8,1
47431,True,2,39239,13,1
47431,True,2,47303,7,1
47431,True,2,46919,9,1
47459,False,,,,
47491,True,2,47363,7,1
47491,True,2,47459,5,1
47491,True,2,14723,15,1
47441,False,,,,
47497,False,,,,
47501,True,2,46477,10,1
47501,True,2,47497,2,1
47507,True,2,43411,12,1
47507,True,2,47251,8,1
47507,True,2,47491,4,1
47507,True,2,31123,14,1
47513,True,2,46489,10,1
47513,True,2,47497,4,1
47527,True,2,14759,15,1
47533,True,2,47501,5,1
47533,True,2,39341,13,1
47521,True,2,14753,15,1
47521,True,2,47513,3,1
47543,True,2,47287,8,1
47543,True,2,31159,14,1
47543,True,2,47527,4,1
47563,True,2,47051,9,1
47563,True,2,39371,13,1
47569,True,2,47057,9,1
47569,True,2,47441,7,1
47581,True,2,14813,15,1
47581,True,2,45533,11,1
47599,True,2,14831,15,1
47599,True,2,47087,9,1
47599,True,2,47591,3,1
47591,True,2,47527,6,1
47591,True,2,46567,10,1
47609,True,2,47353,8,1
47623,True,2,47591,5,1
47623,True,2,47111,9,1
47629,True,2,47501,7,1
47653,True,2,39461,13,1
47639,True,2,47623,4,1
47639,True,2,43543,12,1
47657,True,2,47653,2,1
47657,True,2,46633,10,1
47659,True,2,47657,1,1
47659,True,2,47147,9,1
47659,True,2,14891,15,1
47681,False,,,,
47701,True,2,47189,9,1
47701,True,2,47699,1,1
47701,True,2,39509,13,1
47699,False,,,,
47713,True,2,47681,5,1
47713,True,2,47711,1,1
47713,True,2,39521,13,1
47711,True,2,46687,10,1
47711,True,2,31327,14,1
47717,True,2,47653,6,1
47717,True,2,47713,2,1
47717,True,2,31333,14,1
47717,True,2,47701,4,1
47737,True,2,14969,15,1
47737,True,2,47609,7,1
47741,True,2,31357,14,1
47741,True,2,47737,2,1
47777,True,2,47713,6,1
47777,True,2,47521,8,1
47777,True,2,31393,14,1
47743,True,2,39551,13,1
47743,True,2,47711,5,1
47743,True,2,47741,1,1
47791,True,2,47279,9,1
47779,True,2,47777,1,1
47797,False,,,,
47807,True,2,47791,4,1
47807,True,2,43711,12,1
47807,True,2,47743,6,1
47809,True,2,47777,5,1
47809,True,2,47807,1,1
47809,True,2,47681,7,1
47809,True,2,47297,9,1
47837,True,2,47581,8,1
47819,True,2,47563,8,1
47857,False,,,,
47843,True,2,47779,6,1
47843,True,2,46819,10,1
47869,True,2,45821,11,1
47869,True,2,47837,5,1
47869,True,2,47741,7,1
47869,True,2,15101,15,1
47903,False,,,,
47881,True,2,45833,11,1
47917,True,2,15149,15,1
47917,True,2,45869,11,1
47911,True,2,45863,11,1
47911,True,2,47903,3,1
47911,True,2,39719,13,1
47933,True,2,47917,4,1
47933,True,2,47869,6,1
47939,False,,,,
47947,True,2,47819,7,1
47947,True,2,47939,3,1
47963,True,2,47947,4,1
47963,True,2,43867,12,1
47951,True,2,47947,2,1
47951,True,2,31567,14,1
47977,True,2,47969,3,1
47969,True,2,47713,8,1
47981,True,2,47917,6,1
47981,True,2,47977,2,1
47981,True,2,46957,10,1
48017,True,2,46993,10,1
48023,False,,,,
48049,True,2,48017,5,1
48049,True,2,39857,13,1
48029,True,2,43933,12,1
48079,True,2,47951,7,1
48079,True,2,39887,13,1
48073,False,,,,
48091,True,2,47963,7,1
48109,True,2,47981,7,1
48109,True,2,46061,11,1
48119,False,,,,
48131,False,,,,
48121,True,2,48119,1,1
48121,True,2,47609,9,1
48121,True,2,39929,13,1
48121,True,2,46073,11,1
48163,True,2,48131,5,1
48163,True,2,39971,13,1
48157,True,2,48029,7,1
48179,True,2,48163,4,1
48187,True,2,48179,3,1
48193,True,2,47681,9,1
48221,True,2,48157,6,1
48197,True,2,44101,12,1
48197,True,2,48193,2,1
48247,True,2,48119,7,1
48247,True,2,46199,11,1
48247,True,2,48239,3,1
48259,True,2,48131,7,1
48239,False,,,,
48271,True,2,48239,5,1
48281,False,,,,
48299,True,2,44203,12,1
48311,True,2,47287,10,1
48311,True,2,48247,6,1
48313,True,2,48311,1,1
48313,True,2,48281,5,1
48337,True,2,15569,15,1
48341,True,2,48337,2,1
48341,True,2,47317,10,1
48341,True,2,31957,14,1
48383,False,,,,
48397,True,2,46349,11,1
48397,True,2,15629,15,1
48353,True,2,44257,12,1
48353,True,2,48337,4,1
48371,False,,,,
48407,False,,,,
48409,True,2,48281,7,1
48409,True,2,48407,1,1
48409,True,2,15641,15,1
48437,False,,,,
48413,True,2,48157,8,1
48413,True,2,48409,2,1
48413,True,2,47389,10,1
48413,True,2,32029,14,1
48413,True,2,48397,4,1
48463,True,2,47951,9,1
48449,True,2,48193,8,1
48473,True,2,32089,14,1
48473,True,2,48409,6,1
48479,True,2,48463,4,1
48479,True,2,44383,12,1
48481,True,2,48353,7,1
48481,True,2,48449,5,1
48481,True,2,48479,1,1
48481,True,2,40289,13,1
48481,True,2,48473,3,1
48481,True,2,47969,9,1
48487,True,2,48479,3,1
48487,True,2,46439,11,1
48523,True,2,48491,5,1
48527,True,2,48271,8,1
48527,True,2,48463,6,1
48527,True,2,32143,14,1
48527,True,2,48523,2,1
48497,True,2,48481,4,1
48491,True,2,48487,2,1
48533,False,,,,
48539,True,2,48523,4,1
48541,True,2,48539,1,1
48541,True,2,48029,9,1
48541,True,2,15773,15,1
48541,True,2,48413,7,1
48541,True,2,48533,3,1
48563,False,,,,
48571,True,2,15803,15,1
48571,True,2,46523,11,1
48571,True,2,48539,5,1
48571,True,2,48563,3,1
48589,False,,,,
48593,True,2,47569,10,1
48593,True,2,44497,12,1
48593,True,2,48337,8,1
48593,True,2,48589,2,1
48623,True,2,48619,2,1
48623,True,2,47599,10,1
48619,True,2,48611,3,1
48619,True,2,48491,7,1
48619,True,2,40427,13,1
48611,False,,,,
48647,True,2,47623,10,1
48649,True,2,46601,11,1
48649,True,2,48647,1,1
48649,True,2,15881,15,1
48661,True,2,48533,7,1
48679,True,2,48677,1,1
48679,True,2,48647,5,1
48679,True,2,40487,13,1
48731,False,,,,
48677,True,2,48673,2,1
48677,True,2,47653,10,1
48677,True,2,48661,4,1
48673,False,,,,
48733,True,2,48731,1,1
48733,True,2,48221,9,1
48751,True,2,48623,7,1
48751,True,2,46703,11,1
48751,True,2,48239,9,1
48751,True,2,40559,13,1
48757,False,,,,
48767,True,2,47743,10,1
48767,True,2,48751,4,1
48779,True,2,48523,8,1
48779,True,2,44683,12,1
48761,True,2,47737,10,1
48761,True,2,32377,14,1
48761,True,2,48757,2,1
48781,True,2,48779,1,1
48787,True,2,48779,3,1
48799,True,2,46751,11,1
48799,True,2,48767,5,1
48809,False,,,,
48817,True,2,48809,3,1
48817,True,2,46769,11,1
48821,True,2,48757,6,1
48821,True,2,48817,2,1
48821,True,2,47797,10,1
48823,True,2,48821,1,1
48823,True,2,48311,9,1
48869,True,2,44773,12,1
48857,False,,,,
48859,True,2,46811,11,1
48859,True,2,48857,1,1
48859,True,2,48731,7,1
48859,True,2,16091,15,1
48847,False,,,,
48871,True,2,16103,15,1
48871,True,2,48869,1,1
48889,True,2,48857,5,1
48889,True,2,48761,7,1
48889,True,2,40697,13,1
48883,True,2,48371,9,1
48907,True,2,48779,7,1
48907,True,2,16139,15,1
48947,True,2,44851,12,1
48947,True,2,32563,14,1
48947,True,2,48883,6,1
48953,True,2,32569,14,1
48953,True,2,48889,6,1
48973,False,,,,
48989,True,2,48973,4,1
48989,True,2,44893,12,1
48989,True,2,48733,8,1
48991,True,2,48989,1,1
48991,True,2,48479,9,1
48991,True,2,16223,15,1
49003,True,2,48491,9,1
49009,True,2,48497,9,1
49031,True,2,32647,14,1
49019,True,2,49003,4,1
49033,True,2,49031,1,1
49033,True,2,40841,13,1
49043,True,2,48787,8,1
49037,True,2,49033,2,1
49037,True,2,48973,6,1
49037,True,2,48781,8,1
49037,True,2,32653,14,1
49069,True,2,49037,5,1
49069,True,2,16301,15,1
49057,False,,,,
49081,True,2,48953,7,1
49109,True,2,45013,12,1
49103,True,2,48847,8,1
49103,True,2,45007,12,1
49103,True,2,48079,10,1
49103,True,2,32719,14,1
49117,True,2,48989,7,1
49117,True,2,49109,3,1
49117,True,2,16349,15,1
49121,True,2,49117,2,1
49121,True,2,49057,6,1
49123,True,2,49121,1,1
49123,True,2,48611,9,1
49139,True,2,48883,8,1
49139,True,2,49123,4,1
49169,False,,,,
49157,True,2,45061,12,1
49171,True,2,49043,7,1
49171,True,2,49169,1,1
49171,True,2,47123,11,1
49171,True,2,49139,5,1
49193,True,2,49177,4,1
49177,True,2,49169,3,1
49177,True,2,47129,11,1
49199,False,,,,
49201,True,2,49199,1,1
49201,True,2,49193,3,1
49201,True,2,16433,15,1
49201,True,2,49169,5,1
49207,True,2,49199,3,1
49211,True,2,49207,2,1
49211,True,2,48187,10,1
49223,True,2,49207,4,1
49223,True,2,45127,12,1
49223,True,2,32839,14,1
49261,True,2,16493,15,1
49261,True,2,49253,3,1
49253,True,2,32869,14,1
49277,True,2,45181,12,1
49277,True,2,49261,4,1
49279,True,2,48767,9,1
49279,True,2,49277,1,1
49297,True,2,49169,7,1
49297,True,2,16529,15,1
49307,False,,,,
49331,False,,,,
49333,True,2,48821,9,1
49333,True,2,41141,13,1
49333,True,2,49331,1,1
49339,True,2,49211,7,1
49339,True,2,49331,3,1
49339,True,2,49307,5,1
49363,True,2,49331,5,1
49369,True,2,49367,1,1
49369,True,2,48857,9,1
49369,True,2,41177,13,1
49367,True,2,49363,2,1
49367,True,2,32983,14,1
49391,False,,,,
49393,True,2,49391,1,1
49393,True,2,41201,13,1
49409,True,2,49393,4,1
49411,True,2,47363,11,1
49411,True,2,49409,1,1
49417,True,2,16649,15,1
49417,True,2,49409,3,1
49429,True,2,16661,15,1
49429,True,2,47381,11,1
49433,True,2,49429,2,1
49433,True,2,49417,4,1
49433,True,2,33049,14,1
49433,True,2,48409,10,1
49433,True,2,49369,6,1
49433,True,2,49177,8,1
49433,True,2,45337,12,1
49463,True,2,49459,2,1
49463,True,2,49207,8,1
49459,True,2,49331,7,1
49459,True,2,16691,15,1
49459,True,2,49451,3,1
49459,True,2,48947,9,1
49451,False,,,,
49477,False,,,,
49481,True,2,49417,6,1
49481,True,2,49477,2,1
49499,True,2,45403,12,1
49523,True,2,45427,12,1
49523,True,2,49459,6,1
49529,True,2,45433,12,1
49531,True,2,49523,3,1
49531,True,2,49529,1,1
49531,True,2,49019,9,1
49531,True,2,49499,5,1
49531,True,2,16763,15,1
49537,True,2,49529,3,1
49537,True,2,49409,7,1
49547,True,2,49531,4,1
49547,True,2,48523,10,1
49549,True,2,49547,1,1
49549,True,2,41357,13,1
49549,True,2,47501,11,1
49549,True,2,49037,9,1
49559,False,,,,
49597,True,2,16829,15,1
49603,True,2,41411,13,1
49627,True,2,49499,7,1
49613,True,2,49549,6,1
49613,True,2,48589,10,1
49613,True,2,49597,4,1
49633,True,2,49121,9,1
49639,True,2,47591,11,1
49639,True,2,16871,15,1
49663,False,,,,
49667,True,2,49411,8,1
49667,True,2,49663,2,1
49667,True,2,49603,6,1
49697,True,2,48673,10,1
49697,True,2,49681,4,1
49697,True,2,49633,6,1
49669,True,2,49157,9,1
49669,True,2,49667,1,1
49669,True,2,16901,15,1
49711,True,2,41519,13,1
49711,True,2,16943,15,1
49711,True,2,49199,9,1
49681,True,2,49169,9,1
49727,True,2,33343,14,1
49727,True,2,45631,12,1
49727,True,2,49663,6,1
49727,True,2,49711,4,1
49741,True,2,41549,13,1
49741,True,2,49739,1,1
49741,True,2,49613,7,1
49739,False,,,,
49747,True,2,49739,3,1
49747,True,2,47699,11,1
49747,True,2,16979,15,1
49757,True,2,49741,4,1
49757,True,2,48733,10,1
49783,False,,,,
49787,True,2,49531,8,1
49787,True,2,45691,12,1
49787,True,2,33403,14,1
49787,True,2,49783,2,1
49789,True,2,49787,1,1
49789,True,2,17021,15,1
49789,True,2,47741,11,1
49789,True,2,41597,13,1
49789,True,2,49277,9,1
49789,True,2,49757,5,1
49801,True,2,41609,13,1
49801,True,2,17033,15,1
49807,False,,,,
49811,True,2,49747,6,1
49811,True,2,48787,10,1
49811,True,2,49807,2,1
49811,True,2,33427,14,1
49831,True,2,49823,3,1
49823,True,2,48799,10,1
49823,True,2,49807,4,1
49843,True,2,49331,9,1
49843,True,2,49811,5,1
49843,True,2,41651,13,1
49853,True,2,49789,6,1
49853,True,2,49597,8,1
49853,True,2,33469,14,1
49853,True,2,45757,12,1
49871,True,2,33487,14,1
49871,True,2,48847,10,1
49871,True,2,49807,6,1
49891,True,2,17123,15,1
49891,True,2,47843,11,1
49877,True,2,33493,14,1
49919,True,2,49663,8,1
49919,True,2,45823,12,1
49921,True,2,49919,1,1
49921,True,2,49409,9,1
49921,True,2,41729,13,1
49927,True,2,17159,15,1
49927,True,2,49919,3,1
49939,True,2,49937,1,1
49939,True,2,49811,7,1
49943,True,2,49927,4,1
49943,True,2,49939,2,1
49937,True,2,45841,12,1
49937,True,2,49681,8,1
49937,True,2,49921,4,1
49957,True,2,17189,15,1
49993,True,2,41801,13,1
49993,True,2,49991,1,1
49993,True,2,49481,9,1
49991,True,2,49927,6,1
49999,True,2,47951,11,1
49999,True,2,49991,3,1
49999,True,2,17231,15,1
49999,True,2,49871,7,1
50021,True,2,33637,14,1
50021,True,2,49957,6,1
50023,True,2,49991,5,1
50023,True,2,50021,1,1
50047,True,2,49919,7,1
50033,True,2,49009,10,1
50051,True,2,50047,2,1
50053,True,2,50051,1,1
50053,True,2,50021,5,1
50069,True,2,50053,4,1
50077,True,2,50069,3,1
50077,True,2,48029,11,1
50093,True,2,49069,10,1
50093,True,2,50077,4,1
50087,True,2,49831,8,1
50087,True,2,33703,14,1
50087,True,2,50023,6,1
50101,True,2,50069,5,1
50101,True,2,50093,3,1
50101,True,2,17333,15,1
50111,True,2,50047,6,1
50119,True,2,50087,5,1
50119,True,2,17351,15,1
50119,True,2,49991,7,1
50119,True,2,50111,3,1
50119,True,2,41927,13,1
50123,True,2,46027,12,1
50123,True,2,50119,2,1
50123,True,2,33739,14,1
50129,False,,,,
50147,True,2,49891,8,1
50147,True,2,50131,4,1
50147,True,2,49123,10,1
50147,True,2,46051,12,1
50131,True,2,50129,1,1
50131,True,2,50123,3,1
50153,True,2,33769,14,1
50177,True,2,49921,8,1
50159,False,,,,
50207,False,,,,
50221,True,2,50093,7,1
50227,True,2,48179,11,1
50261,False,,,,
50263,True,2,50231,5,1
50263,True,2,50261,1,1
50263,True,2,42071,13,1
50231,True,2,49207,10,1
50231,True,2,50227,2,1
50287,True,2,48239,11,1
50287,True,2,17519,15,1
50287,True,2,50159,7,1
50273,True,2,33889,14,1
50311,False,,,,
50291,True,2,50287,2,1
50291,True,2,50227,6,1
50321,True,2,49297,10,1
50321,True,2,33937,14,1
50329,True,2,48281,11,1
50329,True,2,50321,3,1
50333,True,2,50329,2,1
50333,True,2,50077,8,1
50333,True,2,46237,12,1
50341,True,2,50333,3,1
50341,True,2,17573,15,1
50359,True,2,50231,7,1
50359,True,2,48311,11,1
50363,True,2,49339,10,1
50363,True,2,50359,2,1
50377,True,2,17609,15,1
50387,True,2,49363,10,1
50387,True,2,50383,2,1
50387,True,2,50131,8,1
50383,True,2,49871,9,1
50417,True,2,49393,10,1
50417,True,2,34033,14,1
50423,True,2,46327,12,1
50423,True,2,50359,6,1
50423,True,2,34039,14,1
50411,False,,,,
50441,True,2,49417,10,1
50441,True,2,50377,6,1
50441,True,2,34057,14,1
50461,True,2,50459,1,1
50461,True,2,50333,7,1
50461,True,2,48413,11,1
50459,False,,,,
50513,True,2,50497,4,1
50513,True,2,34129,14,1
50503,True,2,49991,9,1
50497,True,2,48449,11,1
50497,True,2,17729,15,1
50527,True,2,48479,11,1
50539,True,2,50411,7,1
50539,True,2,48491,11,1
50543,True,2,34159,14,1
50543,True,2,46447,12,1
50543,True,2,50527,4,1
50543,True,2,50539,2,1
50543,True,2,50287,8,1
50549,False,,,,
50581,True,2,50549,5,1
50581,True,2,50069,9,1
50581,True,2,48533,11,1
50551,True,2,17783,15,1
50551,True,2,50543,3,1
50551,True,2,50549,1,1
50551,True,2,50423,7,1
50551,True,2,42359,13,1
50591,True,2,50587,2,1
50591,True,2,50527,6,1
50593,True,2,50591,1,1
50587,True,2,50459,7,1
50587,True,2,48539,11,1
50599,True,2,42407,13,1
50599,True,2,50087,9,1
50599,True,2,50591,3,1
50647,False,,,,
50627,True,2,49603,10,1
50651,True,2,50587,6,1
50651,True,2,34267,14,1
50651,True,2,49627,10,1
50651,True,2,50647,2,1
50683,True,2,50651,5,1
50683,True,2,42491,13,1
50671,True,2,17903,15,1
50671,True,2,48623,11,1
50671,True,2,50543,7,1
50671,True,2,50159,9,1
50707,True,2,17939,15,1
50723,True,2,50707,4,1
50741,False,,,,
50753,True,2,34369,14,1
50753,True,2,50497,8,1
50753,True,2,223,10,2
50767,False,,,,
50773,True,2,50741,5,1
50773,True,2,50261,9,1
50777,True,2,46681,12,1
50777,True,2,50773,2,1
50789,True,2,50773,4,1
50833,True,2,42641,13,1
50833,True,2,50321,9,1
50821,True,2,50789,5,1
50849,True,2,50593,8,1
50849,True,2,50833,4,1
50839,False,,,,
50857,True,2,18089,15,1
50857,True,2,48809,11,1
50857,True,2,50849,3,1
50867,True,2,49843,10,1
50867,True,2,46771,12,1
50867,True,2,34483,14,1
50873,True,2,50857,4,1
50893,True,2,50891,1,1
50893,True,2,42701,13,1
50891,False,,,,
50909,True,2,37,8,3
50909,True,2,50893,4,1
50929,True,2,50417,9,1
50929,True,2,42737,13,1
50923,True,2,50891,5,1
50923,True,2,50411,9,1
50951,True,2,49927,10,1
50969,False,,,,
50957,True,2,46861,12,1
50957,True,2,50893,6,1
50971,True,2,50969,1,1
50971,True,2,50459,9,1
50989,True,2,42797,13,1
50989,True,2,50957,5,1
50993,True,2,50989,2,1
50993,True,2,50929,6,1
51031,True,2,42839,13,1
51001,True,2,50993,3,1
51001,True,2,48953,11,1
51001,True,2,50969,5,1
51001,True,2,18233,15,1
51001,True,2,50873,7,1
51043,False,,,,
51047,True,2,51031,4,1
51047,True,2,51043,2,1
51047,True,2,50023,10,1
51059,True,2,51043,4,1
51061,True,2,51059,1,1
51061,True,2,50549,9,1
51109,True,2,18341,15,1
51071,True,2,50047,10,1
51071,True,2,34687,14,1
51131,True,2,34747,14,1
51133,True,2,51131,1,1
51137,True,2,51133,2,1
51137,True,2,47041,12,1
51151,True,2,49103,11,1
51157,True,2,49109,11,1
51169,True,2,51137,5,1
51169,True,2,18401,15,1
51169,True,2,49121,11,1
51193,False,,,,
51199,True,2,51071,7,1
51199,True,2,51197,1,1
51197,True,2,51193,2,1
51197,True,2,51133,6,1
51217,True,2,49169,11,1
51203,True,2,51199,2,1
51203,True,2,34819,14,1
51241,True,2,51239,1,1
51241,True,2,43049,13,1
51241,True,2,49193,11,1
51229,True,2,51197,5,1
51229,True,2,18461,15,1
51229,True,2,43037,13,1
51257,True,2,47161,12,1
51257,True,2,51241,4,1
51257,True,2,51001,8,1
51257,True,2,51193,6,1
51239,True,2,47143,12,1
51263,True,2,51199,6,1
51283,False,,,,
51287,True,2,50263,10,1
51287,True,2,51283,2,1
51287,True,2,51031,8,1
51307,True,2,18539,15,1
51329,False,,,,
51341,False,,,,
51343,True,2,51341,1,1
51343,True,2,43151,13,1
51349,True,2,51341,3,1
51349,True,2,51347,1,1
51347,True,2,51283,6,1
51347,True,2,51343,2,1
51347,True,2,47251,12,1
51347,True,2,34963,14,1
51361,True,2,50849,9,1
51361,True,2,18593,15,1
51361,True,2,51329,5,1
51383,True,2,47287,12,1
51383,True,2,50359,10,1
51407,True,2,51151,8,1
51407,True,2,51343,6,1
51407,True,2,50383,10,1
51407,True,2,35023,14,1
51413,True,2,51349,6,1
51413,True,2,51157,8,1
51413,True,2,47317,12,1
51427,True,2,51419,3,1
51419,False,,,,
51421,True,2,50909,9,1
51421,True,2,51413,3,1
51421,True,2,51419,1,1
51431,True,2,51427,2,1
51437,True,2,51421,4,1
51437,True,2,35053,14,1
51439,True,2,51407,5,1
51439,True,2,18671,15,1
51439,True,2,51437,1,1
51439,True,2,51431,3,1
51439,True,2,49391,11,1
51461,False,,,,
51449,True,2,47353,12,1
51449,True,2,51193,8,1
51473,True,2,35089,14,1
51473,True,2,51217,8,1
51479,False,,,,
51481,True,2,51449,5,1
51481,True,2,50969,9,1
51481,True,2,51479,1,1
51481,True,2,51473,3,1
51481,True,2,49433,11,1
51481,True,2,18713,15,1
51503,True,2,47407,12,1
51503,True,2,51487,4,1
51503,True,2,51439,6,1
51487,True,2,18719,15,1
51487,True,2,51479,3,1
51517,True,2,18749,15,1
51511,True,2,49463,11,1
51511,True,2,43319,13,1
51511,True,2,51479,5,1
51511,True,2,51503,3,1
51511,True,2,18743,15,1
51511,True,2,51383,7,1
51521,True,2,51517,2,1
51521,True,2,50497,10,1
51539,True,2,51283,8,1
51551,True,2,50527,10,1
51551,True,2,51487,6,1
51577,True,2,51449,7,1
51577,True,2,49529,11,1
51563,True,2,50539,10,1
51563,True,2,51307,8,1
51581,True,2,51577,2,1
51581,True,2,51517,6,1
51593,True,2,227,6,2
51593,True,2,47497,12,1
51593,True,2,51577,4,1
51599,True,2,51343,8,1
51607,True,2,51599,3,1
51607,True,2,49559,11,1
51607,True,2,18839,15,1
51607,True,2,51479,7,1
51637,True,2,18869,15,1
51613,True,2,51581,5,1
51631,True,2,51503,7,1
51631,True,2,51599,5,1
51647,True,2,51631,4,1
51659,True,2,47563,12,1
51673,True,2,43481,13,1
51679,True,2,51551,7,1
51679,True,2,51647,5,1
51679,True,2,43487,13,1
51679,True,2,18911,15,1
51691,True,2,51659,5,1
51691,True,2,43499,13,1
51691,True,2,51563,7,1
51691,True,2,51683,3,1
51683,True,2,51427,8,1
51683,True,2,51679,2,1
51713,False,,,,
51721,True,2,51719,1,1
51721,True,2,51593,7,1
51721,True,2,51713,3,1
51767,True,2,51511,8,1
51719,True,2,47623,12,1
51749,True,2,47653,12,1
51769,True,2,43577,13,1
51769,True,2,19001,15,1
51769,True,2,51257,9,1
51769,True,2,51767,1,1
51787,True,2,49739,11,1
51787,True,2,51659,7,1
51797,True,2,47701,12,1
51797,True,2,50773,10,1
51803,True,2,35419,14,1
51803,True,2,51787,4,1
51817,False,,,,
51827,False,,,,
51839,True,2,47743,12,1
51853,True,2,51341,9,1
51853,True,2,43661,13,1
51829,True,2,51827,1,1
51829,True,2,51797,5,1
51859,True,2,49811,11,1
51859,True,2,51827,5,1
51859,True,2,51347,9,1
51871,True,2,51869,1,1
51871,True,2,51839,5,1
51871,True,2,49823,11,1
51869,True,2,51613,8,1
51869,True,2,51853,4,1
51899,False,,,,
51893,True,2,51829,6,1
51893,True,2,35509,14,1
51893,True,2,51637,8,1
51893,True,2,47797,12,1
51907,True,2,51899,3,1
51907,True,2,19139,15,1
51913,True,2,43721,13,1
51929,True,2,51673,8,1
51929,True,2,51913,4,1
51941,False,,,,
51949,True,2,19181,15,1
51949,True,2,51437,9,1
51949,True,2,51941,3,1
51971,True,2,51907,6,1
51977,True,2,51721,8,1
51977,True,2,47881,12,1
51977,True,2,51973,2,1
51977,True,2,35593,14,1
51977,True,2,51913,6,1
51991,True,2,49943,11,1
51991,True,2,51479,9,1
52009,True,2,51977,5,1
51973,True,2,51971,1,1
51973,True,2,51461,9,1
51973,True,2,43781,13,1
51973,True,2,51941,5,1
52027,True,2,19259,15,1
52027,True,2,51899,7,1
52051,True,2,51539,9,1
52021,True,2,51893,7,1
52057,True,2,19289,15,1
52057,True,2,51929,7,1
52067,True,2,52051,4,1
52067,True,2,51043,10,1
52069,True,2,52067,1,1
52069,True,2,51941,7,1
52069,True,2,19301,15,1
52069,True,2,50021,11,1
52081,True,2,43889,13,1
52081,True,2,50033,11,1
52121,True,2,52057,6,1
52127,True,2,51871,8,1
52103,False,,,,
52147,True,2,19379,15,1
52153,True,2,52121,5,1
52153,True,2,43961,13,1
52163,True,2,52147,4,1
52163,True,2,51907,8,1
52177,True,2,50129,11,1
52183,True,2,52181,1,1
52183,True,2,43991,13,1
52181,True,2,51157,10,1
52181,True,2,35797,14,1
52181,True,2,52177,2,1
52189,True,2,43997,13,1
52189,True,2,52181,3,1
52189,True,2,19421,15,1
52201,True,2,19433,15,1
52201,True,2,50153,11,1
52223,True,2,51199,10,1
52223,True,2,35839,14,1
52237,True,2,19469,15,1
52249,True,2,52121,7,1
52253,True,2,51229,10,1
52253,True,2,48157,12,1
52253,True,2,52189,6,1
52253,True,2,52249,2,1
52253,True,2,52237,4,1
52253,True,2,35869,14,1
52259,True,2,48163,12,1
52267,True,2,52259,3,1
52291,True,2,52259,5,1
52291,True,2,52163,7,1
52291,True,2,52289,1,1
52301,True,2,52237,6,1
52289,True,2,48193,12,1
52313,True,2,52057,8,1
52313,True,2,52249,6,1
52361,True,2,35977,14,1
52363,True,2,44171,13,1
52363,True,2,52361,1,1
52321,True,2,44129,13,1
52321,True,2,52289,5,1
52321,True,2,52313,3,1
52321,True,2,19553,15,1
52321,True,2,50273,11,1
52369,True,2,52361,3,1
52369,True,2,50321,11,1
52379,True,2,52363,4,1
52387,True,2,52259,7,1
52387,True,2,52379,3,1
52391,True,2,36007,14,1
52391,True,2,52387,2,1
52453,True,2,51941,9,1
52433,True,2,52177,8,1
52433,True,2,52369,6,1
52433,True,2,48337,12,1
52457,True,2,229,4,2
52457,True,2,52201,8,1
52457,True,2,52453,2,1
52457,True,2,36073,14,1
52489,True,2,50441,11,1
52489,True,2,52361,7,1
52489,True,2,51977,9,1
52489,True,2,52457,5,1
52501,False,,,,
52517,True,2,52501,4,1
52517,True,2,52453,6,1
52511,True,2,51487,10,1
52541,True,2,51517,10,1
52529,False,,,,
52553,True,2,52489,6,1
52553,True,2,227,10,2
52543,True,2,52511,5,1
52543,True,2,52541,1,1
52543,True,2,44351,13,1
52561,True,2,52529,5,1
52561,True,2,19793,15,1
52561,True,2,52553,3,1
52561,True,2,50513,11,1
52561,True,2,52433,7,1
52567,False,,,,
52571,True,2,36187,14,1
52571,True,2,52567,2,1
52583,True,2,52567,4,1
52583,True,2,52579,2,1
52583,True,2,48487,12,1
52579,True,2,52067,9,1
52579,True,2,52571,3,1
52609,True,2,44417,13,1
52609,True,2,19841,15,1
52627,False,,,,
52631,True,2,52567,6,1
52631,True,2,52627,2,1
52631,True,2,51607,10,1
52639,True,2,50591,11,1
52639,True,2,52511,7,1
52639,True,2,52127,9,1
52639,True,2,52631,3,1
52673,True,2,52609,6,1
52667,True,2,48571,12,1
52691,True,2,52627,6,1
52691,True,2,36307,14,1
52697,True,2,229,8,2
52697,True,2,51673,10,1
52697,True,2,36313,14,1
52709,True,2,52453,8,1
52711,True,2,52583,7,1
52711,True,2,52709,1,1
52711,True,2,44519,13,1
52721,False,,,,
52727,True,2,36343,14,1
52727,True,2,52711,4,1
52733,False,,,,
52747,True,2,19979,15,1
52757,True,2,52501,8,1
52757,True,2,48661,12,1
52757,True,2,36373,14,1
52769,True,2,48673,12,1
52783,False,,,,
52813,True,2,44621,13,1
52813,True,2,52301,9,1
52807,False,,,,
52817,True,2,52813,2,1
52817,True,2,52561,8,1
52817,True,2,36433,14,1
52837,True,2,52709,7,1
52837,True,2,50789,11,1
52859,False,,,,
52879,True,2,44687,13,1
52861,True,2,52733,7,1
52861,True,2,52859,1,1
52883,True,2,52627,8,1
52883,True,2,51859,10,1
52883,True,2,48787,12,1
52883,True,2,52879,2,1
52889,False,,,,
52901,True,2,52837,6,1
52903,True,2,44711,13,1
52903,True,2,52901,1,1
52903,True,2,52391,9,1
52937,True,2,51913,10,1
52919,True,2,48823,12,1
52919,True,2,52903,4,1
52951,True,2,52919,5,1
52951,True,2,20183,15,1
52957,True,2,50909,11,1
52963,True,2,44771,13,1
52967,True,2,36583,14,1
52967,True,2,52903,6,1
52967,True,2,52963,2,1
52967,True,2,52711,8,1
52967,True,2,48871,12,1
52967,True,2,52951,4,1
52973,True,2,52957,4,1
52973,True,2,51949,10,1
52981,True,2,44789,13,1
52981,True,2,52973,3,1
52999,True,2,50951,11,1
52999,True,2,52967,5,1
52999,True,2,20231,15,1
53003,True,2,52999,2,1
53003,True,2,48907,12,1
53003,True,2,52747,8,1
53017,True,2,20249,15,1
53017,True,2,52889,7,1
53017,True,2,50969,11,1
53051,True,2,52027,10,1
53051,True,2,53047,2,1
53047,True,2,52919,7,1
53069,True,2,48973,12,1
53069,True,2,52813,8,1
53087,True,2,48991,12,1
53077,True,2,53069,3,1
53089,True,2,53087,1,1
53093,True,2,52069,10,1
53093,True,2,36709,14,1
53093,True,2,53077,4,1
53093,True,2,52837,8,1
53093,True,2,53089,2,1
53101,True,2,53069,5,1
53101,True,2,20333,15,1
53101,True,2,52973,7,1
53101,True,2,44909,13,1
53101,True,2,53093,3,1
53117,True,2,53113,2,1
53117,True,2,53101,4,1
53117,True,2,52861,8,1
53113,False,,,,
53147,False,,,,
53129,True,2,53113,4,1
53129,True,2,49033,12,1
53149,True,2,53147,1,1
53149,True,2,53117,5,1
53161,True,2,20393,15,1
53161,True,2,53129,5,1
53171,True,2,52147,10,1
53171,True,2,36787,14,1
53173,True,2,53171,1,1
53189,True,2,53173,4,1
53197,True,2,53189,3,1
53197,True,2,53069,7,1
53201,True,2,52177,10,1
53201,True,2,53197,2,1
53233,True,2,53201,5,1
53233,True,2,53231,1,1
53233,True,2,52721,9,1
53231,True,2,36847,14,1
53239,True,2,52727,9,1
53239,True,2,53231,3,1
53267,True,2,49171,12,1
53279,False,,,,
53269,True,2,52757,9,1
53269,True,2,45077,13,1
53269,True,2,53267,1,1
53299,True,2,53267,5,1
53299,True,2,53171,7,1
53281,True,2,53279,1,1
53281,True,2,52769,9,1
53309,False,,,,
53327,True,2,36943,14,1
53327,True,2,53323,2,1
53323,True,2,45131,13,1
53353,True,2,45161,13,1
53377,True,2,51329,11,1
53381,True,2,36997,14,1
53381,True,2,53377,2,1
53359,True,2,53327,5,1
53359,True,2,53231,7,1
53401,True,2,52889,9,1
53407,True,2,53279,7,1
53407,True,2,20639,15,1
53411,True,2,52387,10,1
53411,True,2,53407,2,1
53419,True,2,53411,3,1
53437,True,2,53309,7,1
53441,True,2,37057,14,1
53441,True,2,53377,6,1
53441,True,2,53437,2,1
53453,True,2,53197,8,1
53453,True,2,53437,4,1
53479,True,2,52967,9,1
53479,True,2,51431,11,1
53507,True,2,37123,14,1
53507,True,2,49411,12,1
53507,True,2,53503,2,1
53503,False,,,,
53527,True,2,51479,11,1
53527,True,2,20759,15,1
53549,False,,,,
53551,True,2,51503,11,1
53551,True,2,53549,1,1
53569,True,2,51521,11,1
53569,True,2,53441,7,1
53569,True,2,45377,13,1
53591,True,2,52567,10,1
53591,True,2,53527,6,1
53593,True,2,53591,1,1
53597,True,2,53593,2,1
53609,True,2,53353,8,1
53609,True,2,53593,4,1
53623,True,2,53591,5,1
53611,True,2,53609,1,1
53611,True,2,51563,11,1
53617,True,2,53609,3,1
53617,True,2,20849,15,1
53629,True,2,53597,5,1
53629,True,2,51581,11,1
53629,True,2,53117,9,1
53633,True,2,193,14,2
53633,True,2,53629,2,1
53633,True,2,52609,10,1
53633,True,2,53617,4,1
53633,True,2,53569,6,1
53633,True,2,49537,12,1
53633,True,2,53377,8,1
53639,True,2,53623,4,1
53653,False,,,,
53657,True,2,37273,14,1
53657,True,2,53401,8,1
53657,True,2,53653,2,1
53657,True,2,53593,6,1
53681,True,2,53617,6,1
53693,True,2,53629,6,1
53693,True,2,53437,8,1
53693,True,2,49597,12,1
53693,True,2,37309,14,1
53699,True,2,49603,12,1
53719,True,2,53717,1,1
53719,True,2,53591,7,1
53731,True,2,51683,11,1
53731,True,2,53699,5,1
53731,True,2,20963,15,1
53717,True,2,53653,6,1
53759,True,2,49663,12,1
53759,True,2,53503,8,1
53773,False,,,,
53777,True,2,49681,12,1
53777,True,2,53773,2,1
53783,True,2,53719,6,1
53783,True,2,53527,8,1
53791,True,2,53759,5,1
53791,True,2,21023,15,1
53791,True,2,53783,3,1
53791,True,2,45599,13,1
53791,True,2,53279,9,1
53813,False,,,,
53819,False,,,,
53831,True,2,37447,14,1
53831,True,2,52807,10,1
53857,True,2,53849,3,1
53857,True,2,21089,15,1
53849,True,2,53593,8,1
53861,True,2,53857,2,1
53861,True,2,52837,10,1
53887,True,2,51839,11,1
53887,True,2,53759,7,1
53891,True,2,53887,2,1
53891,True,2,37507,14,1
53881,True,2,53849,5,1
53897,True,2,49801,12,1
53897,True,2,53881,4,1
53899,True,2,53897,1,1
53899,True,2,53891,3,1
53899,True,2,45707,13,1
53917,True,2,51869,11,1
53917,True,2,21149,15,1
53923,True,2,53891,5,1
53923,True,2,53411,9,1
53927,True,2,53923,2,1
53927,True,2,52903,10,1
53927,True,2,49831,12,1
53939,True,2,53923,4,1
53939,True,2,49843,12,1
53951,True,2,53887,6,1
53951,True,2,37567,14,1
53959,True,2,53927,5,1
53959,True,2,45767,13,1
53959,True,2,53951,3,1
53959,True,2,21191,15,1
53959,True,2,53831,7,1
53993,False,,,,
53987,True,2,53923,6,1
53987,True,2,49891,12,1
53987,True,2,53731,8,1
53987,True,2,52963,10,1
54011,False,,,,
54001,True,2,53993,3,1
54013,True,2,54011,1,1
54013,True,2,45821,13,1
54037,True,2,21269,15,1
54049,False,,,,
54059,False,,,,
54083,True,2,37699,14,1
54101,True,2,53077,10,1
54101,True,2,37717,14,1
54101,True,2,54037,6,1
54091,True,2,54083,3,1
54091,True,2,54059,5,1
54091,True,2,21323,15,1
54121,True,2,53993,7,1
54121,True,2,53609,9,1
54133,True,2,54101,5,1
54139,True,2,54011,7,1
54163,True,2,45971,13,1
54167,True,2,37783,14,1
54167,True,2,54151,4,1
54167,True,2,54163,2,1
54151,True,2,45959,13,1
54151,True,2,21383,15,1
54151,True,2,53639,9,1
54151,True,2,52103,11,1
54181,True,2,45989,13,1
54217,False,,,,
54193,True,2,53681,9,1
54251,False,,,,
54277,True,2,54269,3,1
54269,True,2,54013,8,1
54287,False,,,,
54293,True,2,233,2,2
54293,True,2,54277,4,1
54293,True,2,53269,10,1
54293,True,2,54037,8,1
54311,False,,,,
54319,True,2,54287,5,1
54319,True,2,54311,3,1
54323,True,2,50227,12,1
54323,True,2,53299,10,1
54323,True,2,54319,2,1
54347,True,2,54331,4,1
54347,True,2,53323,10,1
54347,True,2,37963,14,1
54347,True,2,54091,8,1
54331,True,2,54323,3,1
54331,True,2,53819,9,1
54331,True,2,21563,15,1
54361,True,2,53849,9,1
54361,True,2,52313,11,1
54367,True,2,21599,15,1
54371,True,2,37987,14,1
54371,True,2,54367,2,1
54401,True,2,53377,10,1
54403,True,2,54401,1,1
54403,True,2,53891,9,1
54403,True,2,54371,5,1
54377,True,2,37993,14,1
54377,True,2,54121,8,1
54377,True,2,54361,4,1
54377,True,2,53353,10,1
54409,True,2,54401,3,1
54409,True,2,52361,11,1
54409,True,2,54377,5,1
54409,True,2,53897,9,1
54413,True,2,54409,2,1
54419,True,2,54403,4,1
54419,True,2,54163,8,1
54421,True,2,54413,3,1
54421,True,2,54293,7,1
54421,True,2,46229,13,1
54421,True,2,54419,1,1
54437,True,2,54181,8,1
54437,True,2,54421,4,1
54437,True,2,50341,12,1
54437,True,2,38053,14,1
54443,True,2,53419,10,1
54449,True,2,54193,8,1
54469,True,2,21701,15,1
54469,True,2,54437,5,1
54493,True,2,46301,13,1
54497,True,2,38113,14,1
54497,True,2,54493,2,1
54499,True,2,53987,9,1
54499,True,2,54497,1,1
54499,True,2,46307,13,1
54499,True,2,54371,7,1
54517,False,,,,
54503,True,2,38119,14,1
54503,True,2,53479,10,1
54503,True,2,54499,2,1
54521,True,2,54517,2,1
54541,True,2,54539,1,1
54541,True,2,54413,7,1
54541,True,2,46349,13,1
54541,True,2,21773,15,1
54539,False,,,,
54559,True,2,52511,11,1
54547,True,2,54419,7,1
54547,True,2,54539,3,1
54563,True,2,54547,4,1
54563,True,2,54559,2,1
54563,True,2,54499,6,1
54577,True,2,54449,7,1
54577,True,2,52529,11,1
54581,True,2,54577,2,1
54581,True,2,54517,6,1
54581,True,2,38197,14,1
54583,True,2,54581,1,1
54601,True,2,52553,11,1
54617,True,2,54361,8,1
54617,True,2,53593,10,1
54617,True,2,54601,4,1
54623,True,2,54367,8,1
54623,True,2,54559,6,1
54623,True,2,50527,12,1
54623,True,2,38239,14,1
54631,True,2,21863,15,1
54631,True,2,54623,3,1
54631,True,2,52583,11,1
54631,True,2,54629,1,1
54631,True,2,54503,7,1
54631,True,2,46439,13,1
54629,False,,,,
54667,True,2,54539,7,1
54647,True,2,54583,6,1
54647,True,2,50551,12,1
54647,True,2,53623,10,1
54647,True,2,54631,4,1
54673,False,,,,
54679,True,2,54167,9,1
54679,True,2,54647,5,1
54679,True,2,21911,15,1
54679,True,2,52631,11,1
54721,True,2,54713,3,1
54721,True,2,52673,11,1
54713,True,2,54709,2,1
54713,True,2,38329,14,1
54709,True,2,54581,7,1
54751,True,2,46559,13,1
54751,True,2,54623,7,1
54727,False,,,,
54767,True,2,54751,4,1
54767,True,2,50671,12,1
54779,True,2,50683,12,1
54773,True,2,54517,8,1
54773,True,2,54709,6,1
54787,True,2,54779,3,1
54829,False,,,,
54799,True,2,54767,5,1
54799,True,2,54287,9,1
54799,True,2,22031,15,1
54833,True,2,54577,8,1
54833,True,2,38449,14,1
54833,True,2,54829,2,1
54869,True,2,50773,12,1
54877,True,2,54869,3,1
54877,True,2,22109,15,1
54851,True,2,54787,6,1
54881,True,2,54877,2,1
54881,True,2,53857,10,1
54907,True,2,54779,7,1
54907,True,2,52859,11,1
54917,True,2,50821,12,1
54941,True,2,54877,6,1
54941,True,2,38557,14,1
54941,True,2,53917,10,1
54919,True,2,46727,13,1
54919,True,2,54917,1,1
54949,True,2,54437,9,1
54949,True,2,52901,11,1
54949,True,2,54941,3,1
54949,True,2,46757,13,1
54949,True,2,54917,5,1
54959,False,,,,
54973,True,2,54941,5,1
54983,True,2,54979,2,1
54983,True,2,54919,6,1
54983,True,2,53959,10,1
54983,True,2,54727,8,1
54979,True,2,54851,7,1
55001,False,,,,
55009,True,2,54497,9,1
55009,True,2,55001,3,1
55009,True,2,54881,7,1
55009,True,2,46817,13,1
55021,True,2,46829,13,1
55021,True,2,52973,11,1
55051,True,2,55049,1,1
55051,True,2,54539,9,1
55051,True,2,22283,15,1
55051,True,2,53003,11,1
55049,False,,,,
55057,True,2,55049,3,1
55061,True,2,54037,10,1
55061,True,2,55057,2,1
55061,True,2,38677,14,1
55073,True,2,55057,4,1
55073,True,2,55009,6,1
55073,True,2,54049,10,1
55079,False,,,,
55109,False,,,,
55103,False,,,,
55117,True,2,55109,3,1
55117,True,2,53069,11,1
55117,True,2,22349,15,1
55147,False,,,,
55127,True,2,51031,12,1
55163,True,2,55147,4,1
55163,True,2,54139,10,1
55163,True,2,54907,8,1
55201,True,2,55073,7,1
55201,True,2,22433,15,1
55171,True,2,55163,3,1
55207,True,2,55079,7,1
55213,False,,,,
55217,True,2,54193,10,1
55217,True,2,55213,2,1
55217,True,2,38833,14,1
55217,True,2,55201,4,1
55219,True,2,55217,1,1
55219,True,2,53171,11,1
55229,True,2,55213,4,1
55229,True,2,51133,12,1
55229,True,2,54973,8,1
55249,True,2,47057,13,1
55249,True,2,22481,15,1
55249,True,2,53201,11,1
55249,True,2,55217,5,1
55243,True,2,47051,13,1
55259,True,2,55243,4,1
55291,True,2,55259,5,1
55291,True,2,55163,7,1
55291,True,2,54779,9,1
55313,True,2,55057,8,1
55313,True,2,51217,12,1
55313,True,2,55249,6,1
55313,True,2,233,10,2
55333,True,2,55331,1,1
55331,False,,,,
55337,True,2,51241,12,1
55337,True,2,38953,14,1
55337,True,2,55333,2,1
55339,True,2,47147,13,1
55339,True,2,55337,1,1
55339,True,2,55331,3,1
55339,True,2,22571,15,1
55343,True,2,55339,2,1
55343,True,2,38959,14,1
55343,True,2,54319,10,1
55373,True,2,55117,8,1
55351,True,2,55343,3,1
55381,True,2,54869,9,1
55381,True,2,55373,3,1
55381,True,2,47189,13,1
55381,True,2,22613,15,1
55399,True,2,47207,13,1
55411,True,2,22643,15,1
55457,True,2,55441,4,1
55457,True,2,55201,8,1
55457,True,2,51361,12,1
55441,True,2,55313,7,1
55441,True,2,55439,1,1
55439,True,2,51343,12,1
55469,True,2,55213,8,1
55487,True,2,39103,14,1
55501,True,2,55373,7,1
55501,True,2,53453,11,1
55501,True,2,55469,5,1
55501,True,2,47309,13,1
55511,False,,,,
55529,False,,,,
55541,True,2,54517,10,1
55541,True,2,39157,14,1
55547,True,2,39163,14,1
55547,True,2,55291,8,1
55579,True,2,55547,5,1
55579,True,2,47387,13,1
55579,True,2,22811,15,1
55589,True,2,55333,8,1
55603,False,,,,
55609,True,2,47417,13,1
55631,False,,,,
55619,True,2,55603,4,1
55621,True,2,55109,9,1
55621,True,2,55619,1,1
55621,True,2,22853,15,1
55621,True,2,55589,5,1
55633,True,2,47441,13,1
55633,True,2,55631,1,1
55639,True,2,22871,15,1
55639,True,2,55511,7,1
55639,True,2,55631,3,1
55639,True,2,53591,11,1
55639,True,2,55127,9,1
55661,False,,,,
55663,True,2,55661,1,1
55663,True,2,55631,5,1
55667,True,2,55663,2,1
55667,True,2,55603,6,1
55667,True,2,55411,8,1
55673,True,2,55609,6,1
55673,True,2,51577,12,1
55691,True,2,54667,10,1
55681,True,2,53633,11,1
55681,True,2,55673,3,1
55697,True,2,55681,4,1
55697,True,2,54673,10,1
55697,True,2,55633,6,1
55697,True,2,55441,8,1
55697,True,2,39313,14,1
55711,True,2,22943,15,1
55717,True,2,55589,7,1
55721,True,2,55717,2,1
55763,False,,,,
55733,True,2,51637,12,1
55733,True,2,54709,10,1
55733,True,2,55717,4,1
55787,True,2,51691,12,1
55793,True,2,39409,14,1
55799,False,,,,
55813,False,,,,
55807,True,2,23039,15,1
55807,True,2,53759,11,1
55807,True,2,55799,3,1
55819,True,2,55787,5,1
55819,True,2,55817,1,1
55819,True,2,55691,7,1
55817,True,2,55813,2,1
55817,True,2,51721,12,1
55823,True,2,54799,10,1
55823,True,2,55819,2,1
55823,True,2,55807,4,1
55823,True,2,39439,14,1
55829,True,2,55813,4,1
55837,True,2,55829,3,1
55843,True,2,55331,9,1
55849,True,2,55337,9,1
55849,True,2,23081,15,1
55849,True,2,55721,7,1
55849,True,2,55817,5,1
55849,True,2,47657,13,1
55871,True,2,55807,6,1
55889,True,2,55633,8,1
55897,True,2,53849,11,1
55897,True,2,55889,3,1
55901,True,2,55837,6,1
55901,True,2,54877,10,1
55901,True,2,55897,2,1
55903,True,2,55871,5,1
55903,True,2,55901,1,1
55903,True,2,47711,13,1
55921,True,2,55793,7,1
55921,True,2,55889,5,1
55927,True,2,55799,7,1
55927,True,2,23159,15,1
55933,True,2,55901,5,1
55933,True,2,55931,1,1
55933,True,2,47741,13,1
55931,True,2,55927,2,1
55931,True,2,54907,10,1
55967,True,2,51871,12,1
55967,True,2,55711,8,1
55967,True,2,55903,6,1
55949,True,2,55933,4,1
55949,True,2,51853,12,1
55997,True,2,55933,6,1
55997,True,2,54973,10,1
55987,True,2,53939,11,1
56003,True,2,55987,4,1
56003,True,2,39619,14,1
56003,True,2,54979,10,1
56003,True,2,51907,12,1
56009,True,2,51913,12,1
56039,False,,,,
56053,True,2,55541,9,1
56041,True,2,56039,1,1
56041,True,2,55529,9,1
56041,True,2,53993,11,1
56041,True,2,56009,5,1
56081,True,2,55057,10,1
56093,True,2,55837,8,1
56093,True,2,39709,14,1
56087,True,2,51991,12,1
56087,True,2,39703,14,1
56099,True,2,55843,8,1
56101,True,2,56099,1,1
56101,True,2,56093,3,1
56101,True,2,23333,15,1
56101,True,2,55589,9,1
56113,True,2,56081,5,1
56131,True,2,47939,13,1
56131,True,2,56123,3,1
56131,True,2,55619,9,1
56131,True,2,56099,5,1
56131,True,2,56003,7,1
56131,True,2,54083,11,1
56123,True,2,52027,12,1
56167,True,2,23399,15,1
56167,True,2,56039,7,1
56149,True,2,54101,11,1
56171,True,2,55147,10,1
56171,True,2,56167,2,1
56197,False,,,,
56179,True,2,55667,9,1
56179,True,2,56171,3,1
56207,False,,,,
56237,True,2,55213,10,1
56209,True,2,48017,13,1
56209,True,2,56081,7,1
56209,True,2,55697,9,1
56209,True,2,56207,1,1
56239,True,2,56207,5,1
56239,True,2,56237,1,1
56263,False,,,,
56249,True,2,52153,12,1
56269,True,2,56237,5,1
56269,True,2,56267,1,1
56299,True,2,55787,9,1
56299,True,2,56171,7,1
56299,True,2,54251,11,1
56299,True,2,56267,5,1
56299,True,2,23531,15,1
56267,True,2,56263,2,1
56267,True,2,55243,10,1
56267,True,2,39883,14,1
56333,True,2,52237,12,1
56333,True,2,56269,6,1
56311,True,2,55799,9,1
56311,True,2,48119,13,1
56369,True,2,56113,8,1
56359,True,2,54311,11,1
56377,True,2,23609,15,1
56377,True,2,56249,7,1
56377,True,2,56369,3,1
56383,True,2,55871,9,1
56393,True,2,56377,4,1
56393,True,2,40009,14,1
56401,True,2,23633,15,1
56401,True,2,56369,5,1
56401,True,2,55889,9,1
56401,True,2,56393,3,1
56437,True,2,23669,15,1
56417,True,2,56401,4,1
56417,True,2,52321,12,1
56431,True,2,48239,13,1
56431,True,2,23663,15,1
56443,True,2,55931,9,1
56453,True,2,56197,8,1
56453,True,2,56437,4,1
56467,True,2,54419,11,1
56473,True,2,48281,13,1
56477,True,2,40093,14,1
56477,True,2,56473,2,1
56479,True,2,55967,9,1
56479,True,2,56477,1,1
56489,True,2,56473,4,1
56503,True,2,56501,1,1
56503,True,2,48311,13,1
56501,True,2,56437,6,1
56509,True,2,56477,5,1
56509,True,2,56501,3,1
56509,True,2,55997,9,1
56509,True,2,23741,15,1
56519,True,2,56503,4,1
56519,True,2,56263,8,1
56527,True,2,56519,3,1
56533,True,2,56531,1,1
56533,True,2,56501,5,1
56533,True,2,48341,13,1
56531,True,2,56467,6,1
56531,True,2,56527,2,1
56543,True,2,56527,4,1
56543,True,2,56479,6,1
56591,True,2,56527,6,1
56569,True,2,54521,11,1
56569,True,2,23801,15,1
56599,True,2,56591,3,1
56599,True,2,23831,15,1
56599,True,2,48407,13,1
56599,True,2,56597,1,1
56599,True,2,56087,9,1
56597,True,2,56533,6,1
56597,True,2,52501,12,1
56597,True,2,40213,14,1
56611,True,2,56099,9,1
56611,True,2,54563,11,1
56629,True,2,48437,13,1
56629,True,2,54581,11,1
56629,True,2,56597,5,1
56629,True,2,56501,7,1
56633,True,2,56629,2,1
56633,True,2,56377,8,1
56633,True,2,55609,10,1
56633,True,2,56569,6,1
56663,True,2,55639,10,1
56663,True,2,56659,2,1
56663,True,2,56599,6,1
56663,True,2,52567,12,1
56659,True,2,56531,7,1
56671,True,2,54623,11,1
56671,True,2,56663,3,1
56671,True,2,48479,13,1
56671,True,2,56543,7,1
56681,False,,,,
56687,True,2,55663,10,1
56687,True,2,56671,4,1
56687,True,2,56431,8,1
56711,False,,,,
56701,False,,,,
56731,True,2,48539,13,1
56713,True,2,56711,1,1
56713,True,2,56681,5,1
56737,False,,,,
56767,False,,,,
56747,True,2,56731,4,1
56779,True,2,56747,5,1
56779,True,2,56267,9,1
56773,False,,,,
56783,True,2,56779,2,1
56783,True,2,56767,4,1
56783,True,2,56527,8,1
56807,True,2,52711,12,1
56807,True,2,40423,14,1
56809,True,2,56681,7,1
56809,True,2,56807,1,1
56821,True,2,56813,3,1
56821,True,2,54773,11,1
56813,True,2,40429,14,1
56813,True,2,56809,2,1
56827,True,2,54779,11,1
56857,False,,,,
56843,True,2,40459,14,1
56843,True,2,55819,10,1
56843,True,2,56779,6,1
56843,True,2,52747,12,1
56843,True,2,56827,4,1
56891,True,2,40507,14,1
56891,True,2,56827,6,1
56873,True,2,56809,6,1
56873,True,2,56857,4,1
56873,True,2,55849,10,1
56893,True,2,56891,1,1
56897,True,2,56893,2,1
56909,True,2,56893,4,1
56909,True,2,52813,12,1
56911,True,2,56909,1,1
56911,True,2,56783,7,1
56921,True,2,56857,6,1
56921,True,2,55897,10,1
56923,True,2,56921,1,1
56923,True,2,48731,13,1
56923,True,2,56891,5,1
56941,True,2,56813,7,1
56941,True,2,56909,5,1
56929,True,2,56921,3,1
56929,True,2,54881,11,1
56929,True,2,56417,9,1
56929,True,2,56897,5,1
56951,True,2,55927,10,1
56957,True,2,56701,8,1
56957,True,2,56941,4,1
56957,True,2,55933,10,1
56957,True,2,56893,6,1
56957,True,2,52861,12,1
56963,False,,,,
56989,True,2,56477,9,1
56989,True,2,54941,11,1
56989,True,2,56957,5,1
56983,True,2,56951,5,1
56993,True,2,56737,8,1
56993,True,2,56929,6,1
56993,True,2,40609,14,1
56993,True,2,56989,2,1
56999,True,2,52903,12,1
56999,True,2,56983,4,1
57047,True,2,52951,12,1
57047,True,2,56983,6,1
57037,True,2,56909,7,1
57041,True,2,57037,2,1
57059,True,2,52963,12,1
57073,True,2,57041,5,1
57077,True,2,57073,2,1
57077,True,2,56053,10,1
57077,True,2,40693,14,1
57077,True,2,52981,12,1
57077,True,2,56821,8,1
57097,True,2,24329,15,1
57097,True,2,55049,11,1
57097,True,2,57089,3,1
57107,False,,,,
57089,True,2,57073,4,1
57119,False,,,,
57131,False,,,,
57139,True,2,57107,5,1
57139,True,2,24371,15,1
57139,True,2,57131,3,1
57139,True,2,48947,13,1
57143,True,2,57139,2,1
57143,True,2,53047,12,1
57143,True,2,40759,14,1
57149,True,2,56893,8,1
57173,True,2,53077,12,1
57173,True,2,56149,10,1
57163,True,2,57131,5,1
57179,True,2,56923,8,1
57179,True,2,57163,4,1
57193,True,2,57191,1,1
57193,True,2,56681,9,1
57191,True,2,56167,10,1
57203,True,2,56179,10,1
57203,True,2,40819,14,1
57203,True,2,57139,6,1
57221,True,2,56197,10,1
57223,True,2,57221,1,1
57223,True,2,57191,5,1
57223,True,2,49031,13,1
57223,True,2,56711,9,1
57241,True,2,24473,15,1
57259,True,2,56747,9,1
57259,True,2,57131,7,1
57259,True,2,57251,3,1
57251,True,2,40867,14,1
57269,True,2,53173,12,1
57287,True,2,57283,2,1
57287,True,2,56263,10,1
57287,True,2,57223,6,1
57287,True,2,57271,4,1
57287,True,2,40903,14,1
57301,True,2,49109,13,1
57301,True,2,57173,7,1
57301,True,2,24533,15,1
57301,True,2,57269,5,1
57271,True,2,57269,1,1
57271,True,2,57143,7,1
57283,True,2,57251,5,1
57331,True,2,57329,1,1
57331,True,2,57203,7,1
57331,True,2,49139,13,1
57329,True,2,57073,8,1
57329,True,2,53233,12,1
57347,True,2,57283,6,1
57347,True,2,57331,4,1
57349,True,2,57221,7,1
57349,True,2,57347,1,1
57349,True,2,49157,13,1
57367,False,,,,
57373,False,,,,
57383,True,2,56359,10,1
57383,True,2,57367,4,1
57397,True,2,57269,7,1
57397,True,2,57389,3,1
57389,True,2,57373,4,1
57413,True,2,57397,4,1
57413,True,2,57349,6,1
57427,True,2,24659,15,1
57457,True,2,57329,7,1
57487,True,2,55439,11,1
57467,True,2,56443,10,1
57503,True,2,53407,12,1
57503,True,2,56479,10,1
57503,True,2,57487,4,1
57527,True,2,56503,10,1
57527,True,2,41143,14,1
57527,True,2,57271,8,1
57493,False,,,,
57529,True,2,57527,1,1
57557,True,2,57301,8,1
57557,True,2,56533,10,1
57557,True,2,57493,6,1
57559,True,2,57047,9,1
57559,True,2,57527,5,1
57559,True,2,57557,1,1
57559,True,2,49367,13,1
57559,True,2,55511,11,1
57587,True,2,41203,14,1
57587,True,2,57571,4,1
57587,True,2,57331,8,1
57571,True,2,57059,9,1
57593,True,2,57529,6,1
57593,True,2,56569,10,1
57601,True,2,57593,3,1
57601,True,2,49409,13,1
57601,True,2,57089,9,1
57637,True,2,55589,11,1
57649,True,2,57641,3,1
57653,True,2,41269,14,1
57653,True,2,57397,8,1
57653,True,2,57637,4,1
57653,True,2,57649,2,1
57653,True,2,56629,10,1
57641,True,2,41257,14,1
57641,True,2,57637,2,1
57679,True,2,55631,11,1
57667,True,2,55619,11,1
57689,True,2,53593,12,1
57697,True,2,57689,3,1
57709,True,2,55661,11,1
57713,True,2,53617,12,1
57713,True,2,57709,2,1
57713,True,2,57697,4,1
57713,True,2,57457,8,1
57713,True,2,57649,6,1
57719,True,2,53623,12,1
57731,True,2,57667,6,1
57731,True,2,57727,2,1
57727,True,2,57719,3,1
57737,True,2,56713,10,1
57751,True,2,57719,5,1
57751,True,2,49559,13,1
57773,True,2,57709,6,1
57773,True,2,41389,14,1
57781,True,2,57773,3,1
57781,True,2,57653,7,1
57781,True,2,57269,9,1
57781,True,2,25013,15,1
57781,True,2,55733,11,1
57791,True,2,57787,2,1
57791,True,2,57727,6,1
57791,True,2,56767,10,1
57787,False,,,,
57793,True,2,57791,1,1
57809,True,2,57793,4,1
57803,True,2,56779,10,1
57803,True,2,57787,4,1
57839,False,,,,
57829,False,,,,
57859,True,2,57347,9,1
57859,True,2,57731,7,1
57859,True,2,49667,13,1
57847,True,2,57839,3,1
57847,True,2,57719,7,1
57847,True,2,55799,11,1
57853,False,,,,
57881,True,2,56857,10,1
57899,False,,,,
57901,True,2,57773,7,1
57901,True,2,57899,1,1
57901,True,2,57389,9,1
57917,True,2,56893,10,1
57917,True,2,57901,4,1
57917,True,2,57853,6,1
57943,False,,,,
57923,True,2,41539,14,1
57923,True,2,57667,8,1
57923,True,2,57859,6,1
57973,False,,,,
57947,True,2,56923,10,1
57947,True,2,57943,2,1
57977,True,2,57973,2,1
57977,True,2,53881,12,1
57977,True,2,41593,14,1
58013,True,2,53917,12,1
58013,True,2,56989,10,1
58027,True,2,57899,7,1
57991,False,,,,
58031,True,2,58027,2,1
58031,True,2,41647,14,1
58043,True,2,41659,14,1
58043,True,2,57787,8,1
58043,True,2,58027,4,1
58061,True,2,58057,2,1
58061,True,2,57037,10,1
58049,True,2,57793,8,1
58057,True,2,56009,11,1
58057,True,2,58049,3,1
58067,False,,,,
58073,True,2,58057,4,1
58099,True,2,58067,5,1
58099,True,2,57587,9,1
58109,True,2,57853,8,1
58109,True,2,54013,12,1
58129,True,2,49937,13,1
58129,True,2,56081,11,1
58111,True,2,49919,13,1
58111,True,2,58109,1,1
58111,True,2,25343,15,1
58147,True,2,56099,11,1
58151,True,2,58147,2,1
58153,True,2,58151,1,1
58153,True,2,57641,9,1
58171,True,2,58169,1,1
58171,True,2,58043,7,1
58171,True,2,56123,11,1
58169,True,2,58153,4,1
58193,True,2,58129,6,1
58193,True,2,58189,2,1
58193,True,2,41809,14,1
58189,True,2,58061,7,1
58199,True,2,57943,8,1
58207,True,2,25439,15,1
58207,True,2,58199,3,1
58211,True,2,58147,6,1
58211,True,2,58207,2,1
58217,True,2,57193,10,1
58217,True,2,58153,6,1
58217,True,2,54121,12,1
58229,True,2,54133,12,1
58229,True,2,57973,8,1
58231,True,2,58229,1,1
58231,True,2,58199,5,1
58231,True,2,57719,9,1
58231,True,2,25463,15,1
58237,True,2,25469,15,1
58237,True,2,58109,7,1
58237,True,2,58229,3,1
58309,True,2,25541,15,1
58243,True,2,58211,5,1
58243,True,2,57731,9,1
58243,True,2,50051,13,1
58271,True,2,41887,14,1
58271,True,2,58207,6,1
58313,True,2,58057,8,1
58313,True,2,58309,2,1
58313,True,2,54217,12,1
58367,True,2,41983,14,1
58367,True,2,58363,2,1
58367,True,2,58111,8,1
58337,True,2,58321,4,1
58337,True,2,41953,14,1
58337,True,2,241,8,2
58321,True,2,50129,13,1
58321,True,2,58313,3,1
58321,True,2,57809,9,1
58321,True,2,58193,7,1
58363,False,,,,
58369,True,2,58367,1,1
58369,True,2,58337,5,1
58369,True,2,25601,15,1
58369,True,2,50177,13,1
58379,True,2,58363,4,1
58391,True,2,57367,10,1
58403,True,2,42019,14,1
58403,True,2,58147,8,1
58393,True,2,58391,1,1
58393,True,2,57881,9,1
58417,True,2,56369,11,1
58411,True,2,57899,9,1
58411,True,2,58379,5,1
58411,True,2,58403,3,1
58411,True,2,25643,15,1
58427,True,2,42043,14,1
58427,True,2,58363,6,1
58427,True,2,58411,4,1
58427,True,2,58171,8,1
58427,True,2,54331,12,1
58441,True,2,58313,7,1
58441,True,2,58439,1,1
58441,True,2,56393,11,1
58441,True,2,25673,15,1
58439,False,,,,
58453,True,2,58451,1,1
58453,True,2,50261,13,1
58451,True,2,57427,10,1
58477,False,,,,
58511,True,2,57487,10,1
58481,True,2,58417,6,1
58481,True,2,58477,2,1
58481,True,2,57457,10,1
58537,True,2,56489,11,1
58543,True,2,58031,9,1
58543,True,2,58511,5,1
58549,True,2,56501,11,1
58567,True,2,58439,7,1
58567,True,2,25799,15,1
58567,True,2,56519,11,1
58573,True,2,58061,9,1
58579,True,2,56531,11,1
58579,True,2,58067,9,1
58579,True,2,58451,7,1
58579,True,2,50387,13,1
58601,True,2,58537,6,1
58603,True,2,58601,1,1
58603,True,2,50411,13,1
58613,True,2,54517,12,1
58613,True,2,58549,6,1
58657,True,2,25889,15,1
58631,True,2,58567,6,1
58661,True,2,58657,2,1
58661,True,2,57637,10,1
58687,True,2,25919,15,1
58687,True,2,58679,3,1
58679,True,2,54583,12,1
58693,True,2,58661,5,1
58699,True,2,25931,15,1
58711,True,2,25943,15,1
58711,True,2,58199,9,1
58711,True,2,56663,11,1
58711,True,2,58679,5,1
58727,True,2,58711,4,1
58727,True,2,54631,12,1
58757,True,2,58741,4,1
58757,True,2,58693,6,1
58757,True,2,42373,14,1
58741,True,2,58613,7,1
58741,True,2,58229,9,1
58741,True,2,58733,3,1
58741,True,2,50549,13,1
58733,True,2,58477,8,1
58733,True,2,57709,10,1
58733,True,2,42349,14,1
58763,True,2,58699,6,1
58763,True,2,54667,12,1
58763,True,2,42379,14,1
58771,True,2,58763,3,1
58771,True,2,26003,15,1
58787,True,2,42403,14,1
58787,True,2,58771,4,1
58789,True,2,58661,7,1
58789,True,2,58757,5,1
58789,True,2,58787,1,1
58789,True,2,26021,15,1
58831,True,2,56783,11,1
58889,False,,,,
58897,True,2,58889,3,1
58907,False,,,,
58901,True,2,58897,2,1
58909,True,2,26141,15,1
58909,True,2,58907,1,1
58909,True,2,58901,3,1
58913,True,2,58897,4,1
58913,True,2,58657,8,1
58913,True,2,58909,2,1
58921,True,2,58913,3,1
58921,True,2,56873,11,1
58921,True,2,58889,5,1
58921,True,2,26153,15,1
58943,True,2,58687,8,1
58937,True,2,58921,4,1
58967,True,2,57943,10,1
58967,True,2,58711,8,1
58967,True,2,58963,2,1
58963,True,2,58451,9,1
58979,True,2,58963,4,1
58991,False,,,,
59009,False,,,,
58997,True,2,58741,8,1
58997,True,2,57973,10,1
59011,True,2,59009,1,1
59011,True,2,56963,11,1
59011,True,2,58979,5,1
59021,False,,,,
59023,True,2,58991,5,1
59023,True,2,59021,1,1
59023,True,2,58511,9,1
59051,True,2,58027,10,1
59051,True,2,3,1,10
59051,True,2,42667,14,1
59029,True,2,58997,5,1
59029,True,2,26261,15,1
59029,True,2,58901,7,1
59029,True,2,59021,3,1
59053,True,2,3,2,10
59053,True,2,59021,5,1
59053,True,2,59051,1,1
59063,False,,,,
59077,True,2,26309,15,1
59077,True,2,59069,3,1
59069,True,2,59053,4,1
59069,True,2,54973,12,1
59093,True,2,59077,4,1
59093,True,2,59029,6,1
59093,True,2,42709,14,1
59083,True,2,59051,5,1
59083,True,2,50891,13,1
59107,True,2,26339,15,1
59107,True,2,58979,7,1
59107,True,2,57059,11,1
59113,True,2,58601,9,1
59113,True,2,3,6,10
59119,True,2,58991,7,1
59123,True,2,59119,2,1
59123,True,2,58099,10,1
59123,True,2,59107,4,1
59141,True,2,59077,6,1
59159,False,,,,
59149,True,2,59141,3,1
59149,True,2,50957,13,1
59149,True,2,59021,7,1
59167,True,2,59159,3,1
59167,True,2,26399,15,1
59167,True,2,57119,11,1
59183,True,2,59167,4,1
59183,True,2,59119,6,1
59197,True,2,57149,11,1
59197,True,2,59069,7,1
59207,False,,,,
59209,True,2,59207,1,1
59221,True,2,57173,11,1
59221,True,2,59219,1,1
59221,True,2,59093,7,1
59219,True,2,58963,8,1
59233,False,,,,
59243,True,2,59239,2,1
59243,True,2,55147,12,1
59243,True,2,42859,14,1
59239,True,2,51047,13,1
59239,True,2,58727,9,1
59239,True,2,57191,11,1
59239,True,2,59207,5,1
59263,True,2,51071,13,1
59281,True,2,26513,15,1
59281,True,2,59273,3,1
59273,True,2,59209,6,1
59341,True,2,59333,3,1
59341,True,2,26573,15,1
59351,True,2,42967,14,1
59333,True,2,59077,8,1
59333,True,2,58309,10,1
59357,True,2,59341,4,1
59359,True,2,59357,1,1
59359,True,2,59351,3,1
59359,True,2,26591,15,1
59369,True,2,59113,8,1
59377,True,2,57329,11,1
59377,True,2,59369,3,1
59387,True,2,58363,10,1
59387,True,2,43003,14,1
59387,True,2,55291,12,1
59399,False,,,,
59393,True,2,59377,4,1
59393,True,2,58369,10,1
59417,True,2,58393,10,1
59407,True,2,59399,3,1
59419,True,2,59417,1,1
59419,True,2,58907,9,1
59419,True,2,59387,5,1
59441,True,2,59377,6,1
59441,True,2,58417,10,1
59443,True,2,59441,1,1
59447,True,2,55351,12,1
59447,True,2,43063,14,1
59447,True,2,59443,2,1
59453,True,2,59197,8,1
59467,True,2,26699,15,1
59471,True,2,59467,2,1
59471,True,2,59407,6,1
59473,True,2,59441,5,1
59473,True,2,59471,1,1
59513,True,2,59497,4,1
59513,True,2,59509,2,1
59509,True,2,58997,9,1
59497,True,2,26729,15,1
59497,True,2,59369,7,1
59557,False,,,,
59539,True,2,51347,13,1
59561,True,2,59557,2,1
59561,True,2,43177,14,1
59561,True,2,58537,10,1
59561,True,2,59497,6,1
59561,True,2,3,9,10
59567,True,2,58543,10,1
59581,True,2,26813,15,1
59581,True,2,59069,9,1
59581,True,2,59453,7,1
59611,True,2,51419,13,1
59627,True,2,59611,4,1
59627,True,2,58603,10,1
59621,True,2,59617,2,1
59621,True,2,59557,6,1
59621,True,2,43237,14,1
59617,True,2,26849,15,1
59629,True,2,26861,15,1
59629,True,2,59627,1,1
59629,True,2,59621,3,1
59629,True,2,51437,13,1
59651,False,,,,
59659,True,2,59627,5,1
59659,True,2,26891,15,1
59659,True,2,59651,3,1
59663,True,2,59659,2,1
59663,True,2,59407,8,1
59669,False,,,,
59671,True,2,51479,13,1
59671,True,2,59669,1,1
59671,True,2,26903,15,1
59671,True,2,59159,9,1
59671,True,2,59663,3,1
59699,True,2,55603,12,1
59699,True,2,59443,8,1
59693,True,2,59629,6,1
59707,True,2,59699,3,1
59723,True,2,58699,10,1
59723,True,2,59467,8,1
59723,True,2,59707,4,1
59723,True,2,59659,6,1
59743,True,2,51551,13,1
59729,True,2,59473,8,1
59729,True,2,55633,12,1
59753,True,2,59497,8,1
59747,True,2,59743,2,1
59791,True,2,51599,13,1
59791,True,2,59663,7,1
59779,True,2,59771,3,1
59779,True,2,57731,11,1
59779,True,2,59747,5,1
59779,True,2,27011,15,1
59779,True,2,59651,7,1
59771,True,2,59707,6,1
59797,True,2,59669,7,1
59809,False,,,,
59879,True,2,59863,4,1
59863,True,2,59351,9,1
59833,False,,,,
59887,True,2,59879,3,1
59887,True,2,57839,11,1
59921,True,2,58897,10,1
59929,True,2,59921,3,1
59929,True,2,57881,11,1
59929,True,2,59417,9,1
59951,True,2,59887,6,1
59957,True,2,43573,14,1
59971,True,2,57923,11,1
59981,True,2,43597,14,1
60013,True,2,59981,5,1
59999,True,2,59743,8,1
59999,True,2,55903,12,1
60017,True,2,43633,14,1
60017,True,2,55921,12,1
60017,True,2,60013,2,1
60037,True,2,60029,3,1
60029,True,2,55933,12,1
60029,True,2,60013,4,1
60041,True,2,60037,2,1
60083,True,2,55987,12,1
60077,True,2,59053,10,1
60077,True,2,60013,6,1
60089,True,2,59833,8,1
60091,True,2,60089,1,1
60091,True,2,60083,3,1
60091,True,2,51899,13,1
60091,True,2,58043,11,1
60101,True,2,43717,14,1
60101,True,2,59077,10,1
60101,True,2,60037,6,1
60127,True,2,59999,7,1
60103,True,2,60101,1,1
60107,True,2,59083,10,1
60107,True,2,60103,2,1
60107,True,2,60091,4,1
60133,True,2,59621,9,1
60133,True,2,60101,5,1
60133,True,2,51941,13,1
60139,True,2,59627,9,1
60139,True,2,60107,5,1
60149,True,2,60133,4,1
60149,True,2,56053,12,1
60161,True,2,43777,14,1
60169,True,2,51977,13,1
60169,True,2,60161,3,1
60169,True,2,60041,7,1
60169,True,2,60167,1,1
60209,True,2,56113,12,1
60217,True,2,58169,11,1
60217,True,2,60209,3,1
60217,True,2,27449,15,1
60217,True,2,60089,7,1
60167,True,2,60103,6,1
60167,True,2,43783,14,1
60223,False,,,,
60251,True,2,43867,14,1
60257,True,2,59233,10,1
60259,True,2,59747,9,1
60259,True,2,52067,13,1
60259,True,2,60257,1,1
60259,True,2,60251,3,1
60259,True,2,58211,11,1
60271,False,,,,
60293,True,2,60037,8,1
60293,True,2,60289,2,1
60293,True,2,56197,12,1
60289,True,2,60257,5,1
60289,True,2,60161,7,1
60331,False,,,,
60337,True,2,60209,7,1
60317,True,2,43933,14,1
60343,False,,,,
60353,True,2,43969,14,1
60353,True,2,60289,6,1
60353,True,2,60337,4,1
60373,True,2,52181,13,1
60397,False,,,,
60427,True,2,58379,11,1
60383,True,2,59359,10,1
60383,True,2,60127,8,1
60413,True,2,44029,14,1
60413,True,2,60397,4,1
60443,True,2,59419,10,1
60443,True,2,60427,4,1
60443,True,2,44059,14,1
60449,False,,,,
60493,True,2,52301,13,1
60493,True,2,59981,9,1
60457,True,2,27689,15,1
60457,True,2,60449,3,1
60497,True,2,59473,10,1
60497,True,2,60493,2,1
60497,True,2,56401,12,1
60509,True,2,60493,4,1
60521,True,2,60457,6,1
60521,True,2,59497,10,1
60539,True,2,56443,12,1
60527,True,2,60271,8,1
60527,True,2,56431,12,1
60601,True,2,60089,9,1
60589,True,2,60077,9,1
60607,False,,,,
60611,True,2,60607,2,1
60617,True,2,60601,4,1
60623,True,2,56527,12,1
60623,True,2,60607,4,1
60631,True,2,60623,3,1
60647,True,2,44263,14,1
60647,True,2,60631,4,1
60637,True,2,60509,7,1
60649,True,2,58601,11,1
60649,True,2,60521,7,1
60649,True,2,60647,1,1
60649,True,2,52457,13,1
60649,True,2,60617,5,1
60659,False,,,,
60661,True,2,58613,11,1
60661,True,2,27893,15,1
60661,True,2,60149,9,1
60661,True,2,60659,1,1
60679,True,2,60167,9,1
60679,True,2,58631,11,1
60679,True,2,60647,5,1
60689,False,,,,
60703,True,2,52511,13,1
60719,True,2,60703,4,1
60733,True,2,52541,13,1
60737,True,2,60733,2,1
60727,True,2,58679,11,1
60727,True,2,60719,3,1
60761,True,2,60757,2,1
60757,False,,,,
60779,True,2,60763,4,1
60763,True,2,60251,9,1
60763,True,2,52571,13,1
60763,True,2,60761,1,1
60811,True,2,58763,11,1
60811,True,2,60779,5,1
60773,True,2,44389,14,1
60773,True,2,60757,4,1
60793,True,2,60761,5,1
60821,True,2,59797,10,1
60821,True,2,60757,6,1
60859,True,2,52667,13,1
60889,True,2,52697,13,1
60889,True,2,60761,7,1
60889,True,2,60887,1,1
60869,True,2,56773,12,1
60887,True,2,60631,8,1
60887,True,2,59863,10,1
60899,False,,,,
60901,True,2,60773,7,1
60901,True,2,60869,5,1
60901,True,2,52709,13,1
60901,True,2,60899,1,1
60917,True,2,60661,8,1
60917,True,2,56821,12,1
60917,True,2,60913,2,1
60917,True,2,60901,4,1
60917,True,2,44533,14,1
60913,True,2,52721,13,1
60919,True,2,60887,5,1
60919,True,2,52727,13,1
60919,True,2,60917,1,1
60919,True,2,28151,15,1
60923,True,2,56827,12,1
60923,True,2,60919,2,1
60923,True,2,60859,6,1
60937,True,2,58889,11,1
60953,True,2,56857,12,1
60953,True,2,60937,4,1
60953,True,2,60889,6,1
60953,True,2,59929,10,1
60961,True,2,60953,3,1
60961,True,2,58913,11,1
60961,True,2,52769,13,1
60961,True,2,60449,9,1
60943,False,,,,
61001,True,2,44617,14,1
61001,True,2,60937,6,1
61007,True,2,56911,12,1
61007,True,2,60943,6,1
61007,True,2,44623,14,1
61027,True,2,58979,11,1
61027,True,2,60899,7,1
61031,True,2,61027,2,1
61031,True,2,44647,14,1
61043,True,2,61027,4,1
61051,True,2,60923,7,1
61051,True,2,61043,3,1
61051,True,2,28283,15,1
61051,True,2,52859,13,1
61051,True,2,60539,9,1
61057,True,2,59009,11,1
61057,True,2,28289,15,1
61099,True,2,61091,3,1
61099,True,2,59051,11,1
61121,True,2,61057,6,1
61091,True,2,61027,6,1
61129,True,2,60617,9,1
61129,True,2,52937,13,1
61129,True,2,61001,7,1
61129,True,2,61121,3,1
61151,True,2,60127,10,1
61141,True,2,59093,11,1
61169,True,2,57073,12,1
61169,True,2,60913,8,1
61169,True,2,61153,4,1
61153,True,2,61151,1,1
61153,True,2,61121,5,1
61211,False,,,,
61223,True,2,44839,14,1
61231,True,2,60719,9,1
61231,True,2,28463,15,1
61231,True,2,59183,11,1
61231,True,2,61223,3,1
61253,False,,,,
61261,True,2,28493,15,1
61261,True,2,61253,3,1
61261,True,2,53069,13,1
61283,True,2,60259,10,1
61283,True,2,61027,8,1
61291,True,2,61283,3,1
61291,True,2,59243,11,1
61291,True,2,60779,9,1
61333,True,2,61331,1,1
61333,True,2,60821,9,1
61297,True,2,61169,7,1
61331,False,,,,
61339,True,2,61211,7,1
61339,True,2,61331,3,1
61339,True,2,53147,13,1
61339,True,2,28571,15,1
61343,True,2,44959,14,1
61343,True,2,61339,2,1
61363,True,2,53171,13,1
61363,True,2,61331,5,1
61357,False,,,,
61379,True,2,61363,4,1
61379,True,2,57283,12,1
61403,True,2,61339,6,1
61409,True,2,61153,8,1
61381,True,2,61379,1,1
61381,True,2,59333,11,1
61381,True,2,61253,7,1
61381,True,2,53189,13,1
61381,True,2,60869,9,1
61417,True,2,59369,11,1
61417,True,2,61409,3,1
61417,True,2,28649,15,1
61441,True,2,59393,11,1
61441,True,2,61409,5,1
61463,True,2,57367,12,1
61471,True,2,61463,3,1
61471,True,2,53279,13,1
61471,True,2,61469,1,1
61471,True,2,28703,15,1
61471,True,2,61343,7,1
61469,True,2,57373,12,1
61483,False,,,,
61487,True,2,61483,2,1
61487,True,2,61231,8,1
61487,True,2,61471,4,1
61493,True,2,57397,12,1
61507,True,2,61379,7,1
61511,True,2,61507,2,1
61511,True,2,45127,14,1
61519,True,2,53327,13,1
61519,True,2,61487,5,1
61519,True,2,61007,9,1
61519,True,2,28751,15,1
61519,True,2,61511,3,1
61519,True,2,59471,11,1
61543,True,2,61031,9,1
61543,True,2,61511,5,1
61547,True,2,61543,2,1
61547,True,2,61291,8,1
61547,True,2,61483,6,1
61553,True,2,57457,12,1
61553,True,2,61297,8,1
61559,True,2,61543,4,1
61561,True,2,59513,11,1
61561,True,2,28793,15,1
61561,True,2,61559,1,1
61561,True,2,61553,3,1
61609,True,2,59561,11,1
61603,True,2,61091,9,1
61603,True,2,53411,13,1
61583,True,2,61519,6,1
61583,True,2,57487,12,1
61613,True,2,60589,10,1
61613,True,2,61609,2,1
61613,True,2,61357,8,1
61627,True,2,28859,15,1
61631,True,2,61627,2,1
61631,True,2,60607,10,1
61631,True,2,45247,14,1
61637,True,2,61381,8,1
61643,True,2,61627,4,1
61643,True,2,45259,14,1
61651,True,2,61643,3,1
61657,False,,,,
61667,True,2,57571,12,1
61667,True,2,61651,4,1
61667,True,2,61603,6,1
61673,True,2,61417,8,1
61673,True,2,61657,4,1
61673,True,2,60649,10,1
61673,True,2,61609,6,1
61673,True,2,45289,14,1
61687,True,2,61559,7,1
61681,True,2,61673,3,1
61681,True,2,61553,7,1
61681,True,2,61169,9,1
61703,True,2,60679,10,1
61703,True,2,61687,4,1
61703,True,2,45319,14,1
61717,True,2,28949,15,1
61717,True,2,59669,11,1
61723,True,2,61211,9,1
61751,True,2,61687,6,1
61751,True,2,60727,10,1
61729,True,2,28961,15,1
61757,True,2,60733,10,1
61813,True,2,61781,5,1
61781,True,2,61717,6,1
61781,True,2,60757,10,1
61819,True,2,59771,11,1
61837,False,,,,
61843,True,2,61331,9,1
61861,False,,,,
61871,False,,,,
61879,True,2,61751,7,1
61879,True,2,61871,3,1
61909,True,2,53717,13,1
61909,True,2,61781,7,1
61927,True,2,59879,11,1
61949,True,2,61933,4,1
61949,True,2,57853,12,1
61933,False,,,,
61961,True,2,60937,10,1
61979,True,2,61723,8,1
61967,True,2,60943,10,1
61981,True,2,61949,5,1
61981,True,2,61469,9,1
61981,True,2,61979,1,1
61991,True,2,61987,2,1
61991,True,2,61927,6,1
61987,True,2,61979,3,1
62003,True,2,61987,4,1
62011,True,2,61979,5,1
62011,True,2,29243,15,1
62011,True,2,62003,3,1
62011,True,2,53819,13,1
62039,True,2,57943,12,1
62017,False,,,,
62047,True,2,62039,3,1
62047,True,2,59999,11,1
62053,True,2,53861,13,1
62057,True,2,45673,14,1
62057,True,2,62053,2,1
62071,True,2,61559,9,1
62071,True,2,29303,15,1
62071,True,2,62039,5,1
62081,True,2,61057,10,1
62081,True,2,45697,14,1
62081,True,2,62017,6,1
62099,True,2,61843,8,1
62119,True,2,53927,13,1
62119,True,2,61991,7,1
62129,False,,,,
62131,True,2,29363,15,1
62131,True,2,62003,7,1
62131,True,2,62129,1,1
62131,True,2,53939,13,1
62131,True,2,60083,11,1
62131,True,2,62099,5,1
62137,True,2,60089,11,1
62137,True,2,62129,3,1
62143,True,2,62141,1,1
62143,True,2,61631,9,1
62143,True,2,53951,13,1
62141,True,2,62137,2,1
62141,True,2,45757,14,1
62171,False,,,,
62189,True,2,61933,8,1
62191,True,2,29423,15,1
62191,True,2,62189,1,1
62201,True,2,62137,6,1
62201,True,2,45817,14,1
62207,True,2,45823,14,1
62207,True,2,62191,4,1
62207,True,2,58111,12,1
62207,True,2,62143,6,1
62213,False,,,,
62219,False,,,,
62233,True,2,62201,5,1
62273,True,2,62017,8,1
62297,True,2,62233,6,1
62303,True,2,62047,8,1
62303,True,2,58207,12,1
62303,True,2,62299,2,1
62299,True,2,62297,1,1
62299,True,2,29531,15,1
62299,True,2,62171,7,1
62299,True,2,60251,11,1
62311,True,2,62303,3,1
62323,False,,,,
62327,True,2,45943,14,1
62327,True,2,62071,8,1
62327,True,2,62323,2,1
62327,True,2,58231,12,1
62327,True,2,62311,4,1
62347,True,2,62219,7,1
62351,True,2,62347,2,1
62383,True,2,61871,9,1
62383,True,2,62351,5,1
62417,True,2,58321,12,1
62417,True,2,62401,4,1
62401,True,2,60353,11,1
62401,True,2,29633,15,1
62401,True,2,62273,7,1
62423,False,,,,
62459,True,2,58363,12,1
62467,True,2,62459,3,1
62483,True,2,62467,4,1
62483,True,2,46099,14,1
62477,True,2,62473,2,1
62477,True,2,46093,14,1
62473,True,2,61961,9,1
62501,True,2,62497,2,1
62497,True,2,60449,11,1
62507,True,2,58411,12,1
62507,True,2,61483,10,1
62533,True,2,62501,5,1
62539,True,2,54347,13,1
62539,True,2,62507,5,1
62549,True,2,62533,4,1
62549,True,2,58453,12,1
62563,True,2,54371,13,1
62581,True,2,62549,5,1
62591,False,,,,
62603,True,2,62539,6,1
62603,True,2,62347,8,1
62603,True,2,46219,14,1
62597,True,2,62581,4,1
62597,True,2,62533,6,1
62627,True,2,62563,6,1
62627,True,2,61603,10,1
62617,False,,,,
62633,True,2,62617,4,1
62633,True,2,58537,12,1
62633,True,2,61609,10,1
62653,True,2,62141,9,1
62639,True,2,62383,8,1
62639,True,2,58543,12,1
62659,True,2,60611,11,1
62659,True,2,62627,5,1
62683,True,2,62171,9,1
62687,True,2,62683,2,1
62723,True,2,62467,8,1
62723,True,2,62659,6,1
62701,True,2,62189,9,1
62731,True,2,62603,7,1
62731,True,2,54539,13,1
62731,True,2,62219,9,1
62731,True,2,62723,3,1
62743,False,,,,
62753,True,2,58657,12,1
62753,True,2,61729,10,1
62753,True,2,62497,8,1
62773,True,2,54581,13,1
62761,True,2,62753,3,1
62761,True,2,62633,7,1
62801,False,,,,
62791,False,,,,
62819,True,2,62563,8,1
62827,True,2,62819,3,1
62827,True,2,60779,11,1
62827,True,2,30059,15,1
62851,True,2,62723,7,1
62851,True,2,62819,5,1
62869,True,2,60821,11,1
62869,True,2,62861,3,1
62861,True,2,61837,10,1
62861,True,2,46477,14,1
62873,True,2,62869,2,1
62873,True,2,46489,14,1
62873,True,2,62617,8,1
62903,True,2,61879,10,1
62897,False,,,,
62921,False,,,,
62929,True,2,62897,5,1
62929,True,2,62927,1,1
62929,True,2,62921,3,1
62929,True,2,62417,9,1
62929,True,2,30161,15,1
62929,True,2,62801,7,1
62939,True,2,62683,8,1
62927,True,2,58831,12,1
62969,False,,,,
62971,True,2,30203,15,1
62971,True,2,62459,9,1
62971,True,2,62969,1,1
62971,True,2,54779,13,1
62971,True,2,60923,11,1
62971,True,2,62939,5,1
62981,False,,,,
62983,True,2,62981,1,1
62989,True,2,62981,3,1
62989,True,2,62987,1,1
62989,True,2,62477,9,1
62989,True,2,62861,7,1
62987,True,2,62983,2,1
62987,True,2,62731,8,1
62987,True,2,62971,4,1
63029,True,2,62773,8,1
63059,True,2,58963,12,1
63031,True,2,63029,1,1
63031,True,2,62903,7,1
63067,True,2,63059,3,1
63067,True,2,62939,7,1
63073,True,2,54881,13,1
63079,True,2,61031,11,1
63097,True,2,62969,7,1
63103,True,2,62591,9,1
63113,True,2,63097,4,1
63127,False,,,,
63131,True,2,46747,14,1
63131,True,2,63127,2,1
63131,True,2,63067,6,1
63179,True,2,59083,12,1
63149,True,2,59053,12,1
63197,False,,,,
63199,True,2,30431,15,1
63199,True,2,61151,11,1
63199,True,2,62687,9,1
63199,True,2,63197,1,1
63211,True,2,63179,5,1
63277,True,2,30509,15,1
63277,True,2,63149,7,1
63241,True,2,63113,7,1
63241,True,2,55049,13,1
63247,False,,,,
63281,True,2,63277,2,1
63299,False,,,,
63311,True,2,63247,6,1
63313,True,2,63281,5,1
63313,True,2,63311,1,1
63313,True,2,62801,9,1
63317,True,2,46933,14,1
63317,True,2,63313,2,1
63317,True,2,59221,12,1
63331,True,2,62819,9,1
63331,True,2,61283,11,1
63331,True,2,63299,5,1
63337,False,,,,
63361,True,2,30593,15,1
63361,True,2,63353,3,1
63347,True,2,63331,4,1
63347,True,2,62323,10,1
63353,True,2,63097,8,1
63353,True,2,63337,4,1
63367,False,,,,
63377,True,2,59281,12,1
63377,True,2,63313,6,1
63377,True,2,46993,14,1
63377,True,2,63361,4,1
63389,False,,,,
63391,True,2,61343,11,1
63391,True,2,63389,1,1
63409,True,2,62897,9,1
63409,True,2,63377,5,1
63409,True,2,63281,7,1
63409,True,2,55217,13,1
63397,True,2,63389,3,1
63421,True,2,63389,5,1
63421,True,2,55229,13,1
63421,True,2,63419,1,1
63419,False,,,,
63439,True,2,62927,9,1
63439,True,2,30671,15,1
63439,True,2,63311,7,1
63443,True,2,47059,14,1
63443,True,2,63439,2,1
63463,False,,,,
63473,True,2,63409,6,1
63473,True,2,59377,12,1
63467,True,2,63211,8,1
63467,True,2,63463,2,1
63487,False,,,,
63493,True,2,62981,9,1
63499,True,2,62987,9,1
63499,True,2,63467,5,1
63521,True,2,62497,10,1
63521,True,2,47137,14,1
63527,True,2,63463,6,1
63527,True,2,47143,14,1
63541,True,2,61493,11,1
63541,True,2,30773,15,1
63541,True,2,63029,9,1
63541,True,2,63533,3,1
63559,True,2,61511,11,1
63559,True,2,63527,5,1
63577,True,2,30809,15,1
63533,True,2,47149,14,1
63533,True,2,63277,8,1
63587,True,2,63331,8,1
63587,True,2,62563,10,1
63599,False,,,,
63589,True,2,63587,1,1
63607,True,2,63599,3,1
63607,True,2,61559,11,1
63607,True,2,30839,15,1
63601,True,2,63473,7,1
63601,True,2,63599,1,1
63601,True,2,61553,11,1
63611,True,2,63607,2,1
63617,True,2,63601,4,1
63617,True,2,63361,8,1
63629,False,,,,
63647,True,2,63391,8,1
63649,True,2,30881,15,1
63649,True,2,63521,7,1
63649,True,2,55457,13,1
63649,True,2,63617,5,1
63649,True,2,63647,1,1
63667,True,2,63659,3,1
63659,False,,,,
63691,True,2,63689,1,1
63691,True,2,61643,11,1
63691,True,2,63659,5,1
63691,True,2,63179,9,1
63671,True,2,47287,14,1
63671,True,2,63607,6,1
63671,True,2,63667,2,1
63689,False,,,,
63697,True,2,63689,3,1
63703,True,2,55511,13,1
63703,True,2,63671,5,1
63709,True,2,63197,9,1
63709,True,2,30941,15,1
63719,True,2,63463,8,1
63719,True,2,63703,4,1
63737,True,2,47353,14,1
63727,True,2,63719,3,1
63727,True,2,63599,7,1
63743,True,2,63487,8,1
63743,True,2,63727,4,1
63773,True,2,63709,6,1
63773,True,2,47389,14,1
63761,True,2,63697,6,1
63781,True,2,55589,13,1
63781,True,2,31013,15,1
63781,True,2,63773,3,1
63793,True,2,63761,5,1
63793,True,2,63281,9,1
63799,True,2,63671,7,1
63799,True,2,61751,11,1
63803,True,2,63799,2,1
63803,True,2,59707,12,1
63803,True,2,47419,14,1
63823,True,2,63311,9,1
63823,True,2,55631,13,1
63809,True,2,63793,4,1
63839,True,2,63823,4,1
63839,True,2,59743,12,1
63841,True,2,63809,5,1
63841,True,2,63839,1,1
63853,True,2,55661,13,1
63863,True,2,63607,8,1
63863,True,2,63799,6,1
63857,True,2,63841,4,1
63857,True,2,63793,6,1
63857,True,2,63601,8,1
63857,True,2,63853,2,1
63901,True,2,63389,9,1
63901,True,2,63773,7,1
63907,True,2,31139,15,1
63929,True,2,63913,4,1
63929,True,2,59833,12,1
63913,True,2,55721,13,1
63949,True,2,31181,15,1
63977,True,2,63913,6,1
63997,True,2,61949,11,1
64007,True,2,62983,10,1
64007,True,2,47623,14,1
64033,True,2,63521,9,1
64013,True,2,63949,6,1
64013,True,2,63997,4,1
64013,True,2,47629,14,1
64013,True,2,62989,10,1
64019,False,,,,
64037,True,2,64033,2,1
64037,True,2,47653,14,1
64037,True,2,63781,8,1
64063,True,2,55871,13,1
64067,True,2,59971,12,1
64067,True,2,64063,2,1
64081,True,2,55889,13,1
64091,True,2,63067,10,1
64109,True,2,60013,12,1
64109,True,2,63853,8,1
64123,True,2,63611,9,1
64123,True,2,64091,5,1
64123,True,2,55931,13,1
64153,True,2,64151,1,1
64151,True,2,63127,10,1
64157,True,2,64153,2,1
64157,True,2,63901,8,1
64171,True,2,63659,9,1
64187,True,2,64171,4,1
64187,True,2,60091,12,1
64187,True,2,64123,6,1
64217,True,2,64153,6,1
64189,True,2,64157,5,1
64189,True,2,64187,1,1
64189,True,2,55997,13,1
64189,True,2,62141,11,1
64237,True,2,31469,15,1
64237,True,2,64109,7,1
64237,True,2,62189,11,1
64223,True,2,63199,10,1
64223,True,2,60127,12,1
64231,True,2,64223,3,1
64231,True,2,56039,13,1
64231,True,2,63719,9,1
64271,True,2,63247,10,1
64279,True,2,56087,13,1
64279,True,2,31511,15,1
64279,True,2,64151,7,1
64279,True,2,64271,3,1
64283,True,2,64279,2,1
64303,True,2,64271,5,1
64303,True,2,64301,1,1
64301,True,2,47917,14,1
64301,True,2,64237,6,1
64301,True,2,63277,10,1
64319,True,2,64063,8,1
64319,True,2,60223,12,1
64319,True,2,64303,4,1
64333,True,2,64301,5,1
64327,True,2,64319,3,1
64381,True,2,64373,3,1
64373,False,,,,
64399,True,2,56207,13,1
64399,True,2,62351,11,1
64399,True,2,64271,7,1
64433,True,2,63409,10,1
64433,True,2,60337,12,1
64433,True,2,48049,14,1
64403,True,2,64399,2,1
64439,True,2,60343,12,1
64453,True,2,64451,1,1
64483,True,2,64451,5,1
64451,False,,,,
64499,True,2,64483,4,1
64489,True,2,63977,9,1
64489,True,2,31721,15,1
64513,False,,,,
64567,True,2,64439,7,1
64567,True,2,31799,15,1
64553,True,2,64489,6,1
64553,True,2,60457,12,1
64591,False,,,,
64601,True,2,63577,10,1
64577,True,2,48193,14,1
64577,True,2,64513,6,1
64579,True,2,64577,1,1
64579,True,2,64451,7,1
64579,True,2,64067,9,1
64609,True,2,64577,5,1
64609,True,2,64601,3,1
64609,True,2,56417,13,1
64613,True,2,63589,10,1
64613,True,2,64609,2,1
64633,True,2,64601,5,1
64621,True,2,64109,9,1
64621,True,2,64613,3,1
64627,True,2,31859,15,1
64627,True,2,64499,7,1
64661,False,,,,
64663,True,2,64151,9,1
64663,True,2,64661,1,1
64693,True,2,64661,5,1
64693,True,2,56501,13,1
64667,True,2,64663,2,1
64679,True,2,64663,4,1
64709,True,2,64693,4,1
64709,True,2,64453,8,1
64717,True,2,64709,3,1
64781,True,2,64717,6,1
64781,True,2,48397,14,1
64783,True,2,56591,13,1
64783,True,2,64271,9,1
64783,True,2,64781,1,1
64747,False,,,,
64763,True,2,64747,4,1
64793,True,2,48409,14,1
64811,True,2,64747,6,1
64849,True,2,62801,11,1
64849,True,2,64817,5,1
64853,True,2,64849,2,1
64853,True,2,60757,12,1
64817,True,2,63793,10,1
64879,True,2,64871,3,1
64879,True,2,56687,13,1
64879,True,2,64877,1,1
64871,True,2,48487,14,1
64877,True,2,63853,10,1
64877,True,2,64621,8,1
64891,True,2,64763,7,1
64901,False,,,,
64921,True,2,64919,1,1
64921,True,2,64793,7,1
64921,True,2,62873,11,1
64919,True,2,64663,8,1
64937,True,2,64921,4,1
64937,True,2,63913,10,1
64927,True,2,64919,3,1
64927,True,2,32159,15,1
64969,True,2,64937,5,1
64969,True,2,62921,11,1
64997,True,2,60901,12,1
64951,True,2,32183,15,1
64951,True,2,62903,11,1
64951,True,2,64919,5,1
64951,True,2,64439,9,1
65003,True,2,64747,8,1
65003,True,2,48619,14,1
65027,True,2,65011,4,1
65011,True,2,65003,3,1
65011,True,2,64499,9,1
65029,True,2,64997,5,1
65029,True,2,65027,1,1
65029,True,2,32261,15,1
65029,True,2,62981,11,1
65029,True,2,64901,7,1
65033,True,2,64969,6,1
65033,True,2,65029,2,1
65033,True,2,60937,12,1
65033,True,2,48649,14,1
65053,False,,,,
65063,True,2,48679,14,1
65089,True,2,64577,9,1
65089,True,2,56897,13,1
65089,True,2,32321,15,1
65071,True,2,65063,3,1
65071,True,2,32303,15,1
65099,False,,,,
65101,True,2,56909,13,1
65101,True,2,65099,1,1
65123,True,2,65119,2,1
65123,True,2,61027,12,1
65111,False,,,,
65119,True,2,65111,3,1
65141,True,2,48757,14,1
65129,False,,,,
65147,True,2,64891,8,1
65147,True,2,61051,12,1
65147,True,2,64123,10,1
65167,False,,,,
65171,True,2,48787,14,1
65171,True,2,65167,2,1
65173,True,2,65171,1,1
65173,True,2,64661,9,1
65173,True,2,65141,5,1
65179,True,2,63131,11,1
65179,True,2,64667,9,1
65179,True,2,32411,15,1
65179,True,2,65147,5,1
65179,True,2,65171,3,1
65183,True,2,64927,8,1
65183,True,2,65179,2,1
65183,True,2,65167,4,1
65183,True,2,48799,14,1
65183,True,2,65119,6,1
65203,True,2,65171,5,1
65213,True,2,64189,10,1
65257,True,2,65129,7,1
65267,True,2,65011,8,1
65267,True,2,65203,6,1
65267,True,2,48883,14,1
65239,True,2,65111,7,1
65239,True,2,57047,13,1
65269,True,2,65267,1,1
65269,True,2,57077,13,1
65269,True,2,65141,7,1
65287,False,,,,
65293,True,2,64781,9,1
65309,True,2,65293,4,1
65309,True,2,65053,8,1
65323,True,2,57131,13,1
65323,True,2,64811,9,1
65327,True,2,65323,2,1
65327,True,2,65071,8,1
65327,True,2,61231,12,1
65327,True,2,64303,10,1
65357,True,2,65353,2,1
65357,True,2,48973,14,1
65357,True,2,64333,10,1
65357,True,2,65293,6,1
65357,True,2,65101,8,1
65357,True,2,61261,12,1
65353,False,,,,
65371,True,2,57179,13,1
65371,True,2,32603,15,1
65393,True,2,61297,12,1
65393,True,2,49009,14,1
65381,False,,,,
65407,False,,,,
65413,True,2,65381,5,1
65413,True,2,64901,9,1
65413,True,2,57221,13,1
65437,True,2,65309,7,1
65437,True,2,63389,11,1
65423,True,2,65407,4,1
65423,True,2,65167,8,1
65423,True,2,65419,2,1
65423,True,2,64399,10,1
65419,False,,,,
65447,False,,,,
65449,True,2,65447,1,1
65449,True,2,64937,9,1
65497,False,,,,
65479,True,2,57287,13,1
65479,True,2,65447,5,1
65519,False,,,,
65521,True,2,65519,1,1
65521,True,2,57329,13,1
65521,True,2,65393,7,1
65521,True,2,63473,11,1
65537,True,2,64513,10,1
65537,True,2,61441,12,1
65537,True,2,65521,4,1
65539,True,2,65027,9,1
65539,True,2,3,16,1
65539,True,2,65537,1,1
65539,True,2,32771,15,1
65539,True,2,57347,13,1
65543,True,2,7,16,1
65543,True,2,65479,6,1
65543,True,2,65287,8,1
65543,True,2,65539,2,1
65551,True,2,32783,15,1
65551,True,2,65423,7,1
65551,True,2,65519,5,1
65551,True,2,65543,3,1
65557,True,2,32789,15,1
65563,True,2,3,16,3
65579,True,2,65323,8,1
65579,True,2,61483,12,1
65579,True,2,65563,4,1
65579,True,2,43,16,1
65587,True,2,65579,3,1
65599,True,2,32831,15,1
65581,True,2,65579,1,1
65581,True,2,57389,13,1
65581,True,2,63533,11,1
65617,True,2,3,16,4
65617,True,2,65609,3,1
65629,False,,,,
65609,True,2,73,16,1
65609,True,2,65353,8,1
65633,True,2,65617,4,1
65633,True,2,64609,10,1
65633,True,2,65629,2,1
65633,True,2,97,16,1
65651,True,2,65647,2,1
65651,True,2,65587,6,1
65651,True,2,64627,10,1
65647,True,2,63599,11,1
65647,True,2,65519,7,1
65677,True,2,32909,15,1
65677,True,2,63629,11,1
65657,True,2,61561,12,1
65657,True,2,64633,10,1
65657,True,2,11,16,2
65687,True,2,151,16,1
65687,True,2,64663,10,1
65699,True,2,163,16,1
65699,True,2,61603,12,1
65701,True,2,32933,15,1
65701,True,2,65699,1,1
65713,False,,,,
65707,True,2,65699,3,1
65707,True,2,65579,7,1
65707,True,2,32939,15,1
65707,True,2,63659,11,1
65719,True,2,57527,13,1
65719,True,2,63671,11,1
65719,True,2,65687,5,1
65719,True,2,65717,1,1
65717,True,2,65713,2,1
65717,True,2,65701,4,1
65717,True,2,181,16,1
65717,True,2,49333,14,1
65717,True,2,64693,10,1
65729,True,2,193,16,1
65729,True,2,65713,4,1
65761,True,2,65729,5,1
65761,True,2,65633,7,1
65761,True,2,32993,15,1
65731,True,2,65699,5,1
65731,True,2,65729,1,1
65777,True,2,61681,12,1
65777,True,2,241,16,1
65777,True,2,65521,8,1
65777,True,2,49393,14,1
65777,True,2,65761,4,1
65777,True,2,65713,6,1
65789,False,,,,
65809,True,2,65777,5,1
65809,True,2,63761,11,1
65831,True,2,65827,2,1
65837,True,2,65581,8,1
65827,True,2,65699,7,1
65839,True,2,65837,1,1
65839,True,2,65831,3,1
65839,True,2,65327,9,1
65839,True,2,33071,15,1
65843,True,2,307,16,1
65843,True,2,65839,2,1
65843,True,2,49459,14,1
65843,True,2,65827,4,1
65843,True,2,65587,8,1
65851,True,2,65843,3,1
65851,True,2,63803,11,1
65851,True,2,33083,15,1
65881,True,2,57689,13,1
65881,True,2,33113,15,1
65867,True,2,331,16,1
65867,True,2,65851,4,1
65899,True,2,65867,5,1
65921,True,2,49537,14,1
65927,False,,,,
65951,True,2,64927,10,1
65957,True,2,61861,12,1
65957,True,2,421,16,1
65957,True,2,65701,8,1
65929,True,2,57737,13,1
65929,True,2,65921,3,1
65929,True,2,65927,1,1
65929,True,2,33161,15,1
65963,True,2,65707,8,1
65963,True,2,65899,6,1
65983,True,2,57791,13,1
65983,True,2,65951,5,1
65983,True,2,65981,1,1
65981,True,2,49597,14,1
65993,True,2,65929,6,1
65993,True,2,457,16,1
65993,True,2,64969,10,1
66029,True,2,61933,12,1
66037,True,2,66029,3,1
66041,True,2,66037,2,1
66047,True,2,65983,6,1
66047,True,2,49663,14,1
66071,True,2,66067,2,1
66067,True,2,64019,11,1
66089,False,,,,
66083,True,2,65827,8,1
66083,True,2,61987,12,1
66083,True,2,66067,4,1
66083,True,2,547,16,1
66103,True,2,66071,5,1
66107,True,2,65851,8,1
66107,True,2,62011,12,1
66107,True,2,571,16,1
66107,True,2,66103,2,1
66109,True,2,66107,1,1
66109,True,2,65981,7,1
66109,True,2,57917,13,1
66161,True,2,5,16,4
66137,True,2,601,16,1
66137,True,2,65881,8,1
66173,True,2,49789,14,1
66173,True,2,66169,2,1
66173,True,2,66109,6,1
66169,True,2,66137,5,1
66169,True,2,66161,3,1
66169,True,2,66041,7,1
66169,True,2,57977,13,1
66169,True,2,65657,9,1
66179,True,2,643,16,1
66191,True,2,65167,10,1
66191,True,2,49807,14,1
66221,False,,,,
66271,True,2,33503,15,1
66271,True,2,64223,11,1
66271,True,2,66239,5,1
66239,True,2,62143,12,1
66239,True,2,65983,8,1
66293,True,2,65269,10,1
66293,True,2,66037,8,1
66293,True,2,757,16,1
66301,True,2,66173,7,1
66301,True,2,66293,3,1
66301,True,2,33533,15,1
66301,True,2,65789,9,1
66301,True,2,58109,13,1
66337,True,2,33569,15,1
66343,True,2,58151,13,1
66343,True,2,65831,9,1
66359,True,2,66103,8,1
66359,True,2,66343,4,1
66359,True,2,823,16,1
66347,True,2,66343,2,1
66347,True,2,811,16,1
66347,True,2,65323,10,1
66361,True,2,66359,1,1
66361,True,2,58169,13,1
66377,True,2,49993,14,1
66377,True,2,29,16,2
66377,True,2,66373,2,1
66377,True,2,66361,4,1
66377,True,2,65353,10,1
66383,True,2,49999,14,1
66373,False,,,,
66403,True,2,58211,13,1
66413,True,2,877,16,1
66431,True,2,50047,14,1
66431,True,2,65407,10,1
66457,True,2,66449,3,1
66449,False,,,,
66463,True,2,66431,5,1
66463,True,2,58271,13,1
66463,True,2,65951,9,1
66491,False,,,,
66499,True,2,64451,11,1
66499,True,2,66491,3,1
66499,True,2,66467,5,1
66509,False,,,,
66467,True,2,66463,2,1
66467,True,2,66403,6,1
66523,True,2,66491,5,1
66533,True,2,66529,2,1
66533,True,2,997,16,1
66529,True,2,58337,13,1
66553,True,2,66041,9,1
66541,True,2,66029,9,1
66541,True,2,66509,5,1
66541,True,2,33773,15,1
66541,True,2,66413,7,1
66541,True,2,66533,3,1
66569,True,2,66553,4,1
66569,True,2,1033,16,1
66569,True,2,62473,12,1
66587,True,2,1051,16,1
66587,True,2,66571,4,1
66587,True,2,66523,6,1
66587,True,2,65563,10,1
66571,True,2,58379,13,1
66571,True,2,66569,1,1
66593,True,2,66337,8,1
66593,True,2,66529,6,1
66593,True,2,62497,12,1
66617,True,2,66553,6,1
66617,True,2,66361,8,1
66617,True,2,66601,4,1
66601,True,2,66569,5,1
66601,True,2,66089,9,1
66601,True,2,66593,3,1
66601,True,2,64553,11,1
66643,True,2,58451,13,1
66629,True,2,62533,12,1
66629,True,2,1093,16,1
66629,True,2,66373,8,1
66653,True,2,65629,10,1
66653,True,2,1117,16,1
66683,False,,,,
66697,True,2,66569,7,1
66713,True,2,66697,4,1
66713,True,2,50329,14,1
66713,True,2,66457,8,1
66713,True,2,62617,12,1
66701,True,2,65677,10,1
66701,True,2,66697,2,1
66721,True,2,66713,3,1
66721,True,2,66593,7,1
66739,False,,,,
66751,True,2,66749,1,1
66751,True,2,66239,9,1
66733,True,2,66221,9,1
66733,True,2,66701,5,1
66749,True,2,62653,12,1
66749,True,2,1213,16,1
66749,True,2,66733,4,1
66763,False,,,,
66809,True,2,66553,8,1
66791,False,,,,
66821,False,,,,
66797,True,2,66733,6,1
66797,True,2,62701,12,1
66797,True,2,66541,8,1
66841,True,2,66809,5,1
66841,True,2,66713,7,1
66841,True,2,64793,11,1
66851,True,2,65827,10,1
66853,True,2,66851,1,1
66853,True,2,66821,5,1
66853,True,2,58661,13,1
66863,True,2,65839,10,1
66863,True,2,1327,16,1
66877,True,2,66749,7,1
66889,True,2,66377,9,1
66883,True,2,66851,5,1
66919,True,2,58727,13,1
66919,True,2,64871,11,1
66919,True,2,66791,7,1
66923,True,2,66919,2,1
66923,True,2,65899,10,1
66923,True,2,62827,12,1
66923,True,2,50539,14,1
66943,True,2,66431,9,1
66931,True,2,66923,3,1
66947,True,2,66931,4,1
66947,True,2,62851,12,1
66947,True,2,66943,2,1
66947,True,2,66883,6,1
66949,True,2,64901,11,1
66949,True,2,66947,1,1
66949,True,2,58757,13,1
66949,True,2,66821,7,1
66959,True,2,1423,16,1
66959,True,2,66943,4,1
66973,False,,,,
67003,True,2,66491,9,1
66977,True,2,66973,2,1
66977,True,2,50593,14,1
66977,True,2,66721,8,1
67021,True,2,66509,9,1
67021,True,2,34253,15,1
67033,False,,,,
67043,False,,,,
67057,True,2,67049,3,1
67049,True,2,67033,4,1
67061,True,2,67057,2,1
67061,True,2,66037,10,1
67079,True,2,1543,16,1
67079,True,2,62983,12,1
67073,True,2,67057,4,1
67073,True,2,257,10,2
67103,True,2,1567,16,1
67129,True,2,66617,9,1
67129,True,2,58937,13,1
67129,True,2,34361,15,1
67129,True,2,67121,3,1
67121,True,2,67057,6,1
67141,True,2,67139,1,1
67141,True,2,66629,9,1
67139,True,2,66883,8,1
67153,True,2,67121,5,1
67169,True,2,63073,12,1
67169,True,2,67153,4,1
67181,False,,,,
67157,True,2,67153,2,1
67157,True,2,67141,4,1
67157,True,2,1621,16,1
67157,True,2,50773,14,1
67187,True,2,66931,8,1
67189,True,2,67157,5,1
67189,True,2,67187,1,1
67189,True,2,34421,15,1
67189,True,2,67181,3,1
67189,True,2,67061,7,1
67189,True,2,65141,11,1
67189,True,2,58997,13,1
67211,False,,,,
67217,True,2,50833,14,1
67217,True,2,67213,2,1
67217,True,2,41,16,2
67217,True,2,67153,6,1
67219,True,2,65171,11,1
67219,True,2,67211,3,1
67219,True,2,67217,1,1
67219,True,2,67187,5,1
67213,True,2,67181,5,1
67213,True,2,59021,13,1
67213,True,2,66701,9,1
67213,True,2,67211,1,1
67231,True,2,65183,11,1
67231,True,2,67103,7,1
67247,True,2,67231,4,1
67261,True,2,59069,13,1
67261,True,2,66749,9,1
67261,True,2,65213,11,1
67271,False,,,,
67273,True,2,67271,1,1
67289,True,2,1753,16,1
67289,True,2,67273,4,1
67289,True,2,67033,8,1
67307,True,2,63211,12,1
67307,True,2,50923,14,1
67349,False,,,,
67343,True,2,63247,12,1
67343,True,2,67339,2,1
67369,False,,,,
67339,True,2,67211,7,1
67339,True,2,67307,5,1
67391,False,,,,
67409,True,2,63313,12,1
67409,True,2,1873,16,1
67409,True,2,67153,8,1
67399,True,2,67391,3,1
67399,True,2,67271,7,1
67399,True,2,34631,15,1
67399,True,2,59207,13,1
67411,True,2,67409,1,1
67411,True,2,59219,13,1
67421,False,,,,
67427,True,2,67411,4,1
67427,True,2,51043,14,1
67427,True,2,63331,12,1
67427,True,2,66403,10,1
67429,True,2,67421,3,1
67429,True,2,67427,1,1
67429,True,2,65381,11,1
67433,True,2,67369,6,1
67433,True,2,67429,2,1
67433,True,2,63337,12,1
67447,True,2,34679,15,1
67453,True,2,67421,5,1
67481,True,2,67477,2,1
67481,True,2,66457,10,1
67489,True,2,34721,15,1
67489,True,2,66977,9,1
67489,True,2,67481,3,1
67477,True,2,67349,7,1
67493,True,2,63397,12,1
67493,True,2,67489,2,1
67493,True,2,67477,4,1
67493,True,2,51109,14,1
67493,True,2,67429,6,1
67511,True,2,67447,6,1
67499,False,,,,
67523,True,2,1987,16,1
67523,True,2,66499,10,1
67531,True,2,67499,5,1
67531,True,2,34763,15,1
67531,True,2,67523,3,1
67537,True,2,67409,7,1
67559,True,2,63463,12,1
67567,True,2,67559,3,1
67567,True,2,65519,11,1
67547,True,2,66523,10,1
67547,True,2,67531,4,1
67547,True,2,2011,16,1
67577,True,2,51193,14,1
67577,True,2,66553,10,1
67579,True,2,67577,1,1
67579,True,2,67547,5,1
67579,True,2,59387,13,1
67589,True,2,63493,12,1
67589,True,2,2053,16,1
67601,True,2,51217,14,1
67601,True,2,67537,6,1
67607,False,,,,
67619,True,2,2083,16,1
67631,True,2,67567,6,1
67651,True,2,34883,15,1
67651,True,2,67619,5,1
67651,True,2,67523,7,1
67651,True,2,67139,9,1
67679,True,2,2143,16,1
67699,True,2,67187,9,1
67699,True,2,65651,11,1
67709,True,2,67453,8,1
67723,True,2,3,16,7
67723,True,2,67211,9,1
67741,True,2,67709,5,1
67741,True,2,67733,3,1
67733,True,2,67477,8,1
67733,True,2,51349,14,1
67733,True,2,13,16,3
67751,False,,,,
67757,True,2,66733,10,1
67757,True,2,2221,16,1
67757,True,2,67741,4,1
67759,True,2,67757,1,1
67759,True,2,67247,9,1
67759,True,2,67751,3,1
67759,True,2,67631,7,1
67759,True,2,59567,13,1
67763,True,2,66739,10,1
67763,True,2,63667,12,1
67763,True,2,67759,2,1
67763,True,2,67699,6,1
67777,True,2,65729,11,1
67783,True,2,67271,9,1
67783,True,2,67751,5,1
67807,True,2,67679,7,1
67801,True,2,67289,9,1
67789,True,2,67757,5,1
67829,True,2,2293,16,1
67843,True,2,59651,13,1
67819,True,2,59627,13,1
67819,True,2,67307,9,1
67819,True,2,35051,15,1
67853,True,2,67789,6,1
67867,True,2,35099,15,1
67883,True,2,67819,6,1
67883,True,2,67867,4,1
67883,True,2,2347,16,1
67891,True,2,67763,7,1
67891,True,2,65843,11,1
67891,True,2,67883,3,1
67891,True,2,59699,13,1
67901,True,2,66877,10,1
67901,True,2,51517,14,1
67927,True,2,35159,15,1
67931,True,2,67927,2,1
67931,True,2,67867,6,1
67939,True,2,67427,9,1
67939,True,2,67931,3,1
67939,True,2,59747,13,1
67939,True,2,35171,15,1
67933,True,2,67901,5,1
67933,True,2,67421,9,1
67933,True,2,67931,1,1
67943,True,2,67939,2,1
67943,True,2,66919,10,1
67943,True,2,67927,4,1
67957,True,2,67829,7,1
67979,True,2,67723,8,1
67987,True,2,67979,3,1
67961,True,2,51577,14,1
67961,True,2,67957,2,1
67967,True,2,66943,10,1
67993,True,2,67481,9,1
67993,True,2,67961,5,1
68023,True,2,67511,9,1
68041,True,2,65993,11,1
68053,False,,,,
68087,True,2,68023,6,1
68087,True,2,68071,4,1
68087,True,2,2551,16,1
68059,True,2,35291,15,1
68059,True,2,67931,7,1
68059,True,2,67547,9,1
68071,True,2,67559,9,1
68071,True,2,59879,13,1
68071,True,2,67943,7,1
68099,True,2,67843,8,1
68111,False,,,,
68113,True,2,67601,9,1
68113,True,2,68111,1,1
68113,True,2,59921,13,1
68141,False,,,,
68147,True,2,67891,8,1
68161,True,2,35393,15,1
68171,True,2,51787,14,1
68209,True,2,68207,1,1
68209,True,2,66161,11,1
68209,True,2,60017,13,1
68213,True,2,68209,2,1
68213,True,2,67957,8,1
68213,True,2,2677,16,1
68213,True,2,51829,14,1
68213,True,2,67189,10,1
68207,True,2,2671,16,1
68219,True,2,2683,16,1
68219,True,2,64123,12,1
68227,True,2,66179,11,1
68227,True,2,68099,7,1
68227,True,2,68219,3,1
68239,True,2,68111,7,1
68239,True,2,68207,5,1
68239,True,2,66191,11,1
68261,False,,,,
68279,True,2,68023,8,1
68281,True,2,68279,1,1
68281,True,2,60089,13,1
68311,True,2,68279,5,1
68311,True,2,35543,15,1
68351,False,,,,
68371,True,2,35603,15,1
68329,False,,,,
68389,True,2,68261,7,1
68437,False,,,,
68399,True,2,64303,12,1
68447,True,2,68443,2,1
68443,True,2,60251,13,1
68443,True,2,67931,9,1
68449,True,2,68447,1,1
68449,True,2,60257,13,1
68473,True,2,67961,9,1
68483,True,2,68227,8,1
68477,True,2,64381,12,1
68477,True,2,68473,2,1
68477,True,2,67453,10,1
68489,True,2,68473,4,1
68489,True,2,2953,16,1
68501,True,2,67477,10,1
68501,True,2,68437,6,1
68507,True,2,68491,4,1
68507,True,2,68443,6,1
68507,True,2,2971,16,1
68491,True,2,68483,3,1
68491,True,2,68489,1,1
68491,True,2,67979,9,1
68521,True,2,68489,5,1
68521,True,2,35753,15,1
68531,True,2,52147,14,1
68539,True,2,68531,3,1
68539,True,2,35771,15,1
68539,True,2,66491,11,1
68539,True,2,68507,5,1
68567,True,2,68311,8,1
68567,True,2,52183,14,1
68543,True,2,68539,2,1
68581,True,2,66533,11,1
68597,True,2,3061,16,1
68597,True,2,68581,4,1
68611,True,2,68483,7,1
68611,True,2,68099,9,1
68633,True,2,52249,14,1
68639,False,,,,
68659,True,2,68147,9,1
68659,True,2,68531,7,1
68669,False,,,,
68687,True,2,68683,2,1
68687,True,2,64591,12,1
68683,True,2,68171,9,1
68699,True,2,68683,4,1
68699,True,2,3163,16,1
68699,True,2,68443,8,1
68711,False,,,,
68713,True,2,68711,1,1
68713,True,2,60521,13,1
68737,True,2,35969,15,1
68737,True,2,68729,3,1
68729,True,2,64633,12,1
68729,True,2,68713,4,1
68729,True,2,68473,8,1
68743,True,2,68711,5,1
68749,True,2,66701,11,1
68767,True,2,35999,15,1
68767,True,2,68639,7,1
68771,True,2,52387,14,1
68771,True,2,68767,2,1
68777,True,2,68713,6,1
68777,True,2,68521,8,1
68791,True,2,68279,9,1
68813,True,2,67789,10,1
68813,True,2,68749,6,1
68813,True,2,64717,12,1
68819,False,,,,
68821,True,2,68819,1,1
68821,True,2,68813,3,1
68863,True,2,68351,9,1
68879,True,2,68863,4,1
68879,True,2,3343,16,1
68879,True,2,64783,12,1
68881,True,2,60689,13,1
68881,True,2,68879,1,1
68891,True,2,67867,10,1
68897,True,2,3361,16,1
68897,True,2,68881,4,1
68899,True,2,68771,7,1
68899,True,2,68891,3,1
68899,True,2,66851,11,1
68899,True,2,36131,15,1
68899,True,2,68897,1,1
68909,True,2,3373,16,1
68903,True,2,68899,2,1
68917,True,2,68909,3,1
68927,True,2,3391,16,1
68927,True,2,52543,14,1
68927,True,2,68863,6,1
68947,True,2,68819,7,1
68993,True,2,52609,14,1
68993,True,2,3457,16,1
68993,True,2,68737,8,1
68963,True,2,68899,6,1
68963,True,2,68947,4,1
68963,True,2,52579,14,1
68963,True,2,67939,10,1
69001,True,2,68489,9,1
69001,True,2,68993,3,1
69019,True,2,68891,7,1
69019,True,2,36251,15,1
69019,True,2,68507,9,1
69019,True,2,69011,3,1
69011,True,2,67987,10,1
69011,True,2,68947,6,1
69011,True,2,52627,14,1
69031,True,2,69029,1,1
69031,True,2,36263,15,1
69031,True,2,68903,7,1
69029,False,,,,
69061,True,2,60869,13,1
69061,True,2,36293,15,1
69061,True,2,69029,5,1
69067,True,2,36299,15,1
69073,False,,,,
69109,True,2,60917,13,1
69109,True,2,68597,9,1
69109,True,2,67061,11,1
69109,True,2,36341,15,1
69127,True,2,67079,11,1
69127,True,2,69119,3,1
69119,True,2,68863,8,1
69119,True,2,3583,16,1
69143,True,2,69127,4,1
69143,True,2,3607,16,1
69149,True,2,65053,12,1
69149,True,2,3613,16,1
69163,False,,,,
69151,True,2,69143,3,1
69151,True,2,67103,11,1
69151,True,2,68639,9,1
69151,True,2,36383,15,1
69151,True,2,69119,5,1
69151,True,2,69149,1,1
69191,True,2,52807,14,1
69191,True,2,69127,6,1
69193,True,2,69191,1,1
69193,True,2,61001,13,1
69197,True,2,52813,14,1
69197,True,2,65101,12,1
69197,True,2,69193,2,1
69221,True,2,52837,14,1
69203,True,2,68947,8,1
69233,True,2,3697,16,1
69233,True,2,263,6,2
69233,True,2,68209,10,1
69239,False,,,,
69247,True,2,36479,15,1
69247,True,2,69239,3,1
69247,True,2,69119,7,1
69257,True,2,61,16,2
69257,True,2,69001,8,1
69257,True,2,69193,6,1
69259,True,2,67211,11,1
69259,True,2,69257,1,1
69313,True,2,61121,13,1
69263,True,2,3727,16,1
69263,True,2,52879,14,1
69263,True,2,68239,10,1
69263,True,2,69259,2,1
69263,True,2,69247,4,1
69263,True,2,65167,12,1
69317,True,2,69061,8,1
69317,True,2,69313,2,1
69337,True,2,67289,11,1
69341,True,2,52957,14,1
69341,True,2,69337,2,1
69379,True,2,69371,3,1
69371,False,,,,
69383,True,2,69127,8,1
69383,True,2,65287,12,1
69383,True,2,69379,2,1
69383,True,2,3847,16,1
69383,True,2,52999,14,1
69389,True,2,3853,16,1
69389,True,2,65293,12,1
69401,True,2,53017,14,1
69401,True,2,69337,6,1
69403,True,2,69371,5,1
69403,True,2,69401,1,1
69403,True,2,61211,13,1
69403,True,2,68891,9,1
69427,False,,,,
69431,True,2,69427,2,1
69431,True,2,53047,14,1
69439,True,2,67391,11,1
69439,True,2,68927,9,1
69439,True,2,36671,15,1
69439,True,2,69431,3,1
69463,True,2,69431,5,1
69457,True,2,67409,11,1
69467,True,2,69403,6,1
69467,True,2,65371,12,1
69467,True,2,3931,16,1
69467,True,2,69463,2,1
69467,True,2,68443,10,1
69473,True,2,68449,10,1
69473,True,2,69457,4,1
69473,True,2,53089,14,1
69481,True,2,36713,15,1
69481,True,2,67433,11,1
69481,True,2,69473,3,1
69497,True,2,69493,2,1
69497,True,2,68473,10,1
69497,True,2,53113,14,1
69497,True,2,69481,4,1
69493,True,2,69491,1,1
69491,True,2,69427,6,1
69499,True,2,69371,7,1
69499,True,2,69467,5,1
69499,True,2,69497,1,1
69499,True,2,69491,3,1
69539,True,2,4003,16,1
69557,True,2,53173,14,1
69557,True,2,4021,16,1
69557,True,2,69493,6,1
69593,True,2,4057,16,1
69593,True,2,69337,8,1
69593,True,2,65497,12,1
69653,True,2,65557,12,1
69653,True,2,53269,14,1
69623,True,2,53239,14,1
69661,True,2,69149,9,1
69661,True,2,61469,13,1
69661,True,2,69653,3,1
69691,True,2,36923,15,1
69697,True,2,36929,15,1
69677,True,2,69661,4,1
69677,True,2,65581,12,1
69709,True,2,69677,5,1
69709,True,2,69197,9,1
69737,True,2,68713,10,1
69737,True,2,4201,16,1
69737,True,2,69481,8,1
69737,True,2,53353,14,1
69739,True,2,69737,1,1
69739,True,2,61547,13,1
69763,True,2,69761,1,1
69761,True,2,53377,14,1
69761,True,2,69697,6,1
69761,True,2,68737,10,1
69767,True,2,69763,2,1
69767,True,2,68743,10,1
69767,True,2,4231,16,1
69779,True,2,69763,4,1
69779,True,2,4243,16,1
69809,True,2,4273,16,1
69809,True,2,65713,12,1
69821,True,2,53437,14,1
69827,True,2,69763,6,1
69827,True,2,65731,12,1
69829,True,2,37061,15,1
69829,True,2,69827,1,1
69829,True,2,61637,13,1
69829,True,2,69821,3,1
69829,True,2,69317,9,1
69833,True,2,4297,16,1
69833,True,2,69829,2,1
69847,False,,,,
69857,True,2,65761,12,1
69859,True,2,69827,5,1
69859,True,2,61667,13,1
69859,True,2,69857,1,1
69877,True,2,67829,11,1
69911,True,2,69847,6,1
69911,True,2,53527,14,1
69899,True,2,4363,16,1
69929,False,,,,
69931,True,2,67883,11,1
69931,True,2,69929,1,1
69931,True,2,69899,5,1
69941,True,2,69877,6,1
69941,True,2,68917,10,1
69991,True,2,37223,15,1
69991,True,2,67943,11,1
69991,True,2,69959,5,1
69959,True,2,4423,16,1
69997,False,,,,
70001,True,2,69997,2,1
70001,True,2,53617,14,1
70003,True,2,69491,9,1
70003,True,2,70001,1,1
70019,True,2,70003,4,1
70019,True,2,69763,8,1
70019,True,2,4483,16,1
70009,True,2,69497,9,1
70009,True,2,70001,3,1
70009,True,2,67961,11,1
70039,True,2,69911,7,1
70061,True,2,69997,6,1
70051,True,2,70019,5,1
70051,True,2,69539,9,1
70079,True,2,65983,12,1
70067,True,2,70051,4,1
70067,True,2,70003,6,1
70099,True,2,70067,5,1
70117,False,,,,
70121,True,2,70117,2,1
70111,True,2,70079,5,1
70123,True,2,70121,1,1
70139,True,2,70123,4,1
70139,True,2,4603,16,1
70141,True,2,61949,13,1
70141,True,2,70139,1,1
70163,True,2,70099,6,1
70163,True,2,66067,12,1
70157,True,2,70141,4,1
70157,True,2,4621,16,1
70157,True,2,53773,14,1
70177,True,2,37409,15,1
70181,True,2,70117,6,1
70181,True,2,70177,2,1
70183,True,2,70181,1,1
70183,True,2,61991,13,1
70199,True,2,70183,4,1
70199,True,2,4663,16,1
70199,True,2,66103,12,1
70201,True,2,70199,1,1
70207,True,2,70199,3,1
70207,True,2,70079,7,1
70223,True,2,70207,4,1
70237,True,2,70229,3,1
70229,False,,,,
70241,True,2,53857,14,1
70241,True,2,70237,2,1
70241,True,2,70177,6,1
70249,True,2,70121,7,1
70249,True,2,70241,3,1
70249,True,2,62057,13,1
70249,True,2,69737,9,1
70271,True,2,69247,10,1
70271,True,2,53887,14,1
70271,True,2,70207,6,1
70297,True,2,70289,3,1
70297,True,2,37529,15,1
70289,False,,,,
70309,True,2,70181,7,1
70309,True,2,68261,11,1
70313,True,2,70309,2,1
70313,True,2,70249,6,1
70313,True,2,70297,4,1
70321,True,2,70313,3,1
70321,True,2,69809,9,1
70321,True,2,62129,13,1
70321,True,2,70289,5,1
70351,True,2,70223,7,1
70327,True,2,68279,11,1
70327,True,2,70199,7,1
70373,True,2,70117,8,1
70373,True,2,70309,6,1
70381,True,2,70379,1,1
70381,True,2,62189,13,1
70381,True,2,70373,3,1
70379,True,2,70123,8,1
70393,True,2,62201,13,1
70423,True,2,69911,9,1
70429,False,,,,
70451,True,2,69427,10,1
70457,True,2,70201,8,1
70457,True,2,70393,6,1
70457,True,2,66361,12,1
70439,True,2,70423,4,1
70439,True,2,66343,12,1
70439,True,2,4903,16,1
70439,True,2,70183,8,1
70459,True,2,70457,1,1
70459,True,2,37691,15,1
70459,True,2,70451,3,1
70481,True,2,69457,10,1
70487,True,2,70423,6,1
70487,True,2,69463,10,1
70487,True,2,4951,16,1
70501,True,2,70373,7,1
70489,True,2,70487,1,1
70489,True,2,62297,13,1
70489,True,2,70481,3,1
70489,True,2,70457,5,1
70529,True,2,4993,16,1
70507,True,2,70379,7,1
70537,True,2,70529,3,1
70537,True,2,68489,11,1
70549,True,2,68501,11,1
70549,True,2,37781,15,1
70571,True,2,70507,6,1
70573,True,2,70571,1,1
70573,True,2,70061,9,1
70583,True,2,70327,8,1
70607,True,2,70351,8,1
70619,True,2,66523,12,1
70621,True,2,70619,1,1
70621,True,2,37853,15,1
70621,True,2,70589,5,1
70589,True,2,70573,4,1
70627,True,2,70619,3,1
70657,True,2,70529,7,1
70657,True,2,37889,15,1
70639,True,2,70607,5,1
70639,True,2,37871,15,1
70663,False,,,,
70667,True,2,66571,12,1
70667,True,2,70663,2,1
70709,False,,,,
70687,True,2,68639,11,1
70717,True,2,70589,7,1
70717,True,2,70709,3,1
70717,True,2,68669,11,1
70729,False,,,,
70753,True,2,70241,9,1
70769,True,2,5233,16,1
70769,True,2,70753,4,1
70783,True,2,70271,9,1
70783,True,2,62591,13,1
70793,True,2,54409,14,1
70793,True,2,70537,8,1
70793,True,2,70729,6,1
70793,True,2,66697,12,1
70823,False,,,,
70841,False,,,,
70843,True,2,70841,1,1
70849,True,2,70841,3,1
70853,True,2,70849,2,1
70853,True,2,69829,10,1
70853,True,2,54469,14,1
70867,True,2,68819,11,1
70877,True,2,70621,8,1
70877,True,2,54493,14,1
70879,True,2,62687,13,1
70879,True,2,70877,1,1
70901,True,2,69877,10,1
70901,True,2,54517,14,1
70891,True,2,70379,9,1
70919,True,2,70663,8,1
70913,True,2,70657,8,1
70913,True,2,70849,6,1
70921,True,2,70919,1,1
70921,True,2,70793,7,1
70921,True,2,70913,3,1
70921,True,2,38153,15,1
70951,True,2,70919,5,1
70951,True,2,38183,15,1
70951,True,2,70949,1,1
70951,True,2,70823,7,1
70951,True,2,68903,11,1
70951,True,2,70439,9,1
70949,True,2,66853,12,1
70949,True,2,5413,16,1
70937,True,2,66841,12,1
70937,True,2,70921,4,1
70957,True,2,38189,15,1
70957,True,2,70949,3,1
70957,True,2,68909,11,1
70979,True,2,66883,12,1
70979,True,2,5443,16,1
70969,True,2,38201,15,1
70969,True,2,70937,5,1
70969,True,2,70457,9,1
70969,True,2,41,11,3
70969,True,2,70841,7,1
70981,True,2,70949,5,1
70981,True,2,70853,7,1
70981,True,2,70979,1,1
70991,False,,,,
70997,True,2,70981,4,1
71011,True,2,70979,5,1
71011,True,2,62819,13,1
71011,True,2,68963,11,1
70999,True,2,70991,3,1
70999,True,2,38231,15,1
70999,True,2,70487,9,1
70999,True,2,70997,1,1
71023,True,2,70991,5,1
71039,True,2,70783,8,1
71039,True,2,66943,12,1
71039,True,2,5503,16,1
71039,True,2,71023,4,1
71059,True,2,69011,11,1
71069,True,2,66973,12,1
71089,True,2,62897,13,1
71089,True,2,71081,3,1
71089,True,2,38321,15,1
71081,False,,,,
71119,True,2,70607,9,1
71119,True,2,62927,13,1
71119,True,2,38351,15,1
71119,True,2,70991,7,1
71129,True,2,67033,12,1
71143,False,,,,
71153,True,2,67057,12,1
71153,True,2,71089,6,1
71147,True,2,70123,10,1
71147,True,2,71143,2,1
71147,True,2,70891,8,1
71167,True,2,69119,11,1
71167,True,2,71039,7,1
71171,True,2,54787,14,1
71171,True,2,71167,2,1
71161,True,2,71153,3,1
71161,True,2,71129,5,1
71161,True,2,38393,15,1
71161,True,2,62969,13,1
71191,True,2,69143,11,1
71237,True,2,71233,2,1
71237,True,2,70981,8,1
71237,True,2,67141,12,1
71237,True,2,5701,16,1
71209,True,2,71081,7,1
71249,True,2,67153,12,1
71249,True,2,71233,4,1
71233,False,,,,
71257,True,2,71129,7,1
71257,True,2,71249,3,1
71261,True,2,71257,2,1
71261,True,2,70237,10,1
71261,True,2,54877,14,1
71263,True,2,71261,1,1
71287,True,2,69239,11,1
71293,True,2,71261,5,1
71317,False,,,,
71327,True,2,71263,6,1
71327,True,2,67231,12,1
71327,True,2,5791,16,1
71329,True,2,38561,15,1
71329,True,2,71327,1,1
71333,True,2,71329,2,1
71333,True,2,54949,14,1
71333,True,2,71317,4,1
71333,True,2,70309,10,1
71339,False,,,,
71341,True,2,71333,3,1
71341,True,2,63149,13,1
71341,True,2,71339,1,1
71353,True,2,70841,9,1
71347,True,2,71339,3,1
71363,True,2,54979,14,1
71363,True,2,71359,2,1
71363,True,2,5827,16,1
71363,True,2,71347,4,1
71359,True,2,71327,5,1
71387,True,2,5851,16,1
71389,True,2,63197,13,1
71389,True,2,70877,9,1
71389,True,2,71387,1,1
71389,True,2,71261,7,1
71389,True,2,69341,11,1
71399,True,2,71143,8,1
71411,True,2,71347,6,1
71413,True,2,71411,1,1
71413,True,2,70901,9,1
71429,True,2,71413,4,1
71437,True,2,38669,15,1
71437,True,2,71429,3,1
71437,True,2,69389,11,1
71419,True,2,69371,11,1
71419,True,2,71387,5,1
71419,True,2,38651,15,1
71419,True,2,71411,3,1
71443,True,2,71411,5,1
71453,True,2,70429,10,1
71453,True,2,71437,4,1
71453,True,2,71389,6,1
71471,False,,,,
71479,True,2,69431,11,1
71479,True,2,71471,3,1
71479,True,2,38711,15,1
71473,True,2,63281,13,1
71473,True,2,71471,1,1
71483,True,2,70459,10,1
71483,True,2,71479,2,1
71483,True,2,71419,6,1
71503,True,2,71471,5,1
71503,True,2,70991,9,1
71503,True,2,63311,13,1
71527,True,2,71399,7,1
71549,True,2,71293,8,1
71549,True,2,67453,12,1
71537,True,2,71473,6,1
71551,True,2,71549,1,1
71551,True,2,38783,15,1
71551,True,2,71039,9,1
71563,False,,,,
71569,True,2,63377,13,1
71569,True,2,71537,5,1
71597,True,2,71341,8,1
71597,True,2,70573,10,1
71597,True,2,55213,14,1
71597,True,2,71593,2,1
71593,True,2,71081,9,1
71633,True,2,71569,6,1
71633,True,2,67537,12,1
71633,True,2,55249,14,1
71647,False,,,,
71671,True,2,69623,11,1
71671,True,2,71663,3,1
71671,True,2,38903,15,1
71663,True,2,67567,12,1
71663,True,2,70639,10,1
71663,True,2,71647,4,1
71693,True,2,71437,8,1
71699,True,2,6163,16,1
71699,True,2,71443,8,1
71707,True,2,71699,3,1
71713,True,2,71711,1,1
71713,True,2,63521,13,1
71711,True,2,70687,10,1
71711,True,2,71707,2,1
71711,True,2,71647,6,1
71719,True,2,63527,13,1
71719,True,2,71711,3,1
71741,True,2,70717,10,1
71761,True,2,38993,15,1
71761,True,2,71633,7,1
71761,True,2,71249,9,1
71789,False,,,,
71777,True,2,79,16,2
71777,True,2,71713,6,1
71777,True,2,70753,10,1
71777,True,2,71761,4,1
71807,True,2,70783,10,1
71807,True,2,6271,16,1
71807,True,2,71551,8,1
71809,True,2,63617,13,1
71809,True,2,71807,1,1
71809,True,2,71777,5,1
71809,True,2,39041,15,1
71809,True,2,69761,11,1
71821,True,2,71789,5,1
71821,True,2,71693,7,1
71821,True,2,63629,13,1
71843,False,,,,
71837,True,2,6301,16,1
71837,True,2,71821,4,1
71837,True,2,67741,12,1
71849,True,2,71593,8,1
71861,False,,,,
71867,True,2,70843,10,1
71879,True,2,67783,12,1
71879,True,2,6343,16,1
71887,True,2,39119,15,1
71887,True,2,71879,3,1
71899,True,2,71867,5,1
71899,True,2,71387,9,1
71909,True,2,6373,16,1
71881,True,2,71879,1,1
71881,True,2,69833,11,1
71881,True,2,39113,15,1
71881,True,2,71849,5,1
71881,True,2,63689,13,1
71917,True,2,71909,3,1
71917,True,2,71789,7,1
71933,True,2,6397,16,1
71933,True,2,71917,4,1
71941,True,2,71933,3,1
71941,True,2,71429,9,1
71941,True,2,71909,5,1
71947,True,2,69899,11,1
71963,True,2,55579,14,1
71963,True,2,6427,16,1
71963,True,2,71947,4,1
71963,True,2,71899,6,1
71963,True,2,67867,12,1
71963,True,2,71707,8,1
71971,True,2,71843,7,1
71971,True,2,71963,3,1
71983,True,2,71471,9,1
71987,True,2,67891,12,1
71987,True,2,55603,14,1
71987,True,2,71983,2,1
71987,True,2,71971,4,1
71987,True,2,6451,16,1
71993,True,2,70969,10,1
71993,True,2,55609,14,1
72019,True,2,71987,5,1
72019,True,2,39251,15,1
71999,True,2,71983,4,1
72043,False,,,,
72031,True,2,71999,5,1
72031,True,2,63839,13,1
72047,True,2,71023,10,1
72047,True,2,71983,6,1
72047,True,2,72043,2,1
72047,True,2,55663,14,1
72047,True,2,72031,4,1
72053,True,2,67957,12,1
72073,False,,,,
72077,True,2,71821,8,1
72077,True,2,72073,2,1
72089,True,2,6553,16,1
72089,True,2,72073,4,1
72089,True,2,67993,12,1
72091,True,2,72089,1,1
72091,True,2,71963,7,1
72091,True,2,39323,15,1
72101,True,2,55717,14,1
72103,True,2,72101,1,1
72139,True,2,39371,15,1
72109,True,2,70061,11,1
72109,True,2,72101,3,1
72109,True,2,39341,15,1
72109,True,2,72077,5,1
72109,True,2,71597,9,1
72161,False,,,,
72167,True,2,72103,6,1
72167,True,2,68071,12,1
72167,True,2,71143,10,1
72169,True,2,63977,13,1
72169,True,2,70121,11,1
72169,True,2,72161,3,1
72169,True,2,72167,1,1
72173,True,2,72109,6,1
72173,True,2,71917,8,1
72173,True,2,72169,2,1
72173,True,2,6637,16,1
72211,True,2,70163,11,1
72211,True,2,39443,15,1
72211,True,2,71699,9,1
72211,True,2,64019,13,1
72223,True,2,72221,1,1
72223,True,2,71711,9,1
72221,True,2,55837,14,1
72229,True,2,72101,7,1
72229,True,2,64037,13,1
72229,True,2,39461,15,1
72229,True,2,72221,3,1
72229,True,2,70181,11,1
72229,True,2,72227,1,1
72227,True,2,55843,14,1
72227,True,2,71971,8,1
72227,True,2,72211,4,1
72227,True,2,6691,16,1
72227,True,2,72223,2,1
72251,False,,,,
72253,True,2,72251,1,1
72253,True,2,71741,9,1
72253,True,2,72221,5,1
72269,True,2,6733,16,1
72269,True,2,72253,4,1
72277,True,2,72269,3,1
72277,True,2,70229,11,1
72277,True,2,39509,15,1
72271,True,2,39503,15,1
72271,True,2,72269,1,1
72271,True,2,70223,11,1
72287,True,2,72271,4,1
72287,True,2,71263,10,1
72287,True,2,72223,6,1
72287,True,2,55903,14,1
72287,True,2,72031,8,1
72307,False,,,,
72313,False,,,,
72341,True,2,72277,6,1
72341,True,2,71317,10,1
72341,True,2,72337,2,1
72337,True,2,70289,11,1
72337,True,2,39569,15,1
72353,True,2,71329,10,1
72353,True,2,72337,4,1
72367,False,,,,
72379,True,2,71867,9,1
72379,True,2,64187,13,1
72379,True,2,72251,7,1
72421,True,2,70373,11,1
72421,True,2,71909,9,1
72431,True,2,72367,6,1
72383,True,2,71359,10,1
72383,True,2,72379,2,1
72383,True,2,72367,4,1
72467,True,2,72211,8,1
72467,True,2,71443,10,1
72467,True,2,68371,12,1
72461,True,2,71437,10,1
72469,True,2,72461,3,1
72469,True,2,72467,1,1
72469,True,2,72341,7,1
72481,True,2,72353,7,1
72493,True,2,64301,13,1
72493,True,2,72461,5,1
72497,True,2,72493,2,1
72497,True,2,56113,14,1
72497,True,2,72481,4,1
72497,True,2,6961,16,1
72497,True,2,71473,10,1
72503,True,2,6967,16,1
72503,True,2,71479,10,1
72533,True,2,72277,8,1
72533,True,2,68437,12,1
72533,True,2,6997,16,1
72533,True,2,56149,14,1
72533,True,2,72469,6,1
72547,True,2,39779,15,1
72551,True,2,72547,2,1
72551,True,2,71527,10,1
72551,True,2,56167,14,1
72559,True,2,72047,9,1
72559,True,2,72551,3,1
72559,True,2,39791,15,1
72559,True,2,72431,7,1
72613,True,2,72101,9,1
72617,True,2,71593,10,1
72617,True,2,72613,2,1
72617,True,2,269,8,2
72617,True,2,68521,12,1
72623,True,2,72367,8,1
72623,True,2,72559,6,1
72623,True,2,56239,14,1
72577,True,2,70529,11,1
72643,True,2,64451,13,1
72647,True,2,56263,14,1
72647,True,2,72643,2,1
72649,True,2,72647,1,1
72649,True,2,72617,5,1
72661,True,2,72533,7,1
72671,True,2,71647,10,1
72673,True,2,72671,1,1
72673,True,2,72161,9,1
72679,True,2,72167,9,1
72679,True,2,72647,5,1
72679,True,2,72551,7,1
72679,True,2,72671,3,1
72689,True,2,72673,4,1
72701,False,,,,
72707,True,2,72643,6,1
72707,True,2,68611,12,1
72719,False,,,,
72727,True,2,72719,3,1
72733,True,2,72221,9,1
72733,True,2,72701,5,1
72763,True,2,72251,9,1
72739,True,2,72707,5,1
72739,True,2,72227,9,1
72739,True,2,39971,15,1
72767,True,2,56383,14,1
72767,True,2,72763,2,1
72817,True,2,72689,7,1
72817,True,2,70769,11,1
72823,False,,,,
72797,True,2,72733,6,1
72859,True,2,64667,13,1
72869,True,2,72613,8,1
72869,True,2,7333,16,1
72871,True,2,70823,11,1
72871,True,2,72869,1,1
72871,True,2,64679,13,1
72883,False,,,,
72889,True,2,70841,11,1
72893,True,2,56509,14,1
72893,True,2,72889,2,1
72901,True,2,72893,3,1
72901,True,2,70853,11,1
72901,True,2,72869,5,1
72901,True,2,64709,13,1
72907,False,,,,
72911,True,2,56527,14,1
72911,True,2,72907,2,1
72911,True,2,71887,10,1
72923,True,2,72859,6,1
72923,True,2,71899,10,1
72923,True,2,72907,4,1
72931,True,2,72923,3,1
72931,True,2,40163,15,1
72949,True,2,70901,11,1
72937,True,2,40169,15,1
72953,True,2,7417,16,1
72953,True,2,72949,2,1
72953,True,2,56569,14,1
72953,True,2,72937,4,1
72953,True,2,72889,6,1
72959,True,2,68863,12,1
72973,True,2,72461,9,1
72973,True,2,64781,13,1
72997,True,2,72869,7,1
72997,True,2,70949,11,1
72977,True,2,72973,2,1
72977,True,2,68881,12,1
73009,True,2,64817,13,1
73009,True,2,72977,5,1
73009,True,2,72497,9,1
73009,True,2,40241,15,1
73013,True,2,7477,16,1
73013,True,2,56629,14,1
73013,True,2,72997,4,1
73013,True,2,72949,6,1
73013,True,2,68917,12,1
73013,True,2,73009,2,1
73019,True,2,72763,8,1
73037,True,2,72973,6,1
73043,True,2,73039,2,1
73043,True,2,72019,10,1
73043,True,2,7507,16,1
73043,True,2,56659,14,1
73043,True,2,68947,12,1
73039,True,2,70991,11,1
73039,True,2,73037,1,1
73039,True,2,72911,7,1
73061,True,2,72997,6,1
73063,True,2,73061,1,1
73063,True,2,72551,9,1
73063,True,2,64871,13,1
73079,True,2,73063,4,1
73079,True,2,72823,8,1
73121,True,2,56737,14,1
73127,True,2,73063,6,1
73127,True,2,72871,8,1
73127,True,2,7591,16,1
73127,True,2,69031,12,1
73127,True,2,72103,10,1
73091,False,,,,
73133,True,2,72109,10,1
73141,True,2,73013,7,1
73141,True,2,73133,3,1
73181,False,,,,
73189,True,2,64997,13,1
73189,True,2,73181,3,1
73189,True,2,73061,7,1
73237,False,,,,
73243,False,,,,
73259,True,2,73243,4,1
73259,True,2,69163,12,1
73259,True,2,7723,16,1
73291,True,2,73259,5,1
73291,True,2,65099,13,1
73303,True,2,65111,13,1
73277,True,2,7741,16,1
73277,True,2,56893,14,1
73277,True,2,72253,10,1
73309,True,2,73277,5,1
73309,True,2,73181,7,1
73309,True,2,71261,11,1
73309,True,2,72797,9,1
73327,True,2,40559,15,1
73331,True,2,72307,10,1
73331,True,2,73327,2,1
73361,True,2,72337,10,1
73351,True,2,40583,15,1
73363,True,2,73331,5,1
73363,True,2,73361,1,1
73363,True,2,65171,13,1
73369,True,2,73361,3,1
73379,True,2,73363,4,1
73387,True,2,71339,11,1
73387,True,2,73259,7,1
73387,True,2,73379,3,1
73417,False,,,,
73421,True,2,57037,14,1
73421,True,2,73417,2,1
73433,True,2,69337,12,1
73433,True,2,73417,4,1
73433,True,2,73369,6,1
73459,True,2,71411,11,1
73459,True,2,65267,13,1
73459,True,2,73331,7,1
73453,True,2,73421,5,1
73471,True,2,72959,9,1
73477,True,2,71429,11,1
73477,True,2,40709,15,1
73483,False,,,,
73517,True,2,72493,10,1
73517,True,2,73453,6,1
73529,True,2,7993,16,1
73523,True,2,57139,14,1
73523,True,2,69427,12,1
73523,True,2,73459,6,1
73547,True,2,57163,14,1
73547,True,2,73483,6,1
73547,True,2,8011,16,1
73547,True,2,73291,8,1
73553,True,2,8017,16,1
73553,True,2,69457,12,1
73561,True,2,73553,3,1
73561,True,2,73433,7,1
73561,True,2,73529,5,1
73571,True,2,72547,10,1
73583,True,2,73327,8,1
73583,True,2,72559,10,1
73589,True,2,69493,12,1
73589,True,2,8053,16,1
73607,True,2,57223,14,1
73607,True,2,73351,8,1
73597,True,2,73589,3,1
73597,True,2,71549,11,1
73597,True,2,40829,15,1
73609,True,2,40841,15,1
73609,True,2,73607,1,1
73637,True,2,72613,10,1
73637,True,2,8101,16,1
73613,True,2,73609,2,1
73613,True,2,73597,4,1
73643,True,2,57259,14,1
73643,True,2,73387,8,1
73651,True,2,73643,3,1
73651,True,2,73523,7,1
73651,True,2,40883,15,1
73673,True,2,73417,8,1
73673,True,2,73609,6,1
73673,True,2,72649,10,1
73681,True,2,73679,1,1
73681,True,2,73553,7,1
73681,True,2,73673,3,1
73681,True,2,71633,11,1
73679,False,,,,
73693,True,2,73181,9,1
73699,True,2,73571,7,1
73709,True,2,73453,8,1
73709,True,2,73693,4,1
73727,True,2,8191,16,1
73727,True,2,73471,8,1
73721,False,,,,
73751,True,2,72727,10,1
73751,True,2,57367,14,1
73757,True,2,8221,16,1
73757,True,2,72733,10,1
73757,True,2,57373,14,1
73757,True,2,73693,6,1
73757,True,2,69661,12,1
73771,True,2,73259,9,1
73771,True,2,73643,7,1
73771,True,2,65579,13,1
73783,True,2,73751,5,1
73819,True,2,41051,15,1
73823,True,2,73819,2,1
73823,True,2,8287,16,1
73847,True,2,73783,6,1
73847,True,2,8311,16,1
73847,True,2,72823,10,1
73867,True,2,73859,3,1
73859,True,2,69763,12,1
73849,True,2,65657,13,1
73849,True,2,41081,15,1
73849,True,2,73847,1,1
73849,True,2,73721,7,1
73877,True,2,57493,14,1
73883,True,2,73867,4,1
73883,True,2,73819,6,1
73883,True,2,72859,10,1
73897,True,2,71849,11,1
73939,True,2,73907,5,1
73907,True,2,73651,8,1
73907,True,2,72883,10,1
73943,True,2,73939,2,1
73943,True,2,69847,12,1
73943,True,2,57559,14,1
73951,True,2,73823,7,1
73951,True,2,41183,15,1
73951,True,2,73943,3,1
73961,True,2,72937,10,1
73961,True,2,73897,6,1
73973,True,2,72949,10,1
73973,True,2,69877,12,1
73999,True,2,41231,15,1
74017,False,,,,
74021,True,2,72997,10,1
74021,True,2,74017,2,1
74021,True,2,57637,14,1
74027,True,2,69931,12,1
74027,True,2,73771,8,1
74051,True,2,74047,2,1
74051,True,2,57667,14,1
74047,True,2,71999,11,1
74071,True,2,73943,7,1
74093,True,2,69997,12,1
74093,True,2,74077,4,1
74093,True,2,57709,14,1
74101,True,2,73589,9,1
74101,True,2,73973,7,1
74101,True,2,41333,15,1
74101,True,2,74099,1,1
74101,True,2,72053,11,1
74101,True,2,74093,3,1
74099,True,2,8563,16,1
74099,True,2,70003,12,1
74077,False,,,,
74131,True,2,74099,5,1
74143,True,2,65951,13,1
74149,True,2,65957,13,1
74149,True,2,72101,11,1
74149,True,2,73637,9,1
74149,True,2,41381,15,1
74149,True,2,74021,7,1
74159,True,2,8623,16,1
74159,True,2,74143,4,1
74161,True,2,74159,1,1
74167,True,2,74159,3,1
74167,True,2,41399,15,1
74177,True,2,57793,14,1
74177,True,2,74161,4,1
74177,True,2,8641,16,1
74197,True,2,74189,3,1
74189,False,,,,
74201,True,2,74197,2,1
74203,True,2,74201,1,1
74209,True,2,74201,3,1
74209,True,2,72161,11,1
74209,True,2,74177,5,1
74219,True,2,70123,12,1
74219,True,2,74203,4,1
74231,True,2,57847,14,1
74231,True,2,74167,6,1
74257,False,,,,
74279,True,2,70183,12,1
74293,False,,,,
74297,True,2,8761,16,1
74297,True,2,70201,12,1
74297,True,2,74293,2,1
74287,True,2,41519,15,1
74287,True,2,74159,7,1
74287,True,2,74279,3,1
74311,True,2,74279,5,1
74311,True,2,41543,15,1
74317,True,2,74189,7,1
74317,True,2,72269,11,1
74317,True,2,41549,15,1
74323,False,,,,
74353,True,2,66161,13,1
74357,True,2,57973,14,1
74357,True,2,74101,8,1
74357,True,2,74353,2,1
74357,True,2,8821,16,1
74357,True,2,74293,6,1
74363,False,,,,
74377,True,2,41609,15,1
74383,True,2,66191,13,1
74383,True,2,74381,1,1
74411,True,2,58027,14,1
74411,True,2,73387,10,1
74381,True,2,74377,2,1
74381,True,2,74317,6,1
74413,True,2,74411,1,1
74413,True,2,74381,5,1
74413,True,2,66221,13,1
74419,True,2,41651,15,1
74419,True,2,73907,9,1
74419,True,2,74411,3,1
74441,True,2,74377,6,1
74441,True,2,73417,10,1
74441,True,2,58057,14,1
74449,True,2,41681,15,1
74449,True,2,74441,3,1
74453,True,2,74197,8,1
74453,True,2,74449,2,1
74471,False,,,,
74489,True,2,70393,12,1
74507,True,2,73483,10,1
74507,True,2,8971,16,1
74509,True,2,74507,1,1
74509,True,2,74381,7,1
74509,True,2,72461,11,1
74521,True,2,74489,5,1
74531,True,2,58147,14,1
74531,True,2,74527,2,1
74527,True,2,41759,15,1
74551,True,2,66359,13,1
74551,True,2,72503,11,1
74561,False,,,,
74573,True,2,74509,6,1
74573,True,2,74317,8,1
74573,True,2,58189,14,1
74567,True,2,74551,4,1
74567,True,2,74311,8,1
74587,False,,,,
74597,True,2,70501,12,1
74609,True,2,74353,8,1
74611,True,2,74609,1,1
74611,True,2,74099,9,1
74611,True,2,41843,15,1
74623,True,2,66431,13,1
74653,False,,,,
74687,True,2,74623,6,1
74687,True,2,9151,16,1
74707,True,2,74699,3,1
74699,False,,,,
74713,True,2,74201,9,1
74717,True,2,70621,12,1
74717,True,2,74713,2,1
74717,True,2,9181,16,1
74717,True,2,73693,10,1
74717,True,2,74653,6,1
74729,True,2,74713,4,1
74719,True,2,72671,11,1
74719,True,2,74687,5,1
74719,True,2,74717,1,1
74731,True,2,74699,5,1
74731,True,2,74219,9,1
74731,True,2,74729,1,1
74747,True,2,74731,4,1
74747,True,2,58363,14,1
74759,True,2,70663,12,1
74761,True,2,66569,13,1
74761,True,2,74759,1,1
74761,True,2,74729,5,1
74771,True,2,74707,6,1
74779,True,2,74747,5,1
74779,True,2,66587,13,1
74779,True,2,74771,3,1
74821,True,2,66629,13,1
74797,False,,,,
74827,True,2,74699,7,1
74831,True,2,74827,2,1
74843,True,2,74827,4,1
74843,True,2,74779,6,1
74843,True,2,74587,8,1
74843,True,2,73819,10,1
74857,True,2,74729,7,1
74857,True,2,42089,15,1
74869,True,2,42101,15,1
74869,True,2,74861,3,1
74869,True,2,74357,9,1
74861,True,2,74857,2,1
74861,True,2,58477,14,1
74861,True,2,74797,6,1
74887,True,2,74759,7,1
74873,True,2,73849,10,1
74873,True,2,74857,4,1
74873,True,2,74869,2,1
74873,True,2,9337,16,1
74891,True,2,73867,10,1
74891,True,2,74827,6,1
74891,True,2,74887,2,1
74897,False,,,,
74903,True,2,74887,4,1
74923,True,2,74891,5,1
74923,True,2,74411,9,1
74929,True,2,74897,5,1
74933,True,2,74929,2,1
74933,True,2,9397,16,1
74933,True,2,74869,6,1
74933,True,2,58549,14,1
74941,True,2,74933,3,1
74941,True,2,66749,13,1
74941,True,2,72893,11,1
74959,True,2,72911,11,1
74959,True,2,74831,7,1
75011,False,,,,
75013,True,2,66821,13,1
75013,True,2,75011,1,1
75017,True,2,70921,12,1
75017,True,2,75013,2,1
75017,True,2,74761,8,1
75029,True,2,75013,4,1
75037,True,2,75029,3,1
75041,True,2,58657,14,1
75041,True,2,74017,10,1
75041,True,2,75037,2,1
75079,True,2,74567,9,1
75083,True,2,58699,14,1
75083,True,2,75079,2,1
75083,True,2,9547,16,1
75083,True,2,74827,8,1
75133,False,,,,
75109,True,2,74597,9,1
75109,True,2,73061,11,1
75149,True,2,9613,16,1
75149,True,2,75133,4,1
75161,False,,,,
75167,True,2,9631,16,1
75167,True,2,74143,10,1
75169,True,2,75041,7,1
75169,True,2,75167,1,1
75169,True,2,75161,3,1
75169,True,2,66977,13,1
75169,True,2,73121,11,1
75181,True,2,73133,11,1
75181,True,2,75149,5,1
75193,True,2,75161,5,1
75209,True,2,75193,4,1
75211,True,2,75209,1,1
75211,True,2,74699,9,1
75211,True,2,75083,7,1
75211,True,2,42443,15,1
75223,False,,,,
75227,True,2,75223,2,1
75227,True,2,74203,10,1
75227,True,2,75211,4,1
75217,True,2,75209,3,1
75239,True,2,71143,12,1
75239,True,2,75223,4,1
75253,True,2,67061,13,1
75269,True,2,75253,4,1
75269,True,2,75013,8,1
75269,True,2,9733,16,1
75289,True,2,75161,7,1
75277,True,2,75149,7,1
75277,True,2,75269,3,1
75277,True,2,42509,15,1
75323,True,2,75307,4,1
75323,True,2,9787,16,1
75337,True,2,42569,15,1
75337,True,2,75209,7,1
75337,True,2,75329,3,1
75329,True,2,71233,12,1
75307,True,2,73259,11,1
75347,True,2,58963,14,1
75347,True,2,9811,16,1
75347,True,2,74323,10,1
75353,True,2,9817,16,1
75353,True,2,71257,12,1
75353,True,2,75289,6,1
75353,True,2,75337,4,1
75389,True,2,71293,12,1
75389,True,2,75133,8,1
75377,True,2,74353,10,1
75367,True,2,75239,7,1
75391,True,2,75389,1,1
75401,True,2,74377,10,1
75401,True,2,75337,6,1
75403,True,2,74891,9,1
75403,True,2,75401,1,1
75403,True,2,67211,13,1
75431,True,2,75367,6,1
75407,True,2,9871,16,1
75407,True,2,75403,2,1
75407,True,2,74383,10,1
75407,True,2,59023,14,1
75407,True,2,75391,4,1
75437,True,2,75181,8,1
75437,True,2,71341,12,1
75437,True,2,9901,16,1
75437,True,2,74413,10,1
75437,True,2,59053,14,1
75479,True,2,75223,8,1
75503,True,2,59119,14,1
75503,True,2,9967,16,1
75521,False,,,,
75511,True,2,42743,15,1
75511,True,2,75503,3,1
75511,True,2,75479,5,1
75527,True,2,75511,4,1
75533,True,2,75277,8,1
75533,True,2,74509,10,1
75533,True,2,71437,12,1
75533,True,2,59149,14,1
75539,True,2,71443,12,1
75553,True,2,75041,9,1
75553,True,2,75521,5,1
75557,True,2,75541,4,1
75557,True,2,75553,2,1
75541,True,2,42773,15,1
75541,True,2,75539,1,1
75541,True,2,67349,13,1
75541,True,2,75533,3,1
75541,True,2,75029,9,1
75571,True,2,75539,5,1
75571,True,2,73523,11,1
75577,True,2,73529,11,1
75617,True,2,59233,14,1
75617,True,2,75553,6,1
75583,True,2,67391,13,1
75619,True,2,75611,3,1
75619,True,2,75617,1,1
75619,True,2,67427,13,1
75619,True,2,73571,11,1
75611,True,2,74587,10,1
75629,True,2,10093,16,1
75653,False,,,,
75641,True,2,75577,6,1
75659,True,2,75403,8,1
75659,True,2,71563,12,1
75679,True,2,75167,9,1
75683,True,2,75679,2,1
75683,True,2,75619,6,1
75703,True,2,67511,13,1
75707,True,2,75703,2,1
75689,True,2,71593,12,1
75709,True,2,75707,1,1
75731,True,2,74707,10,1
75721,True,2,42953,15,1
75721,True,2,75689,5,1
75721,True,2,73673,11,1
75721,True,2,75209,9,1
75743,True,2,75679,6,1
75743,True,2,71647,12,1
75743,True,2,59359,14,1
75743,True,2,74719,10,1
75767,True,2,75703,6,1
75767,True,2,71671,12,1
75767,True,2,75511,8,1
75781,True,2,67589,13,1
75781,True,2,75269,9,1
75781,True,2,43013,15,1
75781,True,2,75773,3,1
75781,True,2,75653,7,1
75773,True,2,75709,6,1
75787,True,2,75659,7,1
75787,True,2,43019,15,1
75793,True,2,67601,13,1
75797,True,2,75541,8,1
75797,True,2,75793,2,1
75797,True,2,75781,4,1
75853,True,2,75821,5,1
75833,True,2,75577,8,1
75821,True,2,74797,10,1
75883,False,,,,
75869,True,2,75853,4,1
75869,True,2,10333,16,1
75913,True,2,75401,9,1
75931,True,2,73883,11,1
75937,False,,,,
75967,False,,,,
75941,True,2,59557,14,1
75941,True,2,75937,2,1
75979,False,,,,
75983,True,2,74959,10,1
75983,True,2,75979,2,1
75983,True,2,75967,4,1
75983,True,2,71887,12,1
75991,True,2,75989,1,1
75991,True,2,75983,3,1
75991,True,2,43223,15,1
75991,True,2,75479,9,1
75991,True,2,73943,11,1
75989,True,2,10453,16,1
76003,True,2,76001,1,1
76001,True,2,59617,14,1
76001,True,2,75997,2,1
76001,True,2,75937,6,1
75997,True,2,75989,3,1
75997,True,2,75869,7,1
76031,True,2,75967,6,1
76039,True,2,43271,15,1
76039,True,2,75527,9,1
76039,True,2,76031,3,1
76079,True,2,71983,12,1
76099,True,2,43331,15,1
76099,True,2,74051,11,1
76099,True,2,76091,3,1
76091,True,2,59707,14,1
76103,True,2,76099,2,1
76103,True,2,76039,6,1
76103,True,2,75079,10,1
76103,True,2,10567,16,1
76081,True,2,43313,15,1
76081,True,2,76079,1,1
76147,True,2,74099,11,1
76129,True,2,76001,7,1
76129,True,2,75617,9,1
76157,True,2,75133,10,1
76123,True,2,75611,9,1
76123,True,2,76091,5,1
76123,True,2,67931,13,1
76163,True,2,76159,2,1
76163,True,2,10627,16,1
76163,True,2,59779,14,1
76163,True,2,76147,4,1
76163,True,2,76099,6,1
76207,True,2,74159,11,1
76207,True,2,76079,7,1
76159,True,2,67967,13,1
76159,True,2,43391,15,1
76159,True,2,76157,1,1
76159,True,2,76031,7,1
76231,True,2,76103,7,1
76243,True,2,75731,9,1
76213,False,,,,
76253,True,2,76249,2,1
76253,True,2,75997,8,1
76259,True,2,10723,16,1
76259,True,2,76003,8,1
76259,True,2,76243,4,1
76249,True,2,43481,15,1
76249,True,2,74201,11,1
76283,False,,,,
76261,True,2,76259,1,1
76261,True,2,76253,3,1
76333,True,2,68141,13,1
76333,True,2,75821,9,1
76303,True,2,68111,13,1
76289,True,2,10753,16,1
76343,False,,,,
76367,True,2,72271,12,1
76367,True,2,10831,16,1
76367,True,2,76303,6,1
76379,True,2,76123,8,1
76369,True,2,76367,1,1
76387,True,2,76379,3,1
76387,True,2,76259,7,1
76441,False,,,,
76421,True,2,60037,14,1
76423,True,2,76421,1,1
76403,True,2,76387,4,1
76403,True,2,10867,16,1
76403,True,2,76147,8,1
76403,True,2,72307,12,1
76463,True,2,72367,12,1
76463,True,2,76207,8,1
76471,True,2,76343,7,1
76471,True,2,76463,3,1
76471,True,2,68279,13,1
76493,True,2,10957,16,1
76511,True,2,60127,14,1
76511,True,2,76507,2,1
76481,False,,,,
76507,True,2,76379,7,1
76487,True,2,60103,14,1
76487,True,2,76231,8,1
76487,True,2,76471,4,1
76487,True,2,76423,6,1
76519,True,2,76511,3,1
76519,True,2,74471,11,1
76519,True,2,76487,5,1
76537,True,2,74489,11,1
76561,True,2,43793,15,1
76541,True,2,76537,2,1
76597,False,,,,
76579,True,2,74531,11,1
76543,True,2,76541,1,1
76543,True,2,76031,9,1
76543,True,2,68351,13,1
76543,True,2,76511,5,1
76603,True,2,76091,9,1
76631,False,,,,
76651,True,2,76649,1,1
76607,True,2,11071,16,1
76607,True,2,76603,2,1
76607,True,2,76543,6,1
76607,True,2,75583,10,1
76607,True,2,60223,14,1
76649,True,2,11113,16,1
76673,True,2,72577,12,1
76673,True,2,60289,14,1
76679,True,2,76423,8,1
76697,True,2,76441,8,1
76697,True,2,11161,16,1
76667,True,2,11131,16,1
76667,True,2,76651,4,1
76667,True,2,76603,6,1
76717,False,,,,
76753,False,,,,
76733,True,2,76717,4,1
76733,True,2,277,2,2
76733,True,2,11197,16,1
76733,True,2,75709,10,1
76777,True,2,74729,11,1
76777,True,2,76649,7,1
76757,True,2,76753,2,1
76757,True,2,72661,12,1
76757,True,2,60373,14,1
76801,True,2,76289,9,1
76801,True,2,76673,7,1
76771,True,2,76259,9,1
76781,True,2,76717,6,1
76781,True,2,76777,2,1
76781,True,2,60397,14,1
76819,True,2,74771,11,1
76829,True,2,72733,12,1
76871,False,,,,
76837,True,2,76829,3,1
76847,True,2,76831,4,1
76847,True,2,11311,16,1
76873,True,2,76871,1,1
76831,True,2,68639,13,1
76831,True,2,76829,1,1
76883,True,2,76819,6,1
76913,True,2,72817,12,1
76949,False,,,,
76907,True,2,76651,8,1
76907,True,2,75883,10,1
76919,True,2,11383,16,1
76919,True,2,72823,12,1
76943,False,,,,
76961,True,2,75937,10,1
76963,True,2,76961,1,1
76963,True,2,68771,13,1
76991,True,2,75967,10,1
76991,True,2,60607,14,1
77017,True,2,44249,15,1
77003,True,2,75979,10,1
77003,True,2,11467,16,1
77003,True,2,72907,12,1
77041,True,2,76913,7,1
77041,True,2,44273,15,1
77029,False,,,,
77069,True,2,72973,12,1
77023,True,2,76991,5,1
77023,True,2,76511,9,1
77047,True,2,76919,7,1
77047,True,2,44279,15,1
77093,True,2,76837,8,1
77093,True,2,77029,6,1
77093,True,2,72997,12,1
77081,True,2,77017,6,1
77101,True,2,68909,13,1
77101,True,2,77069,5,1
77101,True,2,77093,3,1
77141,True,2,77137,2,1
77141,True,2,60757,14,1
77137,False,,,,
77171,True,2,77167,2,1
77171,True,2,76147,10,1
77153,True,2,77137,4,1
77153,True,2,76129,10,1
77153,True,2,11617,16,1
77167,False,,,,
77201,True,2,77137,6,1
77191,True,2,76679,9,1
77239,True,2,77237,1,1
77213,True,2,11677,16,1
77237,True,2,73141,12,1
77237,True,2,76213,10,1
77237,True,2,11701,16,1
77249,False,,,,
77243,True,2,60859,14,1
77243,True,2,77239,2,1
77261,False,,,,
77263,True,2,77261,1,1
77269,True,2,77261,3,1
77269,True,2,77267,1,1
77269,True,2,77141,7,1
77269,True,2,44501,15,1
77269,True,2,76757,9,1
77269,True,2,77237,5,1
77267,True,2,76243,10,1
77267,True,2,77263,2,1
77267,True,2,11731,16,1
77317,True,2,75269,11,1
77317,True,2,44549,15,1
77323,True,2,77291,5,1
77279,True,2,77023,8,1
77279,True,2,11743,16,1
77279,True,2,77263,4,1
77291,False,,,,
77339,True,2,77323,4,1
77339,True,2,73243,12,1
77369,True,2,11833,16,1
77347,True,2,44579,15,1
77347,True,2,77339,3,1
77359,True,2,76847,9,1
77359,True,2,77351,3,1
77377,True,2,75329,11,1
77377,True,2,77249,7,1
77377,True,2,77369,3,1
77351,True,2,77347,2,1
77383,True,2,77351,5,1
77383,True,2,76871,9,1
77383,True,2,69191,13,1
77419,True,2,76907,9,1
77419,True,2,77417,1,1
77419,True,2,44651,15,1
77419,True,2,77291,7,1
77417,True,2,109,16,2
77431,True,2,76919,9,1
77431,True,2,69239,13,1
77471,False,,,,
77447,True,2,73351,12,1
77447,True,2,77191,8,1
77447,True,2,77431,4,1
77447,True,2,76423,10,1
77447,True,2,77383,6,1
77477,True,2,11941,16,1
77489,True,2,11953,16,1
77479,True,2,77447,5,1
77479,True,2,77477,1,1
77479,True,2,77351,7,1
77479,True,2,44711,15,1
77479,True,2,75431,11,1
77479,True,2,77471,3,1
77513,True,2,77509,2,1
77513,True,2,61129,14,1
77513,True,2,73417,12,1
77521,True,2,44753,15,1
77521,True,2,77489,5,1
77521,True,2,77513,3,1
77491,True,2,77489,1,1
77527,True,2,75479,11,1
77509,True,2,69317,13,1
77509,True,2,77477,5,1
77509,True,2,44741,15,1
77543,True,2,77479,6,1
77543,True,2,76519,10,1
77543,True,2,12007,16,1
77543,True,2,77527,4,1
77549,True,2,73453,12,1
77551,True,2,77549,1,1
77551,True,2,77543,3,1
77551,True,2,75503,11,1
77563,True,2,69371,13,1
77573,True,2,77509,6,1
77573,True,2,73477,12,1
77573,True,2,77569,2,1
77573,True,2,12037,16,1
77573,True,2,77317,8,1
77573,True,2,77557,4,1
77557,True,2,44789,15,1
77557,True,2,77549,3,1
77569,True,2,75521,11,1
77591,True,2,77527,6,1
77591,True,2,77587,2,1
77587,True,2,44819,15,1
77587,True,2,75539,11,1
77621,True,2,77617,2,1
77621,True,2,77557,6,1
77621,True,2,76597,10,1
77617,True,2,77489,7,1
77611,True,2,44843,15,1
77641,True,2,77513,7,1
77647,True,2,44879,15,1
77687,True,2,77431,8,1
77681,True,2,61297,14,1
77681,True,2,77617,6,1
77689,True,2,75641,11,1
77689,True,2,77687,1,1
77689,True,2,69497,13,1
77689,True,2,77681,3,1
77659,True,2,69467,13,1
77659,True,2,75611,11,1
77713,True,2,77201,9,1
77713,True,2,77681,5,1
77713,True,2,77711,1,1
77699,True,2,12163,16,1
77711,True,2,77647,6,1
77723,True,2,77659,6,1
77723,True,2,61339,14,1
77723,True,2,77719,2,1
77731,True,2,69539,13,1
77731,True,2,77723,3,1
77731,True,2,75683,11,1
77731,True,2,44963,15,1
77731,True,2,77699,5,1
77719,True,2,77687,5,1
77719,True,2,77591,7,1
77719,True,2,77711,3,1
77743,True,2,77711,5,1
77747,True,2,77491,8,1
77747,True,2,73651,12,1
77747,True,2,61363,14,1
77747,True,2,77731,4,1
77747,True,2,12211,16,1
77747,True,2,77743,2,1
77797,False,,,,
77773,True,2,77261,9,1
77783,True,2,77527,8,1
77783,True,2,77719,6,1
77761,True,2,77249,9,1
77813,True,2,77557,8,1
77813,True,2,77797,4,1
77813,True,2,12277,16,1
77801,True,2,76777,10,1
77801,True,2,61417,14,1
77801,True,2,77797,2,1
77863,True,2,77351,9,1
77849,False,,,,
77867,True,2,77863,2,1
77867,True,2,77611,8,1
77867,True,2,73771,12,1
77867,True,2,61483,14,1
77893,False,,,,
77839,True,2,77711,7,1
77929,True,2,77417,9,1
77929,True,2,77801,7,1
77929,True,2,69737,13,1
77929,True,2,45161,15,1
77933,True,2,77929,2,1
77969,True,2,77713,8,1
77969,True,2,12433,16,1
77899,True,2,77867,5,1
77899,True,2,45131,15,1
77977,True,2,77969,3,1
77977,True,2,77849,7,1
77983,True,2,77471,9,1
77983,True,2,77951,5,1
77951,False,,,,
78007,True,2,77999,3,1
78017,True,2,77761,8,1
78041,True,2,77977,6,1
78041,True,2,61657,14,1
78041,True,2,77017,10,1
77999,True,2,77983,4,1
77999,True,2,77743,8,1
78031,True,2,45263,15,1
78031,True,2,75983,11,1
78031,True,2,77999,5,1
78049,True,2,76001,11,1
78049,True,2,78017,5,1
78049,True,2,45281,15,1
78049,True,2,69857,13,1
78049,True,2,78041,3,1
78059,False,,,,
78079,True,2,77951,7,1
78079,True,2,76031,11,1
78101,True,2,61717,14,1
78137,True,2,78121,4,1
78137,True,2,12601,16,1
78121,True,2,69929,13,1
78163,False,,,,
78157,True,2,5,5,7
78157,True,2,45389,15,1
78139,True,2,78137,1,1
78139,True,2,76091,11,1
78173,True,2,78157,4,1
78173,True,2,74077,12,1
78173,True,2,12637,16,1
78167,True,2,78163,2,1
78167,True,2,74071,12,1
78179,True,2,78163,4,1
78193,True,2,70001,13,1
78193,True,2,78191,1,1
78193,True,2,77681,9,1
78191,True,2,77167,10,1
78203,True,2,78139,6,1
78203,True,2,61819,14,1
78229,True,2,78101,7,1
78241,True,2,78233,3,1
78233,True,2,12697,16,1
78233,True,2,78229,2,1
78233,True,2,77977,8,1
78259,True,2,45491,15,1
78259,True,2,77747,9,1
78259,True,2,70067,13,1
78283,False,,,,
78277,False,,,,
78307,True,2,78179,7,1
78307,True,2,76259,11,1
78301,True,2,76253,11,1
78301,True,2,45533,15,1
78301,True,2,78173,7,1
78311,True,2,61927,14,1
78311,True,2,78307,2,1
78317,True,2,78301,4,1
78317,True,2,61933,14,1
78317,True,2,12781,16,1
78367,True,2,45599,15,1
78341,True,2,77317,10,1
78341,True,2,78277,6,1
78347,True,2,78283,6,1
78347,True,2,77323,10,1
78427,True,2,45659,15,1
78427,True,2,76379,11,1
78437,True,2,62053,14,1
78401,True,2,77377,10,1
78401,True,2,62017,14,1
78467,False,,,,
78439,True,2,78311,7,1
78439,True,2,78437,1,1
78497,True,2,78241,8,1
78487,True,2,78479,3,1
78479,True,2,74383,12,1
78511,True,2,78479,5,1
78511,True,2,78509,1,1
78511,True,2,77999,9,1
78511,True,2,76463,11,1
78509,True,2,74413,12,1
78509,True,2,12973,16,1
78517,True,2,78509,3,1
78541,True,2,76493,11,1
78541,True,2,78509,5,1
78541,True,2,78539,1,1
78539,True,2,13003,16,1
78539,True,2,78283,8,1
78553,True,2,78041,9,1
78571,True,2,78569,1,1
78571,True,2,78059,9,1
78571,True,2,70379,13,1
78571,True,2,78539,5,1
78569,True,2,78553,4,1
78569,True,2,13033,16,1
78577,True,2,78569,3,1
78583,False,,,,
78593,True,2,78577,4,1
78593,True,2,77569,10,1
78643,True,2,70451,13,1
78623,True,2,74527,12,1
78623,True,2,78607,4,1
78623,True,2,78367,8,1
78649,True,2,78137,9,1
78649,True,2,70457,13,1
78607,True,2,78479,7,1
78653,True,2,78649,2,1
78691,True,2,78179,9,1
78697,True,2,78569,7,1
78697,True,2,76649,11,1
78707,True,2,78643,6,1
78707,True,2,74611,12,1
78707,True,2,13171,16,1
78707,True,2,62323,14,1
78707,True,2,78691,4,1
78713,True,2,78697,4,1
78713,True,2,78649,6,1
78713,True,2,13177,16,1
78713,True,2,77689,10,1
78737,True,2,78721,4,1
78737,True,2,77713,10,1
78721,True,2,45953,15,1
78721,True,2,78593,7,1
78721,True,2,78713,3,1
78721,True,2,70529,13,1
78721,True,2,76673,11,1
78781,True,2,78779,1,1
78781,True,2,76733,11,1
78781,True,2,70589,13,1
78781,True,2,78653,7,1
78779,False,,,,
78787,True,2,78779,3,1
78791,True,2,78787,2,1
78797,True,2,77773,10,1
78797,True,2,78781,4,1
78797,True,2,78541,8,1
78809,True,2,74713,12,1
78809,True,2,78553,8,1
78803,True,2,74707,12,1
78803,True,2,13267,16,1
78803,True,2,78787,4,1
78823,True,2,78791,5,1
78823,True,2,78311,9,1
78853,True,2,78341,9,1
78839,True,2,78583,8,1
78839,True,2,78823,4,1
78857,True,2,74761,12,1
78857,True,2,78853,2,1
78857,True,2,62473,14,1
78887,True,2,77863,10,1
78887,True,2,78823,6,1
78889,True,2,78857,5,1
78889,True,2,78887,1,1
78877,True,2,76829,11,1
78901,True,2,78893,3,1
78901,True,2,46133,15,1
78901,True,2,70709,13,1
78893,True,2,78889,2,1
78893,True,2,74797,12,1
78893,True,2,78877,4,1
78919,True,2,78791,7,1
78919,True,2,76871,11,1
78919,True,2,78887,5,1
78929,False,,,,
78941,True,2,78877,6,1
78979,True,2,78977,1,1
78979,True,2,78467,9,1
78977,True,2,281,4,2
78977,True,2,13441,16,1
78977,True,2,78721,8,1
79031,True,2,78007,10,1
78989,False,,,,
79039,True,2,79031,3,1
79039,True,2,46271,15,1
79039,True,2,76991,11,1
79043,True,2,62659,14,1
79043,True,2,79039,2,1
79043,True,2,78787,8,1
79043,True,2,78979,6,1
79063,True,2,79031,5,1
79087,False,,,,
79133,True,2,78877,8,1
79133,True,2,75037,12,1
79133,True,2,13597,16,1
79103,True,2,79039,6,1
79103,True,2,13567,16,1
79103,True,2,79087,4,1
79103,True,2,78079,10,1
79111,True,2,70919,13,1
79111,True,2,79103,3,1
79139,False,,,,
79147,True,2,79139,3,1
79151,True,2,79087,6,1
79151,True,2,79147,2,1
79159,True,2,79031,7,1
79159,True,2,79151,3,1
79181,True,2,78157,10,1
79153,True,2,79151,1,1
79193,False,,,,
79201,True,2,79193,3,1
79201,True,2,77153,11,1
79187,True,2,78163,10,1
79229,True,2,75133,12,1
79229,True,2,13693,16,1
79241,False,,,,
79231,True,2,79229,1,1
79231,True,2,71039,13,1
79231,True,2,79103,7,1
79259,True,2,13723,16,1
79273,True,2,79241,5,1
79273,True,2,71081,13,1
79279,True,2,46511,15,1
79279,True,2,79151,7,1
79283,True,2,79279,2,1
79283,True,2,78259,10,1
79301,True,2,78277,10,1
79319,True,2,79063,8,1
79319,True,2,75223,12,1
79309,True,2,77261,11,1
79309,True,2,79181,7,1
79309,True,2,79301,3,1
79309,True,2,78797,9,1
79337,True,2,79273,6,1
79337,True,2,79333,2,1
79349,True,2,75253,12,1
79349,True,2,79333,4,1
79333,True,2,79301,5,1
79357,True,2,79349,3,1
79357,True,2,46589,15,1
79357,True,2,79229,7,1
79367,True,2,13831,16,1
79367,True,2,62983,14,1
79367,True,2,79111,8,1
79379,False,,,,
79397,True,2,79393,2,1
79397,True,2,79333,6,1
79399,True,2,78887,9,1
79399,True,2,79397,1,1
79399,True,2,77351,11,1
79399,True,2,79367,5,1
79411,True,2,46643,15,1
79411,True,2,79283,7,1
79411,True,2,79379,5,1
79393,False,,,,
79433,True,2,75337,12,1
79423,False,,,,
79427,True,2,79423,2,1
79427,True,2,79411,4,1
79451,True,2,78427,10,1
79451,True,2,63067,14,1
79481,True,2,63097,14,1
79493,False,,,,
79531,True,2,71339,13,1
79549,False,,,,
79537,True,2,77489,11,1
79537,True,2,46769,15,1
79559,False,,,,
79561,True,2,79433,7,1
79561,True,2,79559,1,1
79561,True,2,77513,11,1
79579,True,2,79451,7,1
79579,True,2,71387,13,1
79579,True,2,46811,15,1
79609,True,2,79481,7,1
79609,True,2,79601,3,1
79589,True,2,79333,8,1
79613,True,2,79357,8,1
79613,True,2,79609,2,1
79613,True,2,79549,6,1
79601,True,2,78577,10,1
79601,True,2,79537,6,1
79621,True,2,46853,15,1
79621,True,2,79493,7,1
79621,True,2,79613,3,1
79621,True,2,71429,13,1
79621,True,2,77573,11,1
79621,True,2,79589,5,1
79631,True,2,78607,10,1
79631,True,2,63247,14,1
79631,True,2,79627,2,1
79627,False,,,,
79669,True,2,77621,11,1
79669,True,2,46901,15,1
79657,True,2,46889,15,1
79633,True,2,79601,5,1
79633,True,2,79631,1,1
79691,True,2,79687,2,1
79691,True,2,79627,6,1
79693,True,2,79181,9,1
79693,True,2,79691,1,1
79687,True,2,46919,15,1
79687,True,2,79559,7,1
79699,True,2,79187,9,1
79699,True,2,79691,3,1
79699,True,2,79697,1,1
79757,True,2,79693,6,1
79757,True,2,14221,16,1
79697,True,2,79633,6,1
79697,True,2,79693,2,1
79697,True,2,63313,14,1
79769,False,,,,
79777,True,2,79769,3,1
79801,True,2,79769,5,1
79811,True,2,78787,10,1
79817,True,2,79813,2,1
79817,True,2,14281,16,1
79817,True,2,79801,4,1
79817,True,2,79561,8,1
79817,True,2,75721,12,1
79823,True,2,63439,14,1
79829,True,2,79813,4,1
79829,True,2,14293,16,1
79841,True,2,79777,6,1
79813,True,2,79811,1,1
79813,True,2,79301,9,1
79843,True,2,79841,1,1
79843,True,2,79811,5,1
79847,True,2,79843,2,1
79847,True,2,63463,14,1
79847,True,2,78823,10,1
79861,True,2,77813,11,1
79861,True,2,79829,5,1
79861,True,2,79349,9,1
79861,True,2,47093,15,1
79867,False,,,,
79873,True,2,79841,5,1
79889,True,2,75793,12,1
79889,True,2,79873,4,1
79889,True,2,79633,8,1
79907,True,2,79903,2,1
79907,True,2,79843,6,1
79901,True,2,78877,10,1
79903,True,2,71711,13,1
79903,True,2,79901,1,1
79943,True,2,14407,16,1
79943,True,2,78919,10,1
79943,True,2,63559,14,1
79943,True,2,79939,2,1
79943,True,2,79687,8,1
79939,True,2,79811,7,1
79939,True,2,79427,9,1
79939,True,2,79907,5,1
79967,True,2,14431,16,1
79967,True,2,79903,6,1
79979,True,2,75883,12,1
79987,True,2,79979,3,1
79973,True,2,63589,14,1
79973,True,2,14437,16,1
79999,True,2,79997,1,1
79999,True,2,71807,13,1
79999,True,2,79967,5,1
79999,True,2,77951,11,1
80021,False,,,,
79997,True,2,14461,16,1
80051,True,2,79987,6,1
80051,True,2,63667,14,1
80039,True,2,14503,16,1
80071,True,2,79559,9,1
80071,True,2,80039,5,1
80071,True,2,71879,13,1
80071,True,2,47303,15,1
80071,True,2,79943,7,1
80107,True,2,79979,7,1
80107,True,2,47339,15,1
80107,True,2,78059,11,1
80077,True,2,47309,15,1
80141,True,2,80077,6,1
80111,True,2,63727,14,1
80111,True,2,80107,2,1
80111,True,2,79087,10,1
80147,False,,,,
80153,True,2,80149,2,1
80153,True,2,283,6,2
80173,True,2,5,11,7
80173,True,2,80141,5,1
80149,True,2,80147,1,1
80149,True,2,80021,7,1
80149,True,2,80141,3,1
80149,True,2,47381,15,1
80149,True,2,78101,11,1
80167,True,2,80039,7,1
80177,True,2,11,16,4
80177,True,2,76081,12,1
80177,True,2,79153,10,1
80177,True,2,80173,2,1
80177,True,2,63793,14,1
80191,True,2,71999,13,1
80207,True,2,63823,14,1
80207,True,2,80191,4,1
80209,True,2,80177,5,1
80209,True,2,79697,9,1
80209,True,2,80207,1,1
80209,True,2,47441,15,1
80231,True,2,80167,6,1
80221,True,2,78173,11,1
80233,True,2,80231,1,1
80251,True,2,78203,11,1
80239,True,2,80111,7,1
80239,True,2,80231,3,1
80239,True,2,78191,11,1
80239,True,2,72047,13,1
80239,True,2,80207,5,1
80263,True,2,80231,5,1
80273,True,2,80209,6,1
80273,True,2,14737,16,1
80279,True,2,80263,4,1
80287,True,2,80279,3,1
80309,True,2,76213,12,1
80329,True,2,79817,9,1
80317,True,2,80309,3,1
80341,True,2,80309,5,1
80341,True,2,79829,9,1
80363,True,2,80107,8,1
80363,True,2,14827,16,1
80363,True,2,80347,4,1
80347,False,,,,
80369,False,,,,
80387,True,2,14851,16,1
80407,True,2,47639,15,1
80407,True,2,80279,7,1
80429,True,2,76333,12,1
80429,True,2,80173,8,1
80447,True,2,79423,10,1
80447,True,2,80191,8,1
80447,True,2,64063,14,1
80471,True,2,80407,6,1
80449,True,2,78401,11,1
80449,True,2,47681,15,1
80449,True,2,80447,1,1
80473,True,2,80471,1,1
80489,True,2,80233,8,1
80489,True,2,80473,4,1
80491,True,2,79979,9,1
80491,True,2,80489,1,1
80491,True,2,80363,7,1
80513,True,2,80449,6,1
80537,True,2,76441,12,1
80537,True,2,80473,6,1
80537,True,2,64153,14,1
80527,True,2,78479,11,1
80557,True,2,78509,11,1
80557,True,2,80429,7,1
80567,True,2,15031,16,1
80567,True,2,76471,12,1
80599,True,2,80567,5,1
80599,True,2,80471,7,1
80611,True,2,80603,3,1
80611,True,2,47843,15,1
80603,True,2,79579,10,1
80603,True,2,76507,12,1
80603,True,2,80599,2,1
80603,True,2,80347,8,1
80621,True,2,80557,6,1
80621,True,2,64237,14,1
80627,True,2,80611,4,1
80627,True,2,15091,16,1
80629,True,2,80627,1,1
80629,True,2,80621,3,1
80657,True,2,76561,12,1
80657,True,2,79633,10,1
80657,True,2,15121,16,1
80651,True,2,79627,10,1
80669,False,,,,
80671,True,2,47903,15,1
80671,True,2,80669,1,1
80671,True,2,78623,11,1
80677,True,2,80669,3,1
80683,True,2,80681,1,1
80683,True,2,80651,5,1
80687,True,2,80683,2,1
80687,True,2,64303,14,1
80687,True,2,80671,4,1
80681,True,2,79657,10,1
80681,True,2,80677,2,1
80737,True,2,47969,15,1
80713,True,2,80681,5,1
80701,True,2,78653,11,1
80701,True,2,80669,5,1
80701,True,2,47933,15,1
80747,True,2,80491,8,1
80747,True,2,76651,12,1
80747,True,2,80683,6,1
80761,True,2,78713,11,1
80749,True,2,80621,7,1
80749,True,2,80747,1,1
80749,True,2,47981,15,1
80779,True,2,80777,1,1
80779,True,2,80651,7,1
80779,True,2,80747,5,1
80777,True,2,80713,6,1
80777,True,2,80761,4,1
80777,True,2,15241,16,1
80783,True,2,80779,2,1
80783,True,2,80527,8,1
80783,True,2,64399,14,1
80789,False,,,,
80803,False,,,,
80819,True,2,80803,4,1
80809,True,2,80777,5,1
80809,True,2,72617,13,1
80809,True,2,80681,7,1
80833,True,2,80831,1,1
80831,False,,,,
80849,True,2,80833,4,1
80849,True,2,76753,12,1
80849,True,2,15313,16,1
80897,True,2,64513,14,1
80897,True,2,79873,10,1
80897,True,2,80833,6,1
80897,True,2,76801,12,1
80897,True,2,15361,16,1
80863,True,2,72671,13,1
80863,True,2,80831,5,1
80909,True,2,15373,16,1
80917,True,2,80789,7,1
80917,True,2,80909,3,1
80911,True,2,80909,1,1
80911,True,2,80783,7,1
80911,True,2,72719,13,1
80923,False,,,,
80929,True,2,80897,5,1
80933,True,2,80917,4,1
80933,True,2,80929,2,1
80933,True,2,76837,12,1
80933,True,2,80677,8,1
80953,False,,,,
80963,True,2,15427,16,1
80963,True,2,79939,10,1
80963,True,2,64579,14,1
81001,True,2,80489,9,1
80989,True,2,78941,11,1
80989,True,2,48221,15,1
80989,True,2,72797,13,1
81013,False,,,,
81017,True,2,81001,4,1
81017,True,2,80761,8,1
81017,True,2,80953,6,1
81017,True,2,81013,2,1
81017,True,2,64633,14,1
81019,True,2,81017,1,1
81023,True,2,81019,2,1
81023,True,2,79999,10,1
81031,True,2,81023,3,1
81043,True,2,81041,1,1
81047,True,2,15511,16,1
81047,True,2,81043,2,1
81047,True,2,64663,14,1
81047,True,2,81031,4,1
81041,False,,,,
81049,True,2,48281,15,1
81049,True,2,81047,1,1
81049,True,2,81041,3,1
81049,True,2,80537,9,1
81049,True,2,81017,5,1
81071,False,,,,
81077,True,2,64693,14,1
81077,True,2,15541,16,1
81077,True,2,81013,6,1
81083,True,2,81019,6,1
81101,True,2,81097,2,1
81101,True,2,80077,10,1
81101,True,2,64717,14,1
81097,False,,,,
81119,True,2,80863,8,1
81119,True,2,77023,12,1
81119,True,2,15583,16,1
81157,False,,,,
81163,True,2,80651,9,1
81163,True,2,81131,5,1
81131,True,2,80107,10,1
81131,True,2,64747,14,1
81173,True,2,81157,4,1
81173,True,2,80149,10,1
81173,True,2,80917,8,1
81181,True,2,79133,11,1
81181,True,2,81173,3,1
81181,True,2,48413,15,1
81181,True,2,80669,9,1
81199,True,2,81071,7,1
81199,True,2,81197,1,1
81199,True,2,79151,11,1
81199,True,2,80687,9,1
81197,True,2,81181,4,1
81197,True,2,80173,10,1
81197,True,2,15661,16,1
81197,True,2,77101,12,1
81203,True,2,15667,16,1
81203,True,2,81199,2,1
81223,False,,,,
81239,True,2,81223,4,1
81233,True,2,77137,12,1
81233,True,2,80209,10,1
81233,True,2,64849,14,1
81283,True,2,81281,1,1
81283,True,2,73091,13,1
81281,False,,,,
81293,False,,,,
81299,True,2,81043,8,1
81299,True,2,81283,4,1
81307,True,2,79259,11,1
81307,True,2,81299,3,1
81307,True,2,48539,15,1
81331,True,2,79283,11,1
81331,True,2,80819,9,1
81331,True,2,81299,5,1
81331,True,2,48563,15,1
81331,True,2,81203,7,1
81343,True,2,80831,9,1
81349,True,2,79301,11,1
81353,True,2,64969,14,1
81353,True,2,81097,8,1
81353,True,2,81349,2,1
81353,True,2,15817,16,1
81353,True,2,80329,10,1
81359,True,2,15823,16,1
81359,True,2,81343,4,1
81359,True,2,77263,12,1
81373,True,2,81371,1,1
81373,True,2,73181,13,1
81401,False,,,,
81371,True,2,81307,6,1
81371,True,2,80347,10,1
81409,True,2,81401,3,1
81409,True,2,80897,9,1
81409,True,2,81281,7,1
81421,True,2,81293,7,1
81421,True,2,80909,9,1
81439,False,,,,
81463,False,,,,
81457,False,,,,
81509,True,2,15973,16,1
81517,True,2,81509,3,1
81527,True,2,77431,12,1
81527,True,2,81463,6,1
81527,True,2,15991,16,1
81547,True,2,48779,15,1
81533,True,2,81517,4,1
81551,True,2,80527,10,1
81551,True,2,81547,2,1
81551,True,2,65167,14,1
81553,True,2,81551,1,1
81553,True,2,81041,9,1
81553,True,2,73361,13,1
81559,True,2,81551,3,1
81559,True,2,81527,5,1
81559,True,2,81047,9,1
81563,True,2,81547,4,1
81563,True,2,81307,8,1
81563,True,2,81559,2,1
81563,True,2,65179,14,1
81619,True,2,81611,3,1
81611,True,2,81547,6,1
81569,True,2,81553,4,1
81569,True,2,16033,16,1
81629,True,2,81373,8,1
81637,True,2,79589,11,1
81637,True,2,81509,7,1
81637,True,2,81629,3,1
81637,True,2,48869,15,1
81647,True,2,16111,16,1
81647,True,2,77551,12,1
81667,False,,,,
81649,True,2,81647,1,1
81649,True,2,79601,11,1
81671,True,2,65287,14,1
81671,True,2,81667,2,1
81701,True,2,81637,6,1
81701,True,2,80677,10,1
81677,True,2,65293,14,1
81677,True,2,16141,16,1
81677,True,2,81421,8,1
81689,False,,,,
81703,True,2,81671,5,1
81703,True,2,81701,1,1
81737,True,2,80713,10,1
81737,True,2,77641,12,1
81737,True,2,65353,14,1
81707,True,2,80683,10,1
81707,True,2,77611,12,1
81707,True,2,81703,2,1
81707,True,2,65323,14,1
81727,False,,,,
81749,False,,,,
81761,True,2,80737,10,1
81773,True,2,81517,8,1
81773,True,2,80749,10,1
81773,True,2,81769,2,1
81769,True,2,81761,3,1
81769,True,2,81737,5,1
81799,True,2,73607,13,1
81799,True,2,81671,7,1
81799,True,2,49031,15,1
81839,True,2,77743,12,1
81853,False,,,,
81817,True,2,79769,11,1
81817,True,2,81689,7,1
81847,True,2,81839,3,1
81869,True,2,77773,12,1
81869,True,2,81853,4,1
81869,True,2,16333,16,1
81883,True,2,81371,9,1
81899,True,2,81883,4,1
81899,True,2,16363,16,1
81901,True,2,81899,1,1
81901,True,2,73709,13,1
81901,True,2,81773,7,1
81901,True,2,81869,5,1
81919,True,2,73727,13,1
81929,False,,,,
81931,True,2,81929,1,1
81931,True,2,81899,5,1
81953,True,2,80929,10,1
81953,True,2,81937,4,1
81953,True,2,16417,16,1
81937,True,2,49169,15,1
81937,True,2,81929,3,1
81937,True,2,79889,11,1
81943,True,2,73751,13,1
81967,True,2,49199,15,1
81967,True,2,81839,7,1
81971,True,2,81967,2,1
81971,True,2,65587,14,1
82003,True,2,81971,5,1
81973,True,2,81971,1,1
82007,True,2,81943,6,1
82007,True,2,82003,2,1
82009,True,2,82007,1,1
82013,True,2,80989,10,1
82013,True,2,82009,2,1
82013,True,2,65629,14,1
82013,True,2,16477,16,1
82021,True,2,81509,9,1
82021,True,2,82013,3,1
82021,True,2,49253,15,1
82021,True,2,79973,11,1
82037,True,2,81973,6,1
82037,True,2,82021,4,1
82037,True,2,81013,10,1
82031,True,2,81967,6,1
82031,True,2,65647,14,1
82039,True,2,82031,3,1
82039,True,2,82037,1,1
82039,True,2,73847,13,1
82039,True,2,82007,5,1
82039,True,2,81527,9,1
82067,True,2,82003,6,1
82067,True,2,82051,4,1
82067,True,2,81043,10,1
82051,True,2,73859,13,1
82073,True,2,77977,12,1
82073,True,2,82009,6,1
82073,True,2,81049,10,1
82073,True,2,81817,8,1
82129,False,,,,
82139,True,2,16603,16,1
82139,True,2,81883,8,1
82141,True,2,82013,7,1
82141,True,2,82139,1,1
82141,True,2,81629,9,1
82153,True,2,73961,13,1
82171,True,2,82163,3,1
82171,True,2,82139,5,1
82163,False,,,,
82183,True,2,81671,9,1
82193,True,2,82189,2,1
82193,True,2,65809,14,1
82193,True,2,81937,8,1
82193,True,2,82129,6,1
82193,True,2,16657,16,1
82207,False,,,,
82189,True,2,80141,11,1
82189,True,2,81677,9,1
82217,True,2,82153,6,1
82217,True,2,78121,12,1
82219,True,2,82217,1,1
82219,True,2,81707,9,1
82219,True,2,49451,15,1
82219,True,2,74027,13,1
82223,True,2,82219,2,1
82223,True,2,82207,4,1
82223,True,2,81199,10,1
82223,True,2,81967,8,1
82223,True,2,65839,14,1
82237,False,,,,
82231,True,2,49463,15,1
82231,True,2,82223,3,1
82261,True,2,81749,9,1
82241,True,2,82237,2,1
82267,True,2,82139,7,1
82267,True,2,49499,15,1
82279,True,2,80231,11,1
82301,True,2,82237,6,1
82339,True,2,82307,5,1
82307,True,2,82051,8,1
82307,True,2,81283,10,1
82349,False,,,,
82351,True,2,82223,7,1
82351,True,2,81839,9,1
82351,True,2,74159,13,1
82351,True,2,82349,1,1
82361,False,,,,
82373,True,2,78277,12,1
82373,True,2,81349,10,1
82393,True,2,82361,5,1
82393,True,2,74201,13,1
82387,False,,,,
82421,True,2,66037,14,1
82457,True,2,82393,6,1
82457,True,2,16921,16,1
82463,True,2,16927,16,1
82463,True,2,82207,8,1
82463,True,2,81439,10,1
82463,True,2,78367,12,1
82469,False,,,,
82471,True,2,82463,3,1
82471,True,2,82469,1,1
82471,True,2,74279,13,1
82487,True,2,82231,8,1
82487,True,2,66103,14,1
82487,True,2,82471,4,1
82487,True,2,82483,2,1
82487,True,2,81463,10,1
82483,True,2,81971,9,1
82493,True,2,66109,14,1
82493,True,2,82237,8,1
82507,True,2,49739,15,1
82507,True,2,82499,3,1
82529,True,2,16993,16,1
82531,True,2,82499,5,1
82531,True,2,82529,1,1
82499,True,2,16963,16,1
82499,True,2,82483,4,1
82549,True,2,82037,9,1
82549,True,2,82421,7,1
82549,True,2,74357,13,1
82559,False,,,,
82561,True,2,82529,5,1
82561,True,2,82559,1,1
82561,True,2,80513,11,1
82567,True,2,82559,3,1
82571,True,2,81547,10,1
82571,True,2,82507,6,1
82571,True,2,82567,2,1
82591,True,2,82463,7,1
82591,True,2,82559,5,1
82591,True,2,49823,15,1
82601,False,,,,
82609,True,2,82601,3,1
82613,True,2,78517,12,1
82613,True,2,82609,2,1
82613,True,2,17077,16,1
82613,True,2,82549,6,1
82633,True,2,82601,5,1
82633,True,2,74441,13,1
82619,False,,,,
82651,True,2,80603,11,1
82651,True,2,82619,5,1
82651,True,2,82139,9,1
82699,True,2,74507,13,1
82699,True,2,80651,11,1
82699,True,2,82571,7,1
82657,True,2,82529,7,1
82723,True,2,82721,1,1
82723,True,2,74531,13,1
82721,True,2,82657,6,1
82721,True,2,66337,14,1
82727,True,2,17191,16,1
82727,True,2,82723,2,1
82727,True,2,81703,10,1
82727,True,2,66343,14,1
82727,True,2,82471,8,1
82729,True,2,82727,1,1
82729,True,2,82601,7,1
82729,True,2,82721,3,1
82729,True,2,80681,11,1
82729,True,2,82217,9,1
82757,True,2,66373,14,1
82759,True,2,74567,13,1
82759,True,2,49991,15,1
82759,True,2,82757,1,1
82759,True,2,82727,5,1
82763,True,2,82507,8,1
82763,True,2,82759,2,1
82763,True,2,82699,6,1
82781,False,,,,
82793,True,2,81769,10,1
82793,True,2,78697,12,1
82793,True,2,17257,16,1
82793,True,2,82729,6,1
82799,False,,,,
82787,True,2,66403,14,1
82787,True,2,82531,8,1
82787,True,2,82723,6,1
82787,True,2,78691,12,1
82811,False,,,,
82837,True,2,50069,15,1
82837,True,2,80789,11,1
82813,True,2,82781,5,1
82813,True,2,82811,1,1
82813,True,2,82301,9,1
82847,True,2,82591,8,1
82847,True,2,66463,14,1
82883,True,2,78787,12,1
82883,True,2,66499,14,1
82889,True,2,82633,8,1
82891,True,2,82889,1,1
82891,True,2,50123,15,1
82891,True,2,82883,3,1
82891,True,2,82763,7,1
82891,True,2,74699,13,1
82913,True,2,66529,14,1
82913,True,2,17377,16,1
82913,True,2,82657,8,1
82903,False,,,,
82939,True,2,82811,7,1
82939,True,2,74747,13,1
82963,True,2,74771,13,1
82981,True,2,82469,9,1
82981,True,2,80933,11,1
83003,True,2,17467,16,1
83003,True,2,82939,6,1
82997,True,2,81973,10,1
82997,True,2,82981,4,1
82997,True,2,78901,12,1
83009,False,,,,
83023,True,2,74831,13,1
83047,False,,,,
83059,True,2,50291,15,1
83063,True,2,82039,10,1
83063,True,2,83047,4,1
83063,True,2,83059,2,1
83071,True,2,82559,9,1
83071,True,2,81023,11,1
83071,True,2,83063,3,1
83077,False,,,,
83089,True,2,81041,11,1
83089,True,2,50321,15,1
83089,True,2,74897,13,1
83093,True,2,83089,2,1
83093,True,2,83077,4,1
83093,True,2,82837,8,1
83101,True,2,83093,3,1
83101,True,2,50333,15,1
83117,True,2,66733,14,1
83117,True,2,83101,4,1
83117,True,2,17581,16,1
83207,True,2,82183,10,1
83207,True,2,83203,2,1
83207,True,2,79111,12,1
83137,True,2,83009,7,1
83203,True,2,75011,13,1
83177,True,2,82153,10,1
83227,True,2,50459,15,1
83227,True,2,83219,3,1
83219,True,2,82963,8,1
83219,True,2,17683,16,1
83219,True,2,83203,4,1
83221,True,2,83219,1,1
83221,True,2,75029,13,1
83221,True,2,81173,11,1
83221,True,2,83093,7,1
83231,True,2,82207,10,1
83231,True,2,83227,2,1
83233,True,2,83231,1,1
83233,True,2,82721,9,1
83233,True,2,75041,13,1
83243,True,2,17707,16,1
83243,True,2,82219,10,1
83243,True,2,83227,4,1
83243,True,2,79147,12,1
83257,False,,,,
83267,True,2,83203,6,1
83267,True,2,66883,14,1
83273,True,2,66889,14,1
83273,True,2,83269,2,1
83273,True,2,17737,16,1
83273,True,2,83257,4,1
83269,True,2,82757,9,1
83269,True,2,83267,1,1
83299,True,2,83267,5,1
83299,True,2,82787,9,1
83311,True,2,82799,9,1
83311,True,2,50543,15,1
83339,False,,,,
83357,True,2,83341,4,1
83357,True,2,66973,14,1
83357,True,2,83101,8,1
83341,True,2,83339,1,1
83341,True,2,75149,13,1
83341,True,2,81293,11,1
83383,False,,,,
83389,True,2,83357,5,1
83399,True,2,17863,16,1
83399,True,2,83383,4,1
83401,True,2,83399,1,1
83401,True,2,83273,7,1
83401,True,2,81353,11,1
83401,True,2,75209,13,1
83401,True,2,82889,9,1
83407,True,2,83399,3,1
83407,True,2,81359,11,1
83417,True,2,83401,4,1
83417,True,2,82393,10,1
83417,True,2,17881,16,1
83417,True,2,67033,14,1
83423,True,2,83407,4,1
83437,False,,,,
83431,True,2,83423,3,1
83431,True,2,75239,13,1
83431,True,2,83399,5,1
83449,True,2,81401,11,1
83449,True,2,83417,5,1
83443,False,,,,
83459,True,2,83203,8,1
83459,True,2,83443,4,1
83459,True,2,17923,16,1
83471,True,2,83407,6,1
83477,True,2,83221,8,1
83497,False,,,,
83537,True,2,67153,14,1
83537,True,2,17,4,4
83557,True,2,81509,11,1
83557,True,2,50789,15,1
83561,True,2,83557,2,1
83561,True,2,83497,6,1
83579,True,2,83563,4,1
83579,True,2,18043,16,1
83597,True,2,18061,16,1
83597,True,2,67213,14,1
83597,True,2,83341,8,1
83563,True,2,83561,1,1
83591,True,2,82567,10,1
83609,False,,,,
83617,True,2,81569,11,1
83617,True,2,83609,3,1
83617,True,2,50849,15,1
83639,True,2,83383,8,1
83621,True,2,83617,2,1
83621,True,2,83557,6,1
83641,True,2,83609,5,1
83641,True,2,83639,1,1
83641,True,2,50873,15,1
83653,True,2,83621,5,1
83689,True,2,83561,7,1
83689,True,2,83177,9,1
83663,True,2,83407,8,1
83663,True,2,18127,16,1
83717,True,2,79621,12,1
83717,True,2,83701,4,1
83717,True,2,83653,6,1
83717,True,2,18181,16,1
83701,False,,,,
83719,True,2,50951,15,1
83719,True,2,83207,9,1
83719,True,2,83717,1,1
83719,True,2,75527,13,1
83719,True,2,81671,11,1
83719,True,2,83591,7,1
83737,True,2,83609,7,1
83737,True,2,50969,15,1
83737,True,2,81689,11,1
83761,True,2,50993,15,1
83773,False,,,,
83777,True,2,17,8,4
83777,True,2,83773,2,1
83777,True,2,83761,4,1
83813,True,2,67429,14,1
83813,True,2,83557,8,1
83791,True,2,83663,7,1
83833,True,2,75641,13,1
83843,True,2,18307,16,1
83857,False,,,,
83869,True,2,83357,9,1
83891,False,,,,
83873,True,2,79777,12,1
83873,True,2,83617,8,1
83873,True,2,83869,2,1
83873,True,2,67489,14,1
83873,True,2,83857,4,1
83903,True,2,18367,16,1
83933,True,2,83869,6,1
83933,True,2,18397,16,1
83921,True,2,83857,6,1
83921,True,2,67537,14,1
83939,True,2,79843,12,1
83911,True,2,83903,3,1
83911,True,2,83399,9,1
83983,True,2,83471,9,1
83987,True,2,82963,10,1
83987,True,2,83983,2,1
83987,True,2,18451,16,1
83969,True,2,18433,16,1
83969,True,2,79873,12,1
84011,False,,,,
84017,True,2,83761,8,1
84017,True,2,18481,16,1
84047,True,2,83791,8,1
84047,True,2,83983,6,1
84047,True,2,83023,10,1
84053,True,2,18517,16,1
84059,True,2,18523,16,1
84067,True,2,84059,3,1
84067,True,2,83939,7,1
84061,True,2,84059,1,1
84061,True,2,75869,13,1
84061,True,2,84053,3,1
84061,True,2,82013,11,1
84061,True,2,83933,7,1
84089,True,2,18553,16,1
84089,True,2,83833,8,1
84121,True,2,84089,5,1
84121,True,2,83609,9,1
84121,True,2,82073,11,1
84127,False,,,,
84131,True,2,84067,6,1
84131,True,2,84127,2,1
84137,True,2,84121,4,1
84143,True,2,67759,14,1
84143,True,2,84127,4,1
84163,True,2,84131,5,1
84179,True,2,84163,4,1
84181,True,2,84053,7,1
84181,True,2,84179,1,1
84181,True,2,75989,13,1
84181,True,2,51413,15,1
84199,True,2,51431,15,1
84199,True,2,84191,3,1
84191,True,2,67807,14,1
84191,True,2,84127,6,1
84211,True,2,82163,11,1
84211,True,2,84179,5,1
84221,False,,,,
84223,True,2,76031,13,1
84223,True,2,84221,1,1
84223,True,2,84191,5,1
84229,True,2,84221,3,1
84229,True,2,83717,9,1
84229,True,2,51461,15,1
84239,True,2,84223,4,1
84239,True,2,83983,8,1
84263,True,2,84247,4,1
84263,True,2,84199,6,1
84263,True,2,80167,12,1
84247,True,2,51479,15,1
84247,True,2,84239,3,1
84299,False,,,,
84313,False,,,,
84307,True,2,84179,7,1
84307,True,2,84299,3,1
84307,True,2,51539,15,1
84319,True,2,51551,15,1
84319,True,2,84191,7,1
84319,True,2,84317,1,1
84317,True,2,84313,2,1
84317,True,2,80221,12,1
84317,True,2,67933,14,1
84317,True,2,84061,8,1
84347,True,2,80251,12,1
84377,True,2,67993,14,1
84377,True,2,84121,8,1
84377,True,2,84313,6,1
84389,False,,,,
84349,True,2,84317,5,1
84349,True,2,84347,1,1
84349,True,2,76157,13,1
84349,True,2,82301,11,1
84349,True,2,84221,7,1
84349,True,2,51581,15,1
84391,True,2,84263,7,1
84391,True,2,84389,1,1
84401,False,,,,
84407,True,2,83383,10,1
84407,True,2,84391,4,1
84407,True,2,68023,14,1
84431,True,2,83407,10,1
84437,True,2,84421,4,1
84437,True,2,68053,14,1
84437,True,2,84181,8,1
84437,True,2,80341,12,1
84421,True,2,84389,5,1
84421,True,2,82373,11,1
84443,True,2,80347,12,1
84443,True,2,68059,14,1
84449,True,2,18913,16,1
84457,True,2,84449,3,1
84463,True,2,84431,5,1
84481,True,2,84449,5,1
84481,True,2,83969,9,1
84481,True,2,76289,13,1
84481,True,2,51713,15,1
84499,True,2,83987,9,1
84499,True,2,84467,5,1
84467,True,2,84211,8,1
84467,True,2,83443,10,1
84467,True,2,84463,2,1
84509,True,2,18973,16,1
84521,True,2,84457,6,1
84521,True,2,83497,10,1
84503,True,2,84247,8,1
84503,True,2,84499,2,1
84503,True,2,80407,12,1
84523,True,2,84011,9,1
84523,True,2,84521,1,1
84533,False,,,,
84551,False,,,,
84589,False,,,,
84559,True,2,84047,9,1
84559,True,2,84551,3,1
84559,True,2,76367,13,1
84559,True,2,84431,7,1
84629,False,,,,
84631,True,2,84503,7,1
84631,True,2,84629,1,1
84649,True,2,84521,7,1
84649,True,2,82601,11,1
84649,True,2,84137,9,1
84673,True,2,76481,13,1
84659,False,,,,
84653,True,2,84649,2,1
84653,True,2,84589,6,1
84653,True,2,80557,12,1
84697,True,2,51929,15,1
84701,True,2,84697,2,1
84691,True,2,84659,5,1
84691,True,2,84179,9,1
84713,True,2,84457,8,1
84713,True,2,68329,14,1
84713,True,2,84697,4,1
84713,True,2,83689,10,1
84713,True,2,84649,6,1
84719,True,2,84463,8,1
84719,True,2,19183,16,1
84737,True,2,84673,6,1
84737,True,2,84481,8,1
84731,False,,,,
84751,True,2,84239,9,1
84751,True,2,84719,5,1
84761,True,2,84697,6,1
84761,True,2,83737,10,1
84787,True,2,84659,7,1
84793,True,2,84761,5,1
84809,True,2,84793,4,1
84809,True,2,19273,16,1
84809,True,2,80713,12,1
84811,True,2,82763,11,1
84811,True,2,84299,9,1
84811,True,2,84809,1,1
84827,True,2,84811,4,1
84827,True,2,68443,14,1
84857,True,2,68473,14,1
84857,True,2,139,16,2
84857,True,2,83833,10,1
84857,True,2,84793,6,1
84857,True,2,80761,12,1
84859,True,2,76667,13,1
84859,True,2,82811,11,1
84859,True,2,84347,9,1
84859,True,2,84731,7,1
84859,True,2,84827,5,1
84859,True,2,84857,1,1
84869,True,2,19333,16,1
84947,True,2,84691,8,1
84919,True,2,84407,9,1
84913,True,2,84401,9,1
84961,True,2,84449,9,1
84961,True,2,82913,11,1
84871,True,2,84869,1,1
84871,True,2,52103,15,1
84871,True,2,76679,13,1
84979,True,2,84977,1,1
84979,True,2,84947,5,1
84979,True,2,84467,9,1
84967,False,,,,
84977,True,2,84961,4,1
84977,True,2,84913,6,1
84977,True,2,19441,16,1
85009,True,2,84977,5,1
84991,True,2,52223,15,1
85027,True,2,52259,15,1
85021,True,2,76829,13,1
85021,True,2,52253,15,1
85021,True,2,84509,9,1
85037,True,2,19501,16,1
85037,True,2,85021,4,1
85061,False,,,,
85049,True,2,80953,12,1
85049,True,2,84793,8,1
85081,True,2,85049,5,1
85081,True,2,52313,15,1
85087,False,,,,
85091,True,2,85087,2,1
85091,True,2,84067,10,1
85091,True,2,85027,6,1
85093,True,2,85061,5,1
85093,True,2,85091,1,1
85109,True,2,81013,12,1
85109,True,2,85093,4,1
85103,True,2,85087,4,1
85121,True,2,68737,14,1
85147,True,2,52379,15,1
85193,True,2,81097,12,1
85159,True,2,52391,15,1
85133,True,2,19597,16,1
85133,True,2,68749,14,1
85199,False,,,,
85201,True,2,85199,1,1
85201,True,2,52433,15,1
85201,True,2,85193,3,1
85213,True,2,84701,9,1
85229,True,2,85213,4,1
85223,True,2,84199,10,1
85223,True,2,85159,6,1
85223,True,2,19687,16,1
85223,True,2,84967,8,1
85237,True,2,85109,7,1
85237,True,2,85229,3,1
85243,True,2,84731,9,1
85247,True,2,84991,8,1
85247,True,2,84223,10,1
85247,True,2,85243,2,1
85247,True,2,68863,14,1
85259,True,2,85243,4,1
85259,True,2,81163,12,1
85297,True,2,52529,15,1
85303,False,,,,
85313,True,2,19777,16,1
85313,True,2,85297,4,1
85333,True,2,85331,1,1
85333,True,2,77141,13,1
85331,True,2,84307,10,1
85331,True,2,68947,14,1
85361,True,2,85297,6,1
85363,True,2,77171,13,1
85363,True,2,85331,5,1
85363,True,2,85361,1,1
85369,True,2,84857,9,1
85369,True,2,85361,3,1
85411,False,,,,
85381,True,2,84869,9,1
85427,True,2,85363,6,1
85427,True,2,85411,4,1
85427,True,2,81331,12,1
85427,True,2,19891,16,1
85429,True,2,85427,1,1
85429,True,2,77237,13,1
85439,True,2,81343,12,1
85447,True,2,85439,3,1
85447,True,2,83399,11,1
85451,True,2,69067,14,1
85451,True,2,85447,2,1
85453,True,2,85451,1,1
85453,True,2,77261,13,1
85469,True,2,81373,12,1
85469,True,2,85453,4,1
85469,True,2,85213,8,1
85487,True,2,84463,10,1
85513,False,,,,
85523,True,2,84499,10,1
85517,True,2,85513,2,1
85517,True,2,85453,6,1
85517,True,2,81421,12,1
85531,True,2,77339,13,1
85531,True,2,85523,3,1
85549,True,2,85037,9,1
85549,True,2,85517,5,1
85571,False,,,,
85577,True,2,85513,6,1
85577,True,2,69193,14,1
85597,True,2,85469,7,1
85601,True,2,85597,2,1
85607,True,2,20071,16,1
85619,True,2,85363,8,1
85627,True,2,85619,3,1
85627,True,2,83579,11,1
85627,True,2,52859,15,1
85639,True,2,83591,11,1
85639,True,2,85607,5,1
85639,True,2,77447,13,1
85621,True,2,85109,9,1
85621,True,2,85619,1,1
85661,True,2,85597,6,1
85643,True,2,81547,12,1
85643,True,2,20107,16,1
85643,True,2,85639,2,1
85643,True,2,85627,4,1
85643,True,2,69259,14,1
85667,True,2,85411,8,1
85669,True,2,85667,1,1
85669,True,2,77477,13,1
85669,True,2,85661,3,1
85669,True,2,83621,11,1
85669,True,2,52901,15,1
85691,True,2,85627,6,1
85711,True,2,85703,3,1
85711,True,2,83663,11,1
85711,True,2,85199,9,1
85703,True,2,85447,8,1
85703,True,2,85639,6,1
85717,False,,,,
85733,True,2,85669,6,1
85733,True,2,85717,4,1
85733,True,2,81637,12,1
85751,False,,,,
85781,True,2,85717,6,1
85793,False,,,,
85817,True,2,84793,10,1
85819,True,2,85817,1,1
85819,True,2,53051,15,1
85819,True,2,85691,7,1
85831,True,2,85703,7,1
85831,True,2,85829,1,1
85837,True,2,85829,3,1
85837,True,2,53069,15,1
85843,True,2,85331,9,1
85829,False,,,,
85889,True,2,20353,16,1
85853,True,2,293,2,2
85853,True,2,85837,4,1
85853,True,2,85597,8,1
85903,True,2,77711,13,1
85847,True,2,85831,4,1
85847,True,2,69463,14,1
85847,True,2,85843,2,1
85909,True,2,85781,7,1
85933,True,2,85931,1,1
85931,False,,,,
85991,True,2,84967,10,1
86011,False,,,,
85999,True,2,85991,3,1
85999,True,2,53231,15,1
85999,True,2,85487,9,1
86017,True,2,83969,11,1
86017,True,2,85889,7,1
86027,True,2,86011,4,1
86027,True,2,81931,12,1
86029,True,2,86027,1,1
86029,True,2,85517,9,1
86069,True,2,20533,16,1
86069,True,2,81973,12,1
86077,True,2,53309,15,1
86077,True,2,86069,3,1
86083,True,2,85571,9,1
86113,True,2,86111,1,1
86113,True,2,85601,9,1
86111,True,2,85087,10,1
86117,True,2,86113,2,1
86117,True,2,85093,10,1
86117,True,2,82021,12,1
86143,True,2,86111,5,1
86143,True,2,77951,13,1
86131,True,2,85619,9,1
86137,True,2,84089,11,1
86161,True,2,77969,13,1
86171,True,2,85147,10,1
86183,True,2,85159,10,1
86183,True,2,86179,2,1
86179,True,2,84131,11,1
86179,True,2,86171,3,1
86179,True,2,85667,9,1
86179,True,2,53411,15,1
86197,True,2,86069,7,1
86201,True,2,86197,2,1
86201,True,2,86137,6,1
86209,True,2,78017,13,1
86209,True,2,86201,3,1
86209,True,2,53441,15,1
86239,True,2,84191,11,1
86239,True,2,86111,7,1
86243,True,2,20707,16,1
86243,True,2,86239,2,1
86243,True,2,86179,6,1
86243,True,2,69859,14,1
86249,True,2,82153,12,1
86257,True,2,86249,3,1
86263,True,2,85751,9,1
86287,True,2,84239,11,1
86269,True,2,84221,11,1
86291,True,2,86287,2,1
86293,True,2,86291,1,1
86293,True,2,85781,9,1
86293,True,2,78101,13,1
86297,True,2,86293,2,1
86323,True,2,86291,5,1
86311,True,2,86183,7,1
86311,True,2,84263,11,1
86341,True,2,85829,9,1
86353,True,2,86351,1,1
86351,True,2,86287,6,1
86369,True,2,86353,4,1
86369,True,2,86113,8,1
86357,True,2,82261,12,1
86357,True,2,86353,2,1
86357,True,2,85333,10,1
86357,True,2,86341,4,1
86357,True,2,86293,6,1
86381,True,2,69997,14,1
86389,True,2,86357,5,1
86389,True,2,86381,3,1
86371,True,2,86369,1,1
86371,True,2,78179,13,1
86371,True,2,86243,7,1
86399,True,2,86143,8,1
86413,True,2,86381,5,1
86423,True,2,70039,14,1
86423,True,2,20887,16,1
86441,False,,,,
86453,True,2,86389,6,1
86453,True,2,85429,10,1
86453,True,2,86197,8,1
86461,True,2,53693,15,1
86461,True,2,86453,3,1
86467,True,2,53699,15,1
86477,True,2,86413,6,1
86477,True,2,85453,10,1
86477,True,2,86461,4,1
86491,True,2,84443,11,1
86509,True,2,86477,5,1
86509,True,2,86381,7,1
86509,True,2,86501,3,1
86509,True,2,78317,13,1
86501,True,2,70117,14,1
86531,True,2,86467,6,1
86533,True,2,86501,5,1
86533,True,2,86531,1,1
86533,True,2,78341,13,1
86573,True,2,86509,6,1
86573,True,2,85549,10,1
86561,True,2,70177,14,1
86539,True,2,86531,3,1
86539,True,2,78347,13,1
86539,True,2,86027,9,1
86587,True,2,53819,15,1
86587,True,2,86579,3,1
86599,True,2,53831,15,1
86599,True,2,84551,11,1
86579,True,2,86323,8,1
86579,True,2,82483,12,1
86627,True,2,86371,8,1
86627,True,2,82531,12,1
86677,True,2,84629,11,1
86629,True,2,86627,1,1
86629,True,2,86501,7,1
86629,True,2,53861,15,1
86629,True,2,78437,13,1
86629,True,2,86117,9,1
86693,True,2,21157,16,1
86693,True,2,86689,2,1
86693,True,2,85669,10,1
86693,True,2,70309,14,1
86693,True,2,86677,4,1
86693,True,2,86629,6,1
86689,True,2,86561,7,1
86689,True,2,78497,13,1
86719,True,2,86711,3,1
86719,True,2,53951,15,1
86711,True,2,70327,14,1
86729,True,2,82633,12,1
86729,True,2,21193,16,1
86753,True,2,82657,12,1
86753,True,2,86689,6,1
86743,True,2,86711,5,1
86767,True,2,84719,11,1
86771,True,2,86767,2,1
86783,True,2,21247,16,1
86783,True,2,86767,4,1
86783,True,2,86719,6,1
86813,True,2,21277,16,1
86813,True,2,70429,14,1
86843,True,2,85819,10,1
86843,True,2,70459,14,1
86843,True,2,86587,8,1
86837,False,,,,
86857,True,2,86729,7,1
86857,True,2,84809,11,1
86851,True,2,86843,3,1
86851,True,2,54083,15,1
86861,True,2,86857,2,1
86861,True,2,85837,10,1
86869,True,2,86861,3,1
86869,True,2,86837,5,1
86869,True,2,86357,9,1
86869,True,2,54101,15,1
86923,False,,,,
86927,True,2,86923,2,1
86927,True,2,85903,10,1
86927,True,2,21391,16,1
86929,True,2,78737,13,1
86929,True,2,86927,1,1
86939,True,2,86923,4,1
86951,False,,,,
86959,True,2,86927,5,1
86959,True,2,86951,3,1
86969,True,2,21433,16,1
86993,True,2,86929,6,1
87011,True,2,70627,14,1
86981,False,,,,
87013,True,2,87011,1,1
87013,True,2,86501,9,1
87013,True,2,86981,5,1
87041,True,2,86017,10,1
87041,True,2,70657,14,1
87041,True,2,87037,2,1
87037,True,2,54269,15,1
87071,True,2,70687,14,1
87049,True,2,78857,13,1
87049,True,2,87041,3,1
87103,True,2,87071,5,1
87083,False,,,,
87107,True,2,86851,8,1
87107,True,2,87103,2,1
87107,True,2,86083,10,1
87119,True,2,87103,4,1
87119,True,2,83023,12,1
87121,True,2,87119,1,1
87121,True,2,86993,7,1
87121,True,2,78929,13,1
87133,True,2,78941,13,1
87149,True,2,21613,16,1
87149,True,2,87133,4,1
87151,True,2,87149,1,1
87151,True,2,85103,11,1
87151,True,2,87119,5,1
87187,True,2,54419,15,1
87187,True,2,87179,3,1
87179,True,2,86923,8,1
87181,True,2,87179,1,1
87181,True,2,78989,13,1
87181,True,2,87149,5,1
87181,True,2,85133,11,1
87181,True,2,54413,15,1
87211,True,2,87179,5,1
87211,True,2,54443,15,1
87211,True,2,87083,7,1
87221,True,2,86197,10,1
87251,True,2,70867,14,1
87251,True,2,87187,6,1
87223,True,2,87221,1,1
87223,True,2,86711,9,1
87223,True,2,79031,13,1
87253,True,2,87221,5,1
87253,True,2,87251,1,1
87257,True,2,87253,2,1
87277,True,2,87149,7,1
87277,True,2,85229,11,1
87281,True,2,86257,10,1
87281,True,2,87277,2,1
87293,True,2,87037,8,1
87293,True,2,21757,16,1
87293,True,2,87277,4,1
87293,True,2,86269,10,1
87299,True,2,83203,12,1
87317,True,2,87313,2,1
87317,True,2,83221,12,1
87317,True,2,87253,6,1
87317,True,2,86293,10,1
87313,True,2,87281,5,1
87337,False,,,,
87323,True,2,83227,12,1
87323,True,2,21787,16,1
87403,False,,,,
87359,True,2,87103,8,1
87383,True,2,70999,14,1
87407,True,2,21871,16,1
87407,True,2,71023,14,1
87407,True,2,83311,12,1
87407,True,2,87403,2,1
87407,True,2,87151,8,1
87421,True,2,87293,7,1
87421,True,2,79229,13,1
87433,True,2,79241,13,1
87427,True,2,87299,7,1
87443,True,2,87427,4,1
87443,True,2,87187,8,1
87443,True,2,71059,14,1
87473,True,2,71089,14,1
87473,True,2,21937,16,1
87509,True,2,87253,8,1
87481,True,2,87473,3,1
87481,True,2,86969,9,1
87481,True,2,54713,15,1
87491,True,2,87427,6,1
87491,True,2,86467,10,1
87511,True,2,79319,13,1
87511,True,2,87383,7,1
87511,True,2,87509,1,1
87517,True,2,85469,11,1
87517,True,2,87509,3,1
87541,True,2,87509,5,1
87541,True,2,54773,15,1
87541,True,2,79349,13,1
87541,True,2,87539,1,1
87523,True,2,87011,9,1
87523,True,2,87491,5,1
87539,True,2,87523,4,1
87539,True,2,83443,12,1
87539,True,2,22003,16,1
87547,True,2,87539,3,1
87547,True,2,54779,15,1
87553,True,2,87041,9,1
87557,True,2,86533,10,1
87557,True,2,87541,4,1
87557,True,2,87553,2,1
87559,True,2,87557,1,1
87559,True,2,79367,13,1
87583,True,2,87071,9,1
87587,True,2,87523,6,1
87587,True,2,87583,2,1
87587,True,2,22051,16,1
87589,True,2,87557,5,1
87589,True,2,87587,1,1
87589,True,2,79397,13,1
87613,False,,,,
87623,True,2,86599,10,1
87623,True,2,87559,6,1
87629,True,2,22093,16,1
87629,True,2,87613,4,1
87641,True,2,71257,14,1
87631,True,2,87629,1,1
87631,True,2,87119,9,1
87631,True,2,87623,3,1
87649,True,2,87641,3,1
87649,True,2,54881,15,1
87649,True,2,85601,11,1
87643,True,2,87641,1,1
87643,True,2,79451,13,1
87679,True,2,87671,3,1
87671,True,2,71287,14,1
87683,True,2,87679,2,1
87683,True,2,87427,8,1
87683,True,2,22147,16,1
87691,True,2,85643,11,1
87691,True,2,87179,9,1
87691,True,2,87683,3,1
87697,False,,,,
87701,True,2,87697,2,1
87701,True,2,86677,10,1
87701,True,2,71317,14,1
87719,False,,,,
87721,True,2,87719,1,1
87739,True,2,85691,11,1
87751,True,2,87719,5,1
87751,True,2,54983,15,1
87751,True,2,87743,3,1
87751,True,2,87623,7,1
87751,True,2,85703,11,1
87751,True,2,79559,13,1
87743,True,2,87679,6,1
87743,True,2,86719,10,1
87743,True,2,71359,14,1
87743,True,2,87739,2,1
87793,True,2,87281,9,1
87793,True,2,79601,13,1
87767,True,2,86743,10,1
87767,True,2,87751,4,1
87767,True,2,87511,8,1
87797,True,2,83701,12,1
87797,True,2,87541,8,1
87797,True,2,71413,14,1
87797,True,2,87793,2,1
87803,True,2,87547,8,1
87803,True,2,71419,14,1
87803,True,2,87739,6,1
87811,True,2,87683,7,1
87811,True,2,87299,9,1
87811,True,2,87803,3,1
87833,True,2,83737,12,1
87853,False,,,,
87877,True,2,87869,3,1
87877,True,2,55109,15,1
87877,True,2,85829,11,1
87869,True,2,87613,8,1
87869,True,2,87853,4,1
87869,True,2,83773,12,1
87881,True,2,87877,2,1
87881,True,2,86857,10,1
87911,True,2,71527,14,1
87887,True,2,71503,14,1
87887,True,2,83791,12,1
87887,True,2,87631,8,1
87917,True,2,87853,6,1
87917,True,2,22381,16,1
87931,True,2,87803,7,1
87931,True,2,55163,15,1
87943,True,2,87911,5,1
87959,True,2,87943,4,1
87961,True,2,87833,7,1
87961,True,2,87959,1,1
87961,True,2,79769,13,1
87977,True,2,22441,16,1
87977,True,2,87973,2,1
87977,True,2,71593,14,1
87977,True,2,87961,4,1
87977,True,2,87721,8,1
87973,False,,,,
88003,True,2,88001,1,1
88003,True,2,79811,13,1
88003,True,2,87491,9,1
88007,True,2,83911,12,1
88007,True,2,88003,2,1
88007,True,2,87991,4,1
88007,True,2,87751,8,1
88007,True,2,87943,6,1
87991,True,2,87959,5,1
88001,False,,,,
88019,True,2,88003,4,1
88019,True,2,22483,16,1
88037,True,2,22501,16,1
88037,True,2,87013,10,1
88037,True,2,87973,6,1
88069,True,2,88037,5,1
88069,True,2,87557,9,1
88093,True,2,79901,13,1
88117,True,2,86069,11,1
88079,True,2,83983,12,1
88079,True,2,22543,16,1
88169,False,,,,
88177,True,2,88169,3,1
88129,True,2,88001,7,1
88223,True,2,84127,12,1
88237,True,2,55469,15,1
88211,True,2,87187,10,1
88259,True,2,84163,12,1
88259,True,2,88003,8,1
88241,True,2,88177,6,1
88241,True,2,88237,2,1
88261,True,2,88259,1,1
88301,True,2,87277,10,1
88301,True,2,88237,6,1
88301,True,2,71917,14,1
88289,False,,,,
88327,False,,,,
88321,True,2,88289,5,1
88337,True,2,151,16,2
88337,True,2,88321,4,1
88337,True,2,87313,10,1
88379,False,,,,
88339,True,2,88337,1,1
88339,True,2,88211,7,1
88339,True,2,80147,13,1
88339,True,2,86291,11,1
88397,True,2,22861,16,1
88423,True,2,87911,9,1
88423,True,2,80231,13,1
88411,True,2,88379,5,1
88427,True,2,88423,2,1
88427,True,2,88411,4,1
88427,True,2,72043,14,1
88427,True,2,87403,10,1
88463,False,,,,
88469,False,,,,
88471,True,2,88469,1,1
88471,True,2,88463,3,1
88471,True,2,80279,13,1
88471,True,2,87959,9,1
88471,True,2,86423,11,1
88513,True,2,88001,9,1
88493,True,2,72109,14,1
88493,True,2,88237,8,1
88499,True,2,22963,16,1
88523,True,2,72139,14,1
88547,True,2,87523,10,1
88547,True,2,23011,16,1
88607,True,2,88591,4,1
88607,True,2,72223,14,1
88607,True,2,87583,10,1
88607,True,2,23071,16,1
88609,True,2,88607,1,1
88609,True,2,86561,11,1
88589,True,2,23053,16,1
88591,True,2,88589,1,1
88591,True,2,88079,9,1
88591,True,2,88463,7,1
88591,True,2,55823,15,1
88643,False,,,,
88651,True,2,88643,3,1
88651,True,2,88523,7,1
88663,True,2,88661,1,1
88663,True,2,80471,13,1
88657,True,2,55889,15,1
88667,True,2,23131,16,1
88667,True,2,88663,2,1
88667,True,2,88651,4,1
88667,True,2,87643,10,1
88667,True,2,88411,8,1
88661,True,2,72277,14,1
88661,True,2,88657,2,1
88681,True,2,88169,9,1
88681,True,2,80489,13,1
88729,True,2,88721,3,1
88729,True,2,80537,13,1
88721,True,2,87697,10,1
88721,True,2,88657,6,1
88721,True,2,72337,14,1
88747,False,,,,
88741,True,2,86693,11,1
88771,True,2,88259,9,1
88771,True,2,88643,7,1
88771,True,2,56003,15,1
88793,True,2,88789,2,1
88793,True,2,88729,6,1
88793,True,2,84697,12,1
88789,True,2,88661,7,1
88801,True,2,88799,1,1
88801,True,2,88289,9,1
88801,True,2,86753,11,1
88801,True,2,88793,3,1
88799,False,,,,
88807,True,2,88799,3,1
88807,True,2,56039,15,1
88813,True,2,80621,13,1
88813,True,2,88811,1,1
88813,True,2,88301,9,1
88811,True,2,88747,6,1
88811,True,2,88807,2,1
88819,True,2,86771,11,1
88819,True,2,88811,3,1
88819,True,2,80627,13,1
88819,True,2,88817,1,1
88817,True,2,88813,2,1
88817,True,2,88801,4,1
88817,True,2,87793,10,1
88843,True,2,88811,5,1
88843,True,2,80651,13,1
88861,True,2,80669,13,1
88861,True,2,88853,3,1
88861,True,2,56093,15,1
88861,True,2,86813,11,1
88853,True,2,88789,6,1
88853,True,2,72469,14,1
88873,True,2,80681,13,1
88867,True,2,56099,15,1
88883,True,2,88867,4,1
88883,True,2,84787,12,1
88883,True,2,88819,6,1
88903,False,,,,
88937,True,2,88681,8,1
88937,True,2,88873,6,1
88897,False,,,,
88919,True,2,88903,4,1
88919,True,2,88663,8,1
88951,True,2,88919,5,1
88969,True,2,80777,13,1
88969,True,2,88937,5,1
88993,False,,,,
89003,True,2,88747,8,1
89009,True,2,84913,12,1
89009,True,2,88993,4,1
89009,True,2,23473,16,1
88997,True,2,87973,10,1
88997,True,2,88741,8,1
88997,True,2,72613,14,1
88997,True,2,88993,2,1
89017,True,2,89009,3,1
89017,True,2,86969,11,1
89017,True,2,56249,15,1
89041,True,2,80849,13,1
89041,True,2,86993,11,1
89041,True,2,89009,5,1
89021,True,2,89017,2,1
89069,True,2,88813,8,1
89051,False,,,,
89057,True,2,72673,14,1
89057,True,2,89041,4,1
89057,True,2,88993,6,1
89057,True,2,84961,12,1
89057,True,2,88801,8,1
89071,True,2,89069,1,1
89083,True,2,89051,5,1
89101,True,2,80909,13,1
89101,True,2,88589,9,1
89101,True,2,56333,15,1
89101,True,2,89069,5,1
89107,False,,,,
89087,True,2,84991,12,1
89087,True,2,89071,4,1
89087,True,2,89083,2,1
89113,False,,,,
89119,True,2,87071,11,1
89119,True,2,89087,5,1
89119,True,2,88607,9,1
89153,True,2,88897,8,1
89153,True,2,88129,10,1
89153,True,2,89137,4,1
89137,True,2,56369,15,1
89137,True,2,89009,7,1
89123,True,2,72739,14,1
89123,True,2,89119,2,1
89123,True,2,89107,4,1
89123,True,2,85027,12,1
89123,True,2,88867,8,1
89203,False,,,,
89189,True,2,85093,12,1
89209,True,2,81017,13,1
89227,True,2,87179,11,1
89213,True,2,23677,16,1
89213,True,2,89209,2,1
89237,False,,,,
89231,True,2,89227,2,1
89261,True,2,88237,10,1
89273,True,2,89269,2,1
89273,True,2,89017,8,1
89273,True,2,89209,6,1
89273,True,2,72889,14,1
89269,True,2,89261,3,1
89269,True,2,56501,15,1
89269,True,2,89237,5,1
89269,True,2,81077,13,1
89269,True,2,87221,11,1
89293,True,2,81101,13,1
89293,True,2,89261,5,1
89303,True,2,23767,16,1
89317,True,2,89189,7,1
89371,True,2,87323,11,1
89371,True,2,89363,3,1
89329,True,2,88817,9,1
89329,True,2,87281,11,1
89363,True,2,88339,10,1
89363,True,2,23827,16,1
89363,True,2,89107,8,1
89381,True,2,72997,14,1
89381,True,2,89317,6,1
89387,True,2,89371,4,1
89413,True,2,89381,5,1
89393,True,2,23857,16,1
89393,True,2,73009,14,1
89393,True,2,89329,6,1
89393,True,2,89137,8,1
89393,True,2,85297,12,1
89399,True,2,85303,12,1
89417,True,2,89413,2,1
89431,True,2,89399,5,1
89431,True,2,88919,9,1
89431,True,2,56663,15,1
89431,True,2,89303,7,1
89431,True,2,81239,13,1
89431,True,2,87383,11,1
89459,True,2,89203,8,1
89459,True,2,89443,4,1
89459,True,2,85363,12,1
89477,True,2,85381,12,1
89477,True,2,89413,6,1
89449,True,2,89417,5,1
89449,True,2,56681,15,1
89449,True,2,88937,9,1
89443,False,,,,
89491,True,2,87443,11,1
89491,True,2,89459,5,1
89491,True,2,89363,7,1
89491,True,2,81299,13,1
89501,False,,,,
89521,True,2,89009,9,1
89521,True,2,89393,7,1
89521,True,2,89513,3,1
89521,True,2,89519,1,1
89521,True,2,87473,11,1
89513,True,2,23977,16,1
89513,True,2,89449,6,1
89519,False,,,,
89527,True,2,89399,7,1
89527,True,2,89519,3,1
89533,True,2,89501,5,1
89533,True,2,89021,9,1
89561,False,,,,
89567,True,2,89563,2,1
89563,True,2,81371,13,1
89563,True,2,89051,9,1
89563,True,2,89561,1,1
89591,True,2,89527,6,1
89599,True,2,89567,5,1
89599,True,2,89591,3,1
89599,True,2,89597,1,1
89599,True,2,89087,9,1
89597,True,2,24061,16,1
89597,True,2,89533,6,1
89611,True,2,56843,15,1
89611,True,2,89603,3,1
89627,True,2,89371,8,1
89627,True,2,85531,12,1
89627,True,2,24091,16,1
89627,True,2,73243,14,1
89627,True,2,89563,6,1
89627,True,2,89611,4,1
89603,True,2,89599,2,1
89653,False,,,,
89633,True,2,24097,16,1
89633,True,2,88609,10,1
89657,True,2,89653,2,1
89657,True,2,24121,16,1
89659,True,2,89657,1,1
89659,True,2,89627,5,1
89659,True,2,56891,15,1
89669,True,2,24133,16,1
89669,True,2,89413,8,1
89669,True,2,89653,4,1
89681,True,2,88657,10,1
89671,True,2,87623,11,1
89671,True,2,89669,1,1
89753,True,2,73369,14,1
89753,True,2,88729,10,1
89753,True,2,89689,6,1
89759,True,2,24223,16,1
89689,True,2,87641,11,1
89689,True,2,56921,15,1
89689,True,2,89561,7,1
89689,True,2,89681,3,1
89689,True,2,89657,5,1
89783,True,2,89527,8,1
89783,True,2,89767,4,1
89783,True,2,24247,16,1
89783,True,2,89779,2,1
89779,False,,,,
89809,True,2,57041,15,1
89809,True,2,89681,7,1
89819,True,2,89563,8,1
89767,True,2,87719,11,1
89767,True,2,56999,15,1
89767,True,2,89759,3,1
89821,True,2,81629,13,1
89821,True,2,89819,1,1
89797,True,2,89669,7,1
89833,False,,,,
89839,True,2,81647,13,1
89849,True,2,89833,4,1
89897,True,2,88873,10,1
89897,True,2,89833,6,1
89867,True,2,88843,10,1
89867,True,2,73483,14,1
89867,True,2,89611,8,1
89899,True,2,89387,9,1
89899,True,2,81707,13,1
89899,True,2,89867,5,1
89899,True,2,89897,1,1
89899,True,2,89891,3,1
89899,True,2,57131,15,1
89891,True,2,88867,10,1
89909,True,2,24373,16,1
89909,True,2,89653,8,1
89917,True,2,57149,15,1
89917,True,2,89909,3,1
89917,True,2,87869,11,1
89923,True,2,89891,5,1
89939,True,2,89923,4,1
89939,True,2,85843,12,1
89959,True,2,57191,15,1
89959,True,2,87911,11,1
89977,True,2,89849,7,1
89963,True,2,89959,2,1
89963,True,2,89899,6,1
89989,True,2,57221,15,1
89989,True,2,89477,9,1
90001,False,,,,
89983,False,,,,
90007,True,2,87959,11,1
90011,True,2,90007,2,1
90017,True,2,24481,16,1
90017,True,2,88993,10,1
90017,True,2,90001,4,1
90019,True,2,57251,15,1
90019,True,2,90017,1,1
90019,True,2,89891,7,1
90019,True,2,90011,3,1
90031,True,2,89519,9,1
90031,True,2,81839,13,1
90031,True,2,90023,3,1
90053,True,2,24517,16,1
90053,True,2,89797,8,1
90053,True,2,89989,6,1
90023,True,2,89767,8,1
90023,True,2,89959,6,1
90023,True,2,90019,2,1
90023,True,2,90007,4,1
90059,False,,,,
90071,True,2,90007,6,1
90071,True,2,90067,2,1
90067,True,2,89939,7,1
90067,True,2,88019,11,1
90067,True,2,90059,3,1
90073,True,2,89561,9,1
90073,True,2,90071,1,1
90107,True,2,86011,12,1
90107,True,2,89083,10,1
90107,True,2,24571,16,1
90089,True,2,89833,8,1
90089,True,2,90073,4,1
90121,True,2,81929,13,1
90121,True,2,90089,5,1
90149,False,,,,
90127,True,2,88079,11,1
90163,True,2,81971,13,1
90173,True,2,86077,12,1
90173,True,2,89917,8,1
90187,True,2,90059,7,1
90199,True,2,90197,1,1
90199,True,2,90071,7,1
90199,True,2,90191,3,1
90199,True,2,82007,13,1
90191,True,2,90187,2,1
90191,True,2,90127,6,1
90203,True,2,90199,2,1
90203,True,2,73819,14,1
90203,True,2,90187,4,1
90197,False,,,,
90217,True,2,88169,11,1
90217,True,2,90089,7,1
90227,True,2,90163,6,1
90227,True,2,89203,10,1
90227,True,2,24691,16,1
90227,True,2,86131,12,1
90239,True,2,86143,12,1
90239,True,2,89983,8,1
90247,True,2,90239,3,1
90263,True,2,90199,6,1
90263,True,2,90247,4,1
90263,True,2,90007,8,1
90281,True,2,90217,6,1
90281,True,2,73897,14,1
90271,True,2,88223,11,1
90271,True,2,90263,3,1
90271,True,2,89759,9,1
90271,True,2,57503,15,1
90271,True,2,90239,5,1
90313,True,2,90281,5,1
90353,True,2,90289,6,1
90353,True,2,86257,12,1
90353,True,2,89329,10,1
90289,True,2,90281,3,1
90289,True,2,88241,11,1
90359,True,2,86263,12,1
90373,True,2,90371,1,1
90371,False,,,,
90401,True,2,90397,2,1
90401,True,2,74017,14,1
90407,True,2,90403,2,1
90407,True,2,86311,12,1
90379,True,2,89867,9,1
90379,True,2,90371,3,1
90397,False,,,,
90403,True,2,90371,5,1
90403,True,2,89891,9,1
90403,True,2,90401,1,1
90437,True,2,90373,6,1
90437,True,2,86341,12,1
90437,True,2,89413,10,1
90473,True,2,90217,8,1
90473,True,2,90469,2,1
90473,True,2,89449,10,1
90439,True,2,90407,5,1
90439,True,2,90437,1,1
90481,True,2,90353,7,1
90481,True,2,90473,3,1
90481,True,2,57713,15,1
90469,True,2,90437,5,1
90523,True,2,90011,9,1
90511,True,2,88463,11,1
90499,True,2,82307,13,1
90499,True,2,57731,15,1
90499,True,2,90371,7,1
90527,True,2,90523,2,1
90527,True,2,90511,4,1
90527,True,2,74143,14,1
90527,True,2,90271,8,1
90533,True,2,90469,6,1
90533,True,2,74149,14,1
90533,True,2,90529,2,1
90529,True,2,90527,1,1
90529,True,2,90401,7,1
90529,True,2,90017,9,1
90547,True,2,88499,11,1
90583,True,2,90071,9,1
90617,False,,,,
90599,True,2,90583,4,1
90619,True,2,90107,9,1
90619,True,2,90617,1,1
90631,True,2,90599,5,1
90641,True,2,74257,14,1
90647,True,2,90583,6,1
90647,True,2,90631,4,1
90647,True,2,25111,16,1
90659,True,2,90403,8,1
90677,True,2,89653,10,1
90677,True,2,74293,14,1
90679,True,2,90677,1,1
90679,True,2,82487,13,1
90679,True,2,90647,5,1
90697,False,,,,
90703,True,2,90191,9,1
90709,True,2,88661,11,1
90709,True,2,90677,5,1
90709,True,2,90197,9,1
90731,False,,,,
90749,False,,,,
90787,True,2,90659,7,1
90803,True,2,74419,14,1
90803,True,2,90787,4,1
90803,True,2,89779,10,1
90803,True,2,90547,8,1
90793,True,2,82601,13,1
90793,True,2,90281,9,1
90821,True,2,89797,10,1
90833,True,2,89809,10,1
90833,True,2,74449,14,1
90823,True,2,90821,1,1
90841,True,2,90833,3,1
90841,True,2,58073,15,1
90841,True,2,88793,11,1
90847,True,2,88799,11,1
90863,True,2,90847,4,1
90863,True,2,89839,10,1
90863,True,2,86767,12,1
90887,True,2,90631,8,1
90887,True,2,90823,6,1
90901,True,2,88853,11,1
90907,False,,,,
90911,True,2,90847,6,1
90911,True,2,90907,2,1
90911,True,2,74527,14,1
90931,True,2,88883,11,1
90931,True,2,90803,7,1
90917,True,2,90901,4,1
90947,True,2,86851,12,1
90947,True,2,89923,10,1
90947,True,2,25411,16,1
90947,True,2,90931,4,1
90971,True,2,90907,6,1
90971,True,2,74587,14,1
90977,False,,,,
90997,True,2,90989,3,1
90997,True,2,58229,15,1
90989,True,2,25453,16,1
91009,True,2,90977,5,1
91019,True,2,86923,12,1
91033,False,,,,
91079,True,2,90823,8,1
91081,True,2,82889,13,1
91081,True,2,58313,15,1
91081,True,2,91079,1,1
91097,True,2,25561,16,1
91097,True,2,90841,8,1
91097,True,2,90073,10,1
91097,True,2,74713,14,1
91097,True,2,91081,4,1
91097,True,2,91033,6,1
91099,True,2,91097,1,1
91099,True,2,90971,7,1
91099,True,2,89051,11,1
91121,False,,,,
91129,True,2,90617,9,1
91129,True,2,91121,3,1
91129,True,2,91097,5,1
91129,True,2,91127,1,1
91139,True,2,25603,16,1
91127,False,,,,
91141,True,2,91139,1,1
91151,True,2,90127,10,1
91153,True,2,90641,9,1
91153,True,2,91121,5,1
91153,True,2,91151,1,1
91159,True,2,91127,5,1
91159,True,2,90647,9,1
91159,True,2,58391,15,1
91159,True,2,91151,3,1
91163,True,2,91099,6,1
91163,True,2,74779,14,1
91163,True,2,91159,2,1
91163,True,2,90907,8,1
91183,True,2,91151,5,1
91193,True,2,91129,6,1
91193,True,2,25657,16,1
91199,True,2,87103,12,1
91199,True,2,91183,4,1
91237,True,2,91229,3,1
91237,True,2,89189,11,1
91243,True,2,90731,9,1
91229,True,2,25693,16,1
91229,True,2,87133,12,1
91249,True,2,58481,15,1
91249,True,2,91121,7,1
91283,True,2,25747,16,1
91283,True,2,87187,12,1
91253,True,2,91249,2,1
91253,True,2,25717,16,1
91253,True,2,90997,8,1
91253,True,2,91237,4,1
91253,True,2,74869,14,1
91291,True,2,91283,3,1
91291,True,2,91163,7,1
91297,False,,,,
91303,False,,,,
91309,True,2,83117,13,1
91309,True,2,89261,11,1
91369,True,2,83177,13,1
91369,True,2,58601,15,1
91369,True,2,91367,1,1
91367,True,2,91303,6,1
91331,False,,,,
91373,True,2,91369,2,1
91373,True,2,91309,6,1
91373,True,2,87277,12,1
91381,True,2,91373,3,1
91381,True,2,91253,7,1
91381,True,2,58613,15,1
91393,False,,,,
91387,False,,,,
91397,True,2,91393,2,1
91397,True,2,90373,10,1
91397,True,2,75013,14,1
91397,True,2,91381,4,1
91397,True,2,91141,8,1
91411,True,2,83219,13,1
91411,True,2,91283,7,1
91411,True,2,89363,11,1
91423,True,2,90911,9,1
91423,True,2,83231,13,1
91453,False,,,,
91433,True,2,91369,6,1
91433,True,2,87337,12,1
91457,True,2,91453,2,1
91457,True,2,91393,6,1
91459,True,2,91457,1,1
91459,True,2,90947,9,1
91459,True,2,91331,7,1
91459,True,2,83267,13,1
91463,True,2,91459,2,1
91463,True,2,90439,10,1
91463,True,2,75079,14,1
91499,True,2,87403,12,1
91499,True,2,91243,8,1
91493,True,2,90469,10,1
91493,True,2,91237,8,1
91493,True,2,75109,14,1
91513,False,,,,
91541,False,,,,
91529,True,2,87433,12,1
91529,True,2,91513,4,1
91571,True,2,90547,10,1
91573,True,2,91571,1,1
91573,True,2,91541,5,1
91577,True,2,91513,6,1
91577,True,2,87481,12,1
91577,True,2,26041,16,1
91577,True,2,91573,2,1
91577,True,2,75193,14,1
91583,False,,,,
91591,True,2,91079,9,1
91591,True,2,83399,13,1
91591,True,2,91463,7,1
91591,True,2,91583,3,1
91621,True,2,91493,7,1
91631,False,,,,
91673,True,2,75289,14,1
91639,True,2,91127,9,1
91639,True,2,91631,3,1
91639,True,2,89591,11,1
91703,True,2,91639,6,1
91703,True,2,90679,10,1
91691,True,2,75307,14,1
91711,True,2,91703,3,1
91711,True,2,91199,9,1
91711,True,2,58943,15,1
91711,True,2,91583,7,1
91733,True,2,90709,10,1
91753,True,2,83561,13,1
91771,True,2,83579,13,1
91757,True,2,91753,2,1
91781,False,,,,
91801,True,2,83609,13,1
91801,True,2,89753,11,1
91801,True,2,91673,7,1
91807,True,2,89759,11,1
91811,True,2,91807,2,1
91811,True,2,90787,10,1
91823,True,2,91807,4,1
91813,True,2,91811,1,1
91813,True,2,83621,13,1
91813,True,2,91781,5,1
91837,True,2,59069,15,1
91867,True,2,89819,11,1
91873,True,2,91841,5,1
91841,True,2,91837,2,1
91909,True,2,91781,7,1
91909,True,2,83717,13,1
91909,True,2,91397,9,1
91909,True,2,59141,15,1
91921,False,,,,
91939,True,2,91811,7,1
91939,True,2,89891,11,1
91943,True,2,91939,2,1
91943,True,2,26407,16,1
91951,True,2,59183,15,1
91951,True,2,91823,7,1
91951,True,2,91943,3,1
91957,True,2,89909,11,1
91969,True,2,91457,9,1
91969,True,2,91967,1,1
91969,True,2,91961,3,1
91969,True,2,83777,13,1
91969,True,2,91841,7,1
91967,True,2,91711,8,1
91967,True,2,91951,4,1
91967,True,2,26431,16,1
91967,True,2,75583,14,1
92003,True,2,91939,6,1
92003,True,2,75619,14,1
91997,False,,,,
91961,True,2,91957,2,1
91961,True,2,75577,14,1
92033,True,2,91009,10,1
92033,True,2,91969,6,1
92033,True,2,26497,16,1
92077,False,,,,
92009,True,2,91753,8,1
92051,False,,,,
92041,True,2,91529,9,1
92041,True,2,92033,3,1
92041,True,2,92009,5,1
92041,True,2,59273,15,1
92083,True,2,92051,5,1
92083,True,2,91571,9,1
92083,True,2,83891,13,1
92107,True,2,90059,11,1
92111,True,2,92107,2,1
92143,True,2,92111,5,1
92143,True,2,91631,9,1
92119,True,2,59351,15,1
92119,True,2,90071,11,1
92119,True,2,92111,3,1
92153,True,2,91129,10,1
92177,True,2,91921,8,1
92177,True,2,92173,2,1
92177,True,2,26641,16,1
92177,True,2,91153,10,1
92177,True,2,75793,14,1
92173,False,,,,
92179,True,2,92051,7,1
92179,True,2,92177,1,1
92179,True,2,83987,13,1
92189,True,2,92173,4,1
92189,True,2,88093,12,1
92203,True,2,91691,9,1
92203,True,2,84011,13,1
92219,True,2,92203,4,1
92219,True,2,26683,16,1
92227,True,2,92219,3,1
92233,False,,,,
92221,True,2,59453,15,1
92221,True,2,90173,11,1
92221,True,2,92189,5,1
92221,True,2,92219,1,1
92237,True,2,92233,2,1
92237,True,2,26701,16,1
92237,True,2,92221,4,1
92237,True,2,75853,14,1
92237,True,2,92173,6,1
92243,True,2,92179,6,1
92243,True,2,92227,4,1
92251,True,2,92219,5,1
92251,True,2,92243,3,1
92251,True,2,84059,13,1
92251,True,2,90203,11,1
92269,True,2,92237,5,1
92269,True,2,91757,9,1
92317,True,2,92189,7,1
92311,True,2,90263,11,1
92297,True,2,92041,8,1
92297,True,2,92233,6,1
92297,True,2,75913,14,1
92347,True,2,92219,7,1
92333,True,2,92269,6,1
92333,True,2,91309,10,1
92333,True,2,92077,8,1
92333,True,2,88237,12,1
92333,True,2,92317,4,1
92353,True,2,91841,9,1
92357,True,2,92353,2,1
92357,True,2,88261,12,1
92357,True,2,26821,16,1
92363,True,2,92347,4,1
92363,True,2,75979,14,1
92363,True,2,92107,8,1
92369,True,2,92353,4,1
92369,True,2,26833,16,1
92381,True,2,75997,14,1
92381,True,2,92377,2,1
92381,True,2,92317,6,1
92377,True,2,92369,3,1
92383,True,2,92381,1,1
92383,True,2,84191,13,1
92387,True,2,92383,2,1
92387,True,2,76003,14,1
92399,True,2,92383,4,1
92399,True,2,26863,16,1
92399,True,2,92143,8,1
92401,True,2,90353,11,1
92401,True,2,92369,5,1
92401,True,2,92399,1,1
92413,True,2,92381,5,1
92413,True,2,84221,13,1
92419,True,2,90371,11,1
92419,True,2,92387,5,1
92419,True,2,59651,15,1
92431,True,2,92399,5,1
92431,True,2,84239,13,1
92431,True,2,59663,15,1
92459,True,2,92203,8,1
92461,True,2,59693,15,1
92461,True,2,92459,1,1
92461,True,2,92333,7,1
92467,True,2,92459,3,1
92467,True,2,59699,15,1
92489,True,2,92233,8,1
92489,True,2,26953,16,1
92479,True,2,91967,9,1
92507,True,2,88411,12,1
92507,True,2,92503,2,1
92507,True,2,76123,14,1
92507,True,2,92251,8,1
92503,False,,,,
92567,True,2,92551,4,1
92567,True,2,92503,6,1
92567,True,2,92311,8,1
92567,True,2,27031,16,1
92567,True,2,88471,12,1
92551,False,,,,
92557,False,,,,
92569,True,2,84377,13,1
92569,True,2,92567,1,1
92581,True,2,90533,11,1
92581,True,2,84389,13,1
92593,True,2,84401,13,1
92627,True,2,76243,14,1
92627,True,2,92623,2,1
92627,True,2,27091,16,1
92623,True,2,84431,13,1
92623,True,2,92111,9,1
92639,True,2,92623,4,1
92639,True,2,27103,16,1
92639,True,2,92383,8,1
92641,True,2,84449,13,1
92641,True,2,92639,1,1
92669,True,2,92413,8,1
92671,True,2,92639,5,1
92671,True,2,92669,1,1
92647,True,2,92639,3,1
92647,True,2,59879,15,1
92647,True,2,90599,11,1
92657,True,2,92401,8,1
92657,True,2,92641,4,1
92657,True,2,92593,6,1
92681,False,,,,
92683,True,2,92681,1,1
92693,False,,,,
92699,True,2,92683,4,1
92707,True,2,92699,3,1
92707,True,2,90659,11,1
92723,True,2,92467,8,1
92723,True,2,92707,4,1
92717,True,2,92461,8,1
92717,True,2,76333,14,1
92753,True,2,76369,14,1
92753,True,2,88657,12,1
92753,True,2,92737,4,1
92737,False,,,,
92767,True,2,92639,7,1
92767,True,2,59999,15,1
92779,True,2,90731,11,1
92761,True,2,92753,3,1
92789,True,2,27253,16,1
92791,True,2,92789,1,1
92801,True,2,92737,6,1
92809,True,2,92801,3,1
92809,True,2,92681,7,1
92809,True,2,60041,15,1
92809,True,2,92297,9,1
92821,True,2,92693,7,1
92821,True,2,84629,13,1
92821,True,2,92789,5,1
92831,True,2,91807,10,1
92831,True,2,92767,6,1
92849,True,2,92593,8,1
92863,True,2,92861,1,1
92863,True,2,92831,5,1
92857,True,2,92849,3,1
92857,True,2,60089,15,1
92867,True,2,92863,2,1
92867,True,2,88771,12,1
92861,True,2,91837,10,1
92861,True,2,92857,2,1
92893,True,2,92381,9,1
92893,True,2,84701,13,1
92893,True,2,92861,5,1
92921,True,2,76537,14,1
92921,True,2,92857,6,1
92927,True,2,92863,6,1
92927,True,2,76543,14,1
92927,True,2,92671,8,1
92899,True,2,92867,5,1
92899,True,2,92387,9,1
92941,False,,,,
92951,False,,,,
92957,True,2,92941,4,1
92957,True,2,88861,12,1
92957,True,2,92893,6,1
92959,True,2,92957,1,1
92959,True,2,90911,11,1
92959,True,2,92927,5,1
92959,True,2,92831,7,1
92959,True,2,92951,3,1
92993,True,2,92737,8,1
92993,True,2,88897,12,1
92993,True,2,91969,10,1
92993,True,2,27457,16,1
92987,True,2,76603,14,1
93001,True,2,92993,3,1
93001,True,2,84809,13,1
93001,True,2,92489,9,1
93053,False,,,,
93047,True,2,92791,8,1
93047,True,2,88951,12,1
93059,False,,,,
93077,True,2,92821,8,1
93077,True,2,27541,16,1
93083,False,,,,
93089,True,2,88993,12,1
93097,True,2,93089,3,1
93103,False,,,,
93113,True,2,93097,4,1
93113,True,2,92857,8,1
93113,True,2,89017,12,1
93113,True,2,277,14,2
93131,True,2,92107,10,1
93133,True,2,93131,1,1
93139,True,2,92627,9,1
93139,True,2,84947,13,1
93139,True,2,93131,3,1
93151,True,2,92639,9,1
93151,True,2,60383,15,1
93169,True,2,84977,13,1
93169,True,2,91121,11,1
93169,True,2,92657,9,1
93187,True,2,93059,7,1
93187,True,2,93179,3,1
93187,True,2,91139,11,1
93199,True,2,91151,11,1
93179,True,2,89083,12,1
93229,True,2,85037,13,1
93229,True,2,92717,9,1
93241,True,2,85049,13,1
93241,True,2,91193,11,1
93241,True,2,93239,1,1
93241,True,2,93113,7,1
93239,False,,,,
93251,True,2,93187,6,1
93251,True,2,92227,10,1
93253,True,2,93251,1,1
93253,True,2,85061,13,1
93257,True,2,93001,8,1
93257,True,2,76873,14,1
93257,True,2,93241,4,1
93257,True,2,92233,10,1
93257,True,2,93253,2,1
93263,True,2,93199,6,1
93281,False,,,,
93287,True,2,27751,16,1
93287,True,2,93283,2,1
93283,True,2,93281,1,1
93283,True,2,93251,5,1
93283,True,2,85091,13,1
93307,True,2,93179,7,1
93307,True,2,60539,15,1
93323,True,2,93307,4,1
93323,True,2,89227,12,1
93323,True,2,93319,2,1
93319,True,2,93287,5,1
93329,True,2,27793,16,1
93337,True,2,93329,3,1
93371,True,2,93307,6,1
93371,True,2,92347,10,1
93377,True,2,92353,10,1
93383,True,2,93319,6,1
93383,True,2,27847,16,1
93419,True,2,27883,16,1
93407,True,2,92383,10,1
93407,True,2,93151,8,1
93407,True,2,77023,14,1
93427,True,2,60659,15,1
93427,True,2,93419,3,1
93479,True,2,27943,16,1
93479,True,2,93463,4,1
93463,True,2,92951,9,1
93481,True,2,91433,11,1
93481,True,2,93479,1,1
93491,True,2,93427,6,1
93491,True,2,92467,10,1
93491,True,2,93487,2,1
93487,True,2,93479,3,1
93487,True,2,60719,15,1
93493,True,2,93491,1,1
93497,True,2,93241,8,1
93497,True,2,93493,2,1
93497,True,2,27961,16,1
93497,True,2,93481,4,1
93503,True,2,92479,10,1
93503,True,2,93487,4,1
93503,True,2,27967,16,1
93523,True,2,93491,5,1
93523,True,2,85331,13,1
93529,True,2,93497,5,1
93529,True,2,60761,15,1
93557,True,2,93553,2,1
93557,True,2,93493,6,1
93553,True,2,85361,13,1
93559,True,2,93557,1,1
93559,True,2,93047,9,1
93563,True,2,93559,2,1
93563,True,2,28027,16,1
93563,True,2,93307,8,1
93581,True,2,92557,10,1
93607,True,2,93479,7,1
93601,True,2,93089,9,1
93629,True,2,89533,12,1
93637,True,2,60869,15,1
93637,True,2,93629,3,1
93683,True,2,93427,8,1
93701,True,2,77317,14,1
93701,True,2,93637,6,1
93703,True,2,93701,1,1
93719,True,2,93703,4,1
93719,True,2,93463,8,1
93719,True,2,28183,16,1
93739,True,2,91691,11,1
93787,False,,,,
93763,True,2,85571,13,1
93763,True,2,93761,1,1
93763,True,2,93251,9,1
93761,True,2,92737,10,1
93761,True,2,77377,14,1
93809,True,2,93553,8,1
93811,True,2,93809,1,1
93811,True,2,93683,7,1
93811,True,2,85619,13,1
93811,True,2,61043,15,1
93827,True,2,93811,4,1
93827,True,2,93763,6,1
93851,True,2,93787,6,1
93871,True,2,91823,11,1
93887,True,2,93871,4,1
93887,True,2,28351,16,1
93887,True,2,92863,10,1
93889,True,2,91841,11,1
93889,True,2,93377,9,1
93889,True,2,61121,15,1
93889,True,2,93761,7,1
93889,True,2,93887,1,1
93911,True,2,77527,14,1
93901,True,2,93893,3,1
93893,True,2,93637,8,1
93893,True,2,93889,2,1
93893,True,2,77509,14,1
93893,True,2,89797,12,1
93913,True,2,93911,1,1
93923,True,2,92899,10,1
93923,True,2,28387,16,1
93937,True,2,61169,15,1
93937,True,2,93809,7,1
93949,True,2,93941,3,1
93941,True,2,77557,14,1
93941,True,2,93937,2,1
93967,False,,,,
93971,True,2,77587,14,1
93971,True,2,93967,2,1
93979,True,2,61211,15,1
93979,True,2,93851,7,1
93979,True,2,93971,3,1
93983,True,2,28447,16,1
93983,True,2,92959,10,1
93983,True,2,93979,2,1
93983,True,2,93967,4,1
93997,False,,,,
94007,False,,,,
94033,False,,,,
94009,True,2,85817,13,1
94009,True,2,91961,11,1
94009,True,2,94007,1,1
94009,True,2,93497,9,1
94049,True,2,94033,4,1
94049,True,2,28513,16,1
94057,True,2,92009,11,1
94057,True,2,94049,3,1
94063,False,,,,
94099,True,2,93971,7,1
94099,True,2,61331,15,1
94099,True,2,92051,11,1
94079,True,2,94063,4,1
94079,True,2,89983,12,1
94109,True,2,28573,16,1
94111,True,2,94109,1,1
94111,True,2,93983,7,1
94111,True,2,61343,15,1
94111,True,2,94079,5,1
94117,True,2,94109,3,1
94121,True,2,94057,6,1
94121,True,2,93097,10,1
94121,True,2,94117,2,1
94151,False,,,,
94169,True,2,93913,8,1
94169,True,2,94153,4,1
94169,True,2,90073,12,1
94153,True,2,94121,5,1
94153,True,2,94151,1,1
94201,True,2,92153,11,1
94201,True,2,94169,5,1
94207,True,2,94079,7,1
94219,True,2,86027,13,1
94229,False,,,,
94273,True,2,93761,9,1
94253,True,2,307,2,2
94253,True,2,93997,8,1
94253,True,2,93229,10,1
94261,True,2,86069,13,1
94261,True,2,61493,15,1
94261,True,2,94253,3,1
94261,True,2,94229,5,1
94291,True,2,92243,11,1
94307,True,2,94291,4,1
94307,True,2,28771,16,1
94307,True,2,93283,10,1
94321,True,2,93809,9,1
94321,True,2,61553,15,1
94327,True,2,61559,15,1
94309,True,2,86117,13,1
94309,True,2,94307,1,1
94343,True,2,93319,10,1
94343,True,2,28807,16,1
94343,True,2,90247,12,1
94343,True,2,94327,4,1
94331,True,2,94327,2,1
94331,True,2,93307,10,1
94349,True,2,28813,16,1
94351,True,2,94349,1,1
94351,True,2,61583,15,1
94351,True,2,94343,3,1
94379,True,2,28843,16,1
94399,True,2,93887,9,1
94399,True,2,94397,1,1
94399,True,2,61631,15,1
94397,False,,,,
94421,False,,,,
94427,False,,,,
94433,True,2,78049,14,1
94439,False,,,,
94441,True,2,86249,13,1
94441,True,2,94433,3,1
94441,True,2,94439,1,1
94441,True,2,61673,15,1
94447,True,2,94439,3,1
94447,True,2,92399,11,1
94463,True,2,28927,16,1
94463,True,2,94207,8,1
94463,True,2,78079,14,1
94463,True,2,94399,6,1
94463,True,2,94447,4,1
94477,True,2,94349,7,1
94529,True,2,94273,8,1
94529,True,2,94513,4,1
94531,True,2,94529,1,1
94513,False,,,,
94483,True,2,86291,13,1
94483,True,2,93971,9,1
94543,True,2,94541,1,1
94543,True,2,86351,13,1
94547,True,2,94483,6,1
94547,True,2,94531,4,1
94547,True,2,94291,8,1
94547,True,2,93523,10,1
94547,True,2,94543,2,1
94547,True,2,78163,14,1
94541,True,2,94477,6,1
94541,True,2,78157,14,1
94559,True,2,29023,16,1
94559,True,2,94543,4,1
94561,True,2,94529,5,1
94561,True,2,94433,7,1
94561,True,2,94559,1,1
94561,True,2,86369,13,1
94561,True,2,94049,9,1
94583,True,2,94327,8,1
94583,True,2,93559,10,1
94573,True,2,94541,5,1
94573,True,2,86381,13,1
94603,False,,,,
94597,False,,,,
94613,True,2,94597,4,1
94613,True,2,29077,16,1
94613,True,2,78229,14,1
94621,True,2,94613,3,1
94621,True,2,94109,9,1
94649,False,,,,
94651,True,2,94649,1,1
94687,True,2,94559,7,1
94687,True,2,92639,11,1
94693,True,2,86501,13,1
94709,True,2,94693,4,1
94709,True,2,29173,16,1
94727,True,2,93703,10,1
94727,True,2,90631,12,1
94727,True,2,29191,16,1
94727,True,2,94723,2,1
94723,True,2,86531,13,1
94747,True,2,92699,11,1
94747,True,2,61979,15,1
94771,True,2,86579,13,1
94771,True,2,92723,11,1
94771,True,2,62003,15,1
94781,True,2,94777,2,1
94777,True,2,94649,7,1
94793,True,2,94789,2,1
94793,True,2,90697,12,1
94793,True,2,94777,4,1
94789,True,2,94781,3,1
94811,True,2,78427,14,1
94811,True,2,94747,6,1
94811,True,2,93787,10,1
94819,True,2,86627,13,1
94819,True,2,94811,3,1
94819,True,2,94307,9,1
94823,True,2,94819,2,1
94823,True,2,29287,16,1
94823,True,2,78439,14,1
94837,True,2,92789,11,1
94837,True,2,94709,7,1
94841,True,2,94837,2,1
94841,True,2,94777,6,1
94849,True,2,62081,15,1
94849,True,2,92801,11,1
94849,True,2,94847,1,1
94849,True,2,94841,3,1
94847,True,2,29311,16,1
94873,True,2,94841,5,1
94903,True,2,86711,13,1
94889,True,2,90793,12,1
94889,True,2,94873,4,1
94907,True,2,94651,8,1
94907,True,2,94903,2,1
94933,True,2,94421,9,1
94949,True,2,94933,4,1
94949,True,2,94693,8,1
94951,True,2,94439,9,1
94951,True,2,94949,1,1
94951,True,2,94823,7,1
94961,True,2,78577,14,1
94961,True,2,93937,10,1
94993,True,2,94961,5,1
94999,True,2,92951,11,1
95003,True,2,94999,2,1
95003,True,2,94747,8,1
95003,True,2,90907,12,1
95003,True,2,93979,10,1
95009,True,2,94993,4,1
95009,True,2,29473,16,1
95027,True,2,78643,14,1
95027,True,2,94771,8,1
95027,True,2,90931,12,1
95021,True,2,93997,10,1
95063,True,2,29527,16,1
95063,True,2,94999,6,1
95071,True,2,94559,9,1
95071,True,2,95063,3,1
95071,True,2,62303,15,1
95083,False,,,,
95087,True,2,95083,2,1
95087,True,2,94063,10,1
95087,True,2,95071,4,1
95089,True,2,95087,1,1
95089,True,2,94961,7,1
95093,True,2,90997,12,1
95093,True,2,95089,2,1
95093,True,2,94837,8,1
95101,True,2,93053,11,1
95101,True,2,95093,3,1
95111,True,2,95107,2,1
95107,True,2,93059,11,1
95131,True,2,86939,13,1
95131,True,2,95003,7,1
95131,True,2,93083,11,1
95143,True,2,95111,5,1
95143,True,2,86951,13,1
95153,True,2,95089,6,1
95189,True,2,94933,8,1
95191,True,2,95189,1,1
95191,True,2,62423,15,1
95191,True,2,95063,7,1
95177,True,2,94153,10,1
95177,True,2,91081,12,1
95177,True,2,29641,16,1
95203,True,2,87011,13,1
95219,True,2,29683,16,1
95219,True,2,95203,4,1
95213,False,,,,
95231,True,2,94207,10,1
95233,True,2,95231,1,1
95233,True,2,87041,13,1
95239,True,2,94727,9,1
95239,True,2,95111,7,1
95239,True,2,95231,3,1
95257,False,,,,
95261,True,2,95257,2,1
95261,True,2,78877,14,1
95267,True,2,95203,6,1
95279,True,2,91183,12,1
95273,True,2,307,10,2
95273,True,2,95257,4,1
95273,True,2,78889,14,1
95287,True,2,95279,3,1
95287,True,2,93239,11,1
95317,True,2,62549,15,1
95317,True,2,95189,7,1
95311,True,2,87119,13,1
95311,True,2,93263,11,1
95311,True,2,95279,5,1
95327,True,2,31,16,3
95327,True,2,95071,8,1
95327,True,2,95311,4,1
95339,True,2,91243,12,1
95339,True,2,29803,16,1
95339,True,2,95083,8,1
95369,True,2,29833,16,1
95393,True,2,91297,12,1
95383,False,,,,
95401,True,2,62633,15,1
95401,True,2,95273,7,1
95401,True,2,95369,5,1
95401,True,2,94889,9,1
95401,True,2,95393,3,1
95413,True,2,87221,13,1
95419,True,2,93371,11,1
95419,True,2,94907,9,1
95429,True,2,95413,4,1
95441,False,,,,
95443,True,2,87251,13,1
95443,True,2,95441,1,1
95467,True,2,95339,7,1
95467,True,2,93419,11,1
95461,True,2,95429,5,1
95461,True,2,94949,9,1
95479,True,2,95471,3,1
95471,True,2,79087,14,1
95471,True,2,95467,2,1
95471,True,2,94447,10,1
95483,True,2,95467,4,1
95483,True,2,95419,6,1
95483,True,2,29947,16,1
95483,True,2,91387,12,1
95483,True,2,95479,2,1
95507,True,2,91411,12,1
95507,True,2,94483,10,1
95507,True,2,95443,6,1
95527,True,2,93479,11,1
95531,True,2,79147,14,1
95531,True,2,95527,2,1
95531,True,2,95467,6,1
95539,True,2,95531,3,1
95539,True,2,95027,9,1
95539,True,2,93491,11,1
95539,True,2,95507,5,1
95549,True,2,91453,12,1
95549,True,2,30013,16,1
95561,False,,,,
95569,True,2,62801,15,1
95569,True,2,95441,7,1
95569,True,2,95561,3,1
95603,True,2,95539,6,1
95581,True,2,95549,5,1
95597,True,2,94573,10,1
95597,True,2,95581,4,1
95617,False,,,,
95621,True,2,94597,10,1
95621,True,2,95617,2,1
95629,True,2,93581,11,1
95629,True,2,95597,5,1
95629,True,2,95621,3,1
95629,True,2,62861,15,1
95633,True,2,95617,4,1
95633,True,2,95629,2,1
95633,True,2,95569,6,1
95633,True,2,30097,16,1
95651,False,,,,
95701,True,2,87509,13,1
95701,True,2,95189,9,1
95707,True,2,62939,15,1
95713,False,,,,
95717,True,2,95461,8,1
95717,True,2,95713,2,1
95717,True,2,94693,10,1
95717,True,2,79333,14,1
95717,True,2,95701,4,1
95717,True,2,30181,16,1
95717,True,2,91621,12,1
95723,True,2,95707,4,1
95723,True,2,95467,8,1
95723,True,2,30187,16,1
95731,True,2,95603,7,1
95731,True,2,93683,11,1
95731,True,2,87539,13,1
95731,True,2,95219,9,1
95731,True,2,95723,3,1
95737,True,2,62969,15,1
95747,True,2,30211,16,1
95747,True,2,94723,10,1
95747,True,2,95731,4,1
95773,True,2,95261,9,1
95783,True,2,79399,14,1
95783,True,2,95527,8,1
95791,True,2,95789,1,1
95791,True,2,95279,9,1
95791,True,2,95783,3,1
95801,True,2,95737,6,1
95801,True,2,94777,10,1
95789,True,2,95773,4,1
95789,True,2,30253,16,1
95819,True,2,95803,4,1
95803,True,2,95801,1,1
95813,True,2,94789,10,1
95857,True,2,93809,11,1
95869,False,,,,
95873,True,2,95857,4,1
95873,True,2,95617,8,1
95873,True,2,95869,2,1
95873,True,2,94849,10,1
95881,True,2,95873,3,1
95881,True,2,95369,9,1
95881,True,2,63113,15,1
95891,True,2,43,14,3
95911,True,2,87719,13,1
95911,True,2,95783,7,1
95917,True,2,63149,15,1
95917,True,2,95789,7,1
95923,True,2,95891,5,1
95929,True,2,95801,7,1
95947,True,2,63179,15,1
95947,True,2,95819,7,1
95957,True,2,94933,10,1
95957,True,2,95701,8,1
95971,True,2,93923,11,1
95959,True,2,93911,11,1
95959,True,2,95957,1,1
95959,True,2,87767,13,1
95987,True,2,95923,6,1
95987,True,2,95971,4,1
95987,True,2,95731,8,1
96001,True,2,95873,7,1
95989,True,2,93941,11,1
95989,True,2,95957,5,1
95989,True,2,87797,13,1
95989,True,2,95987,1,1
96013,False,,,,
96017,True,2,91921,12,1
96017,True,2,96013,2,1
96017,True,2,94993,10,1
96017,True,2,96001,4,1
96017,True,2,79633,14,1
96043,True,2,95531,9,1
96053,True,2,91957,12,1
96053,True,2,95989,6,1
96053,True,2,30517,16,1
96053,True,2,79669,14,1
96079,True,2,63311,15,1
96079,True,2,87887,13,1
96059,True,2,96043,4,1
96059,True,2,95803,8,1
96097,True,2,94049,11,1
96137,True,2,92041,12,1
96137,True,2,95881,8,1
96149,False,,,,
96167,True,2,95143,10,1
96167,True,2,95911,8,1
96167,True,2,30631,16,1
96157,True,2,94109,11,1
96157,True,2,63389,15,1
96157,True,2,96149,3,1
96179,True,2,92083,12,1
96179,True,2,30643,16,1
96179,True,2,95923,8,1
96181,True,2,96149,5,1
96181,True,2,96179,1,1
96181,True,2,96053,7,1
96199,True,2,96167,5,1
96199,True,2,88007,13,1
96199,True,2,94151,11,1
96211,True,2,96179,5,1
96211,True,2,63443,15,1
96211,True,2,88019,13,1
96221,True,2,96157,6,1
96233,True,2,30697,16,1
96223,True,2,96221,1,1
96259,True,2,95747,9,1
96263,True,2,96259,2,1
96263,True,2,96199,6,1
96263,True,2,95239,10,1
96263,True,2,30727,16,1
96269,True,2,96013,8,1
96269,True,2,92173,12,1
96281,True,2,95257,10,1
96289,True,2,63521,15,1
96289,True,2,96281,3,1
96323,True,2,92227,12,1
96323,True,2,79939,14,1
96323,True,2,96259,6,1
96293,True,2,96289,2,1
96293,True,2,30757,16,1
96331,True,2,96329,1,1
96331,True,2,95819,9,1
96331,True,2,96323,3,1
96329,True,2,92233,12,1
96337,True,2,96329,3,1
96353,True,2,96097,8,1
96353,True,2,96337,4,1
96353,True,2,30817,16,1
96353,True,2,96289,6,1
96377,True,2,30841,16,1
96401,True,2,96337,6,1
96431,False,,,,
96419,False,,,,
96451,True,2,88259,13,1
96451,True,2,96323,7,1
96451,True,2,96443,3,1
96451,True,2,96419,5,1
96457,True,2,63689,15,1
96457,True,2,96329,7,1
96443,True,2,92347,12,1
96443,True,2,95419,10,1
96461,True,2,96457,2,1
96461,True,2,80077,14,1
96469,True,2,94421,11,1
96469,True,2,96461,3,1
96469,True,2,95957,9,1
96479,True,2,96223,8,1
96479,True,2,92383,12,1
96487,True,2,63719,15,1
96487,True,2,94439,11,1
96487,True,2,96479,3,1
96493,True,2,96461,5,1
96493,True,2,88301,13,1
96497,True,2,92401,12,1
96497,True,2,96493,2,1
96517,False,,,,
96557,True,2,92461,12,1
96557,True,2,80173,14,1
96557,True,2,96553,2,1
96557,True,2,96493,6,1
96527,True,2,92431,12,1
96553,False,,,,
96581,True,2,96517,6,1
96587,True,2,31051,16,1
96587,True,2,96331,8,1
96643,False,,,,
96589,True,2,88397,13,1
96589,True,2,96557,5,1
96589,True,2,96581,3,1
96589,True,2,94541,11,1
96589,True,2,96587,1,1
96589,True,2,96461,7,1
96601,False,,,,
96661,True,2,88469,13,1
96661,True,2,94613,11,1
96661,True,2,96149,9,1
96667,False,,,,
96671,True,2,96667,2,1
96671,True,2,80287,14,1
96697,True,2,94649,11,1
96697,True,2,63929,15,1
96703,True,2,96671,5,1
96731,True,2,96667,6,1
96731,True,2,80347,14,1
96731,True,2,95707,10,1
96737,True,2,311,4,2
96737,True,2,95713,10,1
96737,True,2,92641,12,1
96749,True,2,96493,8,1
96739,True,2,96737,1,1
96739,True,2,88547,13,1
96739,True,2,96731,3,1
96757,True,2,94709,11,1
96757,True,2,96749,3,1
96763,True,2,96731,5,1
96769,True,2,96737,5,1
96787,True,2,96779,3,1
96787,True,2,64019,15,1
96779,True,2,96763,4,1
96779,True,2,92683,12,1
96797,True,2,95773,10,1
96799,True,2,96797,1,1
96799,True,2,88607,13,1
96799,True,2,96671,7,1
96821,True,2,96757,6,1
96823,True,2,96821,1,1
96827,True,2,96823,2,1
96827,True,2,96763,6,1
96827,True,2,95803,10,1
96847,False,,,,
96851,True,2,96847,2,1
96851,True,2,96787,6,1
96857,True,2,92761,12,1
96857,True,2,80473,14,1
96857,True,2,96601,8,1
96857,True,2,31321,16,1
96893,True,2,95869,10,1
96893,True,2,31357,16,1
96907,True,2,96779,7,1
96911,True,2,96847,6,1
96911,True,2,80527,14,1
96911,True,2,96907,2,1
96959,True,2,96703,8,1
96959,True,2,92863,12,1
96931,True,2,96419,9,1
96953,True,2,92857,12,1
96953,True,2,95929,10,1
96953,True,2,96697,8,1
96973,True,2,96461,9,1
96979,True,2,96851,7,1
96989,True,2,96973,4,1
96989,True,2,92893,12,1
97001,True,2,96997,2,1
96997,True,2,94949,11,1
96997,True,2,96989,3,1
97003,True,2,97001,1,1
97003,True,2,88811,13,1
97007,True,2,97003,2,1
97021,True,2,96893,7,1
97021,True,2,96989,5,1
97039,True,2,97007,5,1
97039,True,2,64271,15,1
97039,True,2,96911,7,1
97039,True,2,96527,9,1
97073,False,,,,
97103,True,2,97039,6,1
97103,True,2,31567,16,1
97103,True,2,96847,8,1
97103,True,2,96079,10,1
97081,True,2,96953,7,1
97081,True,2,97073,3,1
97117,True,2,96989,7,1
97127,False,,,,
97157,False,,,,
97151,False,,,,
97159,True,2,97127,5,1
97159,True,2,97151,3,1
97159,True,2,95111,11,1
97159,True,2,97157,1,1
97171,True,2,97169,1,1
97171,True,2,64403,15,1
97177,True,2,97169,3,1
97169,False,,,,
97213,True,2,89021,13,1
97187,True,2,96931,8,1
97187,True,2,80803,14,1
97187,True,2,97171,4,1
97231,True,2,97103,7,1
97241,True,2,97177,6,1
97259,True,2,97003,8,1
97259,True,2,31723,16,1
97301,True,2,80917,14,1
97283,True,2,93187,12,1
97283,True,2,96259,10,1
97303,True,2,97301,1,1
97327,True,2,95279,11,1
97367,True,2,97303,6,1
97369,True,2,96857,9,1
97369,True,2,97241,7,1
97369,True,2,97367,1,1
97369,True,2,64601,15,1
97373,True,2,80989,14,1
97373,True,2,97369,2,1
97373,True,2,97117,8,1
97381,True,2,64613,15,1
97381,True,2,97379,1,1
97381,True,2,97373,3,1
97381,True,2,89189,13,1
97379,True,2,93283,12,1
97387,True,2,97259,7,1
97387,True,2,97379,3,1
97387,True,2,95339,11,1
97423,True,2,96911,9,1
97423,True,2,89231,13,1
97429,True,2,97397,5,1
97429,True,2,89237,13,1
97429,True,2,97301,7,1
97429,True,2,64661,15,1
97397,True,2,97381,4,1
97397,True,2,81013,14,1
97441,True,2,95393,11,1
97459,False,,,,
97453,True,2,89261,13,1
97499,True,2,31963,16,1
97463,True,2,97459,2,1
97501,True,2,97499,1,1
97501,True,2,96989,9,1
97501,True,2,97373,7,1
97511,True,2,96487,10,1
97523,True,2,97459,6,1
97523,True,2,93427,12,1
97547,True,2,81163,14,1
97549,True,2,97547,1,1
97549,True,2,64781,15,1
97553,True,2,97549,2,1
97561,True,2,97553,3,1
97561,True,2,64793,15,1
97577,True,2,97561,4,1
97577,True,2,93481,12,1
97577,True,2,179,16,2
97577,True,2,96553,10,1
97571,False,,,,
97579,True,2,97571,3,1
97579,True,2,97577,1,1
97579,True,2,89387,13,1
97579,True,2,97547,5,1
97579,True,2,95531,11,1
97579,True,2,64811,15,1
97583,True,2,93487,12,1
97583,True,2,97327,8,1
97583,True,2,81199,14,1
97583,True,2,97579,2,1
97607,True,2,81223,14,1
97609,True,2,95561,11,1
97609,True,2,97577,5,1
97609,True,2,97607,1,1
97609,True,2,89417,13,1
97613,True,2,96589,10,1
97613,True,2,97609,2,1
97613,True,2,97549,6,1
97613,True,2,32077,16,1
97649,True,2,93553,12,1
97651,True,2,97649,1,1
97651,True,2,89459,13,1
97651,True,2,97523,7,1
97651,True,2,95603,11,1
97673,True,2,97609,6,1
97711,True,2,89519,13,1
97711,True,2,97583,7,1
97729,False,,,,
97687,True,2,64919,15,1
97771,True,2,97259,9,1
97771,True,2,65003,15,1
97771,True,2,95723,11,1
97777,True,2,97649,7,1
97787,True,2,96763,10,1
97787,True,2,32251,16,1
97787,True,2,97771,4,1
97813,True,2,97301,9,1
97789,True,2,97787,1,1
97789,True,2,89597,13,1
97829,True,2,97813,4,1
97841,True,2,81457,14,1
97841,True,2,97777,6,1
97843,True,2,97841,1,1
97847,True,2,97843,2,1
97847,True,2,96823,10,1
97847,True,2,81463,14,1
97849,True,2,97841,3,1
97849,True,2,97847,1,1
97849,True,2,89657,13,1
97849,True,2,95801,11,1
97859,True,2,32323,16,1
97859,True,2,97843,4,1
97859,True,2,93763,12,1
97861,True,2,97859,1,1
97861,True,2,97829,5,1
97861,True,2,95813,11,1
97861,True,2,89669,13,1
97871,True,2,96847,10,1
97879,True,2,97847,5,1
97879,True,2,65111,15,1
97879,True,2,97367,9,1
97879,True,2,97871,3,1
97883,True,2,93787,12,1
97883,True,2,97879,2,1
97919,False,,,,
97931,True,2,81547,14,1
97931,True,2,96907,10,1
97931,True,2,97927,2,1
97943,True,2,97927,4,1
97943,True,2,81559,14,1
97943,True,2,97687,8,1
97943,True,2,97879,6,1
97927,True,2,97919,3,1
97961,False,,,,
97967,True,2,97711,8,1
97967,True,2,93871,12,1
97973,True,2,313,2,2
98009,True,2,93913,12,1
97987,True,2,97859,7,1
98011,True,2,97499,9,1
98011,True,2,98009,1,1
98011,True,2,97883,7,1
98011,True,2,89819,13,1
98017,True,2,98009,3,1
98041,True,2,98009,5,1
98041,True,2,89849,13,1
98047,True,2,97919,7,1
98057,True,2,98041,4,1
98081,True,2,98017,6,1
98101,True,2,97973,7,1
98101,True,2,96053,11,1
98101,True,2,89909,13,1
98123,True,2,32587,16,1
98129,True,2,94033,12,1
98143,False,,,,
98179,False,,,,
98213,True,2,94117,12,1
98221,True,2,98213,3,1
98207,True,2,94111,12,1
98207,True,2,98143,6,1
98227,True,2,96179,11,1
98251,True,2,90059,13,1
98251,True,2,98123,7,1
98257,True,2,98129,7,1
98269,True,2,96221,11,1
98297,True,2,94201,12,1
98297,True,2,98041,8,1
98297,True,2,181,16,2
98299,True,2,90107,13,1
98299,True,2,98297,1,1
98299,True,2,97787,9,1
98317,True,2,96269,11,1
98321,True,2,98257,6,1
98321,True,2,81937,14,1
98321,True,2,98317,2,1
98323,True,2,98321,1,1
98327,True,2,81943,14,1
98327,True,2,98323,2,1
98327,True,2,97303,10,1
98369,True,2,94273,12,1
98369,True,2,32833,16,1
98347,True,2,65579,15,1
98387,True,2,94291,12,1
98387,True,2,98323,6,1
98387,True,2,82003,14,1
98389,True,2,90197,13,1
98389,True,2,98387,1,1
98377,True,2,98369,3,1
98377,True,2,65609,15,1
98377,True,2,96329,11,1
98407,False,,,,
98419,True,2,98411,3,1
98419,True,2,90227,13,1
98419,True,2,65651,15,1
98419,True,2,98387,5,1
98429,False,,,,
98411,True,2,98407,2,1
98411,True,2,98347,6,1
98411,True,2,97387,10,1
98443,True,2,97931,9,1
98443,True,2,98411,5,1
98453,True,2,98389,6,1
98453,True,2,97429,10,1
98453,True,2,32917,16,1
98459,True,2,98443,4,1
98467,True,2,96419,11,1
98467,True,2,65699,15,1
98467,True,2,98459,3,1
98473,True,2,97961,9,1
98473,True,2,90281,13,1
98479,True,2,97967,9,1
98479,True,2,96431,11,1
98519,True,2,32983,16,1
98507,True,2,98443,6,1
98507,True,2,98251,8,1
98507,True,2,98491,4,1
98507,True,2,32971,16,1
98491,True,2,98459,5,1
98491,True,2,96443,11,1
98533,False,,,,
98543,True,2,94447,12,1
98543,True,2,98479,6,1
98561,False,,,,
98573,True,2,82189,14,1
98573,True,2,98317,8,1
98573,True,2,94477,12,1
98573,True,2,33037,16,1
98573,True,2,97549,10,1
98563,True,2,98561,1,1
98563,True,2,90371,13,1
98597,True,2,98533,6,1
98627,True,2,98563,6,1
98627,True,2,33091,16,1
98627,True,2,94531,12,1
98621,True,2,82237,14,1
98639,True,2,94543,12,1
98641,True,2,98639,1,1
98641,True,2,98129,9,1
98663,True,2,98407,8,1
98663,True,2,82279,14,1
98689,True,2,65921,15,1
98689,True,2,98561,7,1
98711,True,2,97687,10,1
98669,True,2,94573,12,1
98713,True,2,98711,1,1
98729,True,2,98473,8,1
98729,True,2,98713,4,1
98717,True,2,94621,12,1
98717,True,2,98713,2,1
98717,True,2,33181,16,1
98737,True,2,98729,3,1
98731,True,2,98729,1,1
98731,True,2,65963,15,1
98773,False,,,,
98779,True,2,96731,11,1
98801,True,2,97777,10,1
98801,True,2,98737,6,1
98807,False,,,,
98809,True,2,90617,13,1
98809,True,2,98807,1,1
98809,True,2,98297,9,1
98809,True,2,66041,15,1
98809,True,2,98801,3,1
98837,True,2,98773,6,1
98837,True,2,33301,16,1
98837,True,2,97813,10,1
98849,False,,,,
98869,True,2,96821,11,1
98869,True,2,98837,5,1
98869,True,2,90677,13,1
98869,True,2,98867,1,1
98887,False,,,,
98873,True,2,98809,6,1
98873,True,2,94777,12,1
98873,True,2,98869,2,1
98873,True,2,97849,10,1
98867,True,2,97843,10,1
98867,True,2,94771,12,1
98867,True,2,33331,16,1
98867,True,2,82483,14,1
98893,False,,,,
98897,True,2,98641,8,1
98897,True,2,98893,2,1
98899,True,2,98387,9,1
98899,True,2,98897,1,1
98899,True,2,96851,11,1
98899,True,2,98867,5,1
98909,True,2,98893,4,1
98911,True,2,98909,1,1
98927,True,2,33391,16,1
98927,True,2,98911,4,1
98929,True,2,98927,1,1
98929,True,2,98897,5,1
98929,True,2,66161,15,1
98929,True,2,98801,7,1
98947,True,2,66179,15,1
98947,True,2,98939,3,1
98939,True,2,33403,16,1
98953,False,,,,
98981,False,,,,
98963,True,2,33427,16,1
98963,True,2,98899,6,1
98963,True,2,98947,4,1
98999,True,2,94903,12,1
98993,True,2,313,10,2
98993,True,2,98737,8,1
98993,True,2,98929,6,1
98993,True,2,33457,16,1
98993,True,2,82609,14,1
99013,True,2,98981,5,1
99013,True,2,90821,13,1
99023,True,2,33487,16,1
99041,True,2,98017,10,1
99041,True,2,82657,14,1
99017,True,2,98953,6,1
99017,True,2,82633,14,1
99017,True,2,99013,2,1
99053,False,,,,
99079,True,2,90887,13,1
99083,True,2,33547,16,1
99083,True,2,99079,2,1
99083,True,2,82699,14,1
99103,True,2,90911,13,1
99109,True,2,98981,7,1
99109,True,2,90917,13,1
99109,True,2,98597,9,1
99089,True,2,94993,12,1
99119,True,2,99103,4,1
99131,False,,,,
99133,True,2,99131,1,1
99133,True,2,98621,9,1
99137,True,2,99133,2,1
99137,True,2,33601,16,1
99139,True,2,99131,3,1
99139,True,2,90947,13,1
99139,True,2,98627,9,1
99139,True,2,99137,1,1
99149,True,2,98893,8,1
99149,True,2,33613,16,1
99149,True,2,99133,4,1
99173,True,2,99109,6,1
99173,True,2,33637,16,1
99191,False,,,,
99223,True,2,98711,9,1
99223,True,2,99191,5,1
99181,True,2,99149,5,1
99181,True,2,66413,15,1
99181,True,2,98669,9,1
99181,True,2,99053,7,1
99181,True,2,99173,3,1
99181,True,2,90989,13,1
99233,False,,,,
99241,True,2,99233,3,1
99241,True,2,98729,9,1
99251,True,2,98227,10,1
99257,True,2,99241,4,1
99257,True,2,33721,16,1
99259,True,2,99257,1,1
99259,True,2,99251,3,1
99259,True,2,99131,7,1
99259,True,2,66491,15,1
99277,True,2,66509,15,1
99277,True,2,99149,7,1
99289,True,2,99257,5,1
99289,True,2,91097,13,1
99289,True,2,97241,11,1
99317,False,,,,
99347,True,2,82963,14,1
99347,True,2,98323,10,1
99347,True,2,33811,16,1
99349,True,2,97301,11,1
99349,True,2,99317,5,1
99349,True,2,99347,1,1
99349,True,2,98837,9,1
99367,False,,,,
99371,True,2,98347,10,1
99371,True,2,99367,2,1
99377,False,,,,
99391,True,2,91199,13,1
99409,True,2,99377,5,1
99409,True,2,99401,3,1
99409,True,2,98897,9,1
99401,True,2,98377,10,1
99401,True,2,99397,2,1
99431,True,2,98407,10,1
99431,True,2,99367,6,1
99431,True,2,83047,14,1
99397,True,2,66629,15,1
99439,True,2,99431,3,1
99439,True,2,98927,9,1
99469,True,2,66701,15,1
99487,False,,,,
99497,True,2,98473,10,1
99497,True,2,95401,12,1
99497,True,2,33961,16,1
99497,True,2,99241,8,1
99523,True,2,91331,13,1
99527,True,2,99523,2,1
99529,True,2,99017,9,1
99529,True,2,99497,5,1
99529,True,2,99401,7,1
99529,True,2,99527,1,1
99551,True,2,99487,6,1
99559,True,2,99527,5,1
99559,True,2,97511,11,1
99559,True,2,66791,15,1
99559,True,2,99431,7,1
99559,True,2,99551,3,1
99559,True,2,91367,13,1
99563,True,2,95467,12,1
99563,True,2,99559,2,1
99577,True,2,66809,15,1
99571,True,2,99563,3,1
99571,True,2,97523,11,1
99581,True,2,99577,2,1
99607,False,,,,
99611,True,2,99607,2,1
99611,True,2,83227,14,1
99623,True,2,99367,8,1
99623,True,2,99607,4,1
99623,True,2,99559,6,1
99623,True,2,95527,12,1
99643,True,2,99131,9,1
99643,True,2,99611,5,1
99661,True,2,97613,11,1
99661,True,2,99149,9,1
99667,False,,,,
99689,False,,,,
99679,True,2,99551,7,1
99707,True,2,99643,6,1
99707,True,2,34171,16,1
99709,True,2,99581,7,1
99709,True,2,99707,1,1
99713,True,2,99709,2,1
99713,True,2,95617,12,1
99713,True,2,98689,10,1
99721,True,2,99689,5,1
99721,True,2,99719,1,1
99721,True,2,91529,13,1
99721,True,2,97673,11,1
99721,True,2,99713,3,1
99733,True,2,91541,13,1
99719,True,2,34183,16,1
99761,True,2,98737,10,1
99787,False,,,,
99793,True,2,99761,5,1
99767,True,2,83383,14,1
99767,True,2,34231,16,1
99809,True,2,99793,4,1
99809,True,2,95713,12,1
99809,True,2,34273,16,1
99817,True,2,67049,15,1
99817,True,2,99689,7,1
99817,True,2,99809,3,1
99833,True,2,95737,12,1
99833,True,2,83449,14,1
99833,True,2,99829,2,1
99833,True,2,99577,8,1
99833,True,2,99817,4,1
99833,True,2,98809,10,1
99833,True,2,34297,16,1
99839,True,2,34303,16,1
99839,True,2,99823,4,1
99823,True,2,91631,13,1
99829,True,2,67061,15,1
99829,True,2,99317,9,1
99859,True,2,99347,9,1
99871,True,2,67103,15,1
99871,True,2,99839,5,1
99881,True,2,99877,2,1
99881,True,2,99817,6,1
99881,True,2,83497,14,1
99877,True,2,97829,11,1
99907,True,2,67139,15,1
99907,True,2,97859,11,1
99901,False,,,,
99923,True,2,99907,4,1
99923,True,2,98899,10,1
99923,True,2,99667,8,1
99923,True,2,99859,6,1
99929,False,,,,
99961,True,2,99833,7,1
99961,True,2,99929,5,1
99989,True,2,99733,8,1
99991,True,2,99989,1,1
99991,True,2,97943,11,1
99971,True,2,98947,10,1
99971,True,2,99907,6,1
100019,True,2,34483,16,1
100019,True,2,100003,4,1
100019,True,2,95923,12,1
100043,True,2,99787,8,1
100043,True,2,95947,12,1
100003,True,2,91811,13,1
100003,True,2,99971,5,1
100057,True,2,98009,11,1
100057,True,2,67289,15,1
100057,True,2,99929,7,1
100057,True,2,100049,3,1
100069,False,,,,
100049,True,2,34513,16,1
100049,True,2,99793,8,1
100103,True,2,99079,10,1
100103,True,2,83719,14,1
100109,True,2,96013,12,1
100129,True,2,98081,11,1
100153,True,2,100151,1,1
100153,True,2,91961,13,1
100151,False,,,,
100169,True,2,100153,4,1
100183,True,2,100151,5,1
100193,True,2,96097,12,1
100193,True,2,100189,2,1
100193,True,2,100129,6,1
100189,True,2,91997,13,1
100189,True,2,67421,15,1
100213,False,,,,
100207,False,,,,
100237,True,2,100109,7,1
100267,True,2,67499,15,1
100271,True,2,100207,6,1
100271,True,2,100267,2,1
100291,True,2,67523,15,1
100279,True,2,67511,15,1
100279,True,2,100151,7,1
100279,True,2,100271,3,1
100279,True,2,99767,9,1
100297,True,2,100169,7,1
100313,True,2,100297,4,1
100313,True,2,99289,10,1
100313,True,2,100057,8,1
100333,False,,,,
100343,True,2,34807,16,1
100343,True,2,100279,6,1
100357,True,2,67589,15,1
100361,True,2,100297,6,1
100361,True,2,100357,2,1
100363,True,2,100361,1,1
100391,True,2,99367,10,1
100379,True,2,34843,16,1
100379,True,2,100363,4,1
100393,True,2,100391,1,1
100393,True,2,99881,9,1
100393,True,2,100361,5,1
100403,False,,,,
100411,True,2,100403,3,1
100411,True,2,92219,13,1
100411,True,2,100379,5,1
100459,True,2,98411,11,1
100447,True,2,67679,15,1
100417,True,2,98369,11,1
100469,True,2,100213,8,1
100483,True,2,99971,9,1
100493,True,2,317,2,2
100493,True,2,99469,10,1
100493,True,2,100237,8,1
100501,True,2,100469,5,1
100501,True,2,67733,15,1
100501,True,2,100493,3,1
100501,True,2,98453,11,1
100501,True,2,99989,9,1
100511,True,2,84127,14,1
100511,True,2,99487,10,1
100511,True,2,100447,6,1
100519,True,2,100517,1,1
100519,True,2,100511,3,1
100519,True,2,67751,15,1
100519,True,2,100391,7,1
100517,True,2,100501,4,1
100517,True,2,34981,16,1
100523,True,2,100267,8,1
100523,True,2,100459,6,1
100523,True,2,100519,2,1
100537,False,,,,
100547,True,2,84163,14,1
100547,True,2,100291,8,1
100547,True,2,100483,6,1
100547,True,2,96451,12,1
100547,True,2,99523,10,1
100549,True,2,100517,5,1
100549,True,2,92357,13,1
100549,True,2,100547,1,1
100559,True,2,35023,16,1
100591,True,2,92399,13,1
100591,True,2,98543,11,1
100591,True,2,100559,5,1
100609,True,2,98561,11,1
100613,True,2,100609,2,1
100613,True,2,84229,14,1
100613,True,2,100357,8,1
100613,True,2,100549,6,1
100613,True,2,96517,12,1
100649,True,2,96553,12,1
100649,True,2,100393,8,1
100621,True,2,100613,3,1
100621,True,2,100109,9,1
100621,True,2,98573,11,1
100621,True,2,100493,7,1
100621,True,2,67853,15,1
100669,True,2,98621,11,1
100669,True,2,67901,15,1
100673,True,2,100609,6,1
100673,True,2,100669,2,1
100673,True,2,100417,8,1
100693,False,,,,
100699,True,2,92507,13,1
100699,True,2,67931,15,1
100733,True,2,100669,6,1
100733,True,2,84349,14,1
100733,True,2,99709,10,1
100703,True,2,99679,10,1
100703,True,2,100447,8,1
100703,True,2,100699,2,1
100703,True,2,84319,14,1
100741,True,2,100613,7,1
100741,True,2,100733,3,1
100747,True,2,67979,15,1
100769,False,,,,
100799,True,2,96703,12,1
100787,True,2,35251,16,1
100801,True,2,100769,5,1
100801,True,2,100673,7,1
100801,True,2,100799,1,1
100811,True,2,99787,10,1
100811,True,2,100747,6,1
100823,False,,,,
100847,True,2,99823,10,1
100847,True,2,100591,8,1
100847,True,2,84463,14,1
100847,True,2,35311,16,1
100829,False,,,,
100853,True,2,99829,10,1
100853,True,2,96757,12,1
100853,True,2,35317,16,1
100907,True,2,84523,14,1
100913,False,,,,
100927,True,2,100799,7,1
100931,True,2,99907,10,1
100931,True,2,100927,2,1
100937,True,2,35401,16,1
100943,True,2,35407,16,1
100943,True,2,100927,4,1
100943,True,2,84559,14,1
100943,True,2,96847,12,1
100957,True,2,98909,11,1
100957,True,2,100829,7,1
100981,True,2,100469,9,1
100981,True,2,100853,7,1
100981,True,2,68213,15,1
100981,True,2,92789,13,1
100999,False,,,,
100987,True,2,98939,11,1
100987,True,2,68219,15,1
101021,True,2,100957,6,1
101027,True,2,100003,10,1
101027,True,2,96931,12,1
101027,True,2,35491,16,1
101051,True,2,100987,6,1
101009,False,,,,
101081,True,2,100057,10,1
101081,True,2,84697,14,1
101089,True,2,99041,11,1
101089,True,2,101081,3,1
101063,True,2,35527,16,1
101063,True,2,100999,6,1
101107,False,,,,
101111,True,2,101107,2,1
101113,True,2,101111,1,1
101113,True,2,101081,5,1
101113,True,2,92921,13,1
101117,True,2,101113,2,1
101117,True,2,97021,12,1
101119,True,2,101111,3,1
101119,True,2,92927,13,1
101119,True,2,68351,15,1
101119,True,2,101117,1,1
101141,False,,,,
101149,True,2,101021,7,1
101149,True,2,101117,5,1
101149,True,2,92957,13,1
101149,True,2,101141,3,1
101159,False,,,,
101161,True,2,100649,9,1
101161,True,2,101159,1,1
101173,True,2,101141,5,1
101183,True,2,100927,8,1
101183,True,2,101119,6,1
101197,True,2,99149,11,1
101207,True,2,100183,10,1
101207,True,2,101203,2,1
101207,True,2,35671,16,1
101203,False,,,,
101209,True,2,101207,1,1
101209,True,2,101081,7,1
101267,True,2,35731,16,1
101267,True,2,101203,6,1
101267,True,2,97171,12,1
101221,True,2,99173,11,1
101273,True,2,101209,6,1
101273,True,2,97177,12,1
101279,False,,,,
101281,True,2,101279,1,1
101281,True,2,93089,13,1
101281,True,2,99233,11,1
101281,True,2,100769,9,1
101281,True,2,101273,3,1
101287,True,2,101279,3,1
101287,True,2,101159,7,1
101293,False,,,,
101333,True,2,35797,16,1
101323,True,2,93131,13,1
101323,True,2,100811,9,1
101341,True,2,100829,9,1
101341,True,2,101333,3,1
101347,False,,,,
101359,True,2,100847,9,1
101363,True,2,101347,4,1
101363,True,2,84979,14,1
101363,True,2,101107,8,1
101363,True,2,101359,2,1
101377,False,,,,
101399,True,2,101383,4,1
101399,True,2,97303,12,1
101399,True,2,35863,16,1
101383,False,,,,
101411,True,2,101347,6,1
101411,True,2,85027,14,1
101419,True,2,101411,3,1
101419,True,2,99371,11,1
101419,True,2,100907,9,1
101429,True,2,101173,8,1
101449,True,2,93257,13,1
101449,True,2,100937,9,1
101449,True,2,99401,11,1
101467,True,2,68699,15,1
101477,True,2,97381,12,1
101477,True,2,85093,14,1
101477,True,2,101221,8,1
101489,False,,,,
101483,True,2,100459,10,1
101483,True,2,101467,4,1
101483,True,2,97387,12,1
101483,True,2,101419,6,1
101501,False,,,,
101503,True,2,101501,1,1
101513,True,2,317,10,2
101513,True,2,101449,6,1
101513,True,2,35977,16,1
101527,True,2,101399,7,1
101531,True,2,85147,14,1
101531,True,2,101527,2,1
101531,True,2,101467,6,1
101537,True,2,97441,12,1
101537,True,2,101533,2,1
101537,True,2,101281,8,1
101533,True,2,101501,5,1
101533,True,2,101531,1,1
101533,True,2,101021,9,1
101561,True,2,100537,10,1
101581,True,2,101573,3,1
101581,True,2,68813,15,1
101573,True,2,100549,10,1
101573,True,2,36037,16,1
101599,True,2,93407,13,1
101599,True,2,99551,11,1
101603,True,2,101347,8,1
101603,True,2,36067,16,1
101603,True,2,101599,2,1
101611,True,2,101603,3,1
101611,True,2,99563,11,1
101611,True,2,101483,7,1
101611,True,2,93419,13,1
101627,True,2,101611,4,1
101627,True,2,85243,14,1
101641,True,2,101513,7,1
101653,True,2,101141,9,1
101663,True,2,101599,6,1
101681,True,2,85297,14,1
101693,True,2,100669,10,1
101719,True,2,101207,9,1
101701,True,2,101573,7,1
101701,True,2,101693,3,1
101723,True,2,101467,8,1
101723,True,2,100699,10,1
101723,True,2,101719,2,1
101723,True,2,36187,16,1
101737,True,2,99689,11,1
101741,True,2,101737,2,1
101747,True,2,85363,14,1
101747,True,2,97651,12,1
101749,True,2,101747,1,1
101749,True,2,101741,3,1
101749,True,2,93557,13,1
101789,True,2,101533,8,1
101771,True,2,100747,10,1
101797,True,2,69029,15,1
101797,True,2,101789,3,1
101807,True,2,97711,12,1
101833,False,,,,
101837,True,2,101833,2,1
101837,True,2,85453,14,1
101837,True,2,101581,8,1
101869,True,2,101837,5,1
101869,True,2,101741,7,1
101863,False,,,,
101839,True,2,101807,5,1
101839,True,2,101837,1,1
101873,True,2,101869,2,1
101873,True,2,97777,12,1
101879,True,2,101863,4,1
101879,True,2,36343,16,1
101891,False,,,,
101917,True,2,69149,15,1
101917,True,2,101789,7,1
101921,True,2,101917,2,1
101929,True,2,101921,3,1
101929,True,2,99881,11,1
101939,True,2,97843,12,1
101957,True,2,97861,12,1
101957,True,2,101701,8,1
101963,False,,,,
101977,True,2,99929,11,1
101987,True,2,36451,16,1
102013,True,2,101501,9,1
102001,True,2,93809,13,1
102001,True,2,101489,9,1
102001,True,2,101999,1,1
102001,True,2,101873,7,1
102001,True,2,69233,15,1
101999,False,,,,
102019,True,2,93827,13,1
102019,True,2,99971,11,1
102019,True,2,101891,7,1
102019,True,2,101987,5,1
102023,True,2,85639,14,1
102023,True,2,102019,2,1
102023,True,2,100999,10,1
102023,True,2,97927,12,1
102043,True,2,93851,13,1
102043,True,2,101531,9,1
102031,True,2,102023,3,1
102031,True,2,101999,5,1
102031,True,2,69263,15,1
102059,True,2,36523,16,1
102059,True,2,102043,4,1
102061,True,2,102059,1,1
102071,False,,,,
102077,True,2,102013,6,1
102077,True,2,36541,16,1
102077,True,2,102061,4,1
102101,True,2,85717,14,1
102079,True,2,102071,3,1
102079,True,2,93887,13,1
102079,True,2,102077,1,1
102103,True,2,93911,13,1
102103,True,2,102101,1,1
102103,True,2,102071,5,1
102121,False,,,,
102107,True,2,102043,6,1
102107,True,2,36571,16,1
102107,True,2,102103,2,1
102107,True,2,98011,12,1
102149,False,,,,
102139,True,2,69371,15,1
102139,True,2,102107,5,1
102139,True,2,101627,9,1
102161,False,,,,
102181,True,2,102149,5,1
102191,False,,,,
102197,True,2,98101,12,1
102197,True,2,101173,10,1
102197,True,2,102181,4,1
102199,True,2,102197,1,1
102199,True,2,102071,7,1
102199,True,2,102191,3,1
102199,True,2,94007,13,1
102199,True,2,100151,11,1
102199,True,2,69431,15,1
102217,True,2,100169,11,1
102203,True,2,102139,6,1
102203,True,2,85819,14,1
102203,True,2,102199,2,1
102233,True,2,102229,2,1
102233,True,2,101209,10,1
102233,True,2,102217,4,1
102233,True,2,101977,8,1
102233,True,2,36697,16,1
102233,True,2,293,14,2
102229,True,2,102101,7,1
102229,True,2,102197,5,1
102241,True,2,100193,11,1
102241,True,2,94049,13,1
102241,True,2,102233,3,1
102241,True,2,69473,15,1
102251,False,,,,
102253,True,2,101741,9,1
102253,True,2,102251,1,1
102293,True,2,102229,6,1
102293,True,2,85909,14,1
102259,True,2,102251,3,1
102259,True,2,69491,15,1
102259,True,2,101747,9,1
102301,True,2,102299,1,1
102301,True,2,101789,9,1
102301,True,2,94109,13,1
102301,True,2,102293,3,1
102299,True,2,102043,8,1
102317,True,2,102301,4,1
102317,True,2,102061,8,1
102317,True,2,85933,14,1
102317,True,2,102253,6,1
102317,True,2,101293,10,1
102317,True,2,98221,12,1
102317,True,2,36781,16,1
102337,True,2,102329,3,1
102329,True,2,36793,16,1
102359,True,2,102103,8,1
102367,True,2,102359,3,1
102397,False,,,,
102433,True,2,101921,9,1
102409,True,2,100361,11,1
102409,True,2,102407,1,1
102407,True,2,101383,10,1
102407,True,2,36871,16,1
102437,True,2,102181,8,1
102437,True,2,102433,2,1
102437,True,2,36901,16,1
102451,True,2,101939,9,1
102451,True,2,100403,11,1
102461,True,2,102397,6,1
102461,True,2,86077,14,1
102497,True,2,86113,14,1
102497,True,2,102433,6,1
102497,True,2,102241,8,1
102497,True,2,102481,4,1
102481,False,,,,
102499,True,2,101987,9,1
102499,True,2,102497,1,1
102499,True,2,94307,13,1
102503,True,2,102499,2,1
102503,True,2,98407,12,1
102523,True,2,94331,13,1
102539,True,2,37003,16,1
102539,True,2,98443,12,1
102539,True,2,102523,4,1
102533,True,2,36997,16,1
102551,True,2,102547,2,1
102551,True,2,101527,10,1
102547,True,2,69779,15,1
102547,True,2,102539,3,1
102559,True,2,100511,11,1
102559,True,2,102551,3,1
102587,True,2,98491,12,1
102587,True,2,102523,6,1
102563,True,2,102499,6,1
102563,True,2,98467,12,1
102563,True,2,102559,2,1
102563,True,2,102547,4,1
102563,True,2,86179,14,1
102607,True,2,100559,11,1
102593,True,2,86209,14,1
102593,True,2,37057,16,1
102593,True,2,102337,8,1
102611,True,2,102607,2,1
102611,True,2,102547,6,1
102647,True,2,102643,2,1
102647,True,2,86263,14,1
102643,True,2,102611,5,1
102653,True,2,86269,14,1
102653,True,2,37117,16,1
102653,True,2,102397,8,1
102667,True,2,102539,7,1
102667,True,2,69899,15,1
102673,True,2,102161,9,1
102679,True,2,102677,1,1
102679,True,2,69911,15,1
102679,True,2,102647,5,1
102679,True,2,102551,7,1
102701,False,,,,
102677,True,2,86293,14,1
102677,True,2,101653,10,1
102677,True,2,102673,2,1
102761,True,2,101737,10,1
102763,True,2,102251,9,1
102763,True,2,102761,1,1
102769,True,2,102761,3,1
102769,True,2,70001,15,1
102797,True,2,86413,14,1
102797,True,2,102793,2,1
102793,True,2,102761,5,1
102829,True,2,102797,5,1
102829,True,2,70061,15,1
102829,True,2,102701,7,1
102829,True,2,102317,9,1
102811,True,2,102299,9,1
102841,True,2,102329,9,1
102841,True,2,94649,13,1
102859,True,2,100811,11,1
102881,True,2,102877,2,1
102871,True,2,100823,11,1
102871,True,2,102359,9,1
102877,True,2,100829,11,1
102911,False,,,,
102913,True,2,102911,1,1
102913,True,2,102881,5,1
102929,True,2,102913,4,1
102929,True,2,102673,8,1
102931,True,2,70163,15,1
102931,True,2,102929,1,1
102953,True,2,101929,10,1
102967,True,2,70199,15,1
103001,True,2,101977,10,1
102983,True,2,102967,4,1
102983,True,2,98887,12,1
102983,True,2,86599,14,1
102983,True,2,37447,16,1
103007,True,2,98911,12,1
103043,True,2,37507,16,1
103043,True,2,102019,10,1
103043,True,2,98947,12,1
103069,True,2,103067,1,1
103069,True,2,101021,11,1
103049,True,2,102793,8,1
103049,True,2,98953,12,1
103067,True,2,102811,8,1
103067,True,2,102043,10,1
103079,False,,,,
103087,True,2,103079,3,1
103091,True,2,103087,2,1
103099,True,2,102587,9,1
103099,True,2,103091,3,1
103099,True,2,103067,5,1
103099,True,2,101051,11,1
103099,True,2,94907,13,1
103093,True,2,103091,1,1
103123,True,2,102611,9,1
103123,True,2,103091,5,1
103171,True,2,103043,7,1
103141,True,2,94949,13,1
103141,True,2,70373,15,1
103177,True,2,103049,7,1
103183,False,,,,
103217,False,,,,
103231,True,2,101183,11,1
103289,False,,,,
103291,True,2,103289,1,1
103237,False,,,,
103307,True,2,103291,4,1
103307,True,2,86923,14,1
103333,False,,,,
103319,True,2,99223,12,1
103319,True,2,37783,16,1
103349,True,2,103333,4,1
103349,True,2,37813,16,1
103349,True,2,103093,8,1
103387,True,2,70619,15,1
103357,True,2,70589,15,1
103357,True,2,103349,3,1
103399,True,2,103391,3,1
103391,True,2,103387,2,1
103391,True,2,102367,10,1
103393,True,2,103391,1,1
103393,True,2,102881,9,1
103409,True,2,103393,4,1
103421,True,2,102397,10,1
103421,True,2,103357,6,1
103421,True,2,87037,14,1
103451,True,2,103387,6,1
103423,True,2,95231,13,1
103423,True,2,103391,5,1
103423,True,2,102911,9,1
103423,True,2,103421,1,1
103471,True,2,95279,13,1
103457,True,2,103393,6,1
103457,True,2,102433,10,1
103483,True,2,103451,5,1
103511,False,,,,
103529,True,2,37993,16,1
103549,True,2,103421,7,1
103549,True,2,101501,11,1
103553,True,2,103549,2,1
103567,False,,,,
103573,False,,,,
103561,True,2,70793,15,1
103561,True,2,103553,3,1
103561,True,2,95369,13,1
103561,True,2,103049,9,1
103561,True,2,101513,11,1
103561,True,2,103529,5,1
103583,True,2,38047,16,1
103583,True,2,103567,4,1
103583,True,2,99487,12,1
103583,True,2,102559,10,1
103577,True,2,103573,2,1
103577,True,2,103561,4,1
103613,True,2,103549,6,1
103613,True,2,103357,8,1
103591,True,2,103583,3,1
103591,True,2,70823,15,1
103591,True,2,103079,9,1
103619,True,2,38083,16,1
103619,True,2,99523,12,1
103643,True,2,103387,8,1
103651,True,2,101603,11,1
103651,True,2,103619,5,1
103651,True,2,103643,3,1
103669,True,2,70901,15,1
103681,True,2,103553,7,1
103681,True,2,70913,15,1
103657,True,2,103529,7,1
103687,True,2,70919,15,1
103699,True,2,95507,13,1
103703,True,2,99607,12,1
103703,True,2,103699,2,1
103703,True,2,38167,16,1
103703,True,2,103687,4,1
103703,True,2,102679,10,1
103723,True,2,95531,13,1
103769,False,,,,
103787,True,2,103723,6,1
103787,True,2,102763,10,1
103787,True,2,87403,14,1
103801,True,2,103769,5,1
103801,True,2,103289,9,1
103813,True,2,103811,1,1
103813,True,2,95621,13,1
103811,True,2,87427,14,1
103837,True,2,71069,15,1
103837,True,2,101789,11,1
103841,True,2,103837,2,1
103867,False,,,,
103843,True,2,103811,5,1
103843,True,2,95651,13,1
103843,True,2,103841,1,1
103889,True,2,99793,12,1
103903,True,2,103391,9,1
103913,True,2,38377,16,1
103913,True,2,103657,8,1
103913,True,2,99817,12,1
103951,True,2,47,7,3
103951,True,2,103919,5,1
103919,True,2,103903,4,1
103919,True,2,99823,12,1
103963,True,2,103451,9,1
103969,True,2,103967,1,1
103969,True,2,103457,9,1
103969,True,2,103841,7,1
103969,True,2,101921,11,1
103967,True,2,38431,16,1
103967,True,2,87583,14,1
103967,True,2,103951,4,1
103967,True,2,103903,6,1
103967,True,2,99871,12,1
103967,True,2,103963,2,1
103979,True,2,103723,8,1
103979,True,2,103963,4,1
103991,True,2,102967,10,1
103981,True,2,95789,13,1
103981,True,2,103979,1,1
103993,True,2,103991,1,1
103993,True,2,95801,13,1
104003,True,2,99907,12,1
103997,True,2,99901,12,1
103997,True,2,38461,16,1
103997,True,2,103993,2,1
103997,True,2,103981,4,1
103997,True,2,87613,14,1
104009,True,2,103993,4,1
104021,False,,,,
104033,True,2,87649,14,1
104033,True,2,103969,6,1
104053,True,2,104021,5,1
104047,True,2,101999,11,1
104047,True,2,103919,7,1
104059,False,,,,
104087,True,2,99991,12,1
104089,True,2,104087,1,1
104089,True,2,103577,9,1
104113,False,,,,
104107,True,2,103979,7,1
104107,True,2,71339,15,1
104107,True,2,102059,11,1
104123,True,2,104107,4,1
104123,True,2,103867,8,1
104123,True,2,87739,14,1
104123,True,2,104119,2,1
104123,True,2,103099,10,1
104123,True,2,104059,6,1
104119,True,2,102071,11,1
104119,True,2,104087,5,1
104119,True,2,103991,7,1
104147,True,2,38611,16,1
104147,True,2,103123,10,1
104149,True,2,95957,13,1
104149,True,2,104147,1,1
104149,True,2,104021,7,1
104149,True,2,102101,11,1
104161,True,2,104033,7,1
104179,True,2,95987,13,1
104179,True,2,104147,5,1
104179,True,2,71411,15,1
104173,False,,,,
104207,True,2,103183,10,1
104207,True,2,38671,16,1
104207,True,2,103951,8,1
104231,False,,,,
104233,True,2,104231,1,1
104183,True,2,104119,6,1
104183,True,2,104179,2,1
104243,True,2,104179,6,1
104243,True,2,104239,2,1
104243,True,2,38707,16,1
104281,True,2,103769,9,1
104281,True,2,102233,11,1
104239,True,2,104231,3,1
104239,True,2,102191,11,1
104239,True,2,104207,5,1
104239,True,2,71471,15,1
104287,False,,,,
104297,True,2,104281,4,1
104297,True,2,104233,6,1
104309,True,2,100213,12,1
104309,True,2,104053,8,1
104311,True,2,104309,1,1
104311,True,2,104183,7,1
104323,True,2,103811,9,1
104327,True,2,104311,4,1
104327,True,2,87943,14,1
104327,True,2,104323,2,1
104327,True,2,38791,16,1
104347,True,2,102299,11,1
104369,True,2,38833,16,1
104369,True,2,104113,8,1
104383,True,2,104381,1,1
104381,True,2,103357,10,1
104399,True,2,104383,4,1
104393,True,2,100297,12,1
104417,True,2,103393,10,1
104417,True,2,104161,8,1
104471,False,,,,
104459,True,2,38923,16,1
104459,True,2,100363,12,1
104473,True,2,96281,13,1
104473,True,2,104471,1,1
104479,True,2,104471,3,1
104479,True,2,103967,9,1
104479,True,2,71711,15,1
104491,True,2,104459,5,1
104491,True,2,103979,9,1
104527,True,2,104399,7,1
104513,True,2,38977,16,1
104513,True,2,100417,12,1
104513,True,2,88129,14,1
104537,True,2,104473,6,1
104537,True,2,104281,8,1
104543,True,2,104287,8,1
104543,True,2,104479,6,1
104543,True,2,100447,12,1
104543,True,2,104527,4,1
104549,False,,,,
104561,True,2,88177,14,1
104551,True,2,104543,3,1
104551,True,2,102503,11,1
104551,True,2,104549,1,1
104579,True,2,104323,8,1
104579,True,2,100483,12,1
104579,True,2,39043,16,1
104593,True,2,104561,5,1
104593,True,2,96401,13,1
104597,True,2,100501,12,1
104597,True,2,104593,2,1
104597,True,2,103573,10,1
104623,True,2,96431,13,1
104639,True,2,104383,8,1
104639,True,2,104623,4,1
104639,True,2,39103,16,1
104651,False,,,,
104659,True,2,104651,3,1
104659,True,2,102611,11,1
104659,True,2,104147,9,1
104681,True,2,103657,10,1
104681,True,2,104677,2,1
104677,True,2,71909,15,1
104677,True,2,104549,7,1
104693,True,2,104677,4,1
104693,True,2,39157,16,1
104693,True,2,103669,10,1
104683,True,2,104681,1,1
104683,True,2,104651,5,1
104701,True,2,71933,15,1
104701,True,2,102653,11,1
104701,True,2,104693,3,1
104711,True,2,104707,2,1
104711,True,2,88327,14,1
104711,True,2,103687,10,1
104707,True,2,104579,7,1
104717,True,2,39181,16,1
104717,True,2,100621,12,1
104717,True,2,104701,4,1
104723,True,2,88339,14,1
104723,True,2,104659,6,1
104723,True,2,103699,10,1
104723,True,2,104707,4,1
104729,True,2,104473,8,1
