n,has_partitions,p,q,j,k
2,False,,,,
3,False,,,,
5,True,2,3,1,1
11,True,2,3,1,2
11,True,2,3,3,1
11,True,2,7,2,1
17,True,2,3,3,2
17,True,2,13,2,1
19,True,2,17,1,1
19,True,2,3,4,1
19,True,2,11,3,1
23,True,2,19,2,1
23,True,2,7,4,1
13,True,2,5,3,1
13,True,2,11,1,1
13,True,2,3,2,2
37,True,2,29,3,1
37,True,2,5,5,1
41,True,2,37,2,1
41,True,2,5,4,2
41,True,2,3,5,2
43,True,2,41,1,1
43,True,2,11,5,1
43,True,2,3,4,3
31,True,2,3,2,3
31,True,2,29,1,1
31,True,2,23,3,1
47,True,2,31,4,1
47,True,2,43,2,1
53,True,2,7,2,2
53,True,2,37,4,1
59,True,2,3,5,3
59,True,2,43,4,1
67,True,2,3,6,1
67,True,2,59,3,1
29,True,2,13,4,1
29,True,2,3,1,3
29,True,2,5,2,2
71,True,2,67,2,1
71,True,2,7,6,1
73,True,2,3,6,2
73,True,2,41,5,1
73,True,2,71,1,1
7,True,2,5,1,1
7,True,2,3,2,1
79,True,2,47,5,1
79,True,2,71,3,1
97,True,2,89,3,1
97,True,2,3,4,4
83,True,2,67,4,1
83,True,2,79,2,1
83,True,2,3,1,4
83,True,2,19,6,1
101,True,2,97,2,1
101,True,2,37,6,1
107,True,2,43,6,1
107,True,2,103,2,1
61,True,2,59,1,1
61,True,2,53,3,1
61,True,2,29,5,1
89,True,2,3,3,4
89,True,2,73,4,1
89,True,2,5,6,2
109,True,2,101,3,1
109,True,2,107,1,1
113,True,2,7,6,2
113,True,2,97,4,1
113,True,2,109,2,1
113,True,2,3,5,4
137,True,2,11,4,2
137,True,2,73,6,1
137,True,2,3,7,2
131,True,2,3,7,1
131,True,2,127,2,1
131,True,2,67,6,1
139,True,2,107,5,1
139,True,2,137,1,1
139,True,2,11,7,1
139,True,2,131,3,1
149,False,,,,
103,True,2,71,5,1
103,True,2,101,1,1
127,True,2,5,1,3
163,True,2,131,5,1
167,True,2,151,4,1
167,True,2,163,2,1
167,True,2,103,6,1
173,True,2,13,2,2
173,True,2,157,4,1
173,True,2,109,6,1
179,True,2,163,4,1
151,True,2,149,1,1
151,True,2,23,7,1
191,True,2,127,6,1
181,True,2,173,3,1
181,True,2,179,1,1
181,True,2,53,7,1
181,True,2,149,5,1
193,True,2,191,1,1
157,True,2,29,7,1
157,True,2,149,3,1
157,True,2,5,5,3
199,True,2,167,5,1
199,True,2,197,1,1
199,True,2,71,7,1
199,True,2,191,3,1
197,True,2,181,4,1
197,True,2,193,2,1
211,True,2,179,5,1
211,True,2,83,7,1
223,True,2,191,5,1
227,True,2,223,2,1
227,True,2,163,6,1
227,True,2,211,4,1
229,True,2,101,7,1
229,True,2,197,5,1
229,True,2,227,1,1
239,True,2,223,4,1
233,True,2,13,6,2
233,True,2,229,2,1
251,True,2,3,3,5
241,True,2,233,3,1
241,True,2,113,7,1
241,True,2,239,1,1
257,True,2,193,6,1
257,True,2,241,4,1
263,True,2,199,6,1
263,True,2,7,8,1
269,True,2,13,8,1
271,True,2,239,5,1
271,True,2,269,1,1
271,True,2,263,3,1
277,True,2,149,7,1
277,True,2,269,3,1
283,True,2,3,8,3
283,True,2,281,1,1
283,True,2,251,5,1
293,True,2,17,2,2
293,True,2,277,4,1
293,True,2,37,8,1
293,True,2,229,6,1
307,True,2,3,6,5
307,True,2,179,7,1
311,True,2,307,2,1
313,True,2,311,1,1
313,True,2,281,5,1
281,True,2,5,8,2
281,True,2,277,2,1
317,True,2,61,8,1
317,True,2,313,2,1
331,False,,,,
347,True,2,283,6,1
347,True,2,331,4,1
347,True,2,7,2,3
349,True,2,347,1,1
349,True,2,317,5,1
337,True,2,3,8,4
359,True,2,7,4,3
359,True,2,103,8,1
367,True,2,239,7,1
367,True,2,359,3,1
379,True,2,347,5,1
379,True,2,251,7,1
373,False,,,,
383,True,2,367,4,1
383,True,2,127,8,1
383,True,2,379,2,1
353,True,2,17,6,2
353,True,2,97,8,1
353,True,2,337,4,1
353,True,2,349,2,1
401,True,2,337,6,1
401,True,2,397,2,1
409,True,2,401,3,1
409,True,2,281,7,1
389,True,2,373,4,1
419,True,2,163,8,1
421,True,2,293,7,1
421,True,2,389,5,1
421,True,2,419,1,1
431,True,2,367,6,1
433,True,2,431,1,1
433,True,2,401,5,1
439,True,2,311,7,1
439,True,2,431,3,1
397,True,2,389,3,1
397,True,2,269,7,1
443,True,2,439,2,1
443,True,2,379,6,1
449,True,2,433,4,1
449,True,2,193,8,1
461,True,2,457,2,1
461,True,2,397,6,1
457,True,2,449,3,1
463,True,2,431,5,1
463,True,2,461,1,1
467,True,2,463,2,1
467,True,2,211,8,1
479,True,2,223,8,1
479,True,2,463,4,1
487,True,2,479,3,1
487,True,2,359,7,1
491,True,2,487,2,1
499,True,2,467,5,1
499,True,2,491,3,1
499,True,2,3,8,5
503,True,2,439,6,1
503,True,2,487,4,1
503,True,2,499,2,1
509,False,,,,
541,True,2,509,5,1
541,True,2,29,9,1
523,True,2,491,5,1
523,True,2,521,1,1
523,True,2,11,9,1
547,True,2,419,7,1
557,True,2,541,4,1
569,True,2,313,8,1
577,True,2,449,7,1
577,True,2,569,3,1
571,True,2,569,1,1
571,True,2,59,9,1
571,True,2,563,3,1
571,True,2,443,7,1
521,True,2,457,6,1
521,True,2,3,9,2
563,True,2,547,4,1
563,True,2,499,6,1
563,True,2,307,8,1
599,True,2,7,8,3
593,True,2,337,8,1
593,True,2,577,4,1
593,True,2,23,6,2
593,True,2,3,9,4
601,True,2,89,9,1
601,True,2,569,5,1
601,True,2,599,1,1
601,True,2,593,3,1
617,True,2,19,8,2
617,True,2,601,4,1
617,True,2,613,2,1
613,True,2,101,9,1
619,True,2,617,1,1
619,True,2,587,5,1
619,True,2,107,9,1
619,True,2,491,7,1
607,True,2,479,7,1
607,True,2,599,3,1
587,True,2,523,6,1
587,True,2,571,4,1
587,True,2,331,8,1
631,True,2,599,5,1
631,True,2,503,7,1
647,True,2,643,2,1
647,True,2,631,4,1
659,True,2,643,4,1
653,True,2,397,8,1
641,True,2,5,4,4
641,True,2,577,6,1
661,True,2,149,9,1
661,True,2,653,3,1
661,True,2,659,1,1
673,True,2,641,5,1
643,True,2,131,9,1
643,True,2,641,1,1
677,True,2,661,4,1
677,True,2,421,8,1
677,True,2,673,2,1
677,True,2,613,6,1
683,True,2,619,6,1
691,True,2,683,3,1
691,True,2,563,7,1
691,True,2,659,5,1
691,True,2,179,9,1
701,False,,,,
719,True,2,463,8,1
709,True,2,701,3,1
709,True,2,197,9,1
709,True,2,677,5,1
727,True,2,599,7,1
727,True,2,719,3,1
733,True,2,701,5,1
733,True,2,3,2,6
739,True,2,227,9,1
743,True,2,739,2,1
743,True,2,727,4,1
743,True,2,487,8,1
761,True,2,3,5,6
761,True,2,757,2,1
751,True,2,719,5,1
751,True,2,239,9,1
751,True,2,743,3,1
757,False,,,,
769,True,2,641,7,1
769,True,2,257,9,1
769,True,2,761,3,1
773,True,2,709,6,1
773,True,2,757,4,1
773,True,2,769,2,1
787,True,2,659,7,1
797,True,2,541,8,1
797,True,2,733,6,1
809,False,,,,
811,True,2,683,7,1
811,True,2,809,1,1
823,True,2,311,9,1
823,True,2,821,1,1
821,True,2,757,6,1
827,True,2,823,2,1
827,True,2,571,8,1
827,True,2,811,4,1
853,True,2,821,5,1
829,True,2,317,9,1
829,True,2,797,5,1
829,True,2,701,7,1
829,True,2,821,3,1
829,True,2,827,1,1
857,True,2,29,4,2
857,True,2,601,8,1
857,True,2,853,2,1
857,True,2,3,7,6
839,True,2,823,4,1
859,True,2,827,5,1
859,True,2,857,1,1
859,True,2,347,9,1
877,False,,,,
863,True,2,859,2,1
863,True,2,607,8,1
887,True,2,883,2,1
887,True,2,823,6,1
887,True,2,631,8,1
883,True,2,881,1,1
881,True,2,877,2,1
881,True,2,5,8,4
907,False,,,,
911,True,2,907,2,1
929,True,2,673,8,1
937,True,2,929,3,1
937,True,2,809,7,1
941,True,2,877,6,1
941,True,2,937,2,1
919,True,2,887,5,1
919,True,2,911,3,1
967,True,2,839,7,1
953,True,2,937,4,1
947,True,2,883,6,1
947,True,2,691,8,1
971,True,2,967,2,1
971,True,2,907,6,1
983,True,2,919,6,1
983,True,2,967,4,1
983,True,2,727,8,1
997,False,,,,
991,True,2,479,9,1
991,True,2,863,7,1
991,True,2,983,3,1
1009,True,2,881,7,1
1009,True,2,977,5,1
977,True,2,31,4,2
1019,False,,,,
1013,True,2,757,8,1
1013,True,2,997,4,1
1013,True,2,1009,2,1
1021,True,2,1013,3,1
1021,True,2,1019,1,1
1021,True,2,509,9,1
1031,True,2,7,10,1
1031,True,2,967,6,1
1033,True,2,521,9,1
1033,True,2,3,10,2
1033,True,2,1031,1,1
1039,True,2,1031,3,1
1039,True,2,911,7,1
1049,True,2,1033,4,1
1049,True,2,5,10,2
1051,True,2,1019,5,1
1051,True,2,1049,1,1
1051,True,2,3,10,3
1063,True,2,1061,1,1
1063,True,2,1031,5,1
1069,True,2,1061,3,1
1069,True,2,941,7,1
1069,True,2,557,9,1
1061,True,2,997,6,1
1061,True,2,37,10,1
1093,True,2,1061,5,1
1093,True,2,1091,1,1
1087,False,,,,
1091,True,2,1087,2,1
1091,True,2,67,10,1
1097,True,2,1033,6,1
1097,True,2,1093,2,1
1097,True,2,29,8,2
1097,True,2,73,10,1
1103,True,2,1039,6,1
1103,True,2,79,10,1
1103,True,2,1087,4,1
1123,True,2,1091,5,1
1117,True,2,1109,3,1
1129,True,2,1097,5,1
1129,True,2,617,9,1
1153,True,2,1151,1,1
1153,True,2,641,9,1
1151,True,2,1087,6,1
1151,True,2,127,10,1
1109,True,2,853,8,1
1109,True,2,1093,4,1
1163,True,2,139,10,1
1163,True,2,907,8,1
1181,True,2,157,10,1
1181,True,2,1117,6,1
1193,True,2,13,10,2
1193,True,2,937,8,1
1193,True,2,1129,6,1
1171,True,2,659,9,1
1171,True,2,1163,3,1
1201,True,2,1193,3,1
1187,True,2,1123,6,1
1187,True,2,163,10,1
1187,True,2,1171,4,1
1213,True,2,701,9,1
1213,True,2,1181,5,1
1217,True,2,31,8,2
1217,True,2,193,10,1
1217,True,2,1213,2,1
1217,True,2,1153,6,1
1217,True,2,1201,4,1
1223,True,2,199,10,1
1223,True,2,967,8,1
1229,True,2,1213,4,1
1231,True,2,1229,1,1
1231,True,2,719,9,1
1231,True,2,1103,7,1
1231,True,2,1223,3,1
1237,True,2,1229,3,1
1237,True,2,1109,7,1
1249,True,2,1217,5,1
1259,False,,,,
1283,True,2,1279,2,1
1277,True,2,1021,8,1
1277,True,2,1213,6,1
1289,True,2,1033,8,1
1279,True,2,1277,1,1
1279,True,2,1151,7,1
1291,True,2,1289,1,1
1291,True,2,1259,5,1
1291,True,2,1163,7,1
1291,True,2,1283,3,1
1301,True,2,277,10,1
1301,True,2,1297,2,1
1301,True,2,1237,6,1
1303,True,2,1301,1,1
1297,True,2,1289,3,1
1307,True,2,283,10,1
1307,True,2,1303,2,1
1307,True,2,1291,4,1
1307,True,2,1051,8,1
1319,True,2,1303,4,1
1319,True,2,1063,8,1
1321,True,2,1193,7,1
1321,True,2,1289,5,1
1321,True,2,1319,1,1
1321,True,2,809,9,1
1327,True,2,1319,3,1
1361,True,2,337,10,1
1361,True,2,1297,6,1
1381,True,2,1373,3,1
1367,True,2,1303,6,1
1367,True,2,7,10,3
1399,True,2,1367,5,1
1399,True,2,887,9,1
1409,True,2,1153,8,1
1373,True,2,1117,8,1
1373,True,2,37,2,2
1373,True,2,349,10,1
1427,True,2,1423,2,1
1427,True,2,1171,8,1
1423,True,2,911,9,1
1439,True,2,1423,4,1
1429,True,2,1427,1,1
1429,True,2,1301,7,1
1451,True,2,1447,2,1
1453,True,2,1451,1,1
1453,True,2,941,9,1
1447,True,2,1319,7,1
1447,True,2,1439,3,1
1433,True,2,37,6,2
1433,True,2,1429,2,1
1433,True,2,409,10,1
1459,True,2,11,7,3
1459,True,2,947,9,1
1459,True,2,1451,3,1
1459,True,2,1427,5,1
1471,True,2,1439,5,1
1483,True,2,1481,1,1
1483,True,2,971,9,1
1483,True,2,1451,5,1
1487,True,2,1423,6,1
1487,True,2,1231,8,1
1487,True,2,463,10,1
1487,True,2,1483,2,1
1487,True,2,1471,4,1
1489,True,2,1487,1,1
1489,True,2,1361,7,1
1489,True,2,977,9,1
1489,True,2,1481,3,1
1481,True,2,457,10,1
1493,True,2,1237,8,1
1493,True,2,1429,6,1
1493,True,2,1489,2,1
1499,True,2,1483,4,1
1511,True,2,1447,6,1
1511,True,2,487,10,1
1523,True,2,1459,6,1
1523,True,2,499,10,1
1543,True,2,1511,5,1
1543,True,2,1031,9,1
1549,False,,,,
1531,True,2,1499,5,1
1531,True,2,1523,3,1
1531,True,2,1019,9,1
1553,True,2,23,10,2
1553,True,2,1297,8,1
1553,True,2,1489,6,1
1553,True,2,1549,2,1
1559,True,2,1543,4,1
1559,True,2,1303,8,1
1567,True,2,1559,3,1
1567,True,2,1439,7,1
1583,True,2,1567,4,1
1583,True,2,1579,2,1
1583,True,2,1327,8,1
1579,True,2,1571,3,1
1579,True,2,1451,7,1
1597,False,,,,
1571,True,2,547,10,1
1571,True,2,1567,2,1
1601,True,2,1597,2,1
1601,True,2,577,10,1
1607,True,2,1543,6,1
1619,False,,,,
1609,True,2,1601,3,1
1609,True,2,1481,7,1
1609,True,2,1607,1,1
1609,True,2,1097,9,1
1613,True,2,1597,4,1
1613,True,2,1609,2,1
1613,True,2,1549,6,1
1627,True,2,1499,7,1
1627,True,2,1619,3,1
1637,True,2,1621,4,1
1637,True,2,1381,8,1
1637,True,2,613,10,1
1621,True,2,1493,7,1
1621,True,2,1619,1,1
1621,True,2,1109,9,1
1621,True,2,1613,3,1
1657,False,,,,
1663,True,2,1151,9,1
1667,True,2,1663,2,1
1667,True,2,643,10,1
1693,True,2,1181,9,1
1697,True,2,673,10,1
1697,True,2,1693,2,1
1697,True,2,41,4,2
1669,True,2,1667,1,1
1669,True,2,1637,5,1
1709,True,2,1693,4,1
1709,True,2,1453,8,1
1699,True,2,1667,5,1
1699,True,2,1697,1,1
1699,True,2,1571,7,1
1699,True,2,1187,9,1
1721,True,2,1657,6,1
1733,True,2,709,10,1
1733,True,2,1669,6,1
1723,True,2,1721,1,1
1753,True,2,3,10,6
1753,True,2,1721,5,1
1741,True,2,1613,7,1
1741,True,2,1733,3,1
1741,True,2,1709,5,1
1741,True,2,1229,9,1
1747,True,2,1619,7,1
1777,False,,,,
1759,False,,,,
1787,True,2,1783,2,1
1787,True,2,1531,8,1
1787,True,2,1723,6,1
1789,True,2,1787,1,1
1789,True,2,1277,9,1
1811,True,2,1747,6,1
1811,True,2,787,10,1
1783,False,,,,
1801,True,2,1289,9,1
1823,True,2,1759,6,1
1823,True,2,1567,8,1
1831,True,2,1319,9,1
1831,True,2,1823,3,1
1847,True,2,1783,6,1
1847,True,2,823,10,1
1847,True,2,1831,4,1
1867,False,,,,
1861,True,2,1733,7,1
1873,True,2,1871,1,1
1873,True,2,1361,9,1
1871,True,2,1867,2,1
1889,True,2,1873,4,1
1877,True,2,853,10,1
1877,True,2,1873,2,1
1877,True,2,1861,4,1
1877,True,2,1621,8,1
1879,True,2,1877,1,1
1879,True,2,1367,9,1
1879,True,2,1847,5,1
1879,True,2,1871,3,1
1901,True,2,877,10,1
1907,True,2,883,10,1
1931,True,2,907,10,1
1931,True,2,1867,6,1
1933,True,2,1931,1,1
1933,True,2,1901,5,1
1913,True,2,1657,8,1
1913,True,2,43,6,2
1949,True,2,1693,8,1
1949,True,2,1933,4,1
1973,False,,,,
1951,True,2,1949,1,1
1951,True,2,1439,9,1
1951,True,2,1823,7,1
1979,True,2,1723,8,1
1987,True,2,1979,3,1
1993,True,2,1481,9,1
1999,True,2,1997,1,1
1999,True,2,1487,9,1
1999,True,2,1871,7,1
1997,True,2,1741,8,1
1997,True,2,1993,2,1
1997,True,2,1933,6,1
2011,True,2,1979,5,1
2011,True,2,1499,9,1
2011,True,2,2003,3,1
2003,True,2,1999,2,1
2003,True,2,1987,4,1
2003,True,2,1747,8,1
2027,True,2,2011,4,1
2017,True,2,1889,7,1
2029,True,2,1901,7,1
2029,True,2,1997,5,1
2029,True,2,2027,1,1
2039,True,2,1783,8,1
2063,True,2,1999,6,1
2063,True,2,1039,10,1
2053,True,2,5,11,1
2069,True,2,2053,4,1
2081,True,2,2017,6,1
2089,True,2,41,11,1
2089,True,2,2081,3,1
2089,True,2,2087,1,1
2087,True,2,1063,10,1
2087,True,2,1831,8,1
2087,True,2,2083,2,1
2099,True,2,2083,4,1
2083,True,2,1571,9,1
2083,True,2,2081,1,1
2111,True,2,1087,10,1
2113,True,2,2111,1,1
2113,True,2,1601,9,1
2113,True,2,2081,5,1
2129,True,2,1873,8,1
2129,True,2,3,11,4
2129,True,2,2113,4,1
2141,True,2,2137,2,1
2141,True,2,1117,10,1
2137,True,2,2129,3,1
2137,True,2,89,11,1
2131,True,2,83,11,1
2131,True,2,2129,1,1
2131,True,2,1619,9,1
2131,True,2,2099,5,1
2131,True,2,2003,7,1
2179,True,2,1667,9,1
2179,True,2,131,11,1
2153,True,2,2137,4,1
2153,True,2,2089,6,1
2153,True,2,1129,10,1
2143,True,2,2111,5,1
2143,True,2,2141,1,1
2161,True,2,113,11,1
2161,True,2,2129,5,1
2161,True,2,2153,3,1
2203,True,2,3,4,7
2207,True,2,2203,2,1
2207,True,2,2143,6,1
2207,True,2,1951,8,1
2213,True,2,47,2,2
2213,True,2,13,4,3
2221,True,2,2213,3,1
2221,True,2,173,11,1
2221,True,2,1709,9,1
2237,True,2,1213,10,1
2237,True,2,2221,4,1
2239,True,2,2237,1,1
2239,True,2,2111,7,1
2239,True,2,2207,5,1
2239,True,2,191,11,1
2243,True,2,2179,6,1
2243,True,2,2239,2,1
2243,True,2,1987,8,1
2251,True,2,3,6,7
2251,True,2,2243,3,1
2267,True,2,2011,8,1
2267,True,2,2251,4,1
2267,True,2,2203,6,1
2269,True,2,2141,7,1
2269,True,2,2237,5,1
2269,True,2,2267,1,1
2281,True,2,2273,3,1
2281,True,2,233,11,1
2281,True,2,2153,7,1
2273,True,2,2017,8,1
2273,True,2,2269,2,1
2273,True,2,47,6,2
2273,True,2,1249,10,1
2287,True,2,239,11,1
2293,False,,,,
2297,True,2,2281,4,1
2297,True,2,2293,2,1
2311,True,2,2309,1,1
2311,True,2,263,11,1
2309,True,2,2293,4,1
2309,True,2,2053,8,1
2333,True,2,2269,6,1
2339,True,2,2083,8,1
2341,True,2,293,11,1
2341,True,2,2309,5,1
2341,True,2,2213,7,1
2341,True,2,2333,3,1
2341,True,2,2339,1,1
2351,True,2,1327,10,1
2351,True,2,2347,2,1
2351,True,2,2287,6,1
2347,True,2,2339,3,1
2357,True,2,2341,4,1
2357,True,2,2293,6,1
2377,False,,,,
2371,True,2,2243,7,1
2371,True,2,2339,5,1
2381,True,2,2377,2,1
2383,True,2,2381,1,1
2383,True,2,2351,5,1
2383,True,2,1871,9,1
2389,True,2,2357,5,1
2389,True,2,1877,9,1
2389,True,2,2381,3,1
2393,True,2,2137,8,1
2393,True,2,37,10,2
2393,True,2,2377,4,1
2393,True,2,2389,2,1
2399,True,2,2143,8,1
2399,True,2,2383,4,1
2417,True,2,7,4,4
2417,True,2,2161,8,1
2423,True,2,1399,10,1
2437,True,2,2309,7,1
2437,True,2,389,11,1
2411,True,2,2347,6,1
2441,True,2,2437,2,1
2441,True,2,2377,6,1
2447,True,2,1423,10,1
2447,True,2,2383,6,1
2459,True,2,2203,8,1
2473,True,2,2441,5,1
2477,True,2,1453,10,1
2477,True,2,2473,2,1
2477,True,2,2221,8,1
2467,True,2,2339,7,1
2467,True,2,2459,3,1
2467,True,2,419,11,1
2521,True,2,2393,7,1
2503,False,,,,
2531,True,2,2467,6,1
2539,True,2,491,11,1
2539,True,2,2411,7,1
2539,True,2,2531,3,1
2539,True,2,2027,9,1
2549,True,2,2293,8,1
2551,True,2,2423,7,1
2551,True,2,2549,1,1
2551,True,2,503,11,1
2551,True,2,2039,9,1
2551,True,2,2543,3,1
2543,True,2,2539,2,1
2543,True,2,2287,8,1
2557,True,2,509,11,1
2557,True,2,2549,3,1
2591,True,2,1567,10,1
2593,True,2,2081,9,1
2593,True,2,2591,1,1
2579,False,,,,
2617,True,2,569,11,1
2617,True,2,2609,3,1
2609,True,2,2593,4,1
2621,True,2,1597,10,1
2621,True,2,2617,2,1
2621,True,2,2557,6,1
2647,True,2,599,11,1
2633,True,2,2377,8,1
2633,True,2,1609,10,1
2633,True,2,2617,4,1
2657,True,2,2593,6,1
2657,True,2,7,8,4
2663,True,2,2647,4,1
2663,True,2,2659,2,1
2659,True,2,2657,1,1
2659,True,2,2531,7,1
2677,True,2,2549,7,1
2671,True,2,2663,3,1
2671,True,2,2543,7,1
2683,False,,,,
2689,True,2,2687,1,1
2689,True,2,641,11,1
2689,True,2,2657,5,1
2687,True,2,2671,4,1
2687,True,2,2683,2,1
2687,True,2,1663,10,1
2693,True,2,2437,8,1
2693,True,2,2677,4,1
2693,True,2,2689,2,1
2693,True,2,1669,10,1
2699,True,2,2683,4,1
2699,True,2,3,9,7
2711,True,2,2647,6,1
2711,True,2,2707,2,1
2713,True,2,2711,1,1
2719,True,2,2591,7,1
2719,True,2,2711,3,1
2719,True,2,2207,9,1
2719,True,2,2687,5,1
2707,True,2,2699,3,1
2707,True,2,2579,7,1
2707,True,2,659,11,1
2729,True,2,2713,4,1
2729,True,2,2473,8,1
2731,True,2,2729,1,1
2731,True,2,683,11,1
2731,True,2,2699,5,1
2767,True,2,719,11,1
2753,True,2,2689,6,1
2753,True,2,2749,2,1
2749,True,2,2621,7,1
2749,True,2,701,11,1
2749,True,2,2237,9,1
2749,True,2,2741,3,1
2777,True,2,2713,6,1
2777,True,2,3,11,6
2777,True,2,1753,10,1
2777,True,2,2521,8,1
2789,False,,,,
2741,True,2,2677,6,1
2791,True,2,2789,1,1
2791,True,2,2663,7,1
2791,True,2,743,11,1
2797,True,2,2789,3,1
2801,True,2,1777,10,1
2801,True,2,2797,2,1
2819,True,2,2803,4,1
2837,True,2,2833,2,1
2833,True,2,2801,5,1
2803,True,2,2801,1,1
2843,False,,,,
2851,True,2,2819,5,1
2851,True,2,2339,9,1
2851,True,2,2843,3,1
2857,True,2,809,11,1
2857,True,2,2729,7,1
2879,False,,,,
2887,True,2,2879,3,1
2887,True,2,839,11,1
2861,True,2,2857,2,1
2861,True,2,2797,6,1
2897,True,2,2833,6,1
2897,True,2,1873,10,1
2909,False,,,,
2903,True,2,2887,4,1
2903,True,2,2647,8,1
2903,True,2,1879,10,1
2939,True,2,2683,8,1
2927,True,2,2671,8,1
2953,True,2,2441,9,1
2917,True,2,2909,3,1
2917,True,2,2789,7,1
2957,True,2,1933,10,1
2957,True,2,2953,2,1
2969,True,2,2953,4,1
2969,True,2,2713,8,1
2963,True,2,2707,8,1
2999,False,,,,
3011,True,2,1987,10,1
3001,True,2,953,11,1
3001,True,2,2969,5,1
3001,True,2,2999,1,1
2971,True,2,2459,9,1
2971,True,2,2843,7,1
2971,True,2,2963,3,1
2971,True,2,2969,1,1
2971,True,2,2939,5,1
3019,True,2,3011,3,1
3019,True,2,971,11,1
3037,True,2,2909,7,1
3023,True,2,1999,10,1
3023,True,2,3019,2,1
3023,True,2,2767,8,1
3041,True,2,3037,2,1
3041,True,2,2017,10,1
3049,True,2,3041,3,1
3061,True,2,1013,11,1
3061,True,2,2549,9,1
3067,True,2,1019,11,1
3067,True,2,2939,7,1
3079,True,2,1031,11,1
3083,True,2,3079,2,1
3083,True,2,3019,6,1
3083,True,2,3067,4,1
3109,True,2,1061,11,1
3089,True,2,2833,8,1
3119,False,,,,
3121,True,2,3089,5,1
3121,True,2,2609,9,1
3121,True,2,3119,1,1
3167,True,2,3163,2,1
3167,True,2,2143,10,1
3163,False,,,,
3169,True,2,3041,7,1
3169,True,2,3137,5,1
3169,True,2,3167,1,1
3169,True,2,2657,9,1
3137,True,2,3121,4,1
3137,True,2,2113,10,1
3191,True,2,3187,2,1
3181,False,,,,
3187,False,,,,
3203,True,2,3187,4,1
3203,True,2,2179,10,1
3209,True,2,2953,8,1
3217,True,2,3209,3,1
3217,True,2,3089,7,1
3251,True,2,3187,6,1
3229,True,2,1181,11,1
3229,True,2,3221,3,1
3253,True,2,3221,5,1
3253,True,2,5,7,5
3253,True,2,3251,1,1
3253,True,2,2741,9,1
3221,True,2,3217,2,1
3221,True,2,13,10,3
3257,True,2,3001,8,1
3257,True,2,3253,2,1
3271,True,2,1223,11,1
3299,False,,,,
3259,True,2,3257,1,1
3259,True,2,3251,3,1
3301,True,2,2789,9,1
3301,True,2,3299,1,1
3307,True,2,3299,3,1
3307,True,2,1259,11,1
3313,True,2,2801,9,1
3319,True,2,3191,7,1
3323,True,2,3259,6,1
3323,True,2,3319,2,1
3323,True,2,3067,8,1
3323,True,2,3307,4,1
3329,True,2,3313,4,1
3331,True,2,1283,11,1
3331,True,2,2819,9,1
3331,True,2,3329,1,1
3331,True,2,3299,5,1
3331,True,2,3203,7,1
3331,True,2,3323,3,1
3347,True,2,3343,2,1
3347,True,2,3331,4,1
3343,False,,,,
3361,True,2,3329,5,1
3361,True,2,3359,1,1
3359,True,2,3343,4,1
3371,True,2,3307,6,1
3371,True,2,2347,10,1
3373,True,2,3371,1,1
3373,True,2,2861,9,1
3389,True,2,3373,4,1
3391,True,2,3389,1,1
3391,True,2,3359,5,1
3391,True,2,2879,9,1
3407,True,2,3391,4,1
3407,True,2,3343,6,1
3407,True,2,2383,10,1
3433,False,,,,
3413,True,2,2389,10,1
3449,True,2,3433,4,1
3457,True,2,3449,3,1
3457,True,2,1409,11,1
3457,True,2,3329,7,1
3461,True,2,2437,10,1
3461,True,2,3457,2,1
3463,True,2,3461,1,1
3469,True,2,3467,1,1
3469,True,2,2957,9,1
3469,True,2,3461,3,1
3467,True,2,3463,2,1
3491,True,2,2467,10,1
3511,True,2,2999,9,1
3499,True,2,3467,5,1
3499,True,2,3371,7,1
3499,True,2,3491,3,1
3499,True,2,1451,11,1
3517,True,2,3389,7,1
3527,True,2,3271,8,1
3527,True,2,3463,6,1
3527,True,2,3511,4,1
3527,True,2,2503,10,1
3529,True,2,1481,11,1
3529,True,2,3527,1,1
3533,True,2,3529,2,1
3533,True,2,3517,4,1
3533,True,2,3469,6,1
3541,True,2,1493,11,1
3541,True,2,3533,3,1
3541,True,2,3539,1,1
3541,True,2,3413,7,1
3547,True,2,3539,3,1
3547,True,2,1499,11,1
3557,True,2,3301,8,1
3557,True,2,3541,4,1
3539,False,,,,
3559,True,2,3527,5,1
3559,True,2,3557,1,1
3559,True,2,1511,11,1
3571,True,2,3539,5,1
3571,True,2,1523,11,1
3581,True,2,3517,6,1
3581,True,2,2557,10,1
3583,True,2,3581,1,1
3613,True,2,3581,5,1
3593,True,2,3529,6,1
3617,True,2,3361,8,1
3617,True,2,3613,2,1
3617,True,2,2593,10,1
3607,True,2,1559,11,1
3623,True,2,3607,4,1
3623,True,2,3559,6,1
3631,True,2,3119,9,1
3631,True,2,3623,3,1
3631,True,2,1583,11,1
3643,False,,,,
3637,True,2,5,9,5
3659,True,2,3643,4,1
3671,True,2,3607,6,1
3671,True,2,2647,10,1
3673,True,2,3671,1,1
3677,True,2,3613,6,1
3677,True,2,3673,2,1
3691,True,2,3659,5,1
3697,False,,,,
3709,True,2,3701,3,1
3709,True,2,3581,7,1
3709,True,2,3677,5,1
3701,True,2,2677,10,1
3701,True,2,3697,2,1
3701,True,2,3637,6,1
3719,True,2,3463,8,1
3727,True,2,3719,3,1
3733,True,2,3701,5,1
3733,True,2,3221,9,1
3767,True,2,3511,8,1
3739,False,,,,
3761,True,2,3697,6,1
3779,False,,,,
3769,True,2,1721,11,1
3769,True,2,3767,1,1
3769,True,2,3257,9,1
3769,True,2,3761,3,1
3793,True,2,3761,5,1
3821,True,2,2797,10,1
3797,True,2,3541,8,1
3797,True,2,3793,2,1
3797,True,2,3733,6,1
3803,True,2,3739,6,1
3803,True,2,3547,8,1
3833,True,2,3769,6,1
3833,True,2,53,10,2
3847,True,2,3719,7,1
3851,True,2,3847,2,1
3853,True,2,3851,1,1
3853,True,2,3821,5,1
3823,True,2,3821,1,1
3863,True,2,3607,8,1
3863,True,2,3847,4,1
3877,False,,,,
3881,True,2,2857,10,1
3881,True,2,3877,2,1
3907,True,2,3779,7,1
3889,True,2,3881,3,1
3889,True,2,3761,7,1
3911,True,2,2887,10,1
3911,True,2,3907,2,1
3911,True,2,3847,6,1
3917,True,2,3853,6,1
3929,True,2,3673,8,1
3923,True,2,3919,2,1
3923,True,2,3907,4,1
3919,True,2,3407,9,1
3919,True,2,3911,3,1
3919,True,2,3917,1,1
3919,True,2,1871,11,1
3931,True,2,3929,1,1
3931,True,2,3803,7,1
3931,True,2,3923,3,1
3943,True,2,3911,5,1
3989,True,2,3733,8,1
3947,True,2,3943,2,1
3947,True,2,3691,8,1
3947,True,2,3931,4,1
3967,False,,,,
4007,True,2,4003,2,1
4007,True,2,3943,6,1
4001,False,,,,
4019,True,2,4003,4,1
4003,True,2,4001,1,1
4003,True,2,3491,9,1
4013,False,,,,
4049,True,2,3793,8,1
4021,True,2,1973,11,1
4021,True,2,3989,5,1
4021,True,2,4019,1,1
4021,True,2,4013,3,1
4027,True,2,4019,3,1
4027,True,2,1979,11,1
4051,True,2,4019,5,1
4051,True,2,4049,1,1
4051,True,2,3923,7,1
4051,True,2,2003,11,1
4051,True,2,3539,9,1
4057,True,2,3929,7,1
4057,True,2,4049,3,1
4073,True,2,4057,4,1
4073,True,2,3049,10,1
4091,True,2,4027,6,1
4091,True,2,3067,10,1
4079,True,2,3823,8,1
4093,True,2,4091,1,1
4093,True,2,3581,9,1
4099,True,2,3,12,1
4099,True,2,4091,3,1
4111,True,2,2063,11,1
4111,True,2,4079,5,1
4127,True,2,4111,4,1
4127,True,2,31,12,1
4129,True,2,4127,1,1
4129,True,2,3617,9,1
4129,True,2,2081,11,1
4129,True,2,4001,7,1
4133,True,2,3877,8,1
4133,True,2,4129,2,1
4133,True,2,3109,10,1
4133,True,2,37,12,1
4139,True,2,43,12,1
4153,False,,,,
4157,True,2,4153,2,1
4157,True,2,4093,6,1
4157,True,2,61,12,1
4177,True,2,3,12,4
4177,True,2,2129,11,1
4177,True,2,4049,7,1
4159,True,2,4157,1,1
4159,True,2,2111,11,1
4159,True,2,4127,5,1
4211,True,2,3187,10,1
4201,True,2,4073,7,1
4201,True,2,2153,11,1
4217,True,2,4153,6,1
4217,True,2,4201,4,1
4217,True,2,11,12,2
4219,True,2,4091,7,1
4219,True,2,4211,3,1
4219,True,2,4217,1,1
4231,True,2,4229,1,1
4231,True,2,3719,9,1
4229,False,,,,
4241,True,2,3217,10,1
4241,True,2,4177,6,1
4253,True,2,3229,10,1
4253,True,2,157,12,1
4243,True,2,4211,5,1
4243,True,2,4241,1,1
4259,True,2,163,12,1
4259,True,2,4003,8,1
4259,True,2,4243,4,1
4261,True,2,2213,11,1
4261,True,2,4229,5,1
4261,True,2,4259,1,1
4261,True,2,4133,7,1
4261,True,2,4253,3,1
4271,False,,,,
4283,True,2,3259,10,1
4283,True,2,4027,8,1
4283,True,2,4219,6,1
4289,True,2,193,12,1
4289,True,2,4273,4,1
4297,True,2,4289,3,1
4327,False,,,,
4273,True,2,4271,1,1
4273,True,2,3761,9,1
4273,True,2,4241,5,1
4337,True,2,4273,6,1
4337,True,2,3313,10,1
4337,True,2,241,12,1
4339,True,2,4337,1,1
4339,True,2,4211,7,1
4339,True,2,3,12,5
4349,True,2,4093,8,1
4357,True,2,2309,11,1
4357,True,2,4229,7,1
4357,True,2,4349,3,1
4391,True,2,4327,6,1
4373,True,2,4357,4,1
4373,True,2,277,12,1
4363,True,2,3851,9,1
4409,True,2,313,12,1
4409,True,2,4153,8,1
4421,True,2,4357,6,1
4397,True,2,3373,10,1
4423,True,2,4391,5,1
4423,True,2,3911,9,1
4423,True,2,4421,1,1
4441,True,2,2393,11,1
4441,True,2,4409,5,1
4441,True,2,3929,9,1
4447,True,2,2399,11,1
4457,True,2,4201,8,1
4457,True,2,4441,4,1
4457,True,2,3433,10,1
4457,True,2,19,12,2
4451,True,2,4447,2,1
4463,True,2,4447,4,1
4463,True,2,367,12,1
4481,True,2,3457,10,1
4507,True,2,2459,11,1
4483,True,2,4481,1,1
4483,True,2,4451,5,1
4493,True,2,397,12,1
4493,True,2,3469,10,1
4493,True,2,67,2,2
4513,True,2,4481,5,1
4513,True,2,4001,9,1
4517,True,2,4261,8,1
4517,True,2,4513,2,1
4517,True,2,421,12,1
4519,True,2,4391,7,1
4519,True,2,4517,1,1
4519,True,2,4007,9,1
4523,True,2,4519,2,1
4523,True,2,4507,4,1
4523,True,2,3499,10,1
4547,True,2,4483,6,1
4549,True,2,4421,7,1
4549,True,2,4517,5,1
4549,True,2,4547,1,1
4561,True,2,4049,9,1
4583,True,2,3559,10,1
4583,True,2,4519,6,1
4583,True,2,4567,4,1
4583,True,2,4327,8,1
4583,True,2,487,12,1
4591,True,2,4079,9,1
4591,True,2,4463,7,1
4591,True,2,4583,3,1
4591,True,2,2543,11,1
4567,False,,,,
4603,True,2,4091,9,1
4597,True,2,2549,11,1
4621,True,2,4493,7,1
4639,True,2,4637,1,1
4639,True,2,2591,11,1
4639,True,2,4127,9,1
4649,False,,,,
4643,True,2,547,12,1
4643,True,2,4639,2,1
4637,True,2,3613,10,1
4637,True,2,4621,4,1
4637,True,2,541,12,1
4657,True,2,2609,11,1
4657,True,2,4649,3,1
4651,True,2,4139,9,1
4651,True,2,4649,1,1
4651,True,2,4523,7,1
4651,True,2,4643,3,1
4663,False,,,,
4679,True,2,4423,8,1
4679,True,2,4663,4,1
4691,False,,,,
4673,True,2,4657,4,1
4673,True,2,577,12,1
4721,True,2,5,12,4
4721,True,2,4657,6,1
4721,True,2,3697,10,1
4703,True,2,4639,6,1
4703,True,2,4447,8,1
4703,True,2,607,12,1
4723,True,2,4691,5,1
4723,True,2,4721,1,1
4723,True,2,4211,9,1
4729,True,2,4217,9,1
4729,True,2,4721,3,1
4733,True,2,3709,10,1
4733,True,2,4729,2,1
4759,True,2,4751,3,1
4759,True,2,2711,11,1
4751,True,2,3727,10,1
4783,True,2,4271,9,1
4783,True,2,4751,5,1
4787,True,2,4723,6,1
4787,True,2,4783,2,1
4787,True,2,691,12,1
4789,True,2,2741,11,1
4789,True,2,4787,1,1
4801,True,2,4799,1,1
4801,True,2,4289,9,1
4801,True,2,2753,11,1
4801,True,2,4673,7,1
4801,True,2,4793,3,1
4799,True,2,4783,4,1
4793,True,2,3769,10,1
4793,True,2,4789,2,1
4793,True,2,4729,6,1
4813,False,,,,
4831,True,2,4703,7,1
4831,True,2,4799,5,1
4817,True,2,4561,8,1
4817,True,2,3793,10,1
4817,True,2,4813,2,1
4817,True,2,4801,4,1
4861,True,2,4733,7,1
4861,True,2,4349,9,1
4871,True,2,3847,10,1
4889,False,,,,
4877,True,2,4621,8,1
4877,True,2,4861,4,1
4877,True,2,4813,6,1
4877,True,2,3853,10,1
4903,True,2,4391,9,1
4903,True,2,4871,5,1
4909,True,2,2861,11,1
4909,True,2,4877,5,1
4909,True,2,4397,9,1
4919,True,2,4663,8,1
4919,True,2,4903,4,1
4919,True,2,823,12,1
4931,True,2,3907,10,1
4937,True,2,4933,2,1
4937,True,2,29,12,2
4933,True,2,4931,1,1
4933,True,2,4421,9,1
4943,True,2,3919,10,1
4957,True,2,2909,11,1
4951,True,2,4943,3,1
4951,True,2,2903,11,1
4951,True,2,4919,5,1
4967,True,2,4903,6,1
4967,True,2,4951,4,1
4967,True,2,3943,10,1
4969,True,2,4937,5,1
4969,True,2,4967,1,1
4969,True,2,4457,9,1
4973,True,2,877,12,1
4973,True,2,4969,2,1
4973,True,2,4909,6,1
4973,True,2,4957,4,1
4987,True,2,2939,11,1
4999,True,2,4871,7,1
4999,True,2,4967,5,1
5003,True,2,4999,2,1
5003,True,2,4987,4,1
5003,True,2,907,12,1
5009,True,2,4993,4,1
4993,True,2,4481,9,1
5011,True,2,5009,1,1
5011,True,2,5003,3,1
5011,True,2,2963,11,1
5021,True,2,4957,6,1
5023,True,2,5021,1,1
5051,True,2,4987,6,1
5051,True,2,4027,10,1
5039,True,2,4783,8,1
5039,True,2,5023,4,1
5059,True,2,4547,9,1
5059,True,2,4931,7,1
5059,True,2,3011,11,1
5059,True,2,5051,3,1
5081,True,2,5077,2,1
5081,True,2,4057,10,1
5077,False,,,,
5101,True,2,4973,7,1
5101,True,2,5099,1,1
5087,True,2,5023,6,1
5087,True,2,991,12,1
5087,True,2,4831,8,1
5099,False,,,,
5107,True,2,5099,3,1
5113,True,2,5081,5,1
5147,True,2,1051,12,1
5119,True,2,5087,5,1
5153,True,2,4129,10,1
5167,True,2,5039,7,1
5167,True,2,3119,11,1
5171,True,2,5167,2,1
5171,True,2,5107,6,1
5189,True,2,4933,8,1
5189,True,2,1093,12,1
5179,True,2,5171,3,1
5179,True,2,5051,7,1
5179,True,2,5147,5,1
5197,True,2,5189,3,1
5209,True,2,5081,7,1
5233,True,2,4721,9,1
5233,True,2,5231,1,1
5231,True,2,5227,2,1
5231,True,2,5167,6,1
5227,True,2,5099,7,1
5237,True,2,5233,2,1
5261,True,2,5197,6,1
5281,True,2,5279,1,1
5281,True,2,5273,3,1
5281,True,2,5153,7,1
5279,True,2,5023,8,1
5273,True,2,5209,6,1
5297,True,2,4273,10,1
5297,True,2,5233,6,1
5297,True,2,71,8,2
5297,True,2,1201,12,1
5297,True,2,5281,4,1
5303,False,,,,
5309,True,2,1213,12,1
5323,False,,,,
5347,True,2,3299,11,1
5333,True,2,1237,12,1
5333,True,2,73,2,2
5333,True,2,5077,8,1
5351,True,2,4327,10,1
5351,True,2,5347,2,1
5381,True,2,4357,10,1
5387,True,2,1291,12,1
5387,True,2,5323,6,1
5387,True,2,4363,10,1
5393,True,2,73,6,2
5393,True,2,1297,12,1
5399,True,2,1303,12,1
5407,True,2,5399,3,1
5407,True,2,3359,11,1
5407,True,2,5279,7,1
5413,True,2,5381,5,1
5417,True,2,5413,2,1
5417,True,2,1321,12,1
5419,True,2,5417,1,1
5419,True,2,3371,11,1
5419,True,2,5387,5,1
5437,True,2,3389,11,1
5437,True,2,5309,7,1
5441,True,2,5437,2,1
5431,True,2,4919,9,1
5431,True,2,5303,7,1
5431,True,2,5399,5,1
5449,True,2,5417,5,1
5449,True,2,4937,9,1
5449,True,2,5441,3,1
5471,True,2,4447,10,1
5471,True,2,5407,6,1
5443,True,2,5441,1,1
5443,True,2,4931,9,1
5477,True,2,5413,6,1
5477,True,2,1381,12,1
5479,True,2,4967,9,1
5479,True,2,5351,7,1
5479,True,2,5471,3,1
5479,True,2,5477,1,1
5483,True,2,5227,8,1
5483,True,2,5479,2,1
5483,True,2,5419,6,1
5501,True,2,5437,6,1
5507,True,2,5443,6,1
5507,True,2,5503,2,1
5507,True,2,4483,10,1
5503,True,2,5471,5,1
5503,True,2,5501,1,1
5519,True,2,1423,12,1
5519,True,2,5503,4,1
5527,True,2,5399,7,1
5527,True,2,5519,3,1
5521,True,2,5519,1,1
5521,True,2,5009,9,1
5521,True,2,5393,7,1
5557,False,,,,
5531,True,2,5527,2,1
5531,True,2,4507,10,1
5563,True,2,5051,9,1
5563,True,2,5531,5,1
5573,True,2,5569,2,1
5573,True,2,5557,4,1
5573,True,2,4549,10,1
5569,True,2,5441,7,1
5581,True,2,3533,11,1
5581,True,2,5573,3,1
5591,True,2,5527,6,1
5591,True,2,4567,10,1
5623,True,2,5591,5,1
5639,True,2,1543,12,1
5639,True,2,5623,4,1
5647,True,2,5519,7,1
5647,True,2,5639,3,1
5641,True,2,3593,11,1
5641,True,2,5639,1,1
5651,True,2,5647,2,1
5657,True,2,5641,4,1
5657,True,2,5653,2,1
5653,True,2,5651,1,1
5659,True,2,5531,7,1
5659,True,2,5651,3,1
5659,True,2,5657,1,1
5659,True,2,5147,9,1
5669,True,2,5653,4,1
5669,True,2,5413,8,1
5683,True,2,5651,5,1
5683,True,2,5171,9,1
5701,True,2,5669,5,1
5701,True,2,5693,3,1
5701,True,2,5189,9,1
5701,True,2,5573,7,1
5693,True,2,1597,12,1
5693,True,2,5689,2,1
5693,True,2,5437,8,1
5689,True,2,5657,5,1
5711,True,2,5647,6,1
5737,False,,,,
5717,True,2,1621,12,1
5717,True,2,5701,4,1
5717,True,2,5653,6,1
5741,True,2,5737,2,1
5743,True,2,5741,1,1
5743,True,2,5231,9,1
5743,True,2,5711,5,1
5749,True,2,3701,11,1
5749,True,2,5717,5,1
5749,True,2,5237,9,1
5749,True,2,5741,3,1
5779,True,2,5651,7,1
5783,True,2,5527,8,1
5783,True,2,4759,10,1
5783,True,2,5779,2,1
5791,True,2,5279,9,1
5791,True,2,5783,3,1
5801,True,2,5737,6,1
5807,True,2,4783,10,1
5807,True,2,5791,4,1
5807,True,2,5743,6,1
5813,True,2,5557,8,1
5813,True,2,5749,6,1
5813,True,2,4789,10,1
5821,True,2,5813,3,1
5821,True,2,5309,9,1
5821,True,2,5693,7,1
5827,True,2,3779,11,1
5839,True,2,5807,5,1
5839,True,2,5711,7,1
5843,True,2,1747,12,1
5843,True,2,5827,4,1
5843,True,2,5779,6,1
5843,True,2,5839,2,1
5849,True,2,1753,12,1
5851,True,2,5843,3,1
5851,True,2,3803,11,1
5851,True,2,5849,1,1
5857,True,2,5849,3,1
5861,True,2,5857,2,1
5869,True,2,3821,11,1
5869,True,2,5861,3,1
5869,True,2,5867,1,1
5869,True,2,5741,7,1
5867,True,2,5851,4,1
5879,True,2,5623,8,1
5879,True,2,1783,12,1
5897,True,2,5641,8,1
5897,True,2,5881,4,1
5897,True,2,1801,12,1
5881,True,2,3833,11,1
5881,True,2,5849,5,1
5881,True,2,5879,1,1
5903,True,2,5647,8,1
5903,True,2,5839,6,1
5923,False,,,,
5927,True,2,5923,2,1
5927,True,2,1831,12,1
5927,True,2,4903,10,1
5939,True,2,5683,8,1
5939,True,2,5923,4,1
5981,True,2,4957,10,1
5987,True,2,5923,6,1
5953,True,2,5441,9,1
6011,True,2,4987,10,1
6011,True,2,6007,2,1
6029,True,2,1933,12,1
6007,True,2,5879,7,1
6037,True,2,6029,3,1
6037,True,2,3989,11,1
6047,True,2,5023,10,1
6047,True,2,6043,2,1
6047,True,2,5791,8,1
6047,True,2,1951,12,1
6043,True,2,5531,9,1
6043,True,2,6011,5,1
6067,True,2,5939,7,1
6067,True,2,4019,11,1
6053,True,2,6037,4,1
6073,False,,,,
6079,True,2,6047,5,1
6089,True,2,1993,12,1
6089,True,2,6073,4,1
6101,True,2,5077,10,1
6101,True,2,6037,6,1
6113,True,2,5857,8,1
6113,True,2,2017,12,1
6091,True,2,6089,1,1
6121,True,2,4073,11,1
6121,True,2,6089,5,1
6121,True,2,6113,3,1
6131,True,2,6067,6,1
6131,True,2,5107,10,1
6133,True,2,6131,1,1
6133,True,2,6101,5,1
6143,True,2,6079,6,1
6143,True,2,5119,10,1
6163,True,2,5651,9,1
6163,True,2,6131,5,1
6151,True,2,5639,9,1
6151,True,2,6143,3,1
6173,False,,,,
6199,True,2,6197,1,1
6203,True,2,6199,2,1
6203,True,2,5179,10,1
6197,True,2,6133,6,1
6211,True,2,6203,3,1
6217,True,2,6089,7,1
6221,True,2,6217,2,1
6221,True,2,5197,10,1
6247,False,,,,
6229,True,2,6101,7,1
6229,True,2,6197,5,1
6229,True,2,6221,3,1
6229,True,2,5717,9,1
6257,True,2,2161,12,1
6257,True,2,5233,10,1
6257,True,2,79,4,2
6263,True,2,6007,8,1
6263,True,2,6247,4,1
6263,True,2,6199,6,1
6269,False,,,,
6271,True,2,6269,1,1
6271,True,2,6263,3,1
6271,True,2,6143,7,1
6277,True,2,6269,3,1
6277,True,2,4229,11,1
6287,True,2,6271,4,1
6299,True,2,6043,8,1
6299,True,2,2203,12,1
6311,True,2,6247,6,1
6301,True,2,4253,11,1
6301,True,2,6269,5,1
6301,True,2,6299,1,1
6301,True,2,6173,7,1
6317,True,2,6301,4,1
6317,True,2,2221,12,1
6323,True,2,6067,8,1
6337,True,2,4289,11,1
6337,True,2,6329,3,1
6329,True,2,6073,8,1
6343,True,2,6311,5,1
6353,True,2,6337,4,1
6353,True,2,73,10,2
6359,True,2,6343,4,1
6367,True,2,6359,3,1
6361,True,2,6359,1,1
6361,True,2,5849,9,1
6361,True,2,6329,5,1
6361,True,2,6353,3,1
6373,True,2,5861,9,1
6379,True,2,5867,9,1
6397,True,2,4349,11,1
6397,True,2,6389,3,1
6397,True,2,6269,7,1
6389,True,2,2293,12,1
6389,True,2,6373,4,1
6389,True,2,6133,8,1
6427,True,2,6299,7,1
6421,True,2,4373,11,1
6421,True,2,6389,5,1
6449,False,,,,
6469,True,2,4421,11,1
6451,True,2,6449,1,1
6451,True,2,6323,7,1
6451,True,2,5939,9,1
6473,True,2,6469,2,1
6473,True,2,5449,10,1
6473,True,2,2377,12,1
6473,True,2,6217,8,1
6481,True,2,6473,3,1
6481,True,2,6449,5,1
6481,True,2,6353,7,1
6491,True,2,6427,6,1
6521,False,,,,
6529,True,2,4481,11,1
6529,True,2,6521,3,1
6551,True,2,5527,10,1
6551,True,2,6547,2,1
6547,False,,,,
6563,True,2,3,1,8
6563,True,2,2467,12,1
6563,True,2,6547,4,1
6553,True,2,6521,5,1
6553,True,2,6551,1,1
6569,True,2,2473,12,1
6569,True,2,6553,4,1
6569,True,2,3,3,8
6571,True,2,6563,3,1
6571,True,2,6569,1,1
6571,True,2,4523,11,1
6577,True,2,6569,3,1
6577,True,2,6449,7,1
6577,True,2,3,4,8
6599,True,2,6343,8,1
6599,True,2,2503,12,1
6581,True,2,5557,10,1
6581,True,2,6577,2,1
6619,True,2,6491,7,1
6637,False,,,,
6607,True,2,6599,3,1
6653,True,2,6637,4,1
6653,True,2,6397,8,1
6653,True,2,2557,12,1
6661,True,2,6659,1,1
6661,True,2,6653,3,1
6659,False,,,,
6673,False,,,,
6679,True,2,6551,7,1
6689,True,2,6673,4,1
6689,True,2,2593,12,1
6689,True,2,3,7,8
6691,True,2,6689,1,1
6691,True,2,6563,7,1
6691,True,2,4643,11,1
6691,True,2,6659,5,1
6701,True,2,6637,6,1
6709,True,2,6197,9,1
6709,True,2,6581,7,1
6709,True,2,6701,3,1
6703,True,2,6701,1,1
6719,True,2,6703,4,1
6733,True,2,6701,5,1
6733,True,2,6221,9,1
6737,True,2,6673,6,1
6737,True,2,6733,2,1
6737,True,2,6481,8,1
6763,True,2,6761,1,1
6779,True,2,2683,12,1
6779,True,2,6763,4,1
6781,True,2,6779,1,1
6781,True,2,6269,9,1
6781,True,2,6653,7,1
6781,True,2,4733,11,1
6761,True,2,5737,10,1
6793,True,2,6761,5,1
6793,True,2,6791,1,1
6791,False,,,,
6803,True,2,6547,8,1
6803,True,2,2707,12,1
6803,True,2,5779,10,1
6823,True,2,6791,5,1
6823,True,2,6311,9,1
6833,True,2,6577,8,1
6833,True,2,6829,2,1
6827,True,2,2731,12,1
6827,True,2,6571,8,1
6827,True,2,6763,6,1
6827,True,2,6823,2,1
6829,True,2,6827,1,1
6829,True,2,6317,9,1
6829,True,2,6701,7,1
6857,True,2,6841,4,1
6857,True,2,6793,6,1
6841,True,2,4793,11,1
6841,True,2,6329,9,1
6841,True,2,6833,3,1
6863,True,2,6607,8,1
6863,True,2,19,2,3
6863,True,2,2767,12,1
6863,True,2,5839,10,1
6869,False,,,,
6871,True,2,6359,9,1
6871,True,2,6863,3,1
6871,True,2,6869,1,1
6883,False,,,,
6899,True,2,2803,12,1
6899,True,2,6883,4,1
6907,True,2,6779,7,1
6907,True,2,6899,3,1
6911,True,2,6907,2,1
6947,True,2,6691,8,1
6947,True,2,6883,6,1
6947,True,2,2851,12,1
6947,True,2,5923,10,1
6917,True,2,6661,8,1
6959,True,2,6703,8,1
6949,True,2,6917,5,1
6949,True,2,6947,1,1
6961,True,2,6959,1,1
6961,True,2,6449,9,1
6961,True,2,17,11,3
6961,True,2,6833,7,1
6967,True,2,6959,3,1
6967,True,2,4919,11,1
6971,True,2,6967,2,1
6971,True,2,6907,6,1
6977,True,2,6961,4,1
6977,True,2,5953,10,1
6983,True,2,6967,4,1
6983,True,2,2887,12,1
6997,True,2,6869,7,1
6991,True,2,6983,3,1
6991,True,2,6863,7,1
6991,True,2,4943,11,1
6991,True,2,6959,5,1
7001,True,2,6997,2,1
7013,True,2,6997,4,1
7013,True,2,6949,6,1
7013,True,2,2917,12,1
7019,True,2,6763,8,1
7057,True,2,5009,11,1
7039,True,2,6911,7,1
7043,True,2,7039,2,1
7043,True,2,7027,4,1
7027,True,2,7019,3,1
7027,True,2,6899,7,1
7069,True,2,5021,11,1
7079,True,2,6823,8,1
7103,True,2,6079,10,1
7103,True,2,7039,6,1
7109,False,,,,
7121,True,2,7057,6,1
7127,True,2,6871,8,1
7151,False,,,,
7129,True,2,7127,1,1
7129,True,2,7001,7,1
7129,True,2,7121,3,1
7129,True,2,5081,11,1
7159,True,2,7151,3,1
7159,True,2,7127,5,1
7177,False,,,,
7187,True,2,6163,10,1
7207,True,2,7079,7,1
7193,True,2,7177,4,1
7193,True,2,7129,6,1
7213,True,2,7211,1,1
7213,True,2,6701,9,1
7219,True,2,7211,3,1
7219,True,2,5171,11,1
7219,True,2,7187,5,1
7211,True,2,7207,2,1
7237,True,2,5189,11,1
7237,True,2,7109,7,1
7237,True,2,7229,3,1
7229,True,2,7213,4,1
7243,True,2,7211,5,1
7247,True,2,6991,8,1
7247,True,2,7243,2,1
7253,True,2,7237,4,1
7253,True,2,6229,10,1
7253,True,2,6997,8,1
7297,False,,,,
7283,True,2,7027,8,1
7283,True,2,7219,6,1
7283,True,2,3187,12,1
7309,True,2,5261,11,1
7309,True,2,7307,1,1
7321,True,2,7193,7,1
7321,True,2,5273,11,1
7307,True,2,7243,6,1
7331,False,,,,
7349,True,2,7333,4,1
7349,True,2,3253,12,1
7351,True,2,7349,1,1
7351,True,2,5303,11,1
7369,True,2,6857,9,1
7333,True,2,7331,1,1
7393,False,,,,
7411,True,2,6899,9,1
7411,True,2,7283,7,1
7417,False,,,,
7433,True,2,7417,4,1
7433,True,2,7369,6,1
7433,True,2,7177,8,1
7451,True,2,6427,10,1
7457,True,2,7393,6,1
7457,True,2,3361,12,1
7459,True,2,7331,7,1
7459,True,2,7451,3,1
7459,True,2,6947,9,1
7459,True,2,7457,1,1
7481,True,2,7417,6,1
7481,True,2,7477,2,1
7487,True,2,3391,12,1
7477,True,2,7349,7,1
7489,True,2,5441,11,1
7489,True,2,7481,3,1
7489,True,2,6977,9,1
7489,True,2,7457,5,1
7489,True,2,7487,1,1
7499,True,2,7243,8,1
7507,True,2,7499,3,1
7529,True,2,3433,12,1
7523,True,2,7507,4,1
7523,True,2,7459,6,1
7517,False,,,,
7537,True,2,7529,3,1
7541,True,2,7477,6,1
7541,True,2,7537,2,1
7547,False,,,,
7549,True,2,7541,3,1
7549,True,2,7547,1,1
7549,True,2,7517,5,1
7549,True,2,5501,11,1
7561,True,2,7433,7,1
7561,True,2,7529,5,1
7561,True,2,7559,1,1
7559,True,2,3463,12,1
7573,True,2,7541,5,1
7583,False,,,,
7577,True,2,7321,8,1
7577,True,2,59,12,2
7577,True,2,7573,2,1
7577,True,2,6553,10,1
7577,True,2,7561,4,1
7589,True,2,7573,4,1
7589,True,2,7333,8,1
7591,True,2,7079,9,1
7591,True,2,7583,3,1
7591,True,2,7589,1,1
7591,True,2,7559,5,1
7603,False,,,,
7621,True,2,5573,11,1
7621,True,2,7589,5,1
7621,True,2,7109,9,1
7607,True,2,7351,8,1
7607,True,2,7591,4,1
7607,True,2,3511,12,1
7607,True,2,7603,2,1
7639,True,2,7607,5,1
7639,True,2,5591,11,1
7639,True,2,7127,9,1
7643,True,2,7639,2,1
7643,True,2,3547,12,1
7643,True,2,6619,10,1
7673,True,2,7669,2,1
7673,True,2,7417,8,1
7649,True,2,7393,8,1
7681,True,2,7649,5,1
7681,True,2,7673,3,1
7669,True,2,7541,7,1
7687,True,2,7559,7,1
7687,True,2,5639,11,1
7691,True,2,7687,2,1
7699,True,2,7691,3,1
7699,True,2,5651,11,1
7699,True,2,7187,9,1
7717,True,2,7589,7,1
7717,True,2,5669,11,1
7723,True,2,7691,5,1
7723,True,2,7211,9,1
7703,True,2,6679,10,1
7703,True,2,7687,4,1
7703,True,2,3607,12,1
7703,True,2,7639,6,1
7703,True,2,7699,2,1
7727,True,2,7723,2,1
7727,True,2,6703,10,1
7727,True,2,3631,12,1
7741,True,2,5693,11,1
7741,True,2,7229,9,1
7753,False,,,,
7757,True,2,7753,2,1
7757,True,2,6733,10,1
7757,True,2,7741,4,1
7759,True,2,7757,1,1
7759,True,2,7247,9,1
7759,True,2,5711,11,1
7759,True,2,7727,5,1
7789,True,2,5741,11,1
7789,True,2,7757,5,1
7793,True,2,7537,8,1
7793,True,2,3697,12,1
7793,True,2,7789,2,1
7823,True,2,7759,6,1
7823,True,2,3727,12,1
7829,True,2,3733,12,1
7829,True,2,7573,8,1
7817,True,2,7753,6,1
7817,True,2,61,12,2
7817,True,2,6793,10,1
7817,True,2,7561,8,1
7841,False,,,,
7877,True,2,7621,8,1
7877,True,2,7873,2,1
7873,True,2,7841,5,1
7867,False,,,,
7853,True,2,6829,10,1
7853,True,2,7789,6,1
7879,True,2,7877,1,1
7883,True,2,7867,4,1
7883,True,2,19,10,3
7883,True,2,7879,2,1
7901,False,,,,
7907,True,2,6883,10,1
7919,True,2,3823,12,1
7927,True,2,7919,3,1
7927,True,2,5879,11,1
7933,True,2,7901,5,1
7937,True,2,7933,2,1
7937,True,2,7873,6,1
7937,True,2,7681,8,1
7937,True,2,89,4,2
7949,True,2,3853,12,1
7949,True,2,7933,4,1
7993,True,2,7481,9,1
7951,True,2,7823,7,1
7951,True,2,5903,11,1
7951,True,2,7919,5,1
7951,True,2,7949,1,1
7963,True,2,7451,9,1
8009,True,2,7993,4,1
8009,True,2,7753,8,1
8053,True,2,7541,9,1
8011,True,2,7499,9,1
8011,True,2,7883,7,1
8011,True,2,8009,1,1
8017,True,2,8009,3,1
8039,True,2,3943,12,1
8059,True,2,6011,11,1
8059,True,2,7547,9,1
8069,True,2,8053,4,1
8087,False,,,,
8081,True,2,7057,10,1
8081,True,2,8017,6,1
8089,True,2,8087,1,1
8089,True,2,7577,9,1
8089,True,2,8081,3,1
8117,True,2,8101,4,1
8117,True,2,8053,6,1
8117,True,2,4021,12,1
8111,False,,,,
8093,True,2,8089,2,1
8093,True,2,7069,10,1
8101,True,2,6053,11,1
8101,True,2,7589,9,1
8101,True,2,8069,5,1
8101,True,2,8093,3,1
8123,True,2,7867,8,1
8123,True,2,8059,6,1
8123,True,2,4027,12,1
8147,True,2,4051,12,1
8161,True,2,6113,11,1
8161,True,2,7649,9,1
8167,True,2,8039,7,1
8171,True,2,8167,2,1
8179,True,2,8171,3,1
8179,True,2,6131,11,1
8179,True,2,8147,5,1
8209,True,2,17,13,1
8209,True,2,8081,7,1
8191,True,2,6143,11,1
8231,True,2,8167,6,1
8231,True,2,7207,10,1
8219,True,2,7963,8,1
8219,True,2,3,13,3
8221,True,2,8219,1,1
8221,True,2,29,13,1
8221,True,2,6173,11,1
8221,True,2,8093,7,1
8233,True,2,41,13,1
8233,True,2,8231,1,1
8237,True,2,8221,4,1
8237,True,2,8233,2,1
8237,True,2,7213,10,1
8243,True,2,8179,6,1
8243,True,2,7219,10,1
8263,True,2,71,13,1
8263,True,2,8231,5,1
8269,True,2,8237,5,1
8269,True,2,7757,9,1
8269,True,2,6221,11,1
8287,False,,,,
8273,True,2,8269,2,1
8273,True,2,8209,6,1
8273,True,2,3,13,4
8273,True,2,8017,8,1
8273,True,2,4177,12,1
8291,True,2,8287,2,1
8293,True,2,8291,1,1
8293,True,2,101,13,1
8297,True,2,8293,2,1
8297,True,2,8233,6,1
8297,True,2,4201,12,1
8311,True,2,6263,11,1
8329,True,2,8297,5,1
8329,True,2,137,13,1
8329,True,2,7817,9,1
8317,True,2,5,13,3
8317,True,2,6269,11,1
8353,True,2,7841,9,1
8363,False,,,,
8369,True,2,8353,4,1
8369,True,2,4273,12,1
8387,False,,,,
8377,True,2,6329,11,1
8377,True,2,8369,3,1
8419,True,2,8291,7,1
8419,True,2,227,13,1
8419,True,2,7907,9,1
8419,True,2,8387,5,1
8389,True,2,197,13,1
8389,True,2,7877,9,1
8389,True,2,8387,1,1
8423,True,2,8167,8,1
8423,True,2,8419,2,1
8423,True,2,4327,12,1
8429,False,,,,
8431,True,2,8423,3,1
8431,True,2,239,13,1
8431,True,2,7919,9,1
8431,True,2,8429,1,1
8447,True,2,8443,2,1
8447,True,2,8191,8,1
8447,True,2,8431,4,1
8443,True,2,251,13,1
8467,False,,,,
8501,True,2,7477,10,1
8461,True,2,8429,5,1
8461,True,2,7949,9,1
8461,True,2,269,13,1
8513,True,2,7489,10,1
8521,True,2,6473,11,1
8521,True,2,8009,9,1
8521,True,2,8513,3,1
8527,False,,,,
8537,True,2,8521,4,1
8537,True,2,4441,12,1
8539,True,2,347,13,1
8539,True,2,8537,1,1
8539,True,2,6491,11,1
8563,False,,,,
8543,True,2,8287,8,1
8543,True,2,4447,12,1
8543,True,2,8539,2,1
8543,True,2,8527,4,1
8573,True,2,7549,10,1
8573,True,2,8317,8,1
8597,True,2,8581,4,1
8597,True,2,7573,10,1
8599,True,2,8597,1,1
8599,True,2,6551,11,1
8599,True,2,8087,9,1
8581,True,2,389,13,1
8581,True,2,8069,9,1
8581,True,2,8573,3,1
8609,True,2,4513,12,1
8609,True,2,8353,8,1
8609,True,2,3,11,8
8623,True,2,431,13,1
8623,True,2,8111,9,1
8627,True,2,8563,6,1
8627,True,2,7603,10,1
8627,True,2,8623,2,1
8629,True,2,8627,1,1
8629,True,2,8501,7,1
8629,True,2,6581,11,1
8629,True,2,8117,9,1
8629,True,2,8597,5,1
8641,True,2,8609,5,1
8641,True,2,8513,7,1
8641,True,2,449,13,1
8647,True,2,6599,11,1
8663,True,2,7639,10,1
8663,True,2,8599,6,1
8663,True,2,8647,4,1
8663,True,2,4567,12,1
8669,False,,,,
8681,True,2,8677,2,1
8689,True,2,8681,3,1
8677,True,2,8669,3,1
8693,True,2,4597,12,1
8693,True,2,8689,2,1
8693,True,2,7669,10,1
8693,True,2,8677,4,1
8693,True,2,8629,6,1
8699,True,2,8443,8,1
8699,True,2,4603,12,1
8707,True,2,6659,11,1
8707,True,2,8699,3,1
8713,True,2,8681,5,1
8713,True,2,521,13,1
8731,True,2,8699,5,1
8731,True,2,8219,9,1
8737,True,2,8609,7,1
8737,True,2,6689,11,1
8719,False,,,,
8747,True,2,7723,10,1
8747,True,2,8731,4,1
8747,True,2,4651,12,1
8753,True,2,8689,6,1
8753,True,2,8737,4,1
8753,True,2,4657,12,1
8741,True,2,8737,2,1
8741,True,2,7717,10,1
8741,True,2,8677,6,1
8761,True,2,569,13,1
8761,True,2,8753,3,1
8779,True,2,587,13,1
8779,True,2,8747,5,1
8783,True,2,8527,8,1
8783,True,2,8779,2,1
8783,True,2,7759,10,1
8783,True,2,8719,6,1
8807,True,2,8803,2,1
8803,True,2,8291,9,1
8821,True,2,8819,1,1
8821,True,2,8693,7,1
8819,True,2,8563,8,1
8819,True,2,8803,4,1
8819,True,2,4723,12,1
8831,False,,,,
8839,True,2,647,13,1
8839,True,2,8831,3,1
8839,True,2,6791,11,1
8839,True,2,8807,5,1
8839,True,2,8837,1,1
8837,True,2,8821,4,1
8837,True,2,8581,8,1
8849,False,,,,
8861,False,,,,
8863,True,2,8861,1,1
8863,True,2,8831,5,1
8867,True,2,8863,2,1
8867,True,2,8803,6,1
8887,False,,,,
8893,True,2,8861,5,1
8893,True,2,701,13,1
8923,False,,,,
8941,True,2,8429,9,1
8941,True,2,8933,3,1
8929,False,,,,
8933,True,2,8929,2,1
8933,True,2,8677,8,1
8951,True,2,8887,6,1
8951,True,2,7927,10,1
8963,True,2,8707,8,1
8969,True,2,8713,8,1
8971,True,2,8969,1,1
8971,True,2,8963,3,1
9001,True,2,8969,5,1
9001,True,2,8999,1,1
9001,True,2,809,13,1
8999,True,2,4903,12,1
9007,True,2,8999,3,1
9007,True,2,6959,11,1
9011,True,2,9007,2,1
9013,True,2,9011,1,1
9013,True,2,8501,9,1
9013,True,2,821,13,1
9043,True,2,9011,5,1
9043,True,2,9041,1,1
9041,True,2,8017,10,1
9029,True,2,4933,12,1
9029,True,2,9013,4,1
9049,True,2,7001,11,1
9049,True,2,8537,9,1
9049,True,2,857,13,1
9049,True,2,9041,3,1
9067,True,2,9059,3,1
9067,True,2,7019,11,1
9059,True,2,8803,8,1
9059,True,2,9043,4,1
9109,True,2,8597,9,1
9091,True,2,8963,7,1
9091,True,2,7043,11,1
9091,True,2,9059,5,1
9103,True,2,911,13,1
9127,True,2,8999,7,1
9127,True,2,7079,11,1
9133,True,2,941,13,1
9151,True,2,7103,11,1
9161,True,2,9157,2,1
9137,True,2,9133,2,1
9137,True,2,71,12,2
9173,True,2,9157,4,1
9173,True,2,9109,6,1
9173,True,2,5077,12,1
9157,True,2,9029,7,1
9157,True,2,7109,11,1
9181,True,2,8669,9,1
9181,True,2,9173,3,1
9199,True,2,7151,11,1
9187,True,2,9059,7,1
9203,True,2,5107,12,1
9203,True,2,8179,10,1
9203,True,2,9187,4,1
9203,True,2,9199,2,1
9209,True,2,5113,12,1
9227,True,2,8971,8,1
9221,True,2,9157,6,1
9239,False,,,,
9241,True,2,9209,5,1
9241,True,2,9239,1,1
9241,True,2,1049,13,1
9241,True,2,7193,11,1
9277,True,2,7229,11,1
9283,True,2,1091,13,1
9283,True,2,9281,1,1
9257,True,2,9241,4,1
9257,True,2,8233,10,1
9257,True,2,9001,8,1
9281,True,2,9277,2,1
9311,True,2,8287,10,1
9293,True,2,5197,12,1
9293,True,2,9277,4,1
9293,True,2,8269,10,1
9319,True,2,9311,3,1
9319,True,2,8807,9,1
9337,True,2,9209,7,1
9341,True,2,8317,10,1
9341,True,2,9337,2,1
9341,True,2,9277,6,1
9343,True,2,9341,1,1
9343,True,2,1151,13,1
9343,True,2,9311,5,1
9343,True,2,8831,9,1
9349,True,2,9221,7,1
9349,True,2,8837,9,1
9349,True,2,9341,3,1
9323,True,2,9067,8,1
9323,True,2,9319,2,1
9323,True,2,5227,12,1
9371,False,,,,
9397,True,2,7349,11,1
9377,True,2,8353,10,1
9377,True,2,5281,12,1
9391,False,,,,
9413,True,2,9397,4,1
9413,True,2,9157,8,1
9413,True,2,8389,10,1
9413,True,2,97,2,2
9413,True,2,9349,6,1
9403,True,2,9371,5,1
9419,True,2,9403,4,1
9419,True,2,5323,12,1
9431,False,,,,
9421,True,2,9293,7,1
9421,True,2,9419,1,1
9421,True,2,9413,3,1
9421,True,2,1229,13,1
9433,True,2,9431,1,1
9439,True,2,9311,7,1
9439,True,2,9431,3,1
9439,True,2,9437,1,1
9437,True,2,9421,4,1
9437,True,2,9433,2,1
9437,True,2,9181,8,1
9463,True,2,8951,9,1
9463,True,2,9431,5,1
9463,True,2,9461,1,1
9461,True,2,9397,6,1
9467,True,2,9403,6,1
9467,True,2,9463,2,1
9467,True,2,8443,10,1
9479,True,2,9463,4,1
9473,True,2,97,6,2
9497,True,2,9433,6,1
9497,True,2,9241,8,1
9511,True,2,1319,13,1
9511,True,2,9479,5,1
9511,True,2,8999,9,1
9491,True,2,8467,10,1
9533,True,2,5437,12,1
9533,True,2,9277,8,1
9521,False,,,,
9547,True,2,9419,7,1
9547,True,2,7499,11,1
9547,True,2,9539,3,1
9539,True,2,9283,8,1
9539,True,2,5443,12,1
9551,True,2,8527,10,1
9551,True,2,9547,2,1
9601,True,2,1409,13,1
9601,True,2,9473,7,1
9587,True,2,8563,10,1
9619,True,2,9587,5,1
9619,True,2,1427,13,1
9619,True,2,9491,7,1
9623,True,2,8599,10,1
9623,True,2,5527,12,1
9623,True,2,9619,2,1
9613,False,,,,
9629,True,2,9613,4,1
9643,True,2,1451,13,1
9631,True,2,9623,3,1
9631,True,2,9629,1,1
9631,True,2,1439,13,1
9631,True,2,7583,11,1
9661,True,2,9533,7,1
9661,True,2,9629,5,1
9677,True,2,9661,4,1
9677,True,2,5581,12,1
9677,True,2,9613,6,1
9677,True,2,9421,8,1
9649,True,2,9521,7,1
9649,True,2,9137,9,1
9697,True,2,7649,11,1
9697,True,2,9689,3,1
9689,True,2,9433,8,1
9679,True,2,9677,1,1
9679,True,2,1487,13,1
9679,True,2,9551,7,1
9721,True,2,9719,1,1
9721,True,2,9209,9,1
9721,True,2,9689,5,1
9721,True,2,7673,11,1
9719,True,2,9463,8,1
9719,True,2,5623,12,1
9743,True,2,9679,6,1
9743,True,2,5647,12,1
9743,True,2,8719,10,1
9743,True,2,9739,2,1
9739,True,2,9227,9,1
9739,True,2,7691,11,1
9733,True,2,9221,9,1
9749,True,2,5653,12,1
9749,True,2,9733,4,1
9767,True,2,9511,8,1
9781,True,2,9749,5,1
9769,True,2,9257,9,1
9769,True,2,9767,1,1
9791,True,2,9787,2,1
9803,True,2,9547,8,1
9803,True,2,8779,10,1
9803,True,2,9787,4,1
9803,True,2,9739,6,1
9787,False,,,,
9829,True,2,1637,13,1
9817,True,2,9689,7,1
9811,True,2,9803,3,1
9811,True,2,1619,13,1
9833,True,2,5737,12,1
9833,True,2,9829,2,1
9833,True,2,9817,4,1
9833,True,2,9769,6,1
9851,True,2,9787,6,1
9839,True,2,5743,12,1
9857,True,2,9601,8,1
9859,True,2,9857,1,1
9859,True,2,9851,3,1
9859,True,2,1667,13,1
9871,True,2,9743,7,1
9871,True,2,7823,11,1
9871,True,2,9839,5,1
9887,True,2,8863,10,1
9887,True,2,5791,12,1
9887,True,2,9883,2,1
9887,True,2,9631,8,1
9887,True,2,9871,4,1
9883,True,2,9851,5,1
9883,True,2,9371,9,1
9907,False,,,,
9901,True,2,7853,11,1
9901,True,2,1709,13,1
9923,True,2,9859,6,1
9923,True,2,5827,12,1
9923,True,2,9907,4,1
9931,True,2,9419,9,1
9931,True,2,9803,7,1
9931,True,2,9929,1,1
9931,True,2,7883,11,1
9931,True,2,9923,3,1
9929,False,,,,
9941,False,,,,
9967,True,2,7919,11,1
9967,True,2,9839,7,1
10007,False,,,,
9949,True,2,7901,11,1
9949,True,2,9437,9,1
9949,True,2,9941,3,1
9973,True,2,9941,5,1
9973,True,2,9461,9,1
10009,True,2,10007,1,1
10009,True,2,9497,9,1
10037,True,2,9013,10,1
10037,True,2,9973,6,1
10037,True,2,9781,8,1
10039,True,2,1847,13,1
10039,True,2,10007,5,1
10039,True,2,10037,1,1
10061,False,,,,
10067,True,2,9811,8,1
10067,True,2,9043,10,1
10069,True,2,1877,13,1
10069,True,2,10037,5,1
10069,True,2,10067,1,1
10069,True,2,9941,7,1
10069,True,2,10061,3,1
10079,False,,,,
10093,True,2,10091,1,1
10093,True,2,10061,5,1
10093,True,2,1901,13,1
10099,True,2,1907,13,1
10099,True,2,10091,3,1
10099,True,2,10067,5,1
10099,True,2,9587,9,1
10091,True,2,9067,10,1
10111,True,2,10079,5,1
10111,True,2,10103,3,1
10133,True,2,9109,10,1
10133,True,2,10069,6,1
10133,True,2,6037,12,1
10103,True,2,6007,12,1
10103,True,2,10039,6,1
10103,True,2,10099,2,1
10139,True,2,9883,8,1
10139,True,2,6043,12,1
10141,True,2,9629,9,1
10141,True,2,8093,11,1
10141,True,2,10133,3,1
10141,True,2,1949,13,1
10141,True,2,10139,1,1
10151,True,2,9127,10,1
10159,True,2,10151,3,1
10159,True,2,8111,11,1
10163,True,2,9907,8,1
10163,True,2,10099,6,1
10163,True,2,6067,12,1
10163,True,2,10159,2,1
10169,True,2,6073,12,1
10177,True,2,10169,3,1
10211,True,2,9187,10,1
10181,True,2,9157,10,1
10181,True,2,10177,2,1
10193,True,2,10177,4,1
10223,True,2,9967,8,1
10223,True,2,10159,6,1
10223,True,2,9199,10,1
10243,True,2,10211,5,1
10253,False,,,,
10259,True,2,10243,4,1
10259,True,2,6163,12,1
10247,True,2,6151,12,1
10247,True,2,10243,2,1
10267,True,2,10139,7,1
10267,True,2,10259,3,1
10267,True,2,8219,11,1
10271,True,2,10267,2,1
10273,True,2,10271,1,1
10273,True,2,2081,13,1
10301,True,2,9277,10,1
10289,True,2,10273,4,1
10303,True,2,10301,1,1
10303,True,2,9791,9,1
10303,True,2,10271,5,1
10303,True,2,2111,13,1
10321,True,2,10289,5,1
10321,True,2,10193,7,1
10321,True,2,10313,3,1
10321,True,2,2129,13,1
10321,True,2,8273,11,1
10313,True,2,6217,12,1
10331,True,2,10267,6,1
10333,True,2,10301,5,1
10333,True,2,10331,1,1
10333,True,2,2141,13,1
10337,True,2,10321,4,1
10337,True,2,10333,2,1
10337,True,2,79,12,2
10337,True,2,10273,6,1
10343,True,2,6247,12,1
10343,True,2,9319,10,1
10357,False,,,,
10391,False,,,,
10369,True,2,10337,5,1
10369,True,2,9857,9,1
10399,True,2,10391,3,1
10399,True,2,10271,7,1
10399,True,2,2207,13,1
10399,True,2,9887,9,1
10429,True,2,10427,1,1
10429,True,2,2237,13,1
10429,True,2,10301,7,1
10433,True,2,97,10,2
10433,True,2,10429,2,1
10433,True,2,10369,6,1
10433,True,2,10177,8,1
10433,True,2,6337,12,1
10427,True,2,9403,10,1
10453,True,2,9941,9,1
10457,True,2,10453,2,1
10457,True,2,9433,10,1
10457,True,2,101,8,2
10457,True,2,6361,12,1
10459,True,2,10331,7,1
10459,True,2,10457,1,1
10459,True,2,10427,5,1
10459,True,2,2267,13,1
10477,True,2,8429,11,1
10463,True,2,10399,6,1
10463,True,2,9439,10,1
10463,True,2,6367,12,1
10463,True,2,10459,2,1
10487,True,2,9463,10,1
10499,True,2,10243,8,1
10501,True,2,10499,1,1
10501,True,2,2309,13,1
10529,True,2,10513,4,1
10529,True,2,10273,8,1
10513,False,,,,
10559,True,2,10303,8,1
10531,True,2,10529,1,1
10531,True,2,10499,5,1
10531,True,2,2339,13,1
10567,True,2,10559,3,1
10589,True,2,10333,8,1
10597,True,2,10589,3,1
10601,True,2,10597,2,1
10607,False,,,,
10627,True,2,10499,7,1
10613,True,2,103,2,2
10613,True,2,10357,8,1
10613,True,2,10597,4,1
10639,True,2,2447,13,1
10639,True,2,10607,5,1
10639,True,2,10631,3,1
10631,True,2,10567,6,1
10631,True,2,10627,2,1
10663,True,2,10631,5,1
10663,True,2,10151,9,1
10651,True,2,10139,9,1
10651,True,2,2459,13,1
10657,True,2,8609,11,1
10657,True,2,10529,7,1
10657,True,2,3,12,8
10667,True,2,6571,12,1
10667,True,2,10663,2,1
10667,True,2,9643,10,1
10667,True,2,10651,4,1
10687,True,2,10559,7,1
10691,True,2,10687,2,1
10691,True,2,10627,6,1
10711,True,2,8663,11,1
10711,True,2,10709,1,1
10709,True,2,10453,8,1
10723,True,2,10211,9,1
10723,True,2,2531,13,1
10723,True,2,10691,5,1
10729,True,2,10601,7,1
10729,True,2,8681,11,1
10733,True,2,10729,2,1
10733,True,2,10477,8,1
10733,True,2,6637,12,1
10753,False,,,,
10739,True,2,10723,4,1
10771,True,2,2579,13,1
10771,True,2,10259,9,1
10771,True,2,10739,5,1
10789,True,2,10781,3,1
10789,True,2,8741,11,1
10799,True,2,6703,12,1
10781,False,,,,
10837,True,2,10709,7,1
10831,True,2,8783,11,1
10831,True,2,10799,5,1
10847,True,2,10831,4,1
10853,True,2,9829,10,1
10853,True,2,10789,6,1
10853,True,2,10597,8,1
10853,True,2,10837,4,1
10859,True,2,6763,12,1
10861,True,2,10733,7,1
10861,True,2,10859,1,1
10861,True,2,10853,3,1
10867,True,2,10739,7,1
10867,True,2,10859,3,1
10867,True,2,8819,11,1
10883,True,2,10867,4,1
10883,True,2,9859,10,1
10883,True,2,10627,8,1
10889,True,2,6793,12,1
10903,True,2,2711,13,1
10903,True,2,10391,9,1
10891,True,2,10883,3,1
10891,True,2,10889,1,1
10891,True,2,10859,5,1
10891,True,2,2699,13,1
10937,True,2,6841,12,1
10909,True,2,10781,7,1
10909,True,2,8861,11,1
10939,True,2,10427,9,1
10939,True,2,10937,1,1
10957,True,2,10949,3,1
10949,False,,,,
10973,True,2,10909,6,1
10973,True,2,10957,4,1
10973,True,2,9949,10,1
10979,True,2,10723,8,1
10979,True,2,6883,12,1
10987,True,2,10859,7,1
10987,True,2,10979,3,1
10993,True,2,2801,13,1
11047,True,2,8999,11,1
11003,True,2,10939,6,1
11003,True,2,10987,4,1
11003,True,2,6907,12,1
11027,True,2,10771,8,1
11057,True,2,10993,6,1
11057,True,2,6961,12,1
11059,True,2,11057,1,1
11059,True,2,9011,11,1
11059,True,2,11027,5,1
11069,False,,,,
11071,True,2,11069,1,1
11071,True,2,10559,9,1
11071,True,2,2879,13,1
11087,True,2,11071,4,1
11087,True,2,10831,8,1
11087,True,2,11083,2,1
11087,True,2,6991,12,1
11083,False,,,,
11113,True,2,10601,9,1
11117,True,2,11113,2,1
11117,True,2,10861,8,1
11117,True,2,10093,10,1
11093,True,2,6997,12,1
11093,True,2,10069,10,1
11093,True,2,10837,8,1
11119,True,2,2927,13,1
11119,True,2,11117,1,1
11119,True,2,10607,9,1
11119,True,2,11087,5,1
11149,True,2,11117,5,1
11149,True,2,2957,13,1
11131,True,2,2939,13,1
11131,True,2,11003,7,1
11159,True,2,10903,8,1
11161,True,2,11159,1,1
11161,True,2,2969,13,1
11171,False,,,,
11197,True,2,11069,7,1
11173,True,2,11171,1,1
11177,True,2,11173,2,1
11177,True,2,11113,6,1
11177,True,2,11161,4,1
11213,True,2,11149,6,1
11213,True,2,10957,8,1
11213,True,2,11197,4,1
11239,False,,,,
11243,True,2,10987,8,1
11243,True,2,11239,2,1
11257,True,2,9209,11,1
11251,True,2,11243,3,1
11251,True,2,9203,11,1
11251,True,2,10739,9,1
11261,True,2,11257,2,1
11261,True,2,11197,6,1
11279,False,,,,
11273,True,2,7177,12,1
11273,True,2,11257,4,1
11299,True,2,11171,7,1
11287,True,2,11159,7,1
11287,True,2,11279,3,1
11287,True,2,9239,11,1
11311,True,2,3119,13,1
11311,True,2,10799,9,1
11311,True,2,11279,5,1
11329,True,2,3137,13,1
11329,True,2,9281,11,1
11329,True,2,11321,3,1
11321,True,2,11317,2,1
11321,True,2,11257,6,1
11317,True,2,5,13,5
11351,True,2,11287,6,1
11369,True,2,11353,4,1
11369,True,2,11113,8,1
11353,True,2,11351,1,1
11353,True,2,11321,5,1
11383,True,2,3191,13,1
11383,True,2,11351,5,1
11393,True,2,7297,12,1
11393,True,2,10369,10,1
11393,True,2,11329,6,1
11399,True,2,11383,4,1
11437,False,,,,
11423,True,2,10399,10,1
11411,False,,,,
11443,True,2,3251,13,1
11443,True,2,11411,5,1
11447,True,2,11443,2,1
11447,True,2,11383,6,1
11447,True,2,7351,12,1
11467,True,2,9419,11,1
11471,True,2,11467,2,1
11483,True,2,11467,4,1
11483,True,2,10459,10,1
11489,True,2,7393,12,1
11497,True,2,11489,3,1
11497,True,2,11369,7,1
11491,True,2,11483,3,1
11491,True,2,3299,13,1
11491,True,2,10979,9,1
11491,True,2,11489,1,1
11519,True,2,11503,4,1
11503,True,2,11471,5,1
11551,True,2,11519,5,1
11551,True,2,11549,1,1
11551,True,2,3359,13,1
11551,True,2,11423,7,1
11527,True,2,11399,7,1
11527,True,2,9479,11,1
11527,True,2,11519,3,1
11579,False,,,,
11549,False,,,,
11587,True,2,9539,11,1
11587,True,2,11579,3,1
11593,False,,,,
11597,True,2,11593,2,1
11617,True,2,11489,7,1
11621,True,2,10597,10,1
11621,True,2,11617,2,1
11657,True,2,11593,6,1
11657,True,2,7561,12,1
11633,True,2,11617,4,1
11633,True,2,7537,12,1
11633,True,2,103,10,2
11681,True,2,11617,6,1
11681,True,2,11677,2,1
11681,True,2,10657,10,1
11677,True,2,9629,11,1
11677,True,2,11549,7,1
11689,True,2,11657,5,1
11689,True,2,11177,9,1
11689,True,2,11681,3,1
11699,True,2,11443,8,1
11699,True,2,7603,12,1
11701,True,2,11699,1,1
11719,True,2,11717,1,1
11719,True,2,3527,13,1
11717,True,2,7621,12,1
11717,True,2,11701,4,1
11743,False,,,,
11731,True,2,3539,13,1
11731,True,2,11699,5,1
11777,True,2,10753,10,1
11777,True,2,7681,12,1
11783,True,2,11527,8,1
11783,True,2,7687,12,1
11783,True,2,11779,2,1
11783,True,2,11719,6,1
11779,True,2,11777,1,1
11789,False,,,,
11801,False,,,,
11807,True,2,11551,8,1
11807,True,2,11743,6,1
11821,True,2,11813,3,1
11821,True,2,11789,5,1
11813,True,2,7717,12,1
11813,True,2,10789,10,1
11831,True,2,11827,2,1
11827,True,2,11699,7,1
11833,True,2,11801,5,1
11833,True,2,11831,1,1
11833,True,2,11321,9,1
11863,True,2,3671,13,1
11863,True,2,11351,9,1
11863,True,2,11831,5,1
11867,True,2,11863,2,1
11839,True,2,11831,3,1
11839,True,2,9791,11,1
11839,True,2,11807,5,1
11887,True,2,9839,11,1
11897,True,2,109,4,2
11897,True,2,11833,6,1
11903,True,2,11839,6,1
11903,True,2,11887,4,1
11923,True,2,11411,9,1
11909,False,,,,
11927,True,2,10903,10,1
11927,True,2,11923,2,1
11927,True,2,11863,6,1
11939,True,2,11923,4,1
11953,True,2,3761,13,1
11933,True,2,10909,10,1
11933,True,2,11677,8,1
11969,True,2,11953,4,1
11969,True,2,7873,12,1
11959,True,2,11831,7,1
11959,True,2,11927,5,1
11959,True,2,11447,9,1
11959,True,2,3767,13,1
11941,True,2,11909,5,1
11941,True,2,11813,7,1
11941,True,2,11933,3,1
11941,True,2,11939,1,1
11971,True,2,9923,11,1
11971,True,2,11969,1,1
11971,True,2,11939,5,1
11971,True,2,3779,13,1
11981,True,2,10957,10,1
11987,True,2,11731,8,1
11987,True,2,11971,4,1
11987,True,2,11923,6,1
12011,True,2,12007,2,1
12011,True,2,10987,10,1
12041,True,2,12037,2,1
12037,True,2,11909,7,1
12043,True,2,12041,1,1
12043,True,2,12011,5,1
12043,True,2,3851,13,1
12007,False,,,,
12049,True,2,12041,3,1
12071,True,2,12007,6,1
12071,True,2,11047,10,1
12073,True,2,12071,1,1
12073,True,2,12041,5,1
12073,True,2,3881,13,1
12101,True,2,12037,6,1
12101,True,2,12097,2,1
12107,True,2,8011,12,1
12107,True,2,11083,10,1
12107,True,2,12043,6,1
12113,True,2,12109,2,1
12113,True,2,8017,12,1
12113,True,2,12097,4,1
12113,True,2,12049,6,1
12109,True,2,11981,7,1
12109,True,2,12101,3,1
12109,True,2,10061,11,1
12109,True,2,11597,9,1
12109,True,2,12107,1,1
12109,True,2,3917,13,1
12097,True,2,11969,7,1
12143,True,2,11887,8,1
12143,True,2,11119,10,1
12119,True,2,11863,8,1
12149,True,2,8053,12,1
12161,True,2,12157,2,1
12161,True,2,12097,6,1
12197,True,2,11941,8,1
12197,True,2,11173,10,1
12197,True,2,8101,12,1
12163,True,2,12161,1,1
12203,False,,,,
12157,True,2,12149,3,1
12211,True,2,12203,3,1
12211,True,2,10163,11,1
12211,True,2,11699,9,1
12211,True,2,4019,13,1
12227,True,2,12211,4,1
12227,True,2,12163,6,1
12227,True,2,11971,8,1
12239,False,,,,
12251,False,,,,
12263,True,2,8167,12,1
12263,True,2,11239,10,1
12263,True,2,12007,8,1
12253,True,2,12251,1,1
12269,True,2,12253,4,1
12241,True,2,12239,1,1
12241,True,2,4049,13,1
12241,True,2,12113,7,1
12241,True,2,10193,11,1
12277,True,2,12149,7,1
12277,True,2,12269,3,1
12281,True,2,11257,10,1
12281,True,2,12277,2,1
12323,True,2,11299,10,1
12289,True,2,11777,9,1
12289,True,2,12281,3,1
12289,True,2,12161,7,1
12329,True,2,8233,12,1
12329,True,2,12073,8,1
12343,True,2,11831,9,1
12301,True,2,12269,5,1
12301,True,2,11789,9,1
12301,True,2,10253,11,1
12347,True,2,12343,2,1
12373,False,,,,
12377,True,2,12373,2,1
12377,True,2,11353,10,1
12401,False,,,,
12409,True,2,12401,3,1
12409,True,2,12281,7,1
12409,True,2,4217,13,1
12409,True,2,11897,9,1
12409,True,2,12377,5,1
12391,True,2,10343,11,1
12391,True,2,12263,7,1
12413,True,2,12409,2,1
12413,True,2,12157,8,1
12413,True,2,8317,12,1
12421,True,2,11909,9,1
12421,True,2,4229,13,1
12421,True,2,12413,3,1
12379,True,2,12251,7,1
12379,True,2,10331,11,1
12379,True,2,12347,5,1
12379,True,2,11867,9,1
12379,True,2,12377,1,1
12433,True,2,12401,5,1
12433,True,2,4241,13,1
12437,True,2,12433,2,1
12437,True,2,12421,4,1
12437,True,2,12373,6,1
12479,False,,,,
12473,True,2,12409,6,1
12473,True,2,107,10,2
12473,True,2,8377,12,1
12473,True,2,12457,4,1
12451,True,2,12323,7,1
12451,True,2,11939,9,1
12451,True,2,4259,13,1
12457,True,2,12329,7,1
12487,True,2,12479,3,1
12497,True,2,12241,8,1
12497,True,2,12433,6,1
12491,True,2,11467,10,1
12491,True,2,12487,2,1
12511,True,2,12503,3,1
12511,True,2,12479,5,1
12511,True,2,10463,11,1
12503,True,2,12487,4,1
12527,True,2,12511,4,1
12527,True,2,11503,10,1
12527,True,2,8431,12,1
12539,True,2,8443,12,1
12517,False,,,,
12547,True,2,10499,11,1
12547,True,2,12539,3,1
12553,True,2,12041,9,1
12541,True,2,12539,1,1
12541,True,2,4349,13,1
12541,True,2,12413,7,1
12577,True,2,12569,3,1
12577,True,2,10529,11,1
12583,True,2,12071,9,1
12583,True,2,4391,13,1
12589,True,2,4397,13,1
12601,True,2,12569,5,1
12601,True,2,4409,13,1
12601,True,2,12473,7,1
12569,True,2,12553,4,1
12611,True,2,12547,6,1
12611,True,2,11587,10,1
12619,True,2,12107,9,1
12619,True,2,12491,7,1
12619,True,2,12611,3,1
12613,True,2,12611,1,1
12613,True,2,12101,9,1
12613,True,2,4421,13,1
12641,True,2,12637,2,1
12641,True,2,11617,10,1
12641,True,2,12577,6,1
12647,True,2,12583,6,1
12647,True,2,12391,8,1
12637,True,2,10589,11,1
12659,True,2,8563,12,1
12653,True,2,12637,4,1
12653,True,2,12589,6,1
12671,False,,,,
12697,True,2,12689,3,1
12697,True,2,12569,7,1
12713,True,2,11689,10,1
12713,True,2,12697,4,1
12713,True,2,12457,8,1
12703,True,2,12671,5,1
12689,True,2,12433,8,1
12721,True,2,12713,3,1
12721,True,2,12689,5,1
12763,True,2,12251,9,1
12757,True,2,10709,11,1
12739,True,2,12611,7,1
12739,True,2,10691,11,1
12739,True,2,12227,9,1
12739,True,2,4547,13,1
12743,True,2,12739,2,1
12743,True,2,12487,8,1
12743,True,2,8647,12,1
12743,True,2,11719,10,1
12781,True,2,12653,7,1
12781,True,2,12269,9,1
12781,True,2,10733,11,1
12809,True,2,8713,12,1
12809,True,2,12553,8,1
12821,True,2,12757,6,1
12823,True,2,12791,5,1
12823,True,2,12821,1,1
12829,True,2,12821,3,1
12829,True,2,4637,13,1
12829,True,2,10781,11,1
12799,True,2,12671,7,1
12799,True,2,12791,3,1
12791,False,,,,
12853,True,2,12821,5,1
12899,True,2,8803,12,1
12907,True,2,12899,3,1
12907,True,2,10859,11,1
12893,True,2,12889,2,1
12893,True,2,12637,8,1
12893,True,2,12829,6,1
12889,True,2,12377,9,1
12841,True,2,12713,7,1
12841,True,2,12809,5,1
12841,True,2,12329,9,1
12841,True,2,4649,13,1
12911,True,2,12907,2,1
12911,True,2,11887,10,1
12917,True,2,12853,6,1
12917,True,2,8821,12,1
12941,False,,,,
12919,True,2,12917,1,1
12919,True,2,12791,7,1
12919,True,2,12911,3,1
12959,True,2,12703,8,1
12959,True,2,8863,12,1
12923,True,2,12907,4,1
12923,True,2,12919,2,1
12973,True,2,12941,5,1
12983,True,2,11959,10,1
12983,True,2,12919,6,1
12983,True,2,8887,12,1
12983,True,2,12967,4,1
12983,True,2,12979,2,1
12953,True,2,12697,8,1
12953,True,2,12889,6,1
12979,True,2,4787,13,1
13001,False,,,,
12967,True,2,12959,3,1
13009,True,2,12497,9,1
13009,True,2,13007,1,1
13009,True,2,13001,3,1
13009,True,2,4817,13,1
13007,True,2,13003,2,1
13037,True,2,8941,12,1
13037,True,2,13033,2,1
13037,True,2,12781,8,1
13037,True,2,12973,6,1
13043,True,2,12979,6,1
13049,True,2,13033,4,1
13003,True,2,12491,9,1
13003,True,2,13001,1,1
13063,True,2,4871,13,1
13093,False,,,,
13099,False,,,,
13033,True,2,13001,5,1
13109,True,2,13093,4,1
13109,True,2,9013,12,1
13109,True,2,12853,8,1
13103,True,2,13099,2,1
13103,True,2,9007,12,1
13121,True,2,12097,10,1
13127,True,2,13063,6,1
13147,False,,,,
13163,True,2,9067,12,1
13163,True,2,13147,4,1
13163,True,2,13099,6,1
13163,True,2,13159,2,1
13163,True,2,12907,8,1
13159,True,2,12647,9,1
13159,True,2,13127,5,1
13159,True,2,4967,13,1
13159,True,2,13151,3,1
13177,True,2,13049,7,1
13183,True,2,13151,5,1
13183,True,2,12671,9,1
13151,True,2,13147,2,1
13187,True,2,12163,10,1
13187,True,2,13171,4,1
13187,True,2,9091,12,1
13187,True,2,13183,2,1
13171,True,2,13043,7,1
13171,True,2,13163,3,1
13171,True,2,12659,9,1
13229,True,2,9133,12,1
13229,True,2,12973,8,1
13217,False,,,,
13249,True,2,13217,5,1
13249,True,2,13241,3,1
13249,True,2,13121,7,1
13241,True,2,13177,6,1
13259,True,2,13003,8,1
13267,True,2,13259,3,1
13219,True,2,11171,11,1
13219,True,2,13217,1,1
13219,True,2,13187,5,1
13309,True,2,11261,11,1
13297,False,,,,
13291,True,2,5099,13,1
13291,True,2,11243,11,1
13291,True,2,13259,5,1
13291,True,2,13163,7,1
13327,True,2,11279,11,1
13313,True,2,13309,2,1
13313,True,2,13297,4,1
13313,True,2,13249,6,1
13313,True,2,12289,10,1
13331,True,2,13267,6,1
13331,True,2,13327,2,1
13339,True,2,13331,3,1
13339,True,2,13337,1,1
13339,True,2,5147,13,1
13337,True,2,9241,12,1
13381,True,2,5189,13,1
13397,True,2,13381,4,1
13397,True,2,12373,10,1
13367,True,2,12343,10,1
13399,True,2,11351,11,1
13399,True,2,13397,1,1
13399,True,2,13367,5,1
13411,True,2,12899,9,1
13417,True,2,11369,11,1
13451,False,,,,
13441,True,2,11393,11,1
13441,True,2,13313,7,1
13457,True,2,13441,4,1
13457,True,2,12433,10,1
13421,True,2,13417,2,1
13463,True,2,13399,6,1
13477,True,2,13469,3,1
13469,False,,,,
13487,True,2,9391,12,1
13499,True,2,9403,12,1
13513,True,2,13001,9,1
13523,True,2,13267,8,1
13567,True,2,11519,11,1
13553,True,2,13537,4,1
13553,True,2,13297,8,1
13577,True,2,12553,10,1
13577,True,2,13513,6,1
13537,True,2,11489,11,1
13591,True,2,5399,13,1
13591,True,2,13463,7,1
13597,True,2,13469,7,1
13597,True,2,11549,11,1
13613,True,2,13597,4,1
13613,True,2,12589,10,1
13627,True,2,11579,11,1
13627,True,2,13499,7,1
13627,True,2,13619,3,1
13633,True,2,13121,9,1
13633,True,2,5441,13,1
13619,False,,,,
13669,True,2,5477,13,1
13669,True,2,11621,11,1
13679,False,,,,
13649,True,2,13633,4,1
13681,True,2,13679,1,1
13681,True,2,13649,5,1
13681,True,2,13553,7,1
13681,True,2,11633,11,1
13687,True,2,13679,3,1
13691,True,2,13627,6,1
13691,True,2,13687,2,1
13693,True,2,5501,13,1
13693,True,2,13691,1,1
13709,True,2,9613,12,1
13709,True,2,13693,4,1
13697,True,2,13633,6,1
13697,True,2,9601,12,1
13697,True,2,13441,8,1
13697,True,2,13693,2,1
13697,True,2,13681,4,1
13711,True,2,13709,1,1
13711,True,2,13679,5,1
13711,True,2,5519,13,1
13723,True,2,13691,5,1
13723,True,2,13721,1,1
13723,True,2,5531,13,1
13721,True,2,12697,10,1
13751,True,2,13687,6,1
13729,True,2,13217,9,1
13729,True,2,13721,3,1
13729,True,2,11681,11,1
13729,True,2,13697,5,1
13757,True,2,13693,6,1
13757,True,2,9661,12,1
13759,True,2,13757,1,1
13759,True,2,13751,3,1
13763,True,2,12739,10,1
13763,True,2,13759,2,1
13789,True,2,13781,3,1
13789,True,2,13757,5,1
13799,False,,,,
13781,True,2,12757,10,1
13807,True,2,13679,7,1
13807,True,2,13799,3,1
13829,True,2,9733,12,1
13831,True,2,11783,11,1
13831,True,2,13799,5,1
13831,True,2,5639,13,1
13831,True,2,13829,1,1
13873,True,2,13841,5,1
13859,False,,,,
13879,True,2,13751,7,1
13879,True,2,11831,11,1
13879,True,2,13877,1,1
13879,True,2,13367,9,1
13841,False,,,,
13883,True,2,9787,12,1
13883,True,2,13879,2,1
13883,True,2,13627,8,1
13877,True,2,13873,2,1
13877,True,2,12853,10,1
13877,True,2,9781,12,1
13901,False,,,,
13907,True,2,13903,2,1
13907,True,2,9811,12,1
13913,True,2,9817,12,1
13913,True,2,12889,10,1
13903,True,2,5711,13,1
13903,True,2,13901,1,1
13921,True,2,13913,3,1
13931,True,2,12907,10,1
13933,True,2,13901,5,1
13933,True,2,13931,1,1
13933,True,2,13421,9,1
13933,True,2,5741,13,1
13967,True,2,13711,8,1
13967,True,2,13903,6,1
13967,True,2,13963,2,1
13967,True,2,9871,12,1
13997,True,2,12973,10,1
13997,True,2,13933,6,1
13997,True,2,9901,12,1
13963,True,2,13451,9,1
13963,True,2,13931,5,1
13999,True,2,13487,9,1
13999,True,2,13997,1,1
13999,True,2,13967,5,1
13999,True,2,5807,13,1
14009,False,,,,
14011,True,2,13883,7,1
14011,True,2,13499,9,1
14011,True,2,14009,1,1
14051,False,,,,
14033,True,2,14029,2,1
14033,True,2,13009,10,1
14057,True,2,13033,10,1
14029,True,2,13997,5,1
14029,True,2,11981,11,1
14029,True,2,13901,7,1
14071,True,2,5879,13,1
14081,False,,,,
14083,True,2,14051,5,1
14083,True,2,14081,1,1
14087,True,2,13831,8,1
14087,True,2,14071,4,1
14087,True,2,14083,2,1
14087,True,2,13063,10,1
14107,False,,,,
14149,True,2,12101,11,1
14143,False,,,,
14159,True,2,14143,4,1
14159,True,2,13903,8,1
14173,True,2,5981,13,1
14177,True,2,14173,2,1
14177,True,2,13921,8,1
14153,True,2,14149,2,1
14197,True,2,12149,11,1
14207,True,2,14143,6,1
14207,True,2,10111,12,1
14207,True,2,13183,10,1
14249,False,,,,
14221,True,2,6029,13,1
14221,True,2,13709,9,1
14243,True,2,13219,10,1
14251,True,2,12203,11,1
14251,True,2,14249,1,1
14251,True,2,14243,3,1
14281,True,2,14249,5,1
14281,True,2,14153,7,1
14281,True,2,6089,13,1
14293,True,2,13781,9,1
14293,True,2,6101,13,1
14321,True,2,13297,10,1
14323,True,2,14321,1,1
14323,True,2,6131,13,1
14303,False,,,,
14327,True,2,14071,8,1
14327,True,2,14323,2,1
14341,True,2,13829,9,1
14347,False,,,,
14369,True,2,10273,12,1
14401,True,2,14369,5,1
14389,True,2,6197,13,1
14389,True,2,14387,1,1
14389,True,2,13877,9,1
14387,True,2,14323,6,1
14411,True,2,14347,6,1
14411,True,2,14407,2,1
14419,True,2,14387,5,1
14419,True,2,13907,9,1
14419,True,2,14411,3,1
14407,False,,,,
14423,True,2,13399,10,1
14423,True,2,14407,4,1
14423,True,2,14419,2,1
14431,True,2,14423,3,1
14431,True,2,14303,7,1
14437,False,,,,
14447,True,2,14431,4,1
14449,True,2,14321,7,1
14449,True,2,14447,1,1
14449,True,2,6257,13,1
14449,True,2,12401,11,1
14461,True,2,6269,13,1
14461,True,2,12413,11,1
14479,True,2,14447,5,1
14479,True,2,6287,13,1
14479,True,2,13967,9,1
14519,True,2,14503,4,1
14503,True,2,6311,13,1
14489,False,,,,
14533,False,,,,
14537,True,2,14533,2,1
14537,True,2,14281,8,1
14537,True,2,13513,10,1
14543,True,2,14479,6,1
14551,True,2,14543,3,1
14551,True,2,14519,5,1
14551,True,2,14549,1,1
14551,True,2,12503,11,1
14551,True,2,14423,7,1
14551,True,2,6359,13,1
14549,True,2,14533,4,1
14549,True,2,14293,8,1
14549,True,2,10453,12,1
14557,True,2,14549,3,1
14563,True,2,14051,9,1
14563,True,2,14561,1,1
14561,True,2,14557,2,1
14561,True,2,13537,10,1
14593,True,2,14591,1,1
14593,True,2,14561,5,1
14593,True,2,14081,9,1
14621,True,2,13597,10,1
14621,True,2,14557,6,1
14591,True,2,13567,10,1
14627,True,2,14563,6,1
14627,True,2,10531,12,1
14629,True,2,14627,1,1
14629,True,2,14621,3,1
14633,True,2,14629,2,1
14639,False,,,,
14657,True,2,14593,6,1
14657,True,2,14401,8,1
14657,True,2,11,4,4
14657,True,2,14653,2,1
14657,True,2,13633,10,1
14653,True,2,14621,5,1
14669,True,2,14653,4,1
14699,True,2,14683,4,1
14683,True,2,6491,13,1
14713,True,2,6521,13,1
14717,True,2,14713,2,1
14717,True,2,14461,8,1
14717,True,2,14653,6,1
14717,True,2,13693,10,1
14723,True,2,10627,12,1
14731,True,2,14699,5,1
14731,True,2,14723,3,1
14747,True,2,14731,4,1
14747,True,2,14683,6,1
14747,True,2,10651,12,1
14747,True,2,13723,10,1
14741,True,2,14737,2,1
14737,True,2,12689,11,1
14759,True,2,14503,8,1
14759,True,2,10663,12,1
14753,True,2,13729,10,1
14753,True,2,3,13,8
14753,True,2,10657,12,1
14753,True,2,14737,4,1
14767,True,2,14639,7,1
14767,True,2,14759,3,1
14771,True,2,14767,2,1
14779,True,2,14747,5,1
14779,True,2,14771,3,1
14783,True,2,14779,2,1
14783,True,2,10687,12,1
14783,True,2,13759,10,1
14783,True,2,14767,4,1
14797,True,2,14669,7,1
14821,True,2,14813,3,1
14813,True,2,13789,10,1
14813,True,2,14557,8,1
14813,True,2,14797,4,1
14831,True,2,13807,10,1
14831,True,2,14827,2,1
14831,True,2,14767,6,1
14843,True,2,14827,4,1
14843,True,2,14779,6,1
14851,True,2,6659,13,1
14851,True,2,14723,7,1
14851,True,2,14843,3,1
14827,True,2,14699,7,1
14867,True,2,14851,4,1
14867,True,2,10771,12,1
14869,True,2,14867,1,1
14869,True,2,14741,7,1
14869,True,2,12821,11,1
14879,False,,,,
14891,True,2,14887,2,1
14891,True,2,14827,6,1
14897,True,2,11,8,4
14897,True,2,13873,10,1
14887,True,2,14879,3,1
14887,True,2,14759,7,1
14929,True,2,14897,5,1
14929,True,2,6737,13,1
14939,True,2,14683,8,1
14939,True,2,14923,4,1
14923,True,2,14891,5,1
14923,True,2,14411,9,1
14951,True,2,14887,6,1
14951,True,2,14947,2,1
14957,True,2,10861,12,1
14957,True,2,13933,10,1
14969,True,2,14713,8,1
14947,True,2,12899,11,1
14947,True,2,14939,3,1
14983,True,2,14951,5,1
14983,True,2,6791,13,1
15013,False,,,,
15017,True,2,15013,2,1
15053,True,2,14797,8,1
15053,True,2,14029,10,1
15053,True,2,10957,12,1
15061,True,2,15053,3,1
15061,True,2,14549,9,1
15061,True,2,6869,13,1
15031,True,2,14519,9,1
15031,True,2,12983,11,1
15077,True,2,15013,6,1
15077,True,2,14821,8,1
15077,True,2,15073,2,1
15077,True,2,15061,4,1
15073,True,2,14561,9,1
15083,True,2,14827,8,1
15083,True,2,10987,12,1
15091,True,2,13043,11,1
15091,True,2,6899,13,1
15091,True,2,15083,3,1
15121,False,,,,
15107,True,2,15091,4,1
15107,True,2,14083,10,1
15107,True,2,14851,8,1
15101,False,,,,
15131,True,2,14107,10,1
15137,True,2,15121,4,1
15137,True,2,15073,6,1
15139,True,2,15107,5,1
15139,True,2,15137,1,1
15139,True,2,6947,13,1
15139,True,2,15131,3,1
15139,True,2,14627,9,1
15149,False,,,,
15173,True,2,14149,10,1
15161,False,,,,
15187,False,,,,
15193,True,2,7001,13,1
15193,True,2,15161,5,1
15199,True,2,13151,11,1
15217,False,,,,
15227,True,2,11131,12,1
15233,True,2,15217,4,1
15241,True,2,15233,3,1
15259,True,2,15131,7,1
15259,True,2,15227,5,1
15259,True,2,14747,9,1
15263,True,2,15259,2,1
15263,True,2,15199,6,1
15269,True,2,15013,8,1
15269,True,2,11173,12,1
15277,True,2,15149,7,1
15277,True,2,13229,11,1
15277,True,2,15269,3,1
15287,True,2,15271,4,1
15287,True,2,15031,8,1
15271,True,2,7079,13,1
15271,True,2,14759,9,1
15271,True,2,15263,3,1
15271,True,2,15269,1,1
15289,True,2,15287,1,1
15289,True,2,15161,7,1
15289,True,2,13241,11,1
15307,True,2,13259,11,1
15307,True,2,15299,3,1
15299,False,,,,
15313,True,2,7121,13,1
15319,True,2,15287,5,1
15319,True,2,7127,13,1
15329,True,2,15073,8,1
15329,True,2,15313,4,1
15349,False,,,,
15359,False,,,,
15331,True,2,15299,5,1
15331,True,2,15329,1,1
15361,True,2,15233,7,1
15361,True,2,15359,1,1
15361,True,2,13313,11,1
15361,True,2,15329,5,1
15377,True,2,15121,8,1
15377,True,2,15373,2,1
15377,True,2,15361,4,1
15377,True,2,15313,6,1
15373,False,,,,
15383,True,2,11287,12,1
15383,True,2,15319,6,1
15391,True,2,15263,7,1
15391,True,2,15359,5,1
15391,True,2,14879,9,1
15391,True,2,15383,3,1
15401,False,,,,
15413,True,2,14389,10,1
15413,True,2,15349,6,1
15413,True,2,11317,12,1
15439,True,2,7247,13,1
15427,True,2,15299,7,1
15443,True,2,15439,2,1
15443,True,2,15427,4,1
15443,True,2,14419,10,1
15443,True,2,15187,8,1
15451,True,2,14939,9,1
15451,True,2,15443,3,1
15461,True,2,14437,10,1
15467,True,2,15451,4,1
15473,True,2,15217,8,1
15473,True,2,14449,10,1
15493,True,2,15461,5,1
15497,True,2,15241,8,1
15497,True,2,15493,2,1
15527,True,2,15511,4,1
15527,True,2,14503,10,1
15527,True,2,15271,8,1
15551,False,,,,
15541,True,2,15413,7,1
15541,True,2,7349,13,1
15511,True,2,15383,7,1
15511,True,2,13463,11,1
15559,True,2,15551,3,1
15559,True,2,15527,5,1
15569,True,2,15313,8,1
15581,True,2,14557,10,1
15583,True,2,15581,1,1
15583,True,2,15551,5,1
15607,False,,,,
15601,True,2,15473,7,1
15601,True,2,13553,11,1
15601,True,2,15569,5,1
15619,True,2,15107,9,1
15629,True,2,15373,8,1
15629,True,2,5,2,6
15641,True,2,5,4,6
15643,True,2,15131,9,1
15643,True,2,15641,1,1
15643,True,2,7451,13,1
15647,True,2,15643,2,1
15647,True,2,15583,6,1
15647,True,2,11551,12,1
15647,True,2,15391,8,1
15661,True,2,15149,9,1
15661,True,2,13613,11,1
15661,True,2,15629,5,1
15667,True,2,13619,11,1
15649,True,2,15137,9,1
15649,True,2,7457,13,1
15649,True,2,15641,3,1
15649,True,2,15647,1,1
15671,True,2,15607,6,1
15671,True,2,15667,2,1
15683,True,2,15619,6,1
15683,True,2,15679,2,1
15683,True,2,11587,12,1
15683,True,2,15427,8,1
15683,True,2,15667,4,1
15679,True,2,15551,7,1
15679,True,2,15647,5,1
15679,True,2,15671,3,1
15679,True,2,7487,13,1
15731,True,2,15727,2,1
15731,True,2,15667,6,1
15727,True,2,13679,11,1
15737,True,2,15733,2,1
15737,True,2,14713,10,1
15733,True,2,15731,1,1
15733,True,2,7541,13,1
15739,True,2,15737,1,1
15739,True,2,7547,13,1
15739,True,2,13691,11,1
15739,True,2,15227,9,1
15739,True,2,15731,3,1
15761,True,2,14737,10,1
15767,True,2,15511,8,1
15749,True,2,15493,8,1
15749,True,2,15733,4,1
15787,False,,,,
15791,True,2,15787,2,1
15791,True,2,15727,6,1
15791,True,2,14767,10,1
15773,True,2,11677,12,1
15803,True,2,15787,4,1
15803,True,2,15739,6,1
15803,True,2,14779,10,1
15809,False,,,,
15797,True,2,15541,8,1
15797,True,2,11701,12,1
15797,True,2,15733,6,1
15823,True,2,15791,5,1
15859,True,2,15731,7,1
15817,True,2,15809,3,1
15877,True,2,15749,7,1
15877,True,2,13829,11,1
15881,True,2,5,8,6
15881,True,2,15817,6,1
15881,True,2,15877,2,1
15887,True,2,15823,6,1
15889,True,2,15881,3,1
15889,True,2,13841,11,1
15889,True,2,15761,7,1
15889,True,2,15377,9,1
15889,True,2,15887,1,1
15901,True,2,15773,7,1
15907,True,2,13859,11,1
15913,True,2,15401,9,1
15913,True,2,15881,5,1
15923,True,2,15667,8,1
15923,True,2,15859,6,1
15923,True,2,11827,12,1
15923,True,2,15919,2,1
15923,True,2,15907,4,1
15937,True,2,15809,7,1
15919,True,2,15887,5,1
15919,True,2,7727,13,1
15919,True,2,15791,7,1
15959,True,2,11863,12,1
15973,True,2,15461,9,1
15973,True,2,15971,1,1
15971,True,2,15907,6,1
15971,True,2,14947,10,1
16001,True,2,15937,6,1
15991,True,2,15959,5,1
16007,True,2,14983,10,1
16007,True,2,15991,4,1
16033,True,2,16001,5,1
16033,True,2,7841,13,1
16057,True,2,14009,11,1
16063,True,2,16061,1,1
16063,True,2,15551,9,1
16061,True,2,16057,2,1
16067,True,2,11971,12,1
16067,True,2,16063,2,1
16069,True,2,7877,13,1
16069,True,2,16061,3,1
16069,True,2,16067,1,1
16073,True,2,15817,8,1
16073,True,2,16069,2,1
16073,True,2,16057,4,1
16091,True,2,16087,2,1
16087,True,2,15959,7,1
16097,True,2,16033,6,1
16097,True,2,15073,10,1
16103,True,2,16087,4,1
16103,True,2,12007,12,1
16111,True,2,7919,13,1
16111,True,2,16103,3,1
16127,True,2,16111,4,1
16127,True,2,16063,6,1
16141,True,2,16139,1,1
16141,True,2,15629,9,1
16141,True,2,7949,13,1
16139,True,2,12043,12,1
16183,True,2,15671,9,1
16187,True,2,16183,2,1
16189,True,2,16061,7,1
16189,True,2,16187,1,1
16217,True,2,15193,10,1
16193,True,2,16189,2,1
16193,True,2,15937,8,1
16193,True,2,12097,12,1
16193,True,2,127,6,2
16223,True,2,15199,10,1
16229,True,2,15973,8,1
16231,True,2,16229,1,1
16231,True,2,8039,13,1
16231,True,2,16223,3,1
16231,True,2,16103,7,1
16249,True,2,16217,5,1
16249,True,2,15737,9,1
16267,True,2,16139,7,1
16253,True,2,12157,12,1
16253,True,2,16249,2,1
16253,True,2,16189,6,1
16273,True,2,15761,9,1
16273,True,2,8081,13,1
16301,True,2,15277,10,1
16319,True,2,16063,8,1
16339,True,2,8147,13,1
16333,True,2,16301,5,1
16361,False,,,,
16349,True,2,16333,4,1
16349,True,2,12253,12,1
16363,True,2,8171,13,1
16363,True,2,16361,1,1
16381,True,2,16253,7,1
16381,True,2,16349,5,1
16369,True,2,14321,11,1
16369,True,2,16361,3,1
16411,True,2,8219,13,1
16411,True,2,3,14,3
16417,True,2,14369,11,1
16421,True,2,37,14,1
16421,True,2,16417,2,1
16427,True,2,43,14,1
16427,True,2,16411,4,1
16427,True,2,16363,6,1
16433,True,2,7,14,2
16433,True,2,16417,4,1
16433,True,2,16369,6,1
16451,True,2,15427,10,1
16451,True,2,16447,2,1
16451,True,2,67,14,1
16447,True,2,16319,7,1
16453,True,2,16451,1,1
16453,True,2,16421,5,1
16477,True,2,16349,7,1
16481,True,2,16477,2,1
16481,True,2,16417,6,1
16481,True,2,97,14,1
16487,True,2,103,14,1
16487,True,2,16231,8,1
16487,True,2,12391,12,1
16493,True,2,109,14,1
16493,True,2,16477,4,1
16529,True,2,16273,8,1
16529,True,2,12433,12,1
16519,True,2,16487,5,1
16519,True,2,16007,9,1
16547,True,2,12451,12,1
16547,True,2,163,14,1
16553,True,2,13,14,2
16553,True,2,12457,12,1
16561,True,2,16529,5,1
16561,True,2,8369,13,1
16561,True,2,16553,3,1
16561,True,2,16433,7,1
16567,True,2,14519,11,1
16573,True,2,16061,9,1
16603,True,2,16091,9,1
16607,True,2,223,14,1
16607,True,2,16603,2,1
16607,True,2,15583,10,1
16607,True,2,12511,12,1
16619,True,2,16603,4,1
16619,True,2,16363,8,1
16649,True,2,5,10,6
16649,True,2,16633,4,1
16649,True,2,12553,12,1
16633,True,2,16631,1,1
16631,True,2,15607,10,1
16631,True,2,16567,6,1
16657,True,2,16649,3,1
16657,True,2,16529,7,1
16661,True,2,16657,2,1
16661,True,2,277,14,1
16651,True,2,16649,1,1
16651,True,2,16619,5,1
16651,True,2,16139,9,1
16673,True,2,16417,8,1
16673,True,2,16657,4,1
16673,True,2,17,14,2
16673,True,2,15649,10,1
16673,True,2,12577,12,1
16691,True,2,307,14,1
16691,True,2,15667,10,1
16693,True,2,16691,1,1
16693,True,2,8501,13,1
16693,True,2,16661,5,1
16699,True,2,16187,9,1
16699,True,2,16691,3,1
16729,True,2,16217,9,1
16729,True,2,8537,13,1
16703,True,2,16699,2,1
16703,True,2,15679,10,1
16703,True,2,16447,8,1
16741,True,2,16229,9,1
16747,True,2,14699,11,1
16747,True,2,16619,7,1
16763,True,2,16747,4,1
16763,True,2,16699,6,1
16763,True,2,16759,2,1
16763,True,2,15739,10,1
16763,True,2,379,14,1
16759,True,2,16631,7,1
16787,False,,,,
16823,True,2,16567,8,1
16823,True,2,439,14,1
16823,True,2,16759,6,1
16823,True,2,7,4,5
16811,True,2,15787,10,1
16811,True,2,16747,6,1
16811,True,2,7,2,5
16831,True,2,16319,9,1
16831,True,2,16829,1,1
16831,True,2,16703,7,1
16831,True,2,16823,3,1
16831,True,2,14783,11,1
16829,True,2,16573,8,1
16843,True,2,16811,5,1
16879,True,2,14831,11,1
16879,True,2,16871,3,1
16871,True,2,487,14,1
16871,True,2,7,6,5
16883,True,2,16879,2,1
16883,True,2,15859,10,1
16883,True,2,499,14,1
16889,True,2,16633,8,1
16901,True,2,15877,10,1
16927,True,2,14879,11,1
16921,True,2,16889,5,1
16903,True,2,16871,5,1
16903,True,2,16901,1,1
16931,True,2,16927,2,1
16931,True,2,15907,10,1
16931,True,2,547,14,1
16937,True,2,12841,12,1
16937,True,2,15913,10,1
16937,True,2,16921,4,1
16943,True,2,16879,6,1
16943,True,2,16927,4,1
16943,True,2,15919,10,1
16981,True,2,16979,1,1
16979,True,2,16963,4,1
16963,True,2,16931,5,1
16963,True,2,16451,9,1
16993,True,2,16481,9,1
17011,True,2,16979,5,1
17011,True,2,8819,13,1
17011,True,2,16883,7,1
16987,True,2,16979,3,1
16987,True,2,14939,11,1
17021,False,,,,
17027,True,2,17011,4,1
17027,True,2,643,14,1
17027,True,2,16963,6,1
17029,True,2,17027,1,1
17029,True,2,8837,13,1
17029,True,2,17021,3,1
17029,True,2,16901,7,1
17033,True,2,17029,2,1
17047,False,,,,
17053,True,2,8861,13,1
17053,True,2,17021,5,1
17041,True,2,17033,3,1
17041,True,2,16529,9,1
17041,True,2,8849,13,1
17093,True,2,709,14,1
17093,True,2,16069,10,1
17093,True,2,17029,6,1
17093,True,2,17077,4,1
17099,True,2,13003,12,1
17099,True,2,16843,8,1
17077,False,,,,
17107,True,2,17099,3,1
17107,True,2,16979,7,1
17117,True,2,733,14,1
17117,True,2,17053,6,1
17123,True,2,17107,4,1
17123,True,2,739,14,1
17159,True,2,13063,12,1
17159,True,2,16903,8,1
17137,False,,,,
17167,True,2,17159,3,1
17183,True,2,17167,4,1
17183,True,2,16927,8,1
17203,True,2,9011,13,1
17203,True,2,16691,9,1
17189,True,2,13093,12,1
17191,True,2,17183,3,1
17191,True,2,17189,1,1
17191,True,2,8999,13,1
17191,True,2,17159,5,1
17207,True,2,17203,2,1
17207,True,2,823,14,1
17207,True,2,17191,4,1
17207,True,2,16183,10,1
17209,True,2,15161,11,1
17209,True,2,17207,1,1
17231,True,2,17167,6,1
17257,False,,,,
17239,True,2,17207,5,1
17239,True,2,17231,3,1
17291,True,2,907,14,1
17291,True,2,16267,10,1
17299,True,2,16787,9,1
17299,True,2,17291,3,1
17293,True,2,17291,1,1
17321,True,2,937,14,1
17321,True,2,17317,2,1
17321,True,2,17257,6,1
17317,True,2,17189,7,1
17317,True,2,15269,11,1
17327,False,,,,
17341,True,2,16829,9,1
17341,True,2,17333,3,1
17333,True,2,17077,8,1
17333,True,2,17317,4,1
17351,True,2,967,14,1
17359,True,2,17327,5,1
17359,True,2,17231,7,1
17359,True,2,17351,3,1
17377,True,2,15329,11,1
17383,True,2,17351,5,1
17383,True,2,16871,9,1
17389,True,2,17387,1,1
17387,True,2,13291,12,1
17387,True,2,17383,2,1
17387,True,2,16363,10,1
17393,True,2,17389,2,1
17393,True,2,17137,8,1
17393,True,2,17377,4,1
17393,True,2,1009,14,1
17393,True,2,16369,10,1
17393,True,2,13297,12,1
17417,True,2,1033,14,1
17417,True,2,17401,4,1
17417,True,2,131,8,2
17431,True,2,15383,11,1
17431,True,2,9239,13,1
17401,True,2,17393,3,1
17401,True,2,16889,9,1
17401,True,2,9209,13,1
17419,True,2,17417,1,1
17419,True,2,17387,5,1
17419,True,2,17291,7,1
17419,True,2,9227,13,1
17443,True,2,16931,9,1
17449,True,2,17417,5,1
17449,True,2,17321,7,1
17449,True,2,15401,11,1
17449,True,2,9257,13,1
17449,True,2,16937,9,1
17483,True,2,17419,6,1
17483,True,2,17467,4,1
17477,True,2,16453,10,1
17477,True,2,13381,12,1
17477,True,2,1093,14,1
17471,True,2,1087,14,1
17471,True,2,16447,10,1
17471,True,2,17467,2,1
17467,False,,,,
17489,False,,,,
17491,True,2,17489,1,1
17491,True,2,17483,3,1
17491,True,2,16979,9,1
17491,True,2,15443,11,1
17509,True,2,15461,11,1
17509,True,2,17477,5,1
17497,True,2,17489,3,1
17519,False,,,,
17539,True,2,17027,9,1
17551,True,2,17519,5,1
17569,True,2,9377,13,1
17573,True,2,17569,2,1
17573,True,2,17317,8,1
17573,True,2,17509,6,1
17573,True,2,13477,12,1
17579,False,,,,
17599,True,2,15551,11,1
17599,True,2,17471,7,1
17599,True,2,17597,1,1
17581,True,2,17573,3,1
17581,True,2,17579,1,1
17597,True,2,17341,8,1
17597,True,2,16573,10,1
17597,True,2,17581,4,1
17597,True,2,1213,14,1
17609,True,2,13513,12,1
17623,True,2,9431,13,1
17627,True,2,17623,2,1
17627,True,2,16603,10,1
17659,True,2,17627,5,1
17659,True,2,17657,1,1
17659,True,2,9467,13,1
17657,True,2,17401,8,1
17657,True,2,16633,10,1
17669,False,,,,
17681,True,2,1297,14,1
17681,True,2,16657,10,1
17683,True,2,17681,1,1
17683,True,2,9491,13,1
17713,True,2,9521,13,1
17713,True,2,17681,5,1
17707,True,2,17579,7,1
17737,True,2,17729,3,1
17737,True,2,17609,7,1
17729,True,2,17713,4,1
17729,True,2,13633,12,1
17747,True,2,17683,6,1
17747,True,2,17491,8,1
17761,True,2,17729,5,1
17749,True,2,17747,1,1
17789,True,2,13693,12,1
17783,True,2,13687,12,1
17783,True,2,1399,14,1
17783,True,2,16759,10,1
17791,True,2,17789,1,1
17791,True,2,17783,3,1
17827,False,,,,
17807,True,2,13711,12,1
17807,True,2,1423,14,1
17807,True,2,17551,8,1
17807,True,2,17791,4,1
17837,True,2,17581,8,1
17837,True,2,1453,14,1
17839,True,2,17837,1,1
17839,True,2,17327,9,1
17839,True,2,17807,5,1
17839,True,2,15791,11,1
17851,True,2,15803,11,1
17863,True,2,17351,9,1
17881,True,2,9689,13,1
17891,True,2,17827,6,1
17903,True,2,16879,10,1
17903,True,2,17839,6,1
17903,True,2,13807,12,1
17909,False,,,,
17921,False,,,,
17923,True,2,17921,1,1
17923,True,2,17891,5,1
17911,True,2,17903,3,1
17911,True,2,17909,1,1
17911,True,2,17783,7,1
17911,True,2,9719,13,1
17939,True,2,17923,4,1
17939,True,2,17683,8,1
17957,False,,,,
17959,True,2,17957,1,1
17959,True,2,9767,13,1
17929,True,2,15881,11,1
17929,True,2,17417,9,1
17929,True,2,17921,3,1
17971,True,2,15923,11,1
17971,True,2,17939,5,1
17977,False,,,,
17981,True,2,1597,14,1
17981,True,2,17977,2,1
17987,True,2,17923,6,1
17987,True,2,16963,10,1
17987,True,2,17971,4,1
18013,True,2,17981,5,1
17989,True,2,17477,9,1
17989,True,2,17981,3,1
17989,True,2,17957,5,1
17989,True,2,17987,1,1
18041,True,2,17977,6,1
18041,True,2,1657,14,1
18047,True,2,1663,14,1
18047,True,2,18043,2,1
18047,True,2,17791,8,1
18043,True,2,18041,1,1
18043,True,2,9851,13,1
18049,True,2,16001,11,1
18049,True,2,18041,3,1
18049,True,2,9857,13,1
18049,True,2,18047,1,1
18049,True,2,17921,7,1
18061,True,2,18059,1,1
18089,False,,,,
18059,True,2,18043,4,1
18059,True,2,13963,12,1
18077,True,2,18061,4,1
18077,True,2,18013,6,1
18077,True,2,1693,14,1
18077,True,2,17053,10,1
18097,True,2,18089,3,1
18119,True,2,17863,8,1
18131,True,2,18127,2,1
18131,True,2,17107,10,1
18131,True,2,1747,14,1
18121,True,2,18119,1,1
18121,True,2,9929,13,1
18121,True,2,16073,11,1
18121,True,2,17609,9,1
18121,True,2,18089,5,1
18127,True,2,18119,3,1
18133,True,2,18131,1,1
18133,True,2,9941,13,1
18143,True,2,18127,4,1
18143,True,2,1759,14,1
18149,True,2,18133,4,1
18169,True,2,17657,9,1
18169,True,2,18041,7,1
18181,True,2,18149,5,1
18181,True,2,17669,9,1
18191,True,2,17167,10,1
18191,True,2,18127,6,1
18199,True,2,10007,13,1
18199,True,2,18191,3,1
18217,True,2,18089,7,1
18223,True,2,18191,5,1
18211,False,,,,
18229,True,2,10037,13,1
18251,True,2,1867,14,1
18233,True,2,17977,8,1
18233,True,2,18229,2,1
18233,True,2,17209,10,1
18233,True,2,43,14,2
18233,True,2,18217,4,1
18233,True,2,18169,6,1
18253,True,2,10061,13,1
18253,True,2,18251,1,1
18257,True,2,18253,2,1
18257,True,2,1873,14,1
18269,True,2,18013,8,1
18269,True,2,18253,4,1
18269,True,2,14173,12,1
18287,True,2,18223,6,1
18307,False,,,,
18289,True,2,18287,1,1
18289,True,2,18257,5,1
18311,True,2,18307,2,1
18301,True,2,17789,9,1
18301,True,2,16253,11,1
18301,True,2,18269,5,1
18313,True,2,18311,1,1
18341,True,2,17317,10,1
18329,True,2,18313,4,1
18353,True,2,18097,8,1
18353,True,2,18289,6,1
18367,True,2,16319,11,1
18371,True,2,18307,6,1
18371,True,2,18367,2,1
18371,True,2,1987,14,1
18379,True,2,18371,3,1
18379,True,2,18251,7,1
18401,True,2,18397,2,1
18401,True,2,2017,14,1
18401,True,2,17377,10,1
18397,True,2,18269,7,1
18397,True,2,16349,11,1
18413,True,2,18397,4,1
18413,True,2,17389,10,1
18413,True,2,2029,14,1
18433,True,2,17921,9,1
18433,True,2,18401,5,1
18427,False,,,,
18443,True,2,14347,12,1
18443,True,2,18427,4,1
18443,True,2,18439,2,1
18443,True,2,18379,6,1
18443,True,2,17419,10,1
18439,True,2,10247,13,1
18439,True,2,18311,7,1
18461,True,2,18457,2,1
18461,True,2,18397,6,1
18457,True,2,18329,7,1
18451,True,2,10259,13,1
18451,True,2,17939,9,1
18451,True,2,18443,3,1
18481,True,2,10289,13,1
18481,True,2,18353,7,1
18481,True,2,16433,11,1
18493,True,2,17981,9,1
18493,True,2,10301,13,1
18493,True,2,18461,5,1
18503,True,2,18439,6,1
18503,True,2,14407,12,1
18517,False,,,,
18521,True,2,17497,10,1
18521,True,2,2137,14,1
18521,True,2,18517,2,1
18521,True,2,18457,6,1
18523,True,2,10331,13,1
18523,True,2,18521,1,1
18541,True,2,16493,11,1
18541,True,2,18539,1,1
18541,True,2,18413,7,1
18539,True,2,18523,4,1
18553,True,2,18041,9,1
18553,True,2,18521,5,1
18583,True,2,10391,13,1
18587,True,2,2203,14,1
18587,True,2,18583,2,1
18587,True,2,18523,6,1
18617,True,2,18553,6,1
18637,False,,,,
18593,True,2,47,14,2
18593,True,2,17569,10,1
18661,True,2,18149,9,1
18671,True,2,2287,14,1
18679,True,2,16631,11,1
18679,True,2,18671,3,1
18679,True,2,10487,13,1
18691,True,2,10499,13,1
18701,True,2,18637,6,1
18713,True,2,18457,8,1
18719,False,,,,
18743,True,2,18679,6,1
18731,True,2,2347,14,1
18731,True,2,17707,10,1
18749,True,2,18493,8,1
18749,True,2,14653,12,1
18773,True,2,137,2,2
18773,True,2,18757,4,1
18773,True,2,18517,8,1
18773,True,2,17749,10,1
18773,True,2,2389,14,1
18793,True,2,10601,13,1
18757,True,2,18749,3,1
18787,False,,,,
18803,True,2,18787,4,1
18797,True,2,18541,8,1
18797,True,2,18793,2,1
18839,True,2,18583,8,1
18869,False,,,,
18859,True,2,18731,7,1
18859,True,2,10667,13,1
18859,True,2,16811,11,1
18899,False,,,,
18911,False,,,,
18913,True,2,18911,1,1
18913,True,2,18401,9,1
18919,True,2,18917,1,1
18919,True,2,18911,3,1
18919,True,2,16871,11,1
18917,True,2,18661,8,1
18917,True,2,14821,12,1
18917,True,2,18913,2,1
18947,True,2,17923,10,1
18947,True,2,14851,12,1
18947,True,2,18691,8,1
18959,False,,,,
18973,True,2,10781,13,1
18973,True,2,18461,9,1
18979,True,2,18947,5,1
18979,True,2,16931,11,1
19009,True,2,19001,3,1
19001,True,2,2617,14,1
19001,True,2,17977,10,1
19013,True,2,18757,8,1
19013,True,2,17989,10,1
19013,True,2,19009,2,1
19037,True,2,18973,6,1
19037,True,2,18013,10,1
19031,True,2,2647,14,1
19069,True,2,17021,11,1
19069,True,2,19037,5,1
19051,True,2,18539,9,1
19051,True,2,10859,13,1
19073,True,2,2689,14,1
19073,True,2,18049,10,1
19073,True,2,19069,2,1
19073,True,2,19009,6,1
19081,True,2,19073,3,1
19081,True,2,17033,11,1
19081,True,2,19079,1,1
19081,True,2,10889,13,1
19079,True,2,14983,12,1
19087,True,2,19079,3,1
19087,True,2,18959,7,1
19121,True,2,18097,10,1
19139,False,,,,
19163,False,,,,
19141,True,2,19139,1,1
19141,True,2,10949,13,1
19141,True,2,17093,11,1
19141,True,2,19013,7,1
19157,True,2,19141,4,1
19157,True,2,15061,12,1
19157,True,2,18133,10,1
19181,True,2,2797,14,1
19183,True,2,19181,1,1
19183,True,2,18671,9,1
19207,True,2,17159,11,1
19207,True,2,19079,7,1
19213,True,2,18701,9,1
19213,True,2,19181,5,1
19213,True,2,19211,1,1
19211,True,2,19207,2,1
19219,True,2,11027,13,1
19219,True,2,19211,3,1
19237,True,2,17189,11,1
19231,True,2,18719,9,1
19231,True,2,17183,11,1
19259,False,,,,
19249,True,2,19121,7,1
19249,True,2,11057,13,1
19267,True,2,19259,3,1
19267,True,2,19139,7,1
19289,True,2,19273,4,1
19289,True,2,15193,12,1
19273,False,,,,
19301,True,2,19237,6,1
19301,True,2,2917,14,1
19309,True,2,19181,7,1
19309,True,2,19301,3,1
19309,True,2,11117,13,1
19309,True,2,18797,9,1
19319,False,,,,
19333,True,2,19301,5,1
19379,False,,,,
19381,True,2,19373,3,1
19381,True,2,17333,11,1
19381,True,2,18869,9,1
19381,True,2,19379,1,1
19373,True,2,15277,12,1
19373,True,2,19309,6,1
19387,True,2,19259,7,1
19387,True,2,19379,3,1
19391,True,2,18367,10,1
19391,True,2,19387,2,1
19403,True,2,15307,12,1
19403,True,2,3019,14,1
19403,True,2,18379,10,1
19403,True,2,19387,4,1
19417,True,2,19289,7,1
19421,True,2,3037,14,1
19421,True,2,18397,10,1
19421,True,2,19417,2,1
19423,True,2,19391,5,1
19423,True,2,18911,9,1
19423,True,2,19421,1,1
19427,True,2,19423,2,1
19427,True,2,15331,12,1
19429,True,2,19301,7,1
19429,True,2,19421,3,1
19429,True,2,18917,9,1
19429,True,2,19427,1,1
19447,True,2,19319,7,1
19441,True,2,17393,11,1
19441,True,2,19433,3,1
19433,True,2,19417,4,1
19433,True,2,3049,14,1
19433,True,2,19429,2,1
19463,True,2,18439,10,1
19463,True,2,19447,4,1
19463,True,2,3079,14,1
19463,True,2,19207,8,1
19469,True,2,15373,12,1
19469,True,2,19213,8,1
19457,True,2,19441,4,1
19457,True,2,18433,10,1
19457,True,2,15361,12,1
19471,True,2,19463,3,1
19471,True,2,18959,9,1
19471,True,2,19469,1,1
19471,True,2,11279,13,1
19477,True,2,19469,3,1
19483,False,,,,
19501,True,2,19373,7,1
19501,True,2,19469,5,1
19489,True,2,19457,5,1
19507,True,2,19379,7,1
19531,True,2,19403,7,1
19531,True,2,17483,11,1
19541,True,2,19477,6,1
19541,True,2,18517,10,1
19553,True,2,19489,6,1
19553,True,2,3169,14,1
19543,True,2,19541,1,1
19543,True,2,19031,9,1
19543,True,2,11351,13,1
19559,True,2,19543,4,1
19577,True,2,139,8,2
19577,True,2,18553,10,1
19571,True,2,19507,6,1
19571,True,2,3187,14,1
19597,True,2,19469,7,1
19583,False,,,,
19603,True,2,19571,5,1
19603,True,2,11411,13,1
19661,True,2,19597,6,1
19661,True,2,18637,10,1
19609,True,2,19577,5,1
19681,True,2,19553,7,1
19681,True,2,11489,13,1
19687,True,2,19559,7,1
19687,True,2,3,2,9
19697,True,2,19441,8,1
19697,True,2,19681,4,1
19697,True,2,3313,14,1
19697,True,2,15601,12,1
19717,True,2,17669,11,1
19717,True,2,19709,3,1
19699,True,2,19697,1,1
19699,True,2,3,4,9
19699,True,2,19571,7,1
19709,False,,,,
19727,True,2,19471,8,1
19727,True,2,3343,14,1
19739,True,2,19483,8,1
19739,True,2,15643,12,1
19751,True,2,19687,6,1
19753,True,2,19751,1,1
19759,True,2,19727,5,1
19759,True,2,19751,3,1
19763,True,2,19699,6,1
19763,True,2,15667,12,1
19763,True,2,19507,8,1
19763,True,2,19759,2,1
19777,True,2,17729,11,1
19801,True,2,19289,9,1
19801,True,2,19793,3,1
19793,True,2,137,10,2
19793,True,2,19777,4,1
19813,True,2,19301,9,1
19813,True,2,11621,13,1
19841,True,2,3457,14,1
19841,True,2,19777,6,1
19819,False,,,,
19853,True,2,19597,8,1
19853,True,2,3469,14,1
19843,True,2,19841,1,1
19861,True,2,19853,3,1
19889,False,,,,
19867,True,2,19739,7,1
19913,True,2,15817,12,1
19913,True,2,3529,14,1
19891,True,2,19889,1,1
19891,True,2,11699,13,1
19891,True,2,19379,9,1
19891,True,2,19763,7,1
19919,True,2,15823,12,1
19927,True,2,19919,3,1
19937,True,2,19681,8,1
19937,True,2,18913,10,1
19961,False,,,,
19949,False,,,,
19973,True,2,19717,8,1
19973,True,2,15877,12,1
19963,True,2,19961,1,1
19979,True,2,19963,4,1
19991,True,2,3607,14,1
19991,True,2,19927,6,1
19993,True,2,19991,1,1
19993,True,2,19961,5,1
19993,True,2,11801,13,1
20011,True,2,19979,5,1
19997,True,2,3613,14,1
19997,True,2,18973,10,1
19997,True,2,19993,2,1
19997,True,2,15901,12,1
20029,True,2,20021,3,1
20029,True,2,17981,11,1
20029,True,2,19997,5,1
20023,True,2,19991,5,1
20023,True,2,20021,1,1
20023,True,2,11831,13,1
20021,True,2,3637,14,1
20051,True,2,20047,2,1
20047,True,2,19919,7,1
20063,True,2,20047,4,1
20089,True,2,11897,13,1
20089,True,2,19961,7,1
20089,True,2,18041,11,1
20089,True,2,19577,9,1
20071,True,2,19559,9,1
20071,True,2,20063,3,1
20107,True,2,18059,11,1
20107,True,2,19979,7,1
20101,True,2,19973,7,1
20101,True,2,11909,13,1
20113,False,,,,
20117,True,2,20113,2,1
20117,True,2,19861,8,1
20117,True,2,3733,14,1
20117,True,2,20101,4,1
20123,True,2,3739,14,1
20123,True,2,20107,4,1
20123,True,2,19867,8,1
20129,True,2,20113,4,1
20129,True,2,16033,12,1
20143,False,,,,
20149,True,2,20021,7,1
20149,True,2,20117,5,1
20149,True,2,20147,1,1
20147,True,2,20143,2,1
20147,True,2,19891,8,1
20173,True,2,19661,9,1
20173,True,2,11981,13,1
20161,True,2,11969,13,1
20161,True,2,20129,5,1
20177,True,2,20161,4,1
20177,True,2,3793,14,1
20177,True,2,20113,6,1
20177,True,2,20173,2,1
20201,False,,,,
20183,True,2,19927,8,1
20183,True,2,16087,12,1
20219,True,2,19963,8,1
20231,True,2,19207,10,1
20231,True,2,3847,14,1
20233,True,2,12041,13,1
20233,True,2,20201,5,1
20233,True,2,20231,1,1
20249,True,2,19993,8,1
20249,True,2,20233,4,1
20269,True,2,20261,3,1
20261,True,2,3877,14,1
20261,True,2,19237,10,1
20287,False,,,,
20323,False,,,,
20297,True,2,20233,6,1
20297,True,2,19273,10,1
20333,True,2,19309,10,1
20333,True,2,20269,6,1
20327,True,2,20323,2,1
20327,True,2,3943,14,1
20327,True,2,20071,8,1
20327,True,2,16231,12,1
20341,True,2,20333,3,1
20341,True,2,12149,13,1
20347,True,2,20219,7,1
20353,True,2,19841,9,1
20353,True,2,12161,13,1
20359,True,2,20327,5,1
20359,True,2,20357,1,1
20359,True,2,23,13,3
20359,True,2,20231,7,1
20359,True,2,18311,11,1
20357,True,2,20101,8,1
20357,True,2,20341,4,1
20357,True,2,19333,10,1
20357,True,2,20353,2,1
20389,True,2,20261,7,1
20389,True,2,12197,13,1
20389,True,2,18341,11,1
20389,True,2,20357,5,1
20369,True,2,20113,8,1
20369,True,2,16273,12,1
20369,True,2,20353,4,1
20393,True,2,20389,2,1
20399,True,2,20143,8,1
20407,True,2,20399,3,1
20411,True,2,20347,6,1
20411,True,2,20407,2,1
20411,True,2,4027,14,1
20411,True,2,19387,10,1
20431,True,2,20399,5,1
20431,True,2,12239,13,1
20431,True,2,19919,9,1
20443,True,2,12251,13,1
20443,True,2,20441,1,1
20443,True,2,20411,5,1
20441,True,2,19417,10,1
20441,True,2,4057,14,1
20479,True,2,20477,1,1
20477,True,2,4093,14,1
20477,True,2,16381,12,1
20483,True,2,4099,14,1
20483,True,2,20479,2,1
20509,True,2,18461,11,1
20509,True,2,20477,5,1
20509,True,2,20507,1,1
20509,True,2,19997,9,1
20507,True,2,20443,6,1
20507,True,2,16411,12,1
20507,True,2,19483,10,1
20521,True,2,12329,13,1
20521,True,2,20393,7,1
20533,True,2,20021,9,1
20543,True,2,16447,12,1
20543,True,2,4159,14,1
20543,True,2,20287,8,1
20543,True,2,20479,6,1
20549,True,2,20533,4,1
20549,True,2,16453,12,1
20563,True,2,20051,9,1
20551,True,2,20543,3,1
20551,True,2,20549,1,1
20551,True,2,18503,11,1
20593,True,2,12401,13,1
20611,True,2,20483,7,1
20599,False,,,,
20639,False,,,,
20627,True,2,20611,4,1
20627,True,2,20563,6,1
20627,True,2,19603,10,1
20627,True,2,4243,14,1
20641,True,2,18593,11,1
20641,True,2,20129,9,1
20641,True,2,20639,1,1
20681,True,2,4297,14,1
20663,True,2,20599,6,1
20663,True,2,16567,12,1
20663,True,2,20407,8,1
20693,False,,,,
20707,True,2,3,10,9
20717,False,,,,
20719,True,2,20717,1,1
20719,True,2,12527,13,1
20719,True,2,18671,11,1
20743,True,2,20231,9,1
20731,True,2,20219,9,1
20731,True,2,12539,13,1
20747,True,2,4363,14,1
20747,True,2,20731,4,1
20747,True,2,20743,2,1
20747,True,2,16651,12,1
20753,True,2,20749,2,1
20753,True,2,16657,12,1
20749,True,2,18701,11,1
20749,True,2,20717,5,1
20749,True,2,20747,1,1
20771,True,2,20707,6,1
20759,True,2,20743,4,1
20773,True,2,20771,1,1
20773,True,2,20261,9,1
20807,True,2,20743,6,1
20807,True,2,20551,8,1
20807,True,2,4423,14,1
20789,True,2,20533,8,1
20789,True,2,20773,4,1
20789,True,2,16693,12,1
20809,True,2,20681,7,1
20809,True,2,20297,9,1
20809,True,2,20807,1,1
20857,True,2,20849,3,1
20849,True,2,20593,8,1
20879,False,,,,
20873,True,2,20857,4,1
20873,True,2,20809,6,1
20873,True,2,67,14,2
20887,True,2,20759,7,1
20887,True,2,20879,3,1
20887,True,2,18839,11,1
20897,True,2,20641,8,1
20897,True,2,4513,14,1
20903,True,2,20887,4,1
20903,True,2,20899,2,1
20903,True,2,4519,14,1
20903,True,2,7,12,5
20921,True,2,20857,6,1
20899,True,2,20897,1,1
20899,True,2,20771,7,1
20929,True,2,20897,5,1
20929,True,2,20921,3,1
20947,True,2,20939,3,1
20947,True,2,18899,11,1
20963,True,2,20899,6,1
20963,True,2,20947,4,1
20963,True,2,20959,2,1
20963,True,2,20707,8,1
20959,True,2,18911,11,1
20939,True,2,16843,12,1
20981,True,2,4597,14,1
20983,True,2,20981,1,1
20983,True,2,12791,13,1
21001,True,2,12809,13,1
21001,True,2,20873,7,1
21011,True,2,20947,6,1
21013,True,2,21011,1,1
21013,True,2,20981,5,1
21013,True,2,12821,13,1
21017,True,2,19993,10,1
21017,True,2,21001,4,1
21017,True,2,16921,12,1
21017,True,2,21013,2,1
21031,True,2,20903,7,1
21031,True,2,21023,3,1
21019,True,2,21017,1,1
21019,True,2,20507,9,1
21019,True,2,21011,3,1
21023,True,2,16927,12,1
21023,True,2,20959,6,1
21023,True,2,4639,14,1
21023,True,2,21019,2,1
21059,True,2,16963,12,1
21061,True,2,20549,9,1
21061,True,2,19013,11,1
21061,True,2,21059,1,1
21089,True,2,16993,12,1
21101,False,,,,
21067,True,2,21059,3,1
21067,True,2,20939,7,1
21107,True,2,17011,12,1
21107,True,2,4723,14,1
21139,True,2,20627,9,1
21139,True,2,21011,7,1
21139,True,2,21107,5,1
21121,True,2,19073,11,1
21121,True,2,21089,5,1
21143,True,2,21139,2,1
21143,True,2,17047,12,1
21143,True,2,20887,8,1
21143,True,2,4759,14,1
21149,True,2,17053,12,1
21157,True,2,21149,3,1
21179,True,2,21163,4,1
21163,False,,,,
21169,True,2,19121,11,1
21187,True,2,21059,7,1
21187,True,2,21179,3,1
21187,True,2,19139,11,1
21191,True,2,21187,2,1
21193,True,2,20681,9,1
21193,True,2,13001,13,1
21193,True,2,21191,1,1
21211,True,2,21179,5,1
21211,True,2,19163,11,1
21221,True,2,21157,6,1
21227,True,2,21163,6,1
21227,True,2,21211,4,1
21247,False,,,,
21269,True,2,21013,8,1
21283,True,2,20771,9,1
21277,True,2,21269,3,1
21277,True,2,21149,7,1
21319,True,2,21317,1,1
21319,True,2,13127,13,1
21319,True,2,21191,7,1
21319,True,2,20807,9,1
21317,True,2,21313,2,1
21317,True,2,4933,14,1
21317,True,2,21061,8,1
21313,True,2,13121,13,1
21323,True,2,21319,2,1
21323,True,2,21067,8,1
21341,True,2,21277,6,1
21341,True,2,4957,14,1
21347,True,2,21283,6,1
21347,True,2,20323,10,1
21379,True,2,21377,1,1
21379,True,2,21347,5,1
21379,True,2,13187,13,1
21377,True,2,21121,8,1
21377,True,2,21313,6,1
21377,True,2,4993,14,1
21377,True,2,20353,10,1
21383,True,2,21379,2,1
21383,True,2,20359,10,1
21383,True,2,21319,6,1
21383,True,2,4999,14,1
21397,True,2,21269,7,1
21391,True,2,21383,3,1
21391,True,2,20879,9,1
21401,True,2,21397,2,1
21407,True,2,5023,14,1
21407,True,2,21391,4,1
21419,True,2,21163,8,1
21433,True,2,21401,5,1
21433,True,2,20921,9,1
21433,True,2,13241,13,1
21481,True,2,19433,11,1
21467,True,2,21211,8,1
21467,True,2,20443,10,1
21487,False,,,,
21491,True,2,21487,2,1
21491,True,2,5107,14,1
21493,True,2,20981,9,1
21493,True,2,21491,1,1
21499,True,2,21467,5,1
21499,True,2,21491,3,1
21503,True,2,21247,8,1
21503,True,2,5119,14,1
21503,True,2,21499,2,1
21503,True,2,20479,10,1
21503,True,2,21487,4,1
21517,True,2,19469,11,1
21523,True,2,21521,1,1
21523,True,2,13331,13,1
21523,True,2,21491,5,1
21523,True,2,21011,9,1
21529,True,2,13337,13,1
21529,True,2,21401,7,1
21529,True,2,21017,9,1
21529,True,2,21521,3,1
21521,True,2,21517,2,1
21557,True,2,21493,6,1
21557,True,2,20533,10,1
21559,True,2,21557,1,1
21559,True,2,13367,13,1
21563,True,2,21559,2,1
21563,True,2,5179,14,1
21563,True,2,21499,6,1
21563,True,2,17467,12,1
21587,True,2,17491,12,1
21587,True,2,21523,6,1
21587,True,2,20563,10,1
21577,True,2,21569,3,1
21569,True,2,21313,8,1
21589,True,2,19541,11,1
21589,True,2,21587,1,1
21589,True,2,21557,5,1
21589,True,2,13397,13,1
21599,False,,,,
21601,True,2,19553,11,1
21601,True,2,21569,5,1
21601,True,2,21599,1,1
21601,True,2,21089,9,1
21613,True,2,13421,13,1
21613,True,2,21611,1,1
21613,True,2,21101,9,1
21611,True,2,5227,14,1
21617,True,2,20593,10,1
21617,True,2,21601,4,1
21617,True,2,5233,14,1
21617,True,2,21613,2,1
21647,True,2,21391,8,1
21647,True,2,17551,12,1
21649,True,2,13457,13,1
21649,True,2,21647,1,1
21649,True,2,21617,5,1
21649,True,2,21521,7,1
21673,False,,,,
21661,True,2,21149,9,1
21661,True,2,13469,13,1
21683,False,,,,
21701,False,,,,
21713,True,2,21649,6,1
21713,True,2,73,14,2
21727,True,2,21599,7,1
21737,True,2,21481,8,1
21737,True,2,21673,6,1
21751,False,,,,
21739,True,2,21737,1,1
21739,True,2,21227,9,1
21739,True,2,21611,7,1
21767,True,2,20743,10,1
21767,True,2,21751,4,1
21757,True,2,19709,11,1
21773,True,2,21517,8,1
21773,True,2,20749,10,1
21773,True,2,21757,4,1
21787,True,2,19739,11,1
21799,True,2,21767,5,1
21799,True,2,19751,11,1
21817,False,,,,
21803,True,2,21787,4,1
21803,True,2,5419,14,1
21803,True,2,21739,6,1
21803,True,2,17707,12,1
21803,True,2,21799,2,1
21821,True,2,5437,14,1
21821,True,2,21817,2,1
21821,True,2,21757,6,1
21839,False,,,,
21841,True,2,13649,13,1
21841,True,2,19793,11,1
21841,True,2,21839,1,1
21841,True,2,21713,7,1
21863,True,2,21859,2,1
21863,True,2,21799,6,1
21863,True,2,5479,14,1
21871,True,2,13679,13,1
21871,True,2,21863,3,1
21871,True,2,21839,5,1
21859,True,2,21347,9,1
21859,True,2,21851,3,1
21851,True,2,21787,6,1
21881,True,2,20857,10,1
21881,True,2,21817,6,1
21893,False,,,,
21911,True,2,20887,10,1
21911,True,2,5527,14,1
21937,True,2,19889,11,1
21937,True,2,21929,3,1
21943,True,2,21911,5,1
21943,True,2,13751,13,1
21929,True,2,21673,8,1
21961,True,2,19913,11,1
21961,True,2,21929,5,1
21977,True,2,17881,12,1
21977,True,2,21961,4,1
21991,True,2,13799,13,1
21991,True,2,21863,7,1
21997,True,2,19949,11,1
22003,True,2,21491,9,1
22027,True,2,19979,11,1
22013,True,2,21997,4,1
22013,True,2,21757,8,1
22039,True,2,22037,1,1
22039,True,2,21911,7,1
22039,True,2,22031,3,1
22039,True,2,19991,11,1
22051,True,2,13859,13,1
22037,True,2,5653,14,1
22037,True,2,21013,10,1
22031,True,2,22027,2,1
22031,True,2,5647,14,1
22063,True,2,22031,5,1
22079,True,2,22063,4,1
22073,True,2,21817,8,1
22073,True,2,17977,12,1
22073,True,2,5689,14,1
22067,True,2,22063,2,1
22067,True,2,17971,12,1
22067,True,2,22051,4,1
22067,True,2,22003,6,1
22067,True,2,5683,14,1
22091,True,2,22027,6,1
22091,True,2,21067,10,1
22109,True,2,18013,12,1
22109,True,2,22093,4,1
22093,True,2,13901,13,1
22093,True,2,22091,1,1
22111,True,2,21599,9,1
22111,True,2,22079,5,1
22111,True,2,20063,11,1
22111,True,2,22109,1,1
22129,True,2,21617,9,1
22123,True,2,22091,5,1
22123,True,2,21611,9,1
22123,True,2,13931,13,1
22133,True,2,5749,14,1
22133,True,2,22129,2,1
22153,False,,,,
22157,True,2,18061,12,1
22157,True,2,22153,2,1
22157,True,2,22093,6,1
22147,False,,,,
22159,True,2,21647,9,1
22159,True,2,22157,1,1
22159,True,2,13967,13,1
22159,True,2,22031,7,1
22171,True,2,20123,11,1
22193,True,2,22189,2,1
22193,True,2,22129,6,1
22193,True,2,21937,8,1
22193,True,2,18097,12,1
22193,True,2,21169,10,1
22189,True,2,13997,13,1
22189,True,2,22157,5,1
22229,True,2,18133,12,1
22247,True,2,21991,8,1
22273,True,2,22271,1,1
22273,True,2,14081,13,1
22277,True,2,18181,12,1
22277,True,2,22273,2,1
22271,True,2,21247,10,1
22259,True,2,22003,8,1
22283,True,2,22279,2,1
22283,True,2,22027,8,1
22279,True,2,22271,3,1
22279,True,2,20231,11,1
22279,True,2,22277,1,1
22279,True,2,21767,9,1
22279,True,2,14087,13,1
22279,True,2,22247,5,1
22291,True,2,22259,5,1
22291,True,2,22283,3,1
22303,True,2,22271,5,1
22307,True,2,18211,12,1
22307,True,2,22303,2,1
22307,True,2,21283,10,1
22307,True,2,5923,14,1
22307,True,2,22291,4,1
22307,True,2,22051,8,1
22343,True,2,21319,10,1
22343,True,2,22279,6,1
22349,True,2,22093,8,1
22349,True,2,18253,12,1
22369,True,2,14177,13,1
22369,True,2,22367,1,1
22367,True,2,22111,8,1
22367,True,2,22303,6,1
22391,True,2,6007,14,1
22381,True,2,20333,11,1
22381,True,2,22349,5,1
22397,True,2,22381,4,1
22397,True,2,18301,12,1
22409,True,2,18313,12,1
22409,True,2,22153,8,1
22441,True,2,14249,13,1
22441,True,2,22433,3,1
22441,True,2,20393,11,1
22441,True,2,21929,9,1
22441,True,2,22409,5,1
22447,True,2,20399,11,1
22433,True,2,22369,6,1
22469,True,2,22453,4,1
22481,False,,,,
22453,False,,,,
22483,True,2,22481,1,1
22511,True,2,21487,10,1
22511,True,2,22447,6,1
22501,True,2,22469,5,1
22541,True,2,21517,10,1
22543,True,2,22541,1,1
22543,True,2,22031,9,1
22543,True,2,22511,5,1
22549,True,2,22541,3,1
22549,True,2,22037,9,1
22531,True,2,20483,11,1
22571,True,2,22567,2,1
22573,True,2,22571,1,1
22573,True,2,22541,5,1
22567,False,,,,
22619,True,2,18523,12,1
22637,True,2,22573,6,1
22637,True,2,18541,12,1
22637,True,2,22381,8,1
22637,True,2,22621,4,1
22637,True,2,21613,10,1
22613,True,2,22549,6,1
22613,True,2,6229,14,1
22613,True,2,21589,10,1
22613,True,2,18517,12,1
22621,True,2,22613,3,1
22621,True,2,22109,9,1
22621,True,2,22619,1,1
22639,True,2,22511,7,1
22639,True,2,14447,13,1
22639,True,2,22637,1,1
22669,True,2,22541,7,1
22669,True,2,22637,5,1
22669,True,2,22157,9,1
22651,True,2,22619,5,1
22651,True,2,22643,3,1
22679,True,2,18583,12,1
22643,True,2,22639,2,1
22691,False,,,,
22699,True,2,22691,3,1
22699,True,2,22571,7,1
22699,True,2,22697,1,1
22709,True,2,22453,8,1
22697,True,2,22441,8,1
22697,True,2,21673,10,1
22721,True,2,6337,14,1
22721,True,2,22717,2,1
22717,True,2,22709,3,1
22727,True,2,6343,14,1
22739,True,2,22483,8,1
22741,True,2,22613,7,1
22741,True,2,14549,13,1
22741,True,2,22739,1,1
22741,True,2,20693,11,1
22741,True,2,22709,5,1
22741,True,2,22229,9,1
22769,False,,,,
22751,True,2,6367,14,1
22751,True,2,21727,10,1
22777,True,2,22769,3,1
22787,True,2,22531,8,1
22787,True,2,18691,12,1
22787,True,2,22783,2,1
22783,True,2,22271,9,1
22783,True,2,22751,5,1
22783,True,2,14591,13,1
22811,True,2,21787,10,1
22811,True,2,22807,2,1
22811,True,2,6427,14,1
22807,True,2,20759,11,1
22807,True,2,22679,7,1
22817,True,2,151,4,2
22853,True,2,18757,12,1
22853,True,2,6469,14,1
22859,False,,,,
22871,True,2,22807,6,1
22861,True,2,22859,1,1
22861,True,2,14669,13,1
22861,True,2,22349,9,1
22861,True,2,22853,3,1
22877,True,2,22621,8,1
22877,True,2,22861,4,1
22901,False,,,,
22907,True,2,22651,8,1
22921,True,2,20873,11,1
22921,True,2,22409,9,1
22937,True,2,22921,4,1
22937,True,2,6553,14,1
22943,False,,,,
22961,True,2,6577,14,1
22961,True,2,21937,10,1
23003,True,2,6619,14,1
22963,True,2,14771,13,1
22963,True,2,22961,1,1
22993,True,2,22961,5,1
22993,True,2,22481,9,1
22973,True,2,22717,8,1
23011,True,2,23003,3,1
23011,True,2,20963,11,1
23027,True,2,22963,6,1
23027,True,2,22003,10,1
23027,True,2,23011,4,1
23021,True,2,6637,14,1
23021,True,2,21997,10,1
23021,True,2,23017,2,1
23017,False,,,,
23029,True,2,23021,3,1
23029,True,2,20981,11,1
23029,True,2,23027,1,1
23029,True,2,22901,7,1
23039,True,2,22783,8,1
23041,True,2,23039,1,1
23057,True,2,23053,2,1
23057,True,2,23041,4,1
23057,True,2,151,8,2
23057,True,2,22993,6,1
23057,True,2,6673,14,1
23053,True,2,23021,5,1
23053,True,2,22541,9,1
23059,True,2,23057,1,1
23059,True,2,23027,5,1
23059,True,2,14867,13,1
23059,True,2,21011,11,1
23071,True,2,22943,7,1
23071,True,2,23039,5,1
23071,True,2,14879,13,1
23071,True,2,23063,3,1
23071,True,2,21023,11,1
23087,True,2,6703,14,1
23087,True,2,22063,10,1
23087,True,2,23071,4,1
23063,True,2,23059,2,1
23063,True,2,22807,8,1
23063,True,2,6679,14,1
23063,True,2,22039,10,1
23081,True,2,23017,6,1
23099,False,,,,
23117,True,2,22861,8,1
23117,True,2,6733,14,1
23117,True,2,22093,10,1
23117,True,2,23053,6,1
23159,True,2,23143,4,1
23143,True,2,14951,13,1
23131,True,2,22619,9,1
23131,True,2,14939,13,1
23131,True,2,23003,7,1
23131,True,2,23099,5,1
23167,True,2,23039,7,1
23167,True,2,23159,3,1
23173,False,,,,
23189,True,2,23173,4,1
23201,True,2,23197,2,1
23203,True,2,22691,9,1
23203,True,2,23201,1,1
23209,True,2,23201,3,1
23209,True,2,23081,7,1
23209,True,2,22697,9,1
23209,True,2,15017,13,1
23197,True,2,23189,3,1
23197,True,2,21149,11,1
23227,True,2,23099,7,1
23227,True,2,21179,11,1
23251,True,2,22739,9,1
23269,True,2,21221,11,1
23269,True,2,15077,13,1
23279,True,2,19183,12,1
23291,True,2,6907,14,1
23291,True,2,23227,6,1
23293,True,2,15101,13,1
23293,True,2,23291,1,1
23297,True,2,23293,2,1
23297,True,2,22273,10,1
23297,True,2,23041,8,1
23327,True,2,23311,4,1
23327,True,2,23071,8,1
23327,True,2,19231,12,1
23327,True,2,22303,10,1
23321,False,,,,
23333,True,2,23269,6,1
23333,True,2,19237,12,1
23333,True,2,6949,14,1
23311,True,2,23279,5,1
23339,False,,,,
23357,True,2,23293,6,1
23369,True,2,19273,12,1
23399,True,2,23143,8,1
23371,True,2,23369,1,1
23371,True,2,22859,9,1
23371,True,2,21323,11,1
23371,True,2,23339,5,1
23417,True,2,139,12,2
23431,True,2,23399,5,1
23431,True,2,21383,11,1
23447,True,2,23431,4,1
23473,True,2,22961,9,1
23459,True,2,23203,8,1
23497,True,2,23369,7,1
23509,False,,,,
23531,False,,,,
23549,True,2,23293,8,1
23539,True,2,23537,1,1
23539,True,2,23027,9,1
23539,True,2,23531,3,1
23539,True,2,21491,11,1
23537,True,2,23473,6,1
23537,True,2,19441,12,1
23557,True,2,23549,3,1
23561,True,2,23497,6,1
23561,True,2,7177,14,1
23561,True,2,23557,2,1
23563,True,2,23561,1,1
23563,True,2,23531,5,1
23581,True,2,23549,5,1
23593,True,2,23561,5,1
23593,True,2,15401,13,1
23593,True,2,23081,9,1
23567,True,2,22543,10,1
23567,True,2,23563,2,1
23567,True,2,23311,8,1
23567,True,2,19471,12,1
23599,True,2,23567,5,1
23599,True,2,23087,9,1
23603,True,2,23599,2,1
23603,True,2,23539,6,1
23603,True,2,19507,12,1
23603,True,2,7219,14,1
23609,True,2,23593,4,1
23629,True,2,23627,1,1
23629,True,2,23117,9,1
23623,False,,,,
23633,True,2,23629,2,1
23627,True,2,23623,2,1
23627,True,2,7243,14,1
23627,True,2,19531,12,1
23627,True,2,23371,8,1
23627,True,2,23563,6,1
23663,True,2,23599,6,1
23663,True,2,22639,10,1
23671,True,2,23669,1,1
23671,True,2,23159,9,1
23671,True,2,23663,3,1
23669,False,,,,
23677,True,2,23549,7,1
23677,True,2,23669,3,1
23687,True,2,23671,4,1
23687,True,2,23431,8,1
23687,True,2,23623,6,1
23689,True,2,23687,1,1
23689,True,2,23561,7,1
23689,True,2,15497,13,1
23741,True,2,23677,6,1
23741,True,2,22717,10,1
23743,True,2,23741,1,1
23743,True,2,15551,13,1
23719,True,2,23687,5,1
23719,True,2,15527,13,1
23747,True,2,23743,2,1
23761,True,2,23753,3,1
23761,True,2,23633,7,1
23761,True,2,15569,13,1
23761,True,2,21713,11,1
23753,True,2,23689,6,1
23753,True,2,7369,14,1
23753,True,2,23497,8,1
23773,True,2,23741,5,1
23773,True,2,15581,13,1
23767,False,,,,
23789,True,2,23773,4,1
23801,True,2,22777,10,1
23801,True,2,7417,14,1
23813,True,2,23557,8,1
23813,True,2,19717,12,1
23827,True,2,23819,3,1
23831,True,2,23767,6,1
23831,True,2,22807,10,1
23831,True,2,23827,2,1
23819,True,2,23563,8,1
23833,True,2,23801,5,1
23833,True,2,23831,1,1
23833,True,2,23321,9,1
23833,True,2,15641,13,1
23857,False,,,,
23879,True,2,23623,8,1
23869,True,2,21821,11,1
23869,True,2,23357,9,1
23869,True,2,23741,7,1
23873,True,2,23857,4,1
23873,True,2,23869,2,1
23873,True,2,7489,14,1
23873,True,2,19777,12,1
23887,True,2,23879,3,1
23887,True,2,21839,11,1
23893,False,,,,
23899,True,2,21851,11,1
23911,True,2,23909,1,1
23911,True,2,23399,9,1
23911,True,2,23879,5,1
23911,True,2,21863,11,1
23909,True,2,19813,12,1
23909,True,2,23893,4,1
23917,True,2,23909,3,1
23917,True,2,23789,7,1
23957,True,2,19861,12,1
23957,True,2,7573,14,1
23957,True,2,23893,6,1
23929,True,2,21881,11,1
23929,True,2,15737,13,1
23929,True,2,23417,9,1
23929,True,2,23801,7,1
23977,True,2,21929,11,1
23971,True,2,23459,9,1
23981,True,2,23917,6,1
23981,True,2,23977,2,1
23993,True,2,23977,4,1
23993,True,2,23929,6,1
24001,True,2,15809,13,1
24001,True,2,23873,7,1
24001,True,2,23993,3,1
24019,False,,,,
24007,True,2,23879,7,1
24023,True,2,19927,12,1
24023,True,2,23767,8,1
24023,True,2,24019,2,1
24023,True,2,24007,4,1
24023,True,2,7639,14,1
24029,True,2,23773,8,1
24043,True,2,23531,9,1
24049,True,2,23537,9,1
24071,True,2,24007,6,1
24071,True,2,7687,14,1
24077,True,2,24061,4,1
24077,True,2,23053,10,1
24061,True,2,22013,11,1
24061,True,2,24029,5,1
24061,True,2,23549,9,1
24097,False,,,,
24091,True,2,24083,3,1
24083,True,2,23059,10,1
24083,True,2,23827,8,1
24083,True,2,24019,6,1
24083,True,2,7699,14,1
24103,True,2,24071,5,1
24107,True,2,20011,12,1
24107,True,2,24103,2,1
24107,True,2,24091,4,1
24107,True,2,7723,14,1
24107,True,2,24043,6,1
24109,True,2,24077,5,1
24109,True,2,24107,1,1
24109,True,2,23981,7,1
24121,True,2,24113,3,1
24121,True,2,22073,11,1
24121,True,2,23609,9,1
24121,True,2,23993,7,1
24113,True,2,23857,8,1
24113,True,2,24097,4,1
24113,True,2,24049,6,1
24113,True,2,24109,2,1
24133,False,,,,
24137,True,2,7753,14,1
24137,True,2,24133,2,1
24137,True,2,24121,4,1
24179,False,,,,
24181,True,2,22133,11,1
24181,True,2,24179,1,1
24181,True,2,23669,9,1
24151,True,2,15959,13,1
24151,True,2,24023,7,1
24169,True,2,24137,5,1
24197,True,2,24181,4,1
24197,True,2,24133,6,1
24197,True,2,20101,12,1
24197,True,2,23173,10,1
24203,True,2,20107,12,1
24223,False,,,,
24239,True,2,24223,4,1
24239,True,2,20143,12,1
24247,True,2,24239,3,1
24229,True,2,24197,5,1
24251,True,2,7867,14,1
24251,True,2,24247,2,1
24251,True,2,23227,10,1
24281,False,,,,
24317,True,2,24061,8,1
24317,True,2,23293,10,1
24317,True,2,7933,14,1
24329,True,2,20233,12,1
24359,True,2,24103,8,1
24337,True,2,24329,3,1
24371,False,,,,
24379,True,2,16187,13,1
24379,True,2,24251,7,1
24379,True,2,24371,3,1
24391,True,2,23879,9,1
24391,True,2,22343,11,1
24391,True,2,29,1,3
24391,True,2,24359,5,1
24373,True,2,24371,1,1
24413,False,,,,
24407,True,2,24151,8,1
24407,True,2,24391,4,1
24421,True,2,23909,9,1
24421,True,2,24419,1,1
24421,True,2,24413,3,1
24421,True,2,29,5,3
24421,True,2,16229,13,1
24439,True,2,22391,11,1
24439,True,2,24407,5,1
24443,True,2,24379,6,1
24443,True,2,24439,2,1
24443,True,2,8059,14,1
24443,True,2,20347,12,1
24419,True,2,20323,12,1
24469,True,2,23957,9,1
24473,True,2,8089,14,1
24473,True,2,24469,2,1
24481,True,2,24473,3,1
24481,True,2,22433,11,1
24509,False,,,,
24499,True,2,24371,7,1
24517,True,2,24509,3,1
24517,True,2,29,7,3
24517,True,2,22469,11,1
24527,True,2,20431,12,1
24533,True,2,24517,4,1
24533,True,2,24469,6,1
24533,True,2,23509,10,1
24547,True,2,24419,7,1
24551,True,2,8167,14,1
24551,True,2,24547,2,1
24571,True,2,24443,7,1
24593,True,2,8209,14,1
24593,True,2,24337,8,1
24623,True,2,23599,10,1
24631,True,2,24623,3,1
24611,True,2,24547,6,1
24659,True,2,20563,12,1
24677,True,2,24421,8,1
24677,True,2,8293,14,1
24671,True,2,8287,14,1
24691,True,2,24659,5,1
24691,True,2,24683,3,1
24691,True,2,22643,11,1
24691,True,2,24179,9,1
24683,False,,,,
24733,False,,,,
24697,False,,,,
24709,True,2,24197,9,1
24709,True,2,24677,5,1
24749,True,2,24733,4,1
24763,True,2,24251,9,1
24767,True,2,23743,10,1
24767,True,2,24763,2,1
24781,True,2,24749,5,1
24799,True,2,24767,5,1
24799,True,2,24671,7,1
24799,True,2,22751,11,1
24799,True,2,16607,13,1
24809,True,2,24793,4,1
24793,True,2,24281,9,1
24821,False,,,,
24841,True,2,24809,5,1
24841,True,2,16649,13,1
24841,True,2,24329,9,1
24847,False,,,,
24859,True,2,24851,3,1
24859,True,2,22811,11,1
24851,True,2,8467,14,1
24851,True,2,24847,2,1
24851,True,2,23827,10,1
24877,True,2,24749,7,1
24889,False,,,,
24907,True,2,22859,11,1
24919,True,2,24407,9,1
24919,True,2,22871,11,1
24919,True,2,24917,1,1
24923,True,2,24907,4,1
24923,True,2,23899,10,1
24923,True,2,24859,6,1
24923,True,2,8539,14,1
24923,True,2,24919,2,1
24917,True,2,23893,10,1
24943,False,,,,
24953,True,2,24697,8,1
24953,True,2,20857,12,1
24953,True,2,24889,6,1
24953,True,2,23929,10,1
24967,False,,,,
24971,True,2,24967,2,1
24971,True,2,24907,6,1
24977,False,,,,
24979,True,2,24977,1,1
24979,True,2,24851,7,1
24979,True,2,24971,3,1
24979,True,2,16787,13,1
24989,True,2,24733,8,1
25013,True,2,8629,14,1
25031,True,2,24007,10,1
25031,True,2,8647,14,1
25031,True,2,24967,6,1
25037,True,2,25033,2,1
25037,True,2,24781,8,1
25033,True,2,25031,1,1
25057,False,,,,
25073,True,2,25057,4,1
25073,True,2,8689,14,1
25073,True,2,24049,10,1
25087,True,2,23039,11,1
25111,True,2,23063,11,1
25097,True,2,24841,8,1
25097,True,2,25033,6,1
25097,True,2,21001,12,1
25097,True,2,8713,14,1
25117,True,2,24989,7,1
25127,True,2,24103,10,1
25127,True,2,25111,4,1
25127,True,2,21031,12,1
25147,True,2,23099,11,1
25121,True,2,25057,6,1
25121,True,2,25117,2,1
25121,True,2,24097,10,1
25121,True,2,8737,14,1
25163,True,2,25147,4,1
25163,True,2,8779,14,1
25163,True,2,24907,8,1
25163,True,2,21067,12,1
25169,True,2,25153,4,1
25171,True,2,24659,9,1
25171,True,2,16979,13,1
25171,True,2,25169,1,1
25171,True,2,25163,3,1
25153,True,2,25121,5,1
25183,True,2,24671,9,1
25189,True,2,24677,9,1
25229,False,,,,
25219,True,2,17027,13,1
25237,True,2,23189,11,1
25237,True,2,25229,3,1
25243,False,,,,
25253,True,2,21157,12,1
25253,True,2,24229,10,1
25253,True,2,25237,4,1
25253,True,2,25189,6,1
25247,True,2,25243,2,1
25247,True,2,25183,6,1
25247,True,2,8863,14,1
25247,True,2,24223,10,1
25261,True,2,25229,5,1
25261,True,2,24749,9,1
25261,True,2,25253,3,1
25301,True,2,25237,6,1
25309,True,2,25307,1,1
25309,True,2,17117,13,1
25309,True,2,25301,3,1
25321,True,2,24809,9,1
25303,True,2,25301,1,1
25307,True,2,25303,2,1
25307,True,2,25243,6,1
25307,True,2,21211,12,1
25307,True,2,8923,14,1
25339,True,2,25307,5,1
25339,True,2,23291,11,1
25343,True,2,21247,12,1
25343,True,2,25087,8,1
25343,True,2,25339,2,1
25349,False,,,,
25357,True,2,25349,3,1
25357,True,2,25229,7,1
25367,True,2,25111,8,1
25367,True,2,25303,6,1
25373,True,2,21277,12,1
25373,True,2,25357,4,1
25373,True,2,25309,6,1
25373,True,2,25117,8,1
25409,True,2,21313,12,1
25409,True,2,25153,8,1
25391,True,2,9007,14,1
25411,True,2,25409,1,1
25423,True,2,17231,13,1
25423,True,2,25391,5,1
25439,True,2,25183,8,1
25439,True,2,25423,4,1
25453,False,,,,
25457,True,2,25453,2,1
25447,True,2,25439,3,1
25447,True,2,23399,11,1
25469,True,2,25453,4,1
25463,True,2,24439,10,1
25463,True,2,25447,4,1
25471,True,2,25469,1,1
25471,True,2,25343,7,1
25471,True,2,25463,3,1
25471,True,2,25439,5,1
25523,True,2,24499,10,1
25537,True,2,25409,7,1
25541,True,2,9157,14,1
25541,True,2,24517,10,1
25541,True,2,25537,2,1
25561,False,,,,
25579,True,2,25577,1,1
25579,True,2,17387,13,1
25579,True,2,23531,11,1
25583,True,2,25579,2,1
25583,True,2,21487,12,1
25583,True,2,9199,14,1
25577,True,2,25321,8,1
25577,True,2,21481,12,1
25577,True,2,25561,4,1
25589,True,2,21493,12,1
25603,True,2,25601,1,1
25601,True,2,25537,6,1
25609,True,2,17417,13,1
25609,True,2,25097,9,1
25609,True,2,25577,5,1
25609,True,2,25601,3,1
25609,True,2,23561,11,1
25621,True,2,25589,5,1
25639,True,2,25127,9,1
25633,True,2,25601,5,1
25633,True,2,25121,9,1
25643,True,2,25639,2,1
25643,True,2,25579,6,1
25667,True,2,25411,8,1
25667,True,2,9283,14,1
25667,True,2,25603,6,1
25673,True,2,25609,6,1
25673,True,2,157,10,2
25673,True,2,21577,12,1
25673,True,2,25657,4,1
25657,True,2,23609,11,1
25679,True,2,25423,8,1
25703,True,2,25447,8,1
25703,True,2,9319,14,1
25703,True,2,25639,6,1
25717,True,2,25589,7,1
25717,True,2,23669,11,1
25693,False,,,,
25733,True,2,24709,10,1
25733,True,2,25717,4,1
25733,True,2,9349,14,1
25741,True,2,25733,3,1
25741,True,2,25229,9,1
25747,False,,,,
25759,True,2,25247,9,1
25763,True,2,25747,4,1
25763,True,2,25759,2,1
25771,True,2,25763,3,1
25771,True,2,25643,7,1
25771,True,2,17579,13,1
25793,True,2,25537,8,1
25793,True,2,97,14,2
25799,False,,,,
25801,True,2,25799,1,1
25801,True,2,25793,3,1
25801,True,2,23753,11,1
25801,True,2,25673,7,1
25801,True,2,17609,13,1
25819,True,2,17627,13,1
25819,True,2,25307,9,1
25841,False,,,,
25847,True,2,21751,12,1
25847,True,2,9463,14,1
25849,True,2,25847,1,1
25849,True,2,17657,13,1
25849,True,2,25841,3,1
25849,True,2,23801,11,1
25867,True,2,23819,11,1
25889,True,2,25873,4,1
25889,True,2,25633,8,1
25903,True,2,25391,9,1
25873,True,2,25841,5,1
25873,True,2,17681,13,1
25913,True,2,25849,6,1
25913,True,2,21817,12,1
25913,True,2,24889,10,1
25913,True,2,25657,8,1
25931,True,2,25867,6,1
25931,True,2,24907,10,1
25931,True,2,9547,14,1
25919,True,2,25903,4,1
25933,True,2,25931,1,1
25939,True,2,17747,13,1
25939,True,2,25931,3,1
25943,True,2,25939,2,1
25943,True,2,24919,10,1
25951,True,2,25943,3,1
25951,True,2,25919,5,1
25951,True,2,25439,9,1
25969,True,2,25457,9,1
25969,True,2,25841,7,1
25997,True,2,25981,4,1
25997,True,2,9613,14,1
25997,True,2,25933,6,1
25997,True,2,25741,8,1
25981,True,2,25469,9,1
25981,True,2,17789,13,1
25999,True,2,25997,1,1
25999,True,2,17807,13,1
26017,True,2,25889,7,1
26021,True,2,26017,2,1
26003,True,2,25747,8,1
26003,True,2,24979,10,1
26003,True,2,9619,14,1
26003,True,2,25939,6,1
26003,True,2,25999,2,1
26041,True,2,25913,7,1
26041,True,2,23993,11,1
26053,True,2,26021,5,1
26053,True,2,25541,9,1
26029,True,2,23981,11,1
26029,True,2,25997,5,1
26029,True,2,17837,13,1
26029,True,2,26021,3,1
26083,True,2,17891,13,1
26099,True,2,26083,4,1
26099,True,2,22003,12,1
26107,True,2,26099,3,1
26119,True,2,26111,3,1
26119,True,2,24071,11,1
26113,True,2,17921,13,1
26113,True,2,25601,9,1
26113,True,2,26111,1,1
26141,True,2,25117,10,1
26111,True,2,26107,2,1
26111,True,2,25087,10,1
26153,True,2,9769,14,1
26161,True,2,24113,11,1
26161,True,2,26153,3,1
26183,True,2,26119,6,1
26171,True,2,26107,6,1
26171,True,2,25147,10,1
26171,True,2,9787,14,1
26177,True,2,26161,4,1
26177,True,2,26113,6,1
26177,True,2,25153,10,1
26203,True,2,26171,5,1
26189,True,2,25933,8,1
26189,True,2,22093,12,1
26209,True,2,26177,5,1
26227,True,2,26099,7,1
26227,True,2,24179,11,1
26237,True,2,25981,8,1
26249,True,2,22153,12,1
26263,True,2,26261,1,1
26251,True,2,18059,13,1
26251,True,2,24203,11,1
26251,True,2,26249,1,1
26261,True,2,25237,10,1
26267,True,2,22171,12,1
26267,True,2,25243,10,1
26267,True,2,9883,14,1
26267,True,2,26263,2,1
26267,True,2,26251,4,1
26267,True,2,26203,6,1
26293,True,2,26261,5,1
26297,True,2,26293,2,1
26297,True,2,149,12,2
26297,True,2,26041,8,1
26309,True,2,26293,4,1
26309,True,2,26053,8,1
26317,True,2,26189,7,1
26317,True,2,26309,3,1
26321,True,2,26317,2,1
26339,True,2,26083,8,1
26371,True,2,26339,5,1
26387,True,2,22291,12,1
26387,True,2,26371,4,1
26357,True,2,26293,6,1
26357,True,2,9973,14,1
26347,True,2,26339,3,1
26393,True,2,10009,14,1
26399,True,2,22303,12,1
26423,True,2,26407,4,1
26423,True,2,10039,14,1
26417,True,2,26161,8,1
26407,True,2,24359,11,1
26407,True,2,26399,3,1
26431,True,2,26399,5,1
26431,True,2,26423,3,1
26431,True,2,25919,9,1
26437,True,2,29,11,3
26437,True,2,26309,7,1
26449,True,2,26417,5,1
26449,True,2,18257,13,1
26449,True,2,26321,7,1
26479,True,2,18287,13,1
26489,False,,,,
26459,True,2,26203,8,1
26501,True,2,26497,2,1
26501,True,2,26437,6,1
26513,True,2,26497,4,1
26513,True,2,26449,6,1
26497,True,2,26489,3,1
26557,True,2,24509,11,1
26539,False,,,,
26561,True,2,26497,6,1
26561,True,2,26557,2,1
26561,True,2,10177,14,1
26561,True,2,25537,10,1
26573,True,2,163,2,2
26573,True,2,26317,8,1
26573,True,2,26557,4,1
26591,False,,,,
26627,True,2,25603,10,1
26627,True,2,26371,8,1
26627,True,2,22531,12,1
26627,True,2,10243,14,1
26597,True,2,22501,12,1
26647,False,,,,
26641,True,2,26633,3,1
26641,True,2,26513,7,1
26641,True,2,24593,11,1
26633,True,2,25609,10,1
26633,True,2,163,6,2
26681,True,2,25657,10,1
26669,True,2,22573,12,1
26687,True,2,26431,8,1
26687,True,2,10303,14,1
26687,True,2,26683,2,1
26683,True,2,26681,1,1
26683,True,2,26171,9,1
26693,True,2,26437,8,1
26701,True,2,26669,5,1
26701,True,2,26189,9,1
26701,True,2,26693,3,1
26701,True,2,26573,7,1
26701,True,2,26699,1,1
26713,True,2,26711,1,1
26713,True,2,26681,5,1
26713,True,2,18521,13,1
26699,True,2,26683,4,1
26711,True,2,26647,6,1
26723,False,,,,
26717,True,2,26701,4,1
26717,True,2,26713,2,1
26717,True,2,25693,10,1
26717,True,2,10333,14,1
26717,True,2,22621,12,1
26731,True,2,18539,13,1
26731,True,2,24683,11,1
26731,True,2,26723,3,1
26731,True,2,26699,5,1
26731,True,2,26729,1,1
26729,True,2,26713,4,1
26737,True,2,26729,3,1
26759,False,,,,
26777,True,2,26713,6,1
26801,True,2,26737,6,1
26783,True,2,10399,14,1
26783,True,2,25759,10,1
26821,True,2,26693,7,1
26821,True,2,26309,9,1
26821,True,2,26813,3,1
26813,True,2,22717,12,1
26813,True,2,10429,14,1
26813,True,2,26557,8,1
26833,True,2,26801,5,1
26833,True,2,26321,9,1
26861,True,2,10477,14,1
26849,True,2,26833,4,1
26839,True,2,26711,7,1
26879,True,2,22783,12,1
26879,True,2,26863,4,1
26881,True,2,26849,5,1
26881,True,2,26879,1,1
26863,True,2,26861,1,1
26863,True,2,18671,13,1
26891,True,2,25867,10,1
26893,True,2,26891,1,1
26893,True,2,26861,5,1
26893,True,2,18701,13,1
26903,True,2,26647,8,1
26903,True,2,22807,12,1
26903,True,2,26839,6,1
26927,True,2,25903,10,1
26927,True,2,26863,6,1
26921,False,,,,
26947,False,,,,
26951,True,2,10567,14,1
26951,True,2,26947,2,1
26981,True,2,10597,14,1
26953,True,2,26921,5,1
26953,True,2,26951,1,1
26987,True,2,26731,8,1
26959,True,2,26927,5,1
26959,True,2,26951,3,1
26993,True,2,25969,10,1
26993,True,2,26737,8,1
26993,True,2,103,14,2
27017,True,2,22921,12,1
27017,True,2,26953,6,1
27031,True,2,18839,13,1
27031,True,2,26903,7,1
27011,True,2,26947,6,1
27011,True,2,10627,14,1
27043,True,2,27011,5,1
27059,True,2,27043,4,1
27059,True,2,22963,12,1
27061,True,2,25013,11,1
27061,True,2,27059,1,1
27061,True,2,18869,13,1
27067,True,2,27059,3,1
27073,True,2,26561,9,1
27077,True,2,27061,4,1
27077,True,2,27073,2,1
27077,True,2,26053,10,1
27077,True,2,26821,8,1
27091,True,2,27059,5,1
27091,True,2,18899,13,1
27103,True,2,26591,9,1
27103,True,2,18911,13,1
27109,True,2,26597,9,1
27109,True,2,27077,5,1
27109,True,2,27107,1,1
27109,True,2,18917,13,1
27109,True,2,26981,7,1
27107,True,2,10723,14,1
27107,True,2,27091,4,1
27107,True,2,27103,2,1
27107,True,2,23011,12,1
27107,True,2,26083,10,1
27107,True,2,27043,6,1
27127,False,,,,
27179,False,,,,
27143,True,2,26119,10,1
27143,True,2,27127,4,1
27197,False,,,,
27191,True,2,27127,6,1
27211,True,2,25163,11,1
27211,True,2,26699,9,1
27211,True,2,27179,5,1
27241,True,2,27239,1,1
27241,True,2,26729,9,1
27239,True,2,23143,12,1
27253,False,,,,
27259,False,,,,
27271,True,2,26759,9,1
27271,True,2,19079,13,1
27271,True,2,27143,7,1
27271,True,2,27239,5,1
27277,True,2,25229,11,1
27281,True,2,27277,2,1
27283,True,2,27281,1,1
27299,True,2,27043,8,1
27299,True,2,23203,12,1
27299,True,2,27283,4,1
27337,True,2,27329,3,1
27329,True,2,27073,8,1
27367,True,2,27239,7,1
27361,True,2,26849,9,1
27361,True,2,27329,5,1
27397,True,2,25349,11,1
27409,True,2,27407,1,1
27409,True,2,27281,7,1
27407,True,2,23311,12,1
27427,True,2,27299,7,1
27437,False,,,,
27431,True,2,27367,6,1
27431,True,2,11047,14,1
27431,True,2,27427,2,1
27431,True,2,26407,10,1
27457,True,2,27329,7,1
27457,True,2,27449,3,1
27457,True,2,25409,11,1
27449,False,,,,
27479,False,,,,
27481,True,2,27449,5,1
27481,True,2,27479,1,1
27481,True,2,19289,13,1
27487,True,2,27479,3,1
27487,True,2,25439,11,1
27509,True,2,27253,8,1
27527,True,2,23431,12,1
27527,True,2,27271,8,1
27539,True,2,27283,8,1
27551,True,2,27487,6,1
27529,True,2,27527,1,1
27529,True,2,27017,9,1
27541,True,2,27509,5,1
27541,True,2,27539,1,1
27581,True,2,11197,14,1
27581,True,2,26557,10,1
27583,True,2,27581,1,1
27583,True,2,27551,5,1
27583,True,2,19391,13,1
27611,False,,,,
27617,True,2,27361,8,1
27631,True,2,25583,11,1
27647,True,2,27631,4,1
27647,True,2,27583,6,1
27653,True,2,23557,12,1
27653,True,2,27397,8,1
27689,True,2,23593,12,1
27689,True,2,27673,4,1
27673,False,,,,
27691,True,2,25643,11,1
27691,True,2,27689,1,1
27691,True,2,27179,9,1
27697,True,2,27689,3,1
27733,True,2,19541,13,1
27733,True,2,27701,5,1
27737,True,2,27733,2,1
27737,True,2,26713,10,1
27737,True,2,27673,6,1
27737,True,2,11353,14,1
27737,True,2,27481,8,1
27701,True,2,27697,2,1
27701,True,2,11317,14,1
27739,True,2,27737,1,1
27739,True,2,27611,7,1
27743,True,2,27487,8,1
27743,True,2,27739,2,1
27751,True,2,27749,1,1
27751,True,2,19559,13,1
27751,True,2,27743,3,1
27751,True,2,25703,11,1
27751,True,2,27239,9,1
27763,True,2,19571,13,1
27749,True,2,27733,4,1
27767,True,2,27751,4,1
27767,True,2,23671,12,1
27767,True,2,11383,14,1
27767,True,2,27763,2,1
27779,True,2,27763,4,1
27773,True,2,23677,12,1
27791,False,,,,
27793,True,2,27791,1,1
27793,True,2,27281,9,1
27799,True,2,27791,3,1
27799,True,2,27767,5,1
27817,True,2,27689,7,1
27817,True,2,27809,3,1
27803,True,2,27739,6,1
27803,True,2,27799,2,1
27809,True,2,27793,4,1
27823,True,2,27791,5,1
27827,True,2,11443,14,1
27827,True,2,27823,2,1
27827,True,2,27763,6,1
27883,True,2,27851,5,1
27851,True,2,27847,2,1
27851,True,2,11467,14,1
27847,True,2,25799,11,1
27893,True,2,167,2,2
27901,True,2,19709,13,1
27901,True,2,27893,3,1
27901,True,2,27773,7,1
27917,True,2,27901,4,1
27917,True,2,26893,10,1
27941,False,,,,
27943,True,2,19751,13,1
27943,True,2,27431,9,1
27943,True,2,27941,1,1
27919,True,2,27917,1,1
27919,True,2,27791,7,1
27919,True,2,27407,9,1
27919,True,2,19727,13,1
27947,True,2,27691,8,1
27947,True,2,27883,6,1
27947,True,2,27943,2,1
27961,True,2,25913,11,1
27961,True,2,27953,3,1
27961,True,2,27449,9,1
27953,True,2,23857,12,1
27953,True,2,167,6,2
27953,True,2,27697,8,1
27983,True,2,27919,6,1
27983,True,2,26959,10,1
27983,True,2,27967,4,1
27983,True,2,23887,12,1
27967,True,2,25919,11,1
27997,False,,,,
28001,True,2,27997,2,1
28001,True,2,11617,14,1
28019,True,2,27763,8,1
28031,True,2,28027,2,1
28031,True,2,27967,6,1
28027,True,2,28019,3,1
28051,True,2,26003,11,1
28051,True,2,27539,9,1
28051,True,2,28019,5,1
28057,False,,,,
28069,True,2,27941,7,1
28069,True,2,26021,11,1
28087,False,,,,
28081,True,2,19889,13,1
28081,True,2,27953,7,1
28097,True,2,28081,4,1
28097,True,2,27073,10,1
28097,True,2,24001,12,1
28099,True,2,28097,1,1
28109,False,,,,
28151,True,2,28087,6,1
28151,True,2,27127,10,1
28123,True,2,27611,9,1
28111,True,2,28109,1,1
28111,True,2,19919,13,1
28111,True,2,27983,7,1
28163,True,2,28099,6,1
28163,True,2,11779,14,1
28181,False,,,,
28183,True,2,28151,5,1
28183,True,2,28181,1,1
28183,True,2,19991,13,1
28211,True,2,11827,14,1
28201,True,2,27689,9,1
28201,True,2,26153,11,1
28219,True,2,26171,11,1
28219,True,2,28211,3,1
28229,True,2,24133,12,1
28279,True,2,28277,1,1
28279,True,2,28151,7,1
28279,True,2,27767,9,1
28277,True,2,24181,12,1
28277,True,2,27253,10,1
28283,True,2,28027,8,1
28283,True,2,28219,6,1
28283,True,2,28279,2,1
28283,True,2,27259,10,1
28289,False,,,,
28297,True,2,28289,3,1
28297,True,2,26249,11,1
28309,True,2,28277,5,1
28309,True,2,28181,7,1
28309,True,2,28307,1,1
28309,True,2,20117,13,1
28309,True,2,26261,11,1
28307,True,2,28051,8,1
28307,True,2,27283,10,1
28307,True,2,11923,14,1
28319,True,2,24223,12,1
28349,False,,,,
28351,True,2,28319,5,1
28351,True,2,28349,1,1
28393,True,2,20201,13,1
28387,True,2,26339,11,1
28409,True,2,28393,4,1
28411,True,2,28403,3,1
28411,True,2,20219,13,1
28411,True,2,28409,1,1
28411,True,2,28283,7,1
28403,True,2,28387,4,1
28429,True,2,27917,9,1
28433,True,2,27409,10,1
28433,True,2,28429,2,1
28433,True,2,12049,14,1
28433,True,2,24337,12,1
28439,True,2,28183,8,1
28447,True,2,28439,3,1
28447,True,2,26399,11,1
28447,True,2,28319,7,1
28477,True,2,28349,7,1
28493,True,2,28477,4,1
28493,True,2,28429,6,1
28493,True,2,12109,14,1
28463,True,2,28447,4,1
28499,False,,,,
28517,True,2,28513,2,1
28517,True,2,24421,12,1
28513,True,2,28001,9,1
28537,True,2,26489,11,1
28537,True,2,28409,7,1
28541,True,2,28477,6,1
28541,True,2,12157,14,1
28541,True,2,28537,2,1
28547,True,2,12163,14,1
28549,True,2,20357,13,1
28549,True,2,28517,5,1
28549,True,2,28547,1,1
28549,True,2,26501,11,1
28549,True,2,28541,3,1
28571,False,,,,
28559,False,,,,
28573,True,2,28541,5,1
28573,True,2,28571,1,1
28591,True,2,28463,7,1
28591,True,2,28559,5,1
28591,True,2,20399,13,1
28579,True,2,28571,3,1
28579,True,2,28547,5,1
28597,False,,,,
28603,True,2,20411,13,1
28603,True,2,28571,5,1
28607,True,2,28591,4,1
28607,True,2,28603,2,1
28607,True,2,28351,8,1
28607,True,2,27583,10,1
28619,True,2,28603,4,1
28627,True,2,28619,3,1
28627,True,2,28499,7,1
28621,True,2,28619,1,1
28621,True,2,28109,9,1
28621,True,2,28493,7,1
28621,True,2,26573,11,1
28631,True,2,28627,2,1
28643,True,2,28387,8,1
28643,True,2,28627,4,1
28643,True,2,24547,12,1
28643,True,2,28579,6,1
28649,True,2,28393,8,1
28657,True,2,28649,3,1
28669,True,2,20477,13,1
28669,True,2,28541,7,1
28669,True,2,28661,3,1
28661,True,2,28657,2,1
28661,True,2,28597,6,1
28661,True,2,12277,14,1
28697,True,2,27673,10,1
28663,True,2,28661,1,1
28663,True,2,28151,9,1
28663,True,2,28631,5,1
28711,True,2,28703,3,1
28687,True,2,28559,7,1
28703,True,2,28447,8,1
28703,True,2,28687,4,1
28729,True,2,26681,11,1
28729,True,2,28697,5,1
28753,True,2,28751,1,1
28759,True,2,28751,3,1
28759,True,2,26711,11,1
28759,True,2,28631,7,1
28771,True,2,28643,7,1
28771,True,2,26723,11,1
28723,True,2,28211,9,1
28789,True,2,28661,7,1
28789,True,2,28277,9,1
28793,True,2,28729,6,1
28793,True,2,24697,12,1
28793,True,2,28789,2,1
28793,True,2,28537,8,1
28793,True,2,12409,14,1
28751,True,2,28687,6,1
28817,True,2,28813,2,1
28817,True,2,13,8,4
28817,True,2,27793,10,1
28817,True,2,12433,14,1
28817,True,2,28753,6,1
28807,True,2,26759,11,1
28813,False,,,,
28843,False,,,,
28837,False,,,,
28859,True,2,28603,8,1
28859,True,2,24763,12,1
28859,True,2,28843,4,1
28871,True,2,28807,6,1
28871,True,2,28867,2,1
28871,True,2,12487,14,1
28871,True,2,27847,10,1
28901,True,2,28837,6,1
28901,True,2,12517,14,1
28909,True,2,20717,13,1
28909,True,2,28901,3,1
28909,True,2,26861,11,1
28879,True,2,28751,7,1
28879,True,2,28871,3,1
28867,True,2,28859,3,1
28921,True,2,28793,7,1
28921,True,2,28409,9,1
28927,True,2,26879,11,1
28933,True,2,28901,5,1
28961,True,2,12577,14,1
28949,True,2,28933,4,1
28979,True,2,28723,8,1
29009,True,2,28753,8,1
29017,True,2,29009,3,1
29023,True,2,29021,1,1
29021,True,2,27997,10,1
29021,True,2,29017,2,1
29021,True,2,12637,14,1
29033,True,2,29017,4,1
29027,True,2,28771,8,1
29027,True,2,29023,2,1
29059,True,2,27011,11,1
29059,True,2,29027,5,1
29059,True,2,28547,9,1
29077,True,2,28949,7,1
29063,True,2,28807,8,1
29063,True,2,24967,12,1
29063,True,2,29059,2,1
29101,False,,,,
29123,True,2,28867,8,1
29123,True,2,12739,14,1
29123,True,2,28099,10,1
29123,True,2,29059,6,1
29129,True,2,25033,12,1
29137,True,2,29129,3,1
29137,True,2,29009,7,1
29131,True,2,29123,3,1
29131,True,2,29129,1,1
29131,True,2,20939,13,1
29131,True,2,28619,9,1
29147,True,2,29131,4,1
29147,True,2,28123,10,1
29147,True,2,12763,14,1
29167,False,,,,
29153,True,2,29137,4,1
29153,True,2,113,14,2
29153,True,2,25057,12,1
29173,True,2,28661,9,1
29173,True,2,20981,13,1
29179,True,2,29147,5,1
29191,True,2,27143,11,1
29191,True,2,29063,7,1
29201,True,2,29137,6,1
29207,True,2,28183,10,1
29207,True,2,25111,12,1
29207,True,2,12823,14,1
29207,True,2,29191,4,1
29221,False,,,,
29231,True,2,29167,6,1
29209,True,2,21017,13,1
29209,True,2,29207,1,1
29209,True,2,28697,9,1
29209,True,2,29201,3,1
29251,True,2,29123,7,1
29251,True,2,21059,13,1
29251,True,2,29243,3,1
29243,True,2,29179,6,1
29243,True,2,28219,10,1
29243,True,2,25147,12,1
29269,False,,,,
29287,True,2,27239,11,1
29297,False,,,,
29311,True,2,29303,3,1
29327,True,2,29311,4,1
29303,True,2,29287,4,1
29303,True,2,12919,14,1
29303,True,2,28279,10,1
29333,True,2,28309,10,1
29333,True,2,29269,6,1
29333,True,2,29077,8,1
29333,True,2,25237,12,1
29339,True,2,25243,12,1
29347,True,2,29339,3,1
29347,True,2,27299,11,1
29363,True,2,29347,4,1
29363,True,2,12979,14,1
29383,True,2,21191,13,1
29383,True,2,28871,9,1
29387,True,2,29131,8,1
29387,True,2,13003,14,1
29387,True,2,29383,2,1
29389,True,2,29387,1,1
29399,True,2,29383,4,1
29399,True,2,25303,12,1
29401,True,2,29399,1,1
29411,True,2,29347,6,1
29411,True,2,28387,10,1
29423,True,2,29167,8,1
29443,True,2,29411,5,1
29429,True,2,29173,8,1
29437,True,2,29429,3,1
29453,True,2,29437,4,1
29453,True,2,29389,6,1
29453,True,2,25357,12,1
29453,True,2,28429,10,1
29473,True,2,28961,9,1
29483,True,2,13099,14,1
29501,True,2,29437,6,1
29501,True,2,28477,10,1
29527,True,2,27479,11,1
29527,True,2,29399,7,1
29531,True,2,29527,2,1
29531,True,2,13147,14,1
29567,True,2,29311,8,1
29567,True,2,25471,12,1
29567,True,2,13183,14,1
29537,True,2,29473,6,1
29537,True,2,28513,10,1
29569,True,2,29567,1,1
29569,True,2,29537,5,1
29569,True,2,21377,13,1
29573,True,2,29569,2,1
29573,True,2,28549,10,1
29581,True,2,29453,7,1
29581,True,2,29573,3,1
29587,True,2,27539,11,1
29599,True,2,21407,13,1
29599,True,2,27551,11,1
29599,True,2,29567,5,1
29611,True,2,29483,7,1
29611,True,2,21419,13,1
29629,True,2,29501,7,1
29629,True,2,27581,11,1
29633,True,2,29569,6,1
29633,True,2,25537,12,1
29633,True,2,13249,14,1
29633,True,2,29629,2,1
29663,True,2,29599,6,1
29641,True,2,29129,9,1
29641,True,2,29633,3,1
29669,False,,,,
29671,True,2,29663,3,1
29671,True,2,29669,1,1
29683,True,2,21491,13,1
29723,True,2,13339,14,1
29717,True,2,25621,12,1
29741,False,,,,
29753,True,2,28729,10,1
29753,True,2,25657,12,1
29759,False,,,,
29789,True,2,25693,12,1
29761,True,2,21569,13,1
29761,True,2,29759,1,1
29761,True,2,29633,7,1
29761,True,2,29753,3,1
29803,True,2,21611,13,1
29819,True,2,29803,4,1
29833,False,,,,
29851,True,2,27803,11,1
29851,True,2,29723,7,1
29851,True,2,29819,5,1
29851,True,2,29339,9,1
29837,True,2,28813,10,1
29837,True,2,29833,2,1
29837,True,2,25741,12,1
29837,True,2,29581,8,1
29867,True,2,29863,2,1
29867,True,2,29851,4,1
29867,True,2,29803,6,1
29867,True,2,25771,12,1
29867,True,2,29611,8,1
29867,True,2,28843,10,1
29863,False,,,,
29873,False,,,,
29879,True,2,29863,4,1
29917,True,2,29789,7,1
29881,True,2,29873,3,1
29881,True,2,29879,1,1
29881,True,2,29753,7,1
29921,True,2,29917,2,1
29921,True,2,13537,14,1
29927,True,2,29671,8,1
29927,True,2,29863,6,1
29947,True,2,29819,7,1
29983,False,,,,
29959,True,2,29927,5,1
29959,True,2,21767,13,1
30011,True,2,13627,14,1
30011,True,2,29947,6,1
29989,True,2,27941,11,1
30029,True,2,30013,4,1
30029,True,2,25933,12,1
30013,True,2,29501,9,1
30013,True,2,30011,1,1
30013,True,2,21821,13,1
30047,True,2,29983,6,1
30047,True,2,25951,12,1
30047,True,2,29023,10,1
30047,True,2,31,8,3
30059,True,2,29803,8,1
30071,True,2,13687,14,1
30091,True,2,30089,1,1
30091,True,2,30059,5,1
30089,True,2,29833,8,1
30097,True,2,30089,3,1
30103,True,2,21911,13,1
30103,True,2,30071,5,1
30109,False,,,,
30119,True,2,29863,8,1
30119,True,2,30103,4,1
30113,True,2,26017,12,1
30113,True,2,30109,2,1
30113,True,2,13729,14,1
30113,True,2,30097,4,1
30133,False,,,,
30137,True,2,30133,2,1
30137,True,2,26041,12,1
30137,True,2,29881,8,1
30139,True,2,30011,7,1
30139,True,2,30137,1,1
30169,True,2,30137,5,1
30169,True,2,30161,3,1
30169,True,2,21977,13,1
30161,True,2,30097,6,1
30161,True,2,29137,10,1
30181,True,2,29669,9,1
30187,True,2,30059,7,1
30197,True,2,30133,6,1
30197,True,2,30181,4,1
30197,True,2,29173,10,1
30211,True,2,30203,3,1
30211,True,2,28163,11,1
30203,True,2,30187,4,1
30203,True,2,30139,6,1
30203,True,2,29179,10,1
30203,True,2,29947,8,1
30203,True,2,26107,12,1
30241,True,2,30113,7,1
30223,True,2,22031,13,1
30253,True,2,29741,9,1
30269,True,2,30253,4,1
30269,True,2,30013,8,1
30271,True,2,22079,13,1
30271,True,2,30269,1,1
30271,True,2,29759,9,1
30259,True,2,22067,13,1
30259,True,2,28211,11,1
30293,True,2,29269,10,1
30307,False,,,,
30313,False,,,,
30323,True,2,30319,2,1
30323,True,2,30259,6,1
30323,True,2,30307,4,1
30323,True,2,26227,12,1
30319,False,,,,
30341,False,,,,
30347,True,2,26251,12,1
30347,True,2,13963,14,1
30347,True,2,30091,8,1
30367,True,2,28319,11,1
30391,True,2,30389,1,1
30391,True,2,29879,9,1
30389,True,2,26293,12,1
30389,True,2,30133,8,1
30403,False,,,,
30431,True,2,30427,2,1
30431,True,2,30367,6,1
30427,False,,,,
30449,False,,,,
30467,True,2,30403,6,1
30467,True,2,26371,12,1
30467,True,2,30211,8,1
30467,True,2,14083,14,1
30467,True,2,29443,10,1
30469,True,2,30467,1,1
30469,True,2,22277,13,1
30469,True,2,30341,7,1
30491,True,2,30427,6,1
30491,True,2,14107,14,1
30497,True,2,29473,10,1
30497,True,2,30241,8,1
30497,True,2,30493,2,1
30509,True,2,30253,8,1
30509,True,2,30493,4,1
30493,True,2,30491,1,1
30517,True,2,30389,7,1
30517,True,2,30509,3,1
30529,True,2,30497,5,1
30539,False,,,,
30557,True,2,30553,2,1
30557,True,2,14173,14,1
30557,True,2,30493,6,1
30553,False,,,,
30559,True,2,30431,7,1
30559,True,2,30047,9,1
30559,True,2,30557,1,1
30559,True,2,22367,13,1
30577,True,2,30449,7,1
30593,True,2,30577,4,1
30593,True,2,30529,6,1
30593,True,2,29569,10,1
30593,True,2,26497,12,1
30637,True,2,30509,7,1
30643,False,,,,
30631,True,2,30119,9,1
30661,True,2,22469,13,1
30649,True,2,30137,9,1
30671,False,,,,
30677,True,2,14293,14,1
30677,True,2,30661,4,1
30689,False,,,,
30697,True,2,30689,3,1
30697,True,2,28649,11,1
30703,True,2,30671,5,1
30703,True,2,22511,13,1
30713,True,2,30649,6,1
30713,True,2,30697,4,1
30727,False,,,,
30757,False,,,,
30707,True,2,30703,2,1
30707,True,2,29683,10,1
30707,True,2,30643,6,1
30707,True,2,14323,14,1
30763,True,2,22571,13,1
30781,True,2,30773,3,1
30781,True,2,30269,9,1
30773,True,2,30757,4,1
30773,True,2,14389,14,1
30773,True,2,30517,8,1
30803,True,2,14419,14,1
30809,True,2,30553,8,1
30809,True,2,26713,12,1
30817,True,2,30689,7,1
30817,True,2,30809,3,1
30829,True,2,22637,13,1
30841,True,2,30839,1,1
30841,True,2,30809,5,1
30841,True,2,30713,7,1
30841,True,2,28793,11,1
30851,False,,,,
30839,False,,,,
30853,True,2,30851,1,1
30853,True,2,30341,9,1
30859,True,2,30347,9,1
30859,True,2,30851,3,1
30869,True,2,30853,4,1
30871,True,2,22679,13,1
30871,True,2,30839,5,1
30871,True,2,30869,1,1
30881,True,2,30817,6,1
30893,True,2,30637,8,1
30893,True,2,30829,6,1
30911,False,,,,
30937,True,2,30809,7,1
30931,True,2,22739,13,1
30931,True,2,30803,7,1
30941,True,2,30937,2,1
30941,True,2,29917,10,1
30941,True,2,14557,14,1
30949,True,2,30941,3,1
30949,True,2,28901,11,1
30971,True,2,29947,10,1
30983,True,2,30727,8,1
30983,True,2,29959,10,1
30977,True,2,26881,12,1
30977,True,2,14593,14,1
31013,True,2,30949,6,1
31013,True,2,29989,10,1
31013,True,2,30757,8,1
31013,True,2,14629,14,1
31019,True,2,30763,8,1
31033,False,,,,
31051,True,2,30539,9,1
31051,True,2,31019,5,1
31051,True,2,22859,13,1
31039,True,2,30911,7,1
31063,True,2,22871,13,1
31079,True,2,31063,4,1
31069,True,2,30557,9,1
31069,True,2,30941,7,1
31069,True,2,22877,13,1
31069,True,2,29021,11,1
31081,True,2,31079,1,1
31081,True,2,29033,11,1
31091,False,,,,
31121,True,2,14737,14,1
31121,True,2,30097,10,1
31123,True,2,31121,1,1
31123,True,2,31091,5,1
31151,True,2,31147,2,1
31151,True,2,14767,14,1
31139,True,2,31123,4,1
31139,True,2,27043,12,1
31147,True,2,31139,3,1
31147,True,2,31019,7,1
31153,True,2,31151,1,1
31153,True,2,22961,13,1
31153,True,2,31121,5,1
31159,True,2,31151,3,1
31183,True,2,31151,5,1
31183,True,2,30671,9,1
31183,True,2,31181,1,1
31181,True,2,31177,2,1
31181,True,2,14797,14,1
31177,True,2,29129,11,1
31189,True,2,30677,9,1
31189,True,2,31181,3,1
31193,True,2,31189,2,1
31193,True,2,30937,8,1
31193,True,2,30169,10,1
31193,True,2,31177,4,1
31219,True,2,23027,13,1
31219,True,2,31091,7,1
31219,True,2,30707,9,1
31223,True,2,31159,6,1
31223,True,2,27127,12,1
31223,True,2,31219,2,1
31237,False,,,,
31231,True,2,23039,13,1
31231,True,2,31223,3,1
31247,True,2,30223,10,1
31247,True,2,31231,4,1
31247,True,2,31183,6,1
31253,True,2,31249,2,1
31253,True,2,14869,14,1
31253,True,2,31237,4,1
31253,True,2,31189,6,1
31259,False,,,,
31249,True,2,31121,7,1
31249,True,2,23057,13,1
31249,True,2,31247,1,1
31249,True,2,29201,11,1
31267,True,2,31139,7,1
31267,True,2,31259,3,1
31271,True,2,14887,14,1
31271,True,2,31267,2,1
31277,True,2,30253,10,1
31307,True,2,31051,8,1
31307,True,2,27211,12,1
31307,True,2,14923,14,1
31319,True,2,31063,8,1
31327,True,2,31319,3,1
31321,True,2,31319,1,1
31321,True,2,31193,7,1
31321,True,2,30809,9,1
31337,True,2,31333,2,1
31337,True,2,31321,4,1
31337,True,2,30313,10,1
31337,True,2,31081,8,1
31337,True,2,27241,12,1
31333,False,,,,
31357,False,,,,
31379,True,2,27283,12,1
31379,True,2,31123,8,1
31391,True,2,31327,6,1
31391,True,2,30367,10,1
31391,True,2,31387,2,1
31393,True,2,31391,1,1
31393,True,2,30881,9,1
31393,True,2,23201,13,1
31387,True,2,29339,11,1
31387,True,2,31379,3,1
31387,True,2,31259,7,1
31397,True,2,31333,6,1
31397,True,2,15013,14,1
31397,True,2,31393,2,1
31469,False,,,,
31477,True,2,31469,3,1
31477,True,2,29429,11,1
31489,True,2,23297,13,1
31489,True,2,31481,3,1
31489,True,2,30977,9,1
31481,True,2,31477,2,1
31511,False,,,,
31513,True,2,31481,5,1
31513,True,2,31511,1,1
31513,True,2,23321,13,1
31517,True,2,31513,2,1
31517,True,2,30493,10,1
31531,True,2,29483,11,1
31531,True,2,31019,9,1
31531,True,2,23339,13,1
31541,True,2,31477,6,1
31541,True,2,30517,10,1
31547,True,2,31531,4,1
31547,True,2,31543,2,1
31543,True,2,31511,5,1
31543,True,2,31541,1,1
31573,True,2,31541,5,1
31567,False,,,,
31583,True,2,31327,8,1
31583,True,2,31567,4,1
31583,True,2,15199,14,1
31583,True,2,30559,10,1
31583,True,2,27487,12,1
31607,True,2,31543,6,1
31627,False,,,,
31601,True,2,30577,10,1
31601,True,2,15217,14,1
31643,True,2,31627,4,1
31643,True,2,31387,8,1
31643,True,2,15259,14,1
31649,True,2,31393,8,1
31657,True,2,31649,3,1
31663,True,2,31151,9,1
31667,True,2,31663,2,1
31667,True,2,30643,10,1
31687,False,,,,
31699,True,2,31667,5,1
31723,True,2,31721,1,1
31723,True,2,23531,13,1
31721,True,2,30697,10,1
31721,True,2,31657,6,1
31727,True,2,31663,6,1
31727,True,2,27631,12,1
31727,True,2,31723,2,1
31727,True,2,30703,10,1
31729,True,2,31727,1,1
31729,True,2,23537,13,1
31729,True,2,31601,7,1
31729,True,2,31721,3,1
31769,True,2,27673,12,1
31769,True,2,31513,8,1
31751,True,2,31687,6,1
31751,True,2,30727,10,1
31741,True,2,23549,13,1
31771,True,2,29723,11,1
31771,True,2,31769,1,1
31771,True,2,31259,9,1
31771,True,2,31643,7,1
31793,True,2,27697,12,1
31793,True,2,31729,6,1
31799,True,2,31543,8,1
31817,False,,,,
31847,True,2,27751,12,1
31849,True,2,31847,1,1
31849,True,2,31337,9,1
31849,True,2,31721,7,1
31849,True,2,31817,5,1
31859,True,2,27763,12,1
31883,True,2,30859,10,1
31883,True,2,31627,8,1
31873,False,,,,
31891,True,2,31883,3,1
31891,True,2,31859,5,1
31891,True,2,31379,9,1
31907,True,2,31891,4,1
31957,False,,,,
31973,True,2,30949,10,1
31973,True,2,31957,4,1
31963,False,,,,
31991,True,2,15607,14,1
31981,True,2,31469,9,1
31981,True,2,23789,13,1
31981,True,2,31973,3,1
32003,True,2,15619,14,1
32009,True,2,5,14,6
32027,True,2,31771,8,1
32027,True,2,15643,14,1
32027,True,2,31963,6,1
32051,True,2,15667,14,1
32029,True,2,32027,1,1
32029,True,2,31517,9,1
32057,True,2,31033,10,1
32057,True,2,179,4,2
32057,True,2,27961,12,1
32059,True,2,32027,5,1
32059,True,2,32057,1,1
32059,True,2,32051,3,1
32059,True,2,30011,11,1
32059,True,2,31547,9,1
32063,True,2,31039,10,1
32063,True,2,32059,2,1
32063,True,2,27967,12,1
32063,True,2,15679,14,1
32069,False,,,,
32077,True,2,30029,11,1
32077,True,2,32069,3,1
32089,True,2,32057,5,1
32083,True,2,32051,5,1
32099,True,2,32083,4,1
32119,True,2,31991,7,1
32119,True,2,30071,11,1
32119,True,2,31607,9,1
32119,True,2,32117,1,1
32141,True,2,32077,6,1
32117,True,2,15733,14,1
32143,True,2,32141,1,1
32159,True,2,32143,4,1
32183,True,2,31159,10,1
32183,True,2,32119,6,1
32183,True,2,28087,12,1
32173,True,2,23981,13,1
32173,True,2,32141,5,1
32189,True,2,32173,4,1
32191,True,2,32183,3,1
32191,True,2,32189,1,1
32191,True,2,32159,5,1
32191,True,2,32063,7,1
32203,False,,,,
32213,True,2,31957,8,1
32213,True,2,31189,10,1
32237,True,2,32173,6,1
32237,True,2,31981,8,1
32237,True,2,32233,2,1
32233,True,2,31721,9,1
32251,True,2,30203,11,1
32261,True,2,15877,14,1
32261,True,2,32257,2,1
32261,True,2,31237,10,1
32257,False,,,,
32297,True,2,179,8,2
32297,True,2,28201,12,1
32297,True,2,32233,6,1
32297,True,2,15913,14,1
32299,True,2,32297,1,1
32299,True,2,24107,13,1
32303,True,2,15919,14,1
32303,True,2,32299,2,1
32321,True,2,15937,14,1
32321,True,2,32257,6,1
32309,False,,,,
32323,True,2,32321,1,1
32327,True,2,32323,2,1
32341,True,2,32309,5,1
32341,True,2,32213,7,1
32341,True,2,30293,11,1
32359,True,2,32327,5,1
32359,True,2,31847,9,1
32363,True,2,32359,2,1
32363,True,2,32299,6,1
32353,True,2,32321,5,1
32369,True,2,32353,4,1
32371,True,2,32369,1,1
32371,True,2,32363,3,1
32371,True,2,24179,13,1
32371,True,2,31859,9,1
32371,True,2,30323,11,1
32377,True,2,32369,3,1
32381,True,2,32377,2,1
32381,True,2,31357,10,1
32401,True,2,32369,5,1
32411,True,2,31387,10,1
32413,True,2,32411,1,1
32413,True,2,32381,5,1
32429,True,2,32173,8,1
32429,True,2,32413,4,1
32423,True,2,32359,6,1
32441,True,2,32377,6,1
32441,True,2,16057,14,1
32443,True,2,32411,5,1
32443,True,2,24251,13,1
32443,True,2,32441,1,1
32491,True,2,32363,7,1
32467,False,,,,
32497,True,2,32369,7,1
32497,True,2,30449,11,1
32479,True,2,30431,11,1
32503,True,2,31991,9,1
32507,True,2,32491,4,1
32507,True,2,32251,8,1
32507,True,2,28411,12,1
32507,True,2,32503,2,1
32507,True,2,32443,6,1
32531,True,2,32467,6,1
32537,True,2,32533,2,1
32537,True,2,31513,10,1
32533,True,2,32531,1,1
32561,True,2,32497,6,1
32563,True,2,32531,5,1
32563,True,2,32561,1,1
32563,True,2,32051,9,1
32563,True,2,24371,13,1
32569,True,2,32561,3,1
32569,True,2,32057,9,1
32569,True,2,32441,7,1
32569,True,2,32537,5,1
32587,True,2,32579,3,1
32587,True,2,30539,11,1
32579,True,2,32563,4,1
32579,True,2,32323,8,1
32573,True,2,32569,2,1
32573,True,2,28477,12,1
32573,True,2,16189,14,1
32603,True,2,32587,4,1
32609,True,2,32353,8,1
32609,True,2,28513,12,1
32611,True,2,32603,3,1
32611,True,2,32609,1,1
32611,True,2,24419,13,1
32611,True,2,32579,5,1
32611,True,2,32099,9,1
32633,True,2,32569,6,1
32633,True,2,28537,12,1
32633,True,2,32377,8,1
32633,True,2,16249,14,1
32621,False,,,,
32647,False,,,,
32653,True,2,32141,9,1
32653,True,2,32621,5,1
32687,True,2,28591,12,1
32687,True,2,31663,10,1
32707,True,2,32579,7,1
32693,True,2,28597,12,1
32717,True,2,28621,12,1
32717,True,2,32713,2,1
32717,True,2,32653,6,1
32717,True,2,16333,14,1
32713,False,,,,
32719,True,2,30671,11,1
32719,True,2,32717,1,1
32719,True,2,24527,13,1
32719,True,2,32687,5,1
32771,True,2,3,15,1
32771,True,2,32707,6,1
32749,True,2,32237,9,1
32749,True,2,32621,7,1
32749,True,2,32717,5,1
32779,True,2,11,15,1
32779,True,2,32771,3,1
32783,True,2,32779,2,1
32783,True,2,28687,12,1
32783,True,2,32719,6,1
32789,True,2,32533,8,1
32801,True,2,16417,14,1
32801,True,2,32797,2,1
32797,True,2,29,15,1
32797,True,2,32789,3,1
32803,True,2,24611,13,1
32803,True,2,32771,5,1
32803,True,2,32801,1,1
32831,True,2,16447,14,1
32833,True,2,32801,5,1
32833,True,2,32831,1,1
32833,True,2,32321,9,1
32843,True,2,32779,6,1
32843,True,2,32839,2,1
32843,True,2,32587,8,1
32869,True,2,24677,13,1
32869,True,2,101,15,1
32839,True,2,32327,9,1
32839,True,2,71,15,1
32839,True,2,32831,3,1
32887,True,2,30839,11,1
32911,True,2,32909,1,1
32911,True,2,32783,7,1
32909,True,2,28813,12,1
32909,True,2,32653,8,1
32917,True,2,32909,3,1
32917,True,2,149,15,1
32917,True,2,32789,7,1
32917,True,2,30869,11,1
32933,True,2,32917,4,1
32933,True,2,32869,6,1
32933,True,2,28837,12,1
32939,True,2,28843,12,1
32941,True,2,32429,9,1
32941,True,2,173,15,1
32941,True,2,32909,5,1
32941,True,2,32939,1,1
32941,True,2,24749,13,1
32941,True,2,32933,3,1
32941,True,2,30893,11,1
32957,True,2,32941,4,1
32957,True,2,16573,14,1
32971,True,2,32939,5,1
32971,True,2,32843,7,1
32971,True,2,32969,1,1
32969,True,2,32713,8,1
32983,False,,,,
32987,True,2,31963,10,1
32987,True,2,16603,14,1
32987,True,2,32983,2,1
32987,True,2,32971,4,1
32993,False,,,,
32999,True,2,32983,4,1
33023,True,2,28927,12,1
33013,True,2,24821,13,1
33029,True,2,28933,12,1
33029,True,2,33013,4,1
33049,True,2,281,15,1
33049,True,2,32537,9,1
33053,True,2,32797,8,1
33053,True,2,33037,4,1
33053,True,2,33049,2,1
33053,True,2,32029,10,1
33037,True,2,32909,7,1
33037,True,2,33029,3,1
33037,True,2,269,15,1
33071,False,,,,
33073,True,2,33071,1,1
33073,True,2,32561,9,1
33091,True,2,33083,3,1
33091,True,2,32579,9,1
33083,True,2,32059,10,1
33083,True,2,16699,14,1
33107,True,2,33091,4,1
33107,True,2,32083,10,1
33151,True,2,383,15,1
33151,True,2,33119,5,1
33151,True,2,33023,7,1
33151,True,2,33149,1,1
33113,True,2,32089,10,1
33113,True,2,16729,14,1
33113,True,2,33049,6,1
33113,True,2,29017,12,1
33119,True,2,29023,12,1
33149,False,,,,
33161,False,,,,
33191,True,2,7,14,5
33181,True,2,33149,5,1
33181,True,2,33179,1,1
33181,True,2,33053,7,1
33181,True,2,24989,13,1
33179,False,,,,
33199,True,2,32687,9,1
33199,True,2,431,15,1
33199,True,2,33071,7,1
33199,True,2,33191,3,1
33199,True,2,31151,11,1
33203,True,2,33199,2,1
33223,True,2,33191,5,1
33223,True,2,25031,13,1
33211,True,2,33083,7,1
33211,True,2,33203,3,1
33211,True,2,33179,5,1
33211,True,2,443,15,1
33247,True,2,479,15,1
33247,True,2,33119,7,1
33287,True,2,16903,14,1
33287,True,2,33223,6,1
33287,True,2,29191,12,1
33289,True,2,33287,1,1
33289,True,2,521,15,1
33289,True,2,33161,7,1
33289,True,2,25097,13,1
33301,True,2,32789,9,1
33301,True,2,31253,11,1
33311,True,2,16927,14,1
33311,True,2,33247,6,1
33317,True,2,33301,4,1
33317,True,2,29221,12,1
33329,True,2,33073,8,1
33343,True,2,33311,5,1
33343,True,2,32831,9,1
33331,True,2,33329,1,1
33331,True,2,33203,7,1
33331,True,2,563,15,1
33347,True,2,32323,10,1
33347,True,2,33343,2,1
33347,True,2,33091,8,1
33347,True,2,33331,4,1
33347,True,2,29251,12,1
33347,True,2,16963,14,1
33353,True,2,33349,2,1
33353,True,2,33289,6,1
33349,True,2,33317,5,1
33349,True,2,33347,1,1
33359,True,2,33343,4,1
33377,True,2,16993,14,1
33377,True,2,32353,10,1
33391,True,2,33359,5,1
33403,False,,,,
33409,True,2,641,15,1
33409,True,2,33377,5,1
33427,True,2,31379,11,1
33427,True,2,659,15,1
33413,True,2,17029,14,1
33413,True,2,33349,6,1
33413,True,2,33409,2,1
33461,True,2,33457,2,1
33461,True,2,17077,14,1
33457,True,2,33329,7,1
33469,True,2,33461,3,1
33469,True,2,701,15,1
33469,True,2,32957,9,1
33479,True,2,33223,8,1
33479,True,2,29383,12,1
33487,True,2,33479,3,1
33487,True,2,33359,7,1
33487,True,2,719,15,1
33493,True,2,25301,13,1
33493,True,2,33461,5,1
33503,True,2,33487,4,1
33503,True,2,32479,10,1
33503,True,2,33247,8,1
33521,True,2,33457,6,1
33521,True,2,17137,14,1
33521,True,2,32497,10,1
33529,True,2,761,15,1
33529,True,2,33521,3,1
33529,True,2,31481,11,1
33547,False,,,,
33533,True,2,33529,2,1
33533,True,2,33469,6,1
33533,True,2,29437,12,1
33563,True,2,33547,4,1
33569,True,2,29473,12,1
33577,True,2,33569,3,1
33577,True,2,809,15,1
33581,True,2,33577,2,1
33587,True,2,17203,14,1
33587,True,2,32563,10,1
33587,True,2,33331,8,1
33589,True,2,821,15,1
33589,True,2,33587,1,1
33589,True,2,31541,11,1
33589,True,2,33461,7,1
33589,True,2,33581,3,1
33599,True,2,33343,8,1
33613,True,2,33581,5,1
33601,True,2,33599,1,1
33601,True,2,25409,13,1
33601,True,2,33569,5,1
33619,True,2,33587,5,1
33619,True,2,33617,1,1
33619,True,2,33107,9,1
33617,True,2,33613,2,1
33617,True,2,33601,4,1
33637,True,2,33629,3,1
33629,True,2,33613,4,1
33623,True,2,29527,12,1
33623,True,2,17239,14,1
33623,True,2,33619,2,1
33641,True,2,33637,2,1
33641,True,2,33577,6,1
33641,True,2,17257,14,1
33679,True,2,33647,5,1
33679,True,2,911,15,1
33647,True,2,33391,8,1
33703,True,2,33191,9,1
33713,True,2,33457,8,1
33721,True,2,953,15,1
33721,True,2,33713,3,1
33739,True,2,971,15,1
33749,True,2,33493,8,1
33767,True,2,33703,6,1
33767,True,2,33751,4,1
33767,True,2,29671,12,1
33767,True,2,17383,14,1
33757,True,2,33629,7,1
33757,True,2,33749,3,1
33751,True,2,33749,1,1
33751,True,2,983,15,1
33751,True,2,33623,7,1
33769,True,2,33641,7,1
33769,True,2,25577,13,1
33769,True,2,33767,1,1
33769,True,2,31721,11,1
33773,True,2,33769,2,1
33773,True,2,17389,14,1
33773,True,2,33757,4,1
33773,True,2,32749,10,1
33791,False,,,,
33797,False,,,,
33809,False,,,,
33811,True,2,33809,1,1
33827,True,2,33811,4,1
33827,True,2,17443,14,1
33827,True,2,32803,10,1
33851,True,2,17467,14,1
33829,True,2,33827,1,1
33829,True,2,1061,15,1
33829,True,2,33317,9,1
33829,True,2,33797,5,1
33857,True,2,33601,8,1
33857,True,2,32833,10,1
33857,True,2,29761,12,1
33863,True,2,32839,10,1
33871,True,2,1103,15,1
33871,True,2,33359,9,1
33871,True,2,33863,3,1
33871,True,2,25679,13,1
33893,True,2,33889,2,1
33893,True,2,32869,10,1
33893,True,2,33829,6,1
33893,True,2,17509,14,1
33893,True,2,33637,8,1
33889,True,2,33377,9,1
33889,True,2,33857,5,1
33923,True,2,17539,14,1
33911,True,2,32887,10,1
33931,True,2,31883,11,1
33931,True,2,33923,3,1
33931,True,2,1163,15,1
33937,True,2,33809,7,1
33941,True,2,33937,2,1
33941,True,2,32917,10,1
33961,True,2,1193,15,1
33967,False,,,,
33997,True,2,1229,15,1
34019,False,,,,
34033,True,2,34031,1,1
34033,True,2,33521,9,1
34033,True,2,25841,13,1
34031,True,2,33967,6,1
34057,True,2,1289,15,1
34057,True,2,32009,11,1
34039,True,2,31991,11,1
34039,True,2,33911,7,1
34039,True,2,25847,13,1
34039,True,2,34031,3,1
34061,True,2,33997,6,1
34061,True,2,33037,10,1
34061,True,2,34057,2,1
34123,True,2,25931,13,1
34127,True,2,34123,2,1
34127,True,2,33871,8,1
34129,True,2,33617,9,1
34129,True,2,34127,1,1
34129,True,2,1361,15,1
34141,True,2,1373,15,1
34141,True,2,33629,9,1
34147,True,2,34019,7,1
34147,True,2,32099,11,1
34157,True,2,34141,4,1
34159,True,2,34157,1,1
34159,True,2,34127,5,1
34159,True,2,34031,7,1
34159,True,2,33647,9,1
34211,True,2,34147,6,1
34211,True,2,17827,14,1
34171,False,,,,
34183,False,,,,
34213,True,2,26021,13,1
34213,True,2,34211,1,1
34217,True,2,33961,8,1
34217,True,2,34213,2,1
34259,False,,,,
34231,True,2,32183,11,1
34253,True,2,33997,8,1
34261,True,2,33749,9,1
34261,True,2,1493,15,1
34261,True,2,34253,3,1
34261,True,2,34259,1,1
34261,True,2,32213,11,1
34267,True,2,34259,3,1
34267,True,2,1499,15,1
34273,False,,,,
34283,True,2,34267,4,1
34283,True,2,30187,12,1
34297,False,,,,
34301,True,2,34297,2,1
34303,True,2,34301,1,1
34303,True,2,26111,13,1
34303,True,2,33791,9,1
34319,True,2,34303,4,1
34319,True,2,30223,12,1
34313,True,2,34057,8,1
34313,True,2,34297,4,1
34313,True,2,17929,14,1
34313,True,2,33289,10,1
34327,True,2,34319,3,1
34327,True,2,1559,15,1
34351,True,2,1583,15,1
34351,True,2,34319,5,1
34351,True,2,32303,11,1
34337,True,2,30241,12,1
34337,True,2,34273,6,1
34367,True,2,34351,4,1
34367,True,2,34303,6,1
34367,True,2,33343,10,1
34367,True,2,30271,12,1
34361,True,2,17977,14,1
34361,True,2,34297,6,1
34369,True,2,34367,1,1
34369,True,2,34361,3,1
34369,True,2,1601,15,1
34369,True,2,32321,11,1
34369,True,2,26177,13,1
34369,True,2,33857,9,1
34369,True,2,34337,5,1
34403,True,2,30307,12,1
34403,True,2,34147,8,1
34381,True,2,1613,15,1
34381,True,2,26189,13,1
34381,True,2,34253,7,1
34421,False,,,,
34429,True,2,34301,7,1
34429,True,2,34421,3,1
34429,True,2,32381,11,1
34429,True,2,26237,13,1
34439,True,2,34183,8,1
34457,False,,,,
34469,True,2,34213,8,1
34471,True,2,32423,11,1
34471,True,2,34439,5,1
34471,True,2,34469,1,1
34483,False,,,,
34487,True,2,34471,4,1
34487,True,2,30391,12,1
34487,True,2,34483,2,1
34487,True,2,34231,8,1
34499,True,2,30403,12,1
34499,True,2,34483,4,1
34501,True,2,34499,1,1
34501,True,2,26309,13,1
34501,True,2,1733,15,1
34501,True,2,34469,5,1
34511,True,2,33487,10,1
34511,True,2,18127,14,1
34513,True,2,26321,13,1
34513,True,2,34511,1,1
34519,True,2,34511,3,1
34519,True,2,34487,5,1
34537,False,,,,
34549,True,2,26357,13,1
34549,True,2,34421,7,1
34543,True,2,34031,9,1
34543,True,2,34511,5,1
34583,True,2,34519,6,1
34583,True,2,18199,14,1
34583,True,2,34327,8,1
34589,True,2,30493,12,1
34591,True,2,1823,15,1
34591,True,2,34583,3,1
34591,True,2,34589,1,1
34591,True,2,26399,13,1
34607,True,2,18223,14,1
34607,True,2,34603,2,1
34607,True,2,34591,4,1
34607,True,2,34543,6,1
34607,True,2,34351,8,1
34603,False,,,,
34631,False,,,,
34613,True,2,34549,6,1
34613,True,2,33589,10,1
34613,True,2,30517,12,1
34613,True,2,18229,14,1
34649,True,2,30553,12,1
34651,True,2,32603,11,1
34651,True,2,26459,13,1
34651,True,2,34649,1,1
34667,True,2,34651,4,1
34667,True,2,34603,6,1
34673,True,2,30577,12,1
34673,True,2,18289,14,1
34679,False,,,,
34687,True,2,34679,3,1
34693,True,2,26501,13,1
34721,False,,,,
34703,True,2,34687,4,1
34703,True,2,33679,10,1
34729,True,2,34721,3,1
34729,True,2,34217,9,1
34739,True,2,34483,8,1
34739,True,2,30643,12,1
34747,True,2,1979,15,1
34747,True,2,34739,3,1
34757,True,2,34501,8,1
34757,True,2,34693,6,1
34757,True,2,30661,12,1
34759,True,2,34757,1,1
34759,True,2,34631,7,1
34781,True,2,18397,14,1
34781,True,2,33757,10,1
34763,True,2,34747,4,1
34763,True,2,34759,2,1
34763,True,2,33739,10,1
34763,True,2,18379,14,1
34807,True,2,2039,15,1
34807,True,2,34679,7,1
34841,True,2,18457,14,1
34819,True,2,32771,11,1
34819,True,2,26627,13,1
34847,True,2,34843,2,1
34847,True,2,34591,8,1
34843,True,2,34841,1,1
34849,True,2,34721,7,1
34849,True,2,32801,11,1
34849,True,2,2081,15,1
34849,True,2,34337,9,1
34849,True,2,34841,3,1
34849,True,2,34847,1,1
34871,True,2,34807,6,1
34877,True,2,30781,12,1
34877,True,2,18493,14,1
34897,True,2,2129,15,1
34883,True,2,34819,6,1
34913,True,2,34849,6,1
34913,True,2,30817,12,1
34913,True,2,33889,10,1
34913,True,2,34897,4,1
34919,False,,,,
34939,False,,,,
34963,True,2,34961,1,1
34949,True,2,34693,8,1
34949,True,2,30853,12,1
34961,True,2,33937,10,1
34961,True,2,34897,6,1
34981,True,2,34469,9,1
34981,True,2,34949,5,1
34981,True,2,32933,11,1
34981,True,2,2213,15,1
35023,True,2,34511,9,1
35027,True,2,34963,6,1
35027,True,2,35023,2,1
35027,True,2,30931,12,1
35053,True,2,35051,1,1
35053,True,2,26861,13,1
35051,False,,,,
35059,True,2,35027,5,1
35059,True,2,35051,3,1
35069,True,2,35053,4,1
35081,True,2,34057,10,1
35089,True,2,35081,3,1
35089,True,2,34961,7,1
35083,True,2,35081,1,1
35083,True,2,26891,13,1
35083,True,2,35051,5,1
35107,True,2,2339,15,1
35107,True,2,35099,3,1
35099,True,2,35083,4,1
35099,True,2,34843,8,1
35111,True,2,35107,2,1
35129,True,2,31033,12,1
35141,True,2,18757,14,1
35117,True,2,35053,6,1
35149,True,2,35141,3,1
35149,True,2,35117,5,1
35149,True,2,2381,15,1
35153,True,2,137,14,2
35153,True,2,34897,8,1
35153,True,2,34129,10,1
35153,True,2,35149,2,1
35153,True,2,35089,6,1
35159,True,2,31063,12,1
35201,False,,,,
35221,False,,,,
35171,True,2,34147,10,1
35171,True,2,35107,6,1
35171,True,2,18787,14,1
35251,True,2,33203,11,1
35251,True,2,27059,13,1
35251,True,2,34739,9,1
35257,True,2,35129,7,1
35227,True,2,33179,11,1
35227,True,2,35099,7,1
35227,True,2,2459,15,1
35279,True,2,31183,12,1
35279,True,2,35023,8,1
35281,True,2,35279,1,1
35281,True,2,35153,7,1
35267,True,2,35251,4,1
35291,True,2,35227,6,1
35291,True,2,34267,10,1
35317,True,2,2549,15,1
35311,True,2,35279,5,1
35311,True,2,2543,15,1
35323,True,2,35291,5,1
35327,True,2,35323,2,1
35327,True,2,34303,10,1
35327,True,2,31231,12,1
35327,True,2,35311,4,1
35339,True,2,35323,4,1
35339,True,2,35083,8,1
35353,True,2,34841,9,1
35381,True,2,35317,6,1
35363,True,2,31267,12,1
35363,True,2,18979,14,1
35363,True,2,35107,8,1
35393,True,2,34369,10,1
35393,True,2,19009,14,1
35401,True,2,35393,3,1
35401,True,2,2633,15,1
35401,True,2,33353,11,1
35407,True,2,35279,7,1
35407,True,2,33359,11,1
35419,True,2,35291,7,1
35423,True,2,31327,12,1
35423,True,2,35407,4,1
35423,True,2,35419,2,1
35437,False,,,,
35447,False,,,,
35461,True,2,2693,15,1
35461,True,2,34949,9,1
35461,True,2,33413,11,1
35449,True,2,35447,1,1
35491,True,2,35363,7,1
35491,True,2,27299,13,1
35507,True,2,35491,4,1
35507,True,2,34483,10,1
35507,True,2,35251,8,1
35509,True,2,2741,15,1
35509,True,2,35381,7,1
35509,True,2,33461,11,1
35509,True,2,35507,1,1
35521,True,2,35393,7,1
35521,True,2,27329,13,1
35521,True,2,2753,15,1
35531,True,2,35527,2,1
35527,True,2,33479,11,1
35533,True,2,35531,1,1
35543,True,2,35527,4,1
35543,True,2,34519,10,1
35537,True,2,35281,8,1
35537,True,2,34513,10,1
35537,True,2,35521,4,1
35537,True,2,35533,2,1
35569,True,2,2801,15,1
35569,True,2,33521,11,1
35569,True,2,35537,5,1
35573,True,2,35317,8,1
35573,True,2,31477,12,1
35573,True,2,35569,2,1
35573,True,2,34549,10,1
35573,True,2,35509,6,1
35591,True,2,19207,14,1
35591,True,2,35527,6,1
35593,True,2,35591,1,1
35593,True,2,35081,9,1
35603,True,2,19219,14,1
35597,True,2,35533,6,1
35597,True,2,35593,2,1
35597,True,2,19213,14,1
35617,True,2,33569,11,1
35677,True,2,2909,15,1
35677,True,2,33629,11,1
35729,False,,,,
35671,True,2,2903,15,1
35671,True,2,35159,9,1
35671,True,2,27479,13,1
35671,True,2,33623,11,1
35671,True,2,35543,7,1
35731,True,2,2963,15,1
35731,True,2,35603,7,1
35731,True,2,27539,13,1
35731,True,2,35729,1,1
35747,True,2,35731,4,1
35747,True,2,35491,8,1
35753,True,2,34729,10,1
35753,True,2,31657,12,1
35759,True,2,31663,12,1
35771,True,2,34747,10,1
35771,True,2,19387,14,1
35797,True,2,33749,11,1
35809,True,2,27617,13,1
35809,True,2,35801,3,1
35809,True,2,3041,15,1
35801,True,2,19417,14,1
35801,True,2,35797,2,1
35831,True,2,19447,14,1
35831,True,2,34807,10,1
35803,True,2,35771,5,1
35803,True,2,35801,1,1
35803,True,2,35291,9,1
35803,True,2,27611,13,1
35837,True,2,31741,12,1
35839,True,2,33791,11,1
35839,True,2,27647,13,1
35839,True,2,35837,1,1
35839,True,2,35327,9,1
35839,True,2,35831,3,1
35851,True,2,35339,9,1
35851,True,2,3083,15,1
35863,True,2,35831,5,1
35869,True,2,35837,5,1
35897,False,,,,
35879,True,2,35863,4,1
35899,True,2,33851,11,1
35899,True,2,35897,1,1
35899,True,2,35771,7,1
35923,False,,,,
35911,True,2,35879,5,1
35911,True,2,33863,11,1
35933,True,2,35677,8,1
35933,True,2,35869,6,1
35963,True,2,34939,10,1
35963,True,2,35899,6,1
35951,False,,,,
35969,True,2,31873,12,1
35977,True,2,3209,15,1
35977,True,2,35969,3,1
35983,True,2,35951,5,1
35983,True,2,27791,13,1
35999,True,2,35983,4,1
35993,True,2,19609,14,1
35993,True,2,35977,4,1
36007,True,2,35879,7,1
36007,True,2,35999,3,1
36011,True,2,36007,2,1
36013,True,2,36011,1,1
36017,True,2,36013,2,1
36037,False,,,,
36061,True,2,35933,7,1
36067,True,2,34019,11,1
36067,True,2,3299,15,1
36067,True,2,3,14,9
36073,False,,,,
36083,True,2,35059,10,1
36083,True,2,36067,4,1
36083,True,2,19699,14,1
36097,True,2,3329,15,1
36097,True,2,35969,7,1
36107,True,2,35083,10,1
36107,True,2,35851,8,1
36137,True,2,179,12,2
36137,True,2,36073,6,1
36137,True,2,19753,14,1
36131,True,2,35107,10,1
36131,True,2,36067,6,1
36109,True,2,34061,11,1
36109,True,2,35597,9,1
36109,True,2,27917,13,1
36109,True,2,36107,1,1
36151,False,,,,
36161,True,2,36097,6,1
36161,True,2,19777,14,1
36187,False,,,,
36191,True,2,36187,2,1
36209,False,,,,
36217,True,2,3449,15,1
36217,True,2,36209,3,1
36229,True,2,3461,15,1
36241,True,2,35729,9,1
36241,True,2,36209,5,1
36251,True,2,36187,6,1
36251,True,2,19867,14,1
36251,True,2,35227,10,1
36263,True,2,36007,8,1
36269,True,2,36013,8,1
36269,True,2,32173,12,1
36277,True,2,36269,3,1
36299,True,2,32203,12,1
36307,True,2,36299,3,1
36307,True,2,34259,11,1
36307,True,2,3539,15,1
36293,True,2,36277,4,1
36293,True,2,36229,6,1
36293,True,2,36037,8,1
36313,True,2,35801,9,1
36319,True,2,36191,7,1
36343,True,2,36341,1,1
36343,True,2,28151,13,1
36343,True,2,35831,9,1
36341,True,2,36277,6,1
36341,True,2,35317,10,1
36373,True,2,28181,13,1
36373,True,2,36341,5,1
36353,True,2,36097,8,1
36353,True,2,32257,12,1
36383,True,2,36319,6,1
36389,True,2,36373,4,1
36433,False,,,,
36457,False,,,,
36451,True,2,34403,11,1
36469,True,2,28277,13,1
36469,True,2,34421,11,1
36469,True,2,36467,1,1
36469,True,2,3701,15,1
36469,True,2,36341,7,1
36467,True,2,32371,12,1
36467,True,2,36451,4,1
36473,True,2,36217,8,1
36473,True,2,36457,4,1
36473,True,2,20089,14,1
36473,True,2,35449,10,1
36473,True,2,36469,2,1
36473,True,2,32377,12,1
36479,False,,,,
36493,False,,,,
36523,True,2,36011,9,1
36497,True,2,191,4,2
36497,True,2,20113,14,1
36497,True,2,36493,2,1
36497,True,2,36433,6,1
36497,True,2,32401,12,1
36497,True,2,36241,8,1
36527,True,2,20143,14,1
36527,True,2,36523,2,1
36529,True,2,3761,15,1
36529,True,2,36527,1,1
36529,True,2,36017,9,1
36529,True,2,36497,5,1
36541,True,2,28349,13,1
36551,True,2,35527,10,1
36563,True,2,36559,2,1
36563,True,2,36307,8,1
36563,True,2,32467,12,1
36559,True,2,34511,11,1
36559,True,2,36527,5,1
36559,True,2,36551,3,1
36571,True,2,36563,3,1
36571,True,2,3803,15,1
36587,True,2,36583,2,1
36587,True,2,32491,12,1
36587,True,2,36523,6,1
36587,True,2,36571,4,1
36583,True,2,36551,5,1
36607,True,2,36599,3,1
36607,True,2,36479,7,1
36599,True,2,32503,12,1
36599,True,2,36343,8,1
36599,True,2,36583,4,1
36629,True,2,36373,8,1
36629,True,2,32533,12,1
36643,True,2,36131,9,1
36637,True,2,36629,3,1
36637,True,2,34589,11,1
36653,True,2,36637,4,1
36653,True,2,20269,14,1
36671,True,2,36607,6,1
36671,True,2,20287,14,1
36677,False,,,,
36683,True,2,32587,12,1
36691,True,2,3923,15,1
36691,True,2,28499,13,1
36691,True,2,36563,7,1
36691,True,2,36683,3,1
36697,True,2,3929,15,1
36697,True,2,34649,11,1
36709,True,2,28517,13,1
36709,True,2,36677,5,1
36713,True,2,36457,8,1
36713,True,2,36697,4,1
36713,True,2,36709,2,1
36721,True,2,36209,9,1
36721,True,2,34673,11,1
36721,True,2,36713,3,1
36739,True,2,28547,13,1
36749,True,2,36493,8,1
36749,True,2,32653,12,1
36761,True,2,36697,6,1
36779,True,2,36523,8,1
36767,False,,,,
36787,True,2,34739,11,1
36787,True,2,4019,15,1
36787,True,2,36779,3,1
36791,True,2,20407,14,1
36791,True,2,36787,2,1
36781,True,2,36269,9,1
36781,True,2,36749,5,1
36781,True,2,36779,1,1
36781,True,2,36653,7,1
36781,True,2,4013,15,1
36793,True,2,36761,5,1
36793,True,2,36791,1,1
36821,True,2,35797,10,1
36809,True,2,36793,4,1
36809,True,2,32713,12,1
36833,True,2,35809,10,1
36847,True,2,4079,15,1
36857,True,2,181,12,2
36857,True,2,36793,6,1
36871,False,,,,
36877,True,2,36749,7,1
36899,True,2,36643,8,1
36899,True,2,32803,12,1
36887,True,2,36871,4,1
36887,True,2,35863,10,1
36901,True,2,36899,1,1
36901,True,2,36389,9,1
36901,True,2,4133,15,1
36919,True,2,34871,11,1
36919,True,2,36887,5,1
36919,True,2,36791,7,1
36913,False,,,,
36923,True,2,36919,2,1
36923,True,2,35899,10,1
36929,True,2,32833,12,1
36929,True,2,36913,4,1
36931,True,2,34883,11,1
36931,True,2,36929,1,1
36931,True,2,36899,5,1
36931,True,2,36923,3,1
36943,True,2,28751,13,1
36973,False,,,,
36947,True,2,20563,14,1
36947,True,2,36943,2,1
36947,True,2,35923,10,1
36947,True,2,36931,4,1
36947,True,2,36691,8,1
36979,True,2,36947,5,1
36979,True,2,36467,9,1
36979,True,2,4211,15,1
37003,False,,,,
36997,True,2,34949,11,1
36997,True,2,4229,15,1
37013,True,2,36997,4,1
37013,True,2,32917,12,1
37019,True,2,37003,4,1
37021,True,2,37019,1,1
37021,True,2,37013,3,1
37021,True,2,4253,15,1
37039,True,2,4271,15,1
37039,True,2,36527,9,1
37057,True,2,37049,3,1
37057,True,2,4289,15,1
37057,True,2,36929,7,1
37049,True,2,36793,8,1
37061,True,2,36997,6,1
37061,True,2,36037,10,1
37061,True,2,37057,2,1
37087,False,,,,
37097,True,2,36073,10,1
37117,True,2,35069,11,1
37117,True,2,4349,15,1
37123,False,,,,
37159,True,2,35111,11,1
37159,True,2,4391,15,1
37139,True,2,37123,4,1
37171,True,2,37139,5,1
37171,True,2,28979,13,1
37189,True,2,37061,7,1
37189,True,2,37181,3,1
37189,True,2,35141,11,1
37189,True,2,36677,9,1
37189,True,2,4421,15,1
37181,True,2,37117,6,1
37199,True,2,36943,8,1
37201,True,2,29009,13,1
37201,True,2,37199,1,1
37201,True,2,35153,11,1
37217,True,2,37201,4,1
37243,False,,,,
37223,True,2,37159,6,1
37253,True,2,193,2,2
37253,True,2,36997,8,1
37253,True,2,36229,10,1
37253,True,2,37189,6,1
37273,True,2,36761,9,1
37277,True,2,37021,8,1
37277,True,2,33181,12,1
37277,True,2,37273,2,1
37307,True,2,37243,6,1
37307,True,2,33211,12,1
37321,True,2,37313,3,1
37321,True,2,36809,9,1
37321,True,2,29129,13,1
37309,True,2,37181,7,1
37309,True,2,37277,5,1
37309,True,2,37307,1,1
37313,True,2,193,6,2
37313,True,2,37057,8,1
37313,True,2,20929,14,1
37313,True,2,37309,2,1
37337,True,2,37321,4,1
37337,True,2,36313,10,1
37337,True,2,37273,6,1
37339,True,2,35291,11,1
37339,True,2,37307,5,1
37339,True,2,29147,13,1
37339,True,2,37337,1,1
37357,False,,,,
37361,True,2,37357,2,1
37369,True,2,37361,3,1
37369,True,2,36857,9,1
37369,True,2,37337,5,1
37379,True,2,37363,4,1
37379,True,2,37123,8,1
37363,True,2,37361,1,1
37409,False,,,,
37397,True,2,33301,12,1
37397,True,2,36373,10,1
37397,True,2,21013,14,1
37423,True,2,29231,13,1
37441,True,2,36929,9,1
37441,True,2,35393,11,1
37441,True,2,37409,5,1
37441,True,2,4673,15,1
37441,True,2,37313,7,1
37483,False,,,,
37447,True,2,4679,15,1
37463,True,2,37447,4,1
37493,True,2,36469,10,1
37493,True,2,37489,2,1
37489,True,2,4721,15,1
37489,True,2,37361,7,1
37489,True,2,29297,13,1
37501,True,2,37493,3,1
37501,True,2,4733,15,1
37517,True,2,36493,10,1
37517,True,2,37501,4,1
37511,True,2,37447,6,1
37511,True,2,37507,2,1
37529,True,2,37273,8,1
37507,True,2,37379,7,1
37537,True,2,37409,7,1
37537,True,2,37529,3,1
37549,True,2,37517,5,1
37549,True,2,37547,1,1
37547,True,2,36523,10,1
37547,True,2,21163,14,1
37547,True,2,37483,6,1
37561,True,2,4793,15,1
37561,True,2,37049,9,1
37561,True,2,37529,5,1
37567,True,2,4799,15,1
37571,True,2,21187,14,1
37571,True,2,37567,2,1
37571,True,2,37507,6,1
37573,True,2,37571,1,1
37573,True,2,37061,9,1
37579,True,2,37547,5,1
37579,True,2,29387,13,1
37579,True,2,35531,11,1
37579,True,2,37571,3,1
37591,True,2,29399,13,1
37591,True,2,37589,1,1
37591,True,2,37463,7,1
37591,True,2,35543,11,1
37607,True,2,37591,4,1
37607,True,2,36583,10,1
37589,True,2,37573,4,1
37589,True,2,33493,12,1
37619,True,2,37363,8,1
37643,True,2,37579,6,1
37643,True,2,33547,12,1
37633,False,,,,
37663,False,,,,
37657,True,2,37649,3,1
37657,True,2,37529,7,1
37657,True,2,4889,15,1
37649,True,2,37633,4,1
37691,False,,,,
37693,True,2,37691,1,1
37693,True,2,37181,9,1
37693,True,2,29501,13,1
37699,True,2,37691,3,1
37699,True,2,4931,15,1
37699,True,2,37571,7,1
37747,True,2,37619,7,1
37717,True,2,37589,7,1
37781,True,2,37717,6,1
37781,True,2,21397,14,1
37783,True,2,37781,1,1
37799,True,2,37783,4,1
37799,True,2,33703,12,1
37813,True,2,37811,1,1
37813,True,2,37781,5,1
37811,True,2,37747,6,1
37811,True,2,36787,10,1
37831,True,2,37799,5,1
37847,True,2,37831,4,1
37847,True,2,33751,12,1
37847,True,2,37591,8,1
37847,True,2,37783,6,1
37853,True,2,33757,12,1
37879,True,2,35831,11,1
37879,True,2,37847,5,1
37879,True,2,37871,3,1
37871,True,2,21487,14,1
37871,True,2,36847,10,1
37889,True,2,37633,8,1
37951,True,2,29759,13,1
37897,True,2,37889,3,1
37861,True,2,37853,3,1
37861,True,2,29669,13,1
37957,True,2,5189,15,1
37963,False,,,,
37907,True,2,21523,14,1
37907,True,2,33811,12,1
37987,False,,,,
37967,True,2,33871,12,1
37967,True,2,37963,2,1
37967,True,2,36943,10,1
37967,True,2,37951,4,1
37997,True,2,36973,10,1
37997,True,2,21613,14,1
37997,True,2,37993,2,1
37991,True,2,37987,2,1
38039,True,2,37783,8,1
38011,True,2,29819,13,1
38011,True,2,35963,11,1
37993,True,2,37991,1,1
38053,False,,,,
38047,True,2,35999,11,1
38047,True,2,38039,3,1
38047,True,2,5279,15,1
38069,True,2,37813,8,1
38069,True,2,38053,4,1
38083,True,2,37571,9,1
38149,True,2,5381,15,1
38113,True,2,29921,13,1
38119,True,2,37607,9,1
38119,True,2,5351,15,1
38119,True,2,37991,7,1
38119,True,2,29927,13,1
38153,True,2,37897,8,1
38153,True,2,34057,12,1
38153,True,2,38149,2,1
38167,True,2,5399,15,1
38167,True,2,38039,7,1
38189,False,,,,
38197,True,2,38069,7,1
38197,True,2,38189,3,1
38177,True,2,38113,6,1
38183,True,2,38119,6,1
38183,True,2,21799,14,1
38183,True,2,38167,4,1
38183,True,2,37159,10,1
38219,True,2,34123,12,1
38219,True,2,37963,8,1
38201,True,2,21817,14,1
38201,True,2,38197,2,1
38231,True,2,38167,6,1
38237,True,2,34141,12,1
38239,True,2,38231,3,1
38239,True,2,36191,11,1
38239,True,2,5471,15,1
38239,True,2,30047,13,1
38239,True,2,38237,1,1
38261,True,2,38197,6,1
38273,True,2,193,10,2
38287,True,2,5519,15,1
38281,True,2,38273,3,1
38281,True,2,38153,7,1
38281,True,2,30089,13,1
38299,True,2,36251,11,1
38299,True,2,5531,15,1
38317,True,2,36269,11,1
38317,True,2,38189,7,1
38303,True,2,38287,4,1
38303,True,2,38299,2,1
38303,True,2,38239,6,1
38303,True,2,38047,8,1
38327,True,2,34231,12,1
38327,True,2,21943,14,1
38321,True,2,21937,14,1
38321,True,2,38317,2,1
38329,True,2,30137,13,1
38329,True,2,38201,7,1
38329,True,2,38327,1,1
38329,True,2,38321,3,1
38351,True,2,38287,6,1
38333,True,2,38329,2,1
38333,True,2,37309,10,1
38333,True,2,38317,4,1
38377,False,,,,
38371,False,,,,
38393,True,2,38329,6,1
38393,True,2,37369,10,1
38393,True,2,38377,4,1
38393,True,2,34297,12,1
38447,True,2,37423,10,1
38447,True,2,38431,4,1
38447,True,2,34351,12,1
38447,True,2,22063,14,1
38431,True,2,38303,7,1
38431,True,2,36383,11,1
38459,False,,,,
38453,True,2,38197,8,1
38453,True,2,38449,2,1
38461,True,2,5693,15,1
38461,True,2,38453,3,1
38461,True,2,38333,7,1
38461,True,2,30269,13,1
38461,True,2,38459,1,1
38449,True,2,38447,1,1
38449,True,2,38321,7,1
38501,False,,,,
38543,True,2,22159,14,1
38543,True,2,38287,8,1
38557,False,,,,
38561,True,2,37537,10,1
38561,True,2,38557,2,1
38567,True,2,34471,12,1
38569,True,2,38561,3,1
38569,True,2,38567,1,1
38569,True,2,5801,15,1
38609,True,2,34513,12,1
38609,True,2,38593,4,1
38593,True,2,38561,5,1
38611,True,2,38603,3,1
38611,True,2,5843,15,1
38611,True,2,38609,1,1
38611,True,2,36563,11,1
38603,True,2,37579,10,1
38629,True,2,5861,15,1
38629,True,2,38501,7,1
38639,True,2,34543,12,1
38651,False,,,,
38669,True,2,38653,4,1
38653,True,2,38651,1,1
38671,True,2,38669,1,1
38671,True,2,5903,15,1
38671,True,2,38543,7,1
38671,True,2,38639,5,1
38677,True,2,36629,11,1
38677,True,2,38669,3,1
38693,True,2,38629,6,1
38693,True,2,38677,4,1
38699,True,2,34603,12,1
38711,True,2,38707,2,1
38707,True,2,5939,15,1
38707,True,2,38699,3,1
38713,True,2,38711,1,1
38713,True,2,38201,9,1
38729,True,2,38713,4,1
38747,True,2,34651,12,1
38723,True,2,38707,4,1
38723,True,2,37699,10,1
38737,True,2,38729,3,1
38737,True,2,38609,7,1
38749,True,2,38747,1,1
38749,True,2,5981,15,1
38749,True,2,30557,13,1
38749,True,2,38237,9,1
38767,True,2,38639,7,1
38791,True,2,38783,3,1
38783,True,2,38767,4,1
38783,True,2,34687,12,1
38821,True,2,6053,15,1
38821,True,2,38693,7,1
38803,False,,,,
38833,True,2,38321,9,1
38839,True,2,38711,7,1
38839,True,2,38327,9,1
38839,True,2,36791,11,1
38851,True,2,38723,7,1
38861,False,,,,
38891,False,,,,
38867,True,2,38611,8,1
38867,True,2,38803,6,1
38867,True,2,38851,4,1
38867,True,2,22483,14,1
38873,True,2,197,6,2
38903,True,2,38839,6,1
38903,True,2,34807,12,1
38903,True,2,37879,10,1
38917,False,,,,
38923,True,2,38891,5,1
38923,True,2,38921,1,1
38921,True,2,37897,10,1
38921,True,2,38917,2,1
38933,True,2,38677,8,1
38933,True,2,22549,14,1
38933,True,2,38917,4,1
38953,True,2,38921,5,1
38959,True,2,38447,9,1
38971,True,2,38459,9,1
38971,True,2,6203,15,1
38971,True,2,36923,11,1
38977,True,2,36929,11,1
38993,True,2,38977,4,1
38993,True,2,38737,8,1
38993,True,2,34897,12,1
39019,True,2,38891,7,1
39043,True,2,39041,1,1
39043,True,2,30851,13,1
39041,True,2,38977,6,1
39023,True,2,39019,2,1
39023,True,2,38959,6,1
39023,True,2,38767,8,1
39023,True,2,22639,14,1
39047,True,2,38791,8,1
39047,True,2,39043,2,1
39079,True,2,39047,5,1
39079,True,2,6311,15,1
39079,True,2,38567,9,1
39089,True,2,38833,8,1
39103,True,2,30911,13,1
39097,True,2,6329,15,1
39097,True,2,37049,11,1
39097,True,2,39089,3,1
39107,True,2,39103,2,1
39107,True,2,38083,10,1
39107,True,2,38851,8,1
39107,True,2,39043,6,1
39119,True,2,35023,12,1
39119,True,2,39103,4,1
39113,True,2,39097,4,1
39133,True,2,30941,13,1
39139,True,2,39107,5,1
39157,True,2,6389,15,1
39181,True,2,38669,9,1
39163,True,2,39161,1,1
39163,True,2,38651,9,1
39163,True,2,30971,13,1
39161,True,2,22777,14,1
39161,True,2,39157,2,1
39161,True,2,39097,6,1
39191,True,2,38167,10,1
39191,True,2,22807,14,1
39199,True,2,39191,3,1
39209,True,2,38953,8,1
39227,True,2,38971,8,1
39227,True,2,39163,6,1
39217,True,2,39209,3,1
39217,True,2,39089,7,1
39217,True,2,6449,15,1
39229,True,2,37181,11,1
39229,True,2,39227,1,1
39233,True,2,38977,8,1
39233,True,2,39217,4,1
39233,True,2,39229,2,1
39251,False,,,,
39241,True,2,39239,1,1
39241,True,2,39233,3,1
39241,True,2,6473,15,1
39241,True,2,38729,9,1
39241,True,2,39113,7,1
39241,True,2,39209,5,1
39239,False,,,,
39293,True,2,39229,6,1
39301,True,2,37253,11,1
39301,True,2,39293,3,1
39313,True,2,31121,13,1
39317,True,2,39301,4,1
39317,True,2,35221,12,1
39317,True,2,39313,2,1
39323,True,2,38299,10,1
39323,True,2,35227,12,1
39341,True,2,38317,10,1
39343,True,2,39341,1,1
39343,True,2,31151,13,1
39367,True,2,39359,3,1
39367,True,2,39239,7,1
39367,True,2,6599,15,1
39359,True,2,39343,4,1
39359,True,2,39103,8,1
39371,True,2,39367,2,1
39373,True,2,31181,13,1
39373,True,2,39341,5,1
39373,True,2,38861,9,1
39373,True,2,39371,1,1
39383,True,2,39367,4,1
39409,True,2,37361,11,1
39397,False,,,,
39419,True,2,39163,8,1
39419,True,2,35323,12,1
39443,True,2,39439,2,1
39443,True,2,23059,14,1
39439,True,2,31247,13,1
39451,True,2,39419,5,1
39451,True,2,39323,7,1
39451,True,2,31259,13,1
39451,True,2,39443,3,1
39499,True,2,31307,13,1
39499,True,2,39371,7,1
39461,True,2,39397,6,1
39503,True,2,35407,12,1
39503,True,2,39499,2,1
39503,True,2,39439,6,1
39509,False,,,,
39511,True,2,39509,1,1
39511,True,2,31319,13,1
39511,True,2,37463,11,1
39511,True,2,39503,3,1
39511,True,2,39383,7,1
39521,False,,,,
39541,True,2,37493,11,1
39541,True,2,39509,5,1
39563,True,2,39499,6,1
39551,True,2,23167,14,1
39581,True,2,38557,10,1
39581,True,2,23197,14,1
39569,True,2,39313,8,1
39607,False,,,,
39619,True,2,37571,11,1
39619,True,2,39107,9,1
39623,True,2,35527,12,1
39623,True,2,39619,2,1
39623,True,2,39367,8,1
39623,True,2,39607,4,1
39631,True,2,39503,7,1
39631,True,2,39623,3,1
39631,True,2,39119,9,1
39631,True,2,6863,15,1
39659,False,,,,
39667,True,2,39659,3,1
39667,True,2,37619,11,1
39667,True,2,6899,15,1
39671,True,2,39667,2,1
39671,True,2,39607,6,1
39679,True,2,39671,3,1
39679,True,2,6911,15,1
39679,True,2,39551,7,1
39703,True,2,31511,13,1
39703,True,2,39191,9,1
39703,True,2,39671,5,1
39733,True,2,31541,13,1
39719,True,2,39703,4,1
39727,True,2,6959,15,1
39727,True,2,39719,3,1
39709,True,2,31517,13,1
39709,True,2,39581,7,1
39749,True,2,39733,4,1
39761,True,2,38737,10,1
39769,True,2,7001,15,1
39769,True,2,39761,3,1
39779,False,,,,
39791,True,2,38767,10,1
39791,True,2,39727,6,1
39799,True,2,39671,7,1
39799,True,2,39791,3,1
39799,True,2,31607,13,1
39821,False,,,,
39829,True,2,39317,9,1
39829,True,2,39821,3,1
39829,True,2,37781,11,1
39829,True,2,39827,1,1
39827,True,2,35731,12,1
39827,True,2,38803,10,1
39839,False,,,,
39841,True,2,31649,13,1
39841,True,2,39839,1,1
39847,True,2,39719,7,1
39847,True,2,39839,3,1
39847,True,2,37799,11,1
39847,True,2,7079,15,1
39857,True,2,39841,4,1
39857,True,2,23473,14,1
39857,True,2,199,8,2
39857,True,2,38833,10,1
39877,True,2,39869,3,1
39877,True,2,7109,15,1
39877,True,2,39749,7,1
39863,True,2,39799,6,1
39863,True,2,39847,4,1
39863,True,2,39607,8,1
39863,True,2,38839,10,1
39869,False,,,,
39883,True,2,39371,9,1
39887,True,2,39883,2,1
39887,True,2,39631,8,1
39929,False,,,,
39901,True,2,37853,11,1
39901,True,2,39869,5,1
39953,True,2,39937,4,1
39937,True,2,37889,11,1
39937,True,2,39929,3,1
39971,False,,,,
39979,True,2,7211,15,1
39979,True,2,39971,3,1
39983,True,2,39979,2,1
39983,True,2,38959,10,1
39983,True,2,23599,14,1
39983,True,2,39727,8,1
40009,True,2,31817,13,1
39989,True,2,39733,8,1
40013,True,2,23629,14,1
40013,True,2,40009,2,1
40031,False,,,,
40037,False,,,,
40087,True,2,38039,11,1
40039,True,2,40031,3,1
40039,True,2,40037,1,1
40039,True,2,31847,13,1
40039,True,2,37991,11,1
40063,True,2,40031,5,1
40063,True,2,39551,9,1
40093,True,2,39581,9,1
40099,True,2,31907,13,1
40099,True,2,39971,7,1
40099,True,2,7331,15,1
40111,True,2,39983,7,1
40123,False,,,,
40129,True,2,40127,1,1
40127,True,2,23743,14,1
40127,True,2,40063,6,1
40127,True,2,39103,10,1
40127,True,2,40123,2,1
40127,True,2,40111,4,1
40153,True,2,40151,1,1
40151,True,2,40087,6,1
40151,True,2,23767,14,1
40163,True,2,39139,10,1
40163,True,2,40099,6,1
40163,True,2,36067,12,1
40177,True,2,40169,3,1
40169,True,2,36073,12,1
40169,True,2,40153,4,1
40193,True,2,40129,6,1
40193,True,2,39937,8,1
40193,True,2,40189,2,1
40193,True,2,36097,12,1
40193,True,2,40177,4,1
40189,False,,,,
40213,False,,,,
40237,True,2,38189,11,1
40231,True,2,39719,9,1
40231,True,2,38183,11,1
40241,True,2,23857,14,1
40241,True,2,40237,2,1
40241,True,2,40177,6,1
40241,True,2,39217,10,1
40253,True,2,40237,4,1
40253,True,2,39229,10,1
40253,True,2,40189,6,1
40253,True,2,23869,14,1
40277,True,2,40213,6,1
40277,True,2,23893,14,1
40289,False,,,,
40343,True,2,40087,8,1
40283,True,2,36187,12,1
40283,True,2,23899,14,1
40351,True,2,32159,13,1
40351,True,2,40343,3,1
40351,True,2,38303,11,1
40351,True,2,39839,9,1
40351,True,2,7583,15,1
40361,True,2,23977,14,1
40361,True,2,40357,2,1
40357,True,2,7589,15,1
40423,False,,,,
40387,False,,,,
40427,True,2,24043,14,1
40427,True,2,40423,2,1
40433,True,2,40177,8,1
40433,True,2,40429,2,1
40433,True,2,24049,14,1
40433,True,2,39409,10,1
40429,True,2,40427,1,1
40429,True,2,32237,13,1
40471,True,2,7703,15,1
40471,True,2,40343,7,1
40459,True,2,40427,5,1
40459,True,2,7691,15,1
40483,True,2,39971,9,1
40487,True,2,40231,8,1
40487,True,2,40483,2,1
40487,True,2,40471,4,1
40487,True,2,40423,6,1
40487,True,2,24103,14,1
40493,True,2,40237,8,1
40493,True,2,40429,6,1
40493,True,2,24109,14,1
40507,True,2,38459,11,1
40507,True,2,40499,3,1
40519,True,2,40487,5,1
40519,True,2,32327,13,1
40499,True,2,40483,4,1
40529,True,2,36433,12,1
40531,True,2,40529,1,1
40531,True,2,40499,5,1
40543,True,2,40031,9,1
40577,True,2,191,12,2
40559,True,2,40543,4,1
40583,True,2,40519,6,1
40597,True,2,7829,15,1
40591,True,2,40559,5,1
40591,True,2,7823,15,1
40591,True,2,40583,3,1
40591,True,2,38543,11,1
40627,True,2,40499,7,1
40609,True,2,38561,11,1
40609,True,2,40577,5,1
40609,True,2,7841,15,1
40637,True,2,36541,12,1
40639,True,2,40637,1,1
40639,True,2,40127,9,1
40693,False,,,,
40697,True,2,40693,2,1
40699,True,2,40697,1,1
40699,True,2,32507,13,1
40699,True,2,38651,11,1
40709,True,2,40693,4,1
40739,True,2,36643,12,1
40739,True,2,40483,8,1
40759,True,2,40751,3,1
40759,True,2,38711,11,1
40763,True,2,40759,2,1
40763,True,2,24379,14,1
40763,True,2,40507,8,1
40763,True,2,40699,6,1
40751,True,2,39727,10,1
40787,True,2,40771,4,1
40787,True,2,36691,12,1
40787,True,2,40531,8,1
40771,True,2,40763,3,1
40771,True,2,32579,13,1
40771,True,2,38723,11,1
40771,True,2,40739,5,1
40801,True,2,40289,9,1
40801,True,2,32609,13,1
40813,True,2,32621,13,1
40819,True,2,40787,5,1
40829,True,2,40813,4,1
40823,True,2,40819,2,1
40823,True,2,40759,6,1
40823,True,2,39799,10,1
40823,True,2,24439,14,1
40847,True,2,40591,8,1
40849,True,2,40847,1,1
40849,True,2,8081,15,1
40849,True,2,40841,3,1
40841,False,,,,
40853,True,2,39829,10,1
40853,True,2,24469,14,1
40853,True,2,40849,2,1
40853,True,2,40597,8,1
40867,True,2,40739,7,1
40879,True,2,40847,5,1
40879,True,2,8111,15,1
40879,True,2,40751,7,1
40879,True,2,32687,13,1
40897,False,,,,
40883,True,2,40819,6,1
40883,True,2,36787,12,1
40883,True,2,40627,8,1
40883,True,2,40867,4,1
40883,True,2,24499,14,1
40883,True,2,40879,2,1
40903,False,,,,
40927,False,,,,
40933,False,,,,
40961,True,2,40897,6,1
40961,True,2,39937,10,1
40949,True,2,40693,8,1
40949,True,2,40933,4,1
40939,True,2,40427,9,1
40939,True,2,8171,15,1
40939,True,2,38891,11,1
41011,True,2,8243,15,1
41011,True,2,40499,9,1
41011,True,2,40883,7,1
40993,True,2,40961,5,1
40993,True,2,32801,13,1
40973,True,2,36877,12,1
41017,False,,,,
41023,True,2,32831,13,1
41039,True,2,36943,12,1
41039,True,2,41023,4,1
41047,True,2,41039,3,1
41057,True,2,40993,6,1
41057,True,2,40801,8,1
41077,True,2,40949,7,1
41051,True,2,41047,2,1
41081,True,2,41017,6,1
41081,True,2,41077,2,1
41081,True,2,24697,14,1
41113,True,2,41081,5,1
41117,True,2,24733,14,1
41117,True,2,41113,2,1
41117,True,2,40093,10,1
41117,True,2,37021,12,1
41141,True,2,41077,6,1
41131,True,2,32939,13,1
41131,True,2,8363,15,1
41143,True,2,41141,1,1
41149,True,2,32957,13,1
41149,True,2,41141,3,1
41149,True,2,41117,5,1
41149,True,2,40637,9,1
41161,True,2,32969,13,1
41161,True,2,39113,11,1
41179,True,2,41177,1,1
41179,True,2,32987,13,1
41179,True,2,41051,7,1
41183,True,2,41179,2,1
41183,True,2,40927,8,1
41183,True,2,37087,12,1
41183,True,2,24799,14,1
41177,True,2,41161,4,1
41177,True,2,41113,6,1
41177,True,2,24793,14,1
41177,True,2,40153,10,1
41189,True,2,40933,8,1
41201,True,2,40177,10,1
41203,True,2,41201,1,1
41213,True,2,41149,6,1
41213,True,2,37117,12,1
41213,True,2,40189,10,1
41231,True,2,41227,2,1
41231,True,2,24847,14,1
41227,False,,,,
41221,True,2,41189,5,1
41221,True,2,40709,9,1
41221,True,2,33029,13,1
41221,True,2,41213,3,1
41243,True,2,24859,14,1
41243,True,2,41227,4,1
41243,True,2,41179,6,1
41257,True,2,39209,11,1
41263,True,2,41231,5,1
41263,True,2,40751,9,1
41263,True,2,33071,13,1
41233,True,2,41201,5,1
41233,True,2,41231,1,1
41281,True,2,39233,11,1
41281,True,2,8513,15,1
41269,True,2,8501,15,1
41269,True,2,41141,7,1
41299,True,2,40787,9,1
41299,True,2,33107,13,1
41299,True,2,39251,11,1
41333,True,2,41077,8,1
41333,True,2,41269,6,1
41351,True,2,24967,14,1
41341,True,2,8573,15,1
41341,True,2,40829,9,1
41341,True,2,39293,11,1
41341,True,2,41213,7,1
41341,True,2,41333,3,1
41341,True,2,33149,13,1
41357,True,2,41341,4,1
41381,True,2,40357,10,1
41387,True,2,41131,8,1
41399,True,2,41143,8,1
41389,True,2,41381,3,1
41389,True,2,39341,11,1
41389,True,2,41357,5,1
41389,True,2,41387,1,1
41411,True,2,40387,10,1
41413,True,2,41381,5,1
41413,True,2,41411,1,1
41443,True,2,41411,5,1
41453,True,2,40429,10,1
41453,True,2,37357,12,1
41453,True,2,41389,6,1
41479,True,2,33287,13,1
41479,True,2,41351,7,1
41467,True,2,39419,11,1
41467,True,2,8699,15,1
41491,True,2,39443,11,1
41507,True,2,41491,4,1
41507,True,2,41443,6,1
41507,True,2,40483,10,1
41513,True,2,41257,8,1
41521,True,2,8753,15,1
41521,True,2,33329,13,1
41521,True,2,41519,1,1
41521,True,2,41513,3,1
41519,True,2,41263,8,1
41519,True,2,37423,12,1
41539,True,2,33347,13,1
41539,True,2,41411,7,1
41539,True,2,41507,5,1
41543,True,2,41539,2,1
41543,True,2,41479,6,1
41543,True,2,40519,10,1
41543,True,2,37447,12,1
41549,False,,,,
41579,True,2,37483,12,1
41593,True,2,41081,9,1
41597,True,2,37501,12,1
41597,True,2,41593,2,1
41597,True,2,41341,8,1
41603,True,2,41539,6,1
41603,True,2,37507,12,1
41603,True,2,25219,14,1
41609,True,2,41593,4,1
41617,True,2,41609,3,1
41617,True,2,8849,15,1
41617,True,2,39569,11,1
41611,True,2,41609,1,1
41611,True,2,41603,3,1
41611,True,2,41579,5,1
41611,True,2,39563,11,1
41621,True,2,25237,14,1
41621,True,2,40597,10,1
41621,True,2,41617,2,1
41641,True,2,41609,5,1
41641,True,2,41513,7,1
41627,True,2,25243,14,1
41627,True,2,41611,4,1
41647,True,2,41519,7,1
41651,True,2,40627,10,1
41651,True,2,41647,2,1
41659,True,2,41627,5,1
41659,True,2,41651,3,1
41669,True,2,41413,8,1
41669,True,2,37573,12,1
41681,True,2,41617,6,1
41687,True,2,25303,14,1
41687,True,2,37591,12,1
41719,True,2,8951,15,1
41719,True,2,39671,11,1
41719,True,2,41687,5,1
41729,True,2,37633,12,1
41759,True,2,37663,12,1
41761,True,2,41729,5,1
41761,True,2,41759,1,1
41761,True,2,33569,13,1
41737,True,2,41729,3,1
41737,True,2,41609,7,1
41737,True,2,8969,15,1
41771,False,,,,
41801,True,2,41737,6,1
41777,True,2,41521,8,1
41777,True,2,41761,4,1
41809,True,2,41681,7,1
41809,True,2,33617,13,1
41809,True,2,41801,3,1
41809,True,2,39761,11,1
41809,True,2,41777,5,1
41809,True,2,9041,15,1
41813,True,2,37717,12,1
41813,True,2,41809,2,1
41843,True,2,37747,12,1
41843,True,2,40819,10,1
41849,True,2,41593,8,1
41863,True,2,41351,9,1
41851,True,2,41849,1,1
41851,True,2,41843,3,1
41879,True,2,37783,12,1
41879,True,2,41863,4,1
41887,True,2,41879,3,1
41887,True,2,41759,7,1
41887,True,2,39839,11,1
41893,True,2,41381,9,1
41897,True,2,41893,2,1
41897,True,2,41641,8,1
41911,True,2,41399,9,1
41911,True,2,39863,11,1
41911,True,2,41903,3,1
41911,True,2,41879,5,1
41903,True,2,41647,8,1
41903,True,2,40879,10,1
41903,True,2,41887,4,1
41927,True,2,41863,6,1
41927,True,2,40903,10,1
41927,True,2,37831,12,1
41927,True,2,41911,4,1
41941,True,2,33749,13,1
41941,True,2,9173,15,1
41941,True,2,41813,7,1
41947,False,,,,
41957,True,2,41893,6,1
41957,True,2,37861,12,1
41957,True,2,41953,2,1
41957,True,2,40933,10,1
41957,True,2,41941,4,1
41953,False,,,,
41959,True,2,41927,5,1
41959,True,2,41957,1,1
41959,True,2,33767,13,1
41969,True,2,41953,4,1
41981,False,,,,
41999,True,2,41983,4,1
41983,True,2,41981,1,1
41983,True,2,33791,13,1
42017,True,2,42013,2,1
42017,True,2,41953,6,1
42017,True,2,40993,10,1
42017,True,2,41761,8,1
42017,True,2,25633,14,1
42013,True,2,41981,5,1
42019,True,2,41507,9,1
42019,True,2,42017,1,1
42019,True,2,33827,13,1
42019,True,2,39971,11,1
42023,True,2,42019,2,1
42023,True,2,41959,6,1
42023,True,2,25639,14,1
42043,True,2,33851,13,1
42061,True,2,40013,11,1
42061,True,2,41549,9,1
42061,True,2,9293,15,1
42071,True,2,41047,10,1
42083,True,2,42019,6,1
42083,True,2,37987,12,1
42073,True,2,42071,1,1
42101,True,2,25717,14,1
42101,True,2,41077,10,1
42089,True,2,42073,4,1
42089,True,2,37993,12,1
42131,True,2,25747,14,1
42139,True,2,41627,9,1
42139,True,2,42131,3,1
42139,True,2,9371,15,1
42157,False,,,,
42179,True,2,38083,12,1
42169,False,,,,
42187,True,2,42179,3,1
42187,True,2,9419,15,1
42181,True,2,42179,1,1
42181,True,2,41669,9,1
42181,True,2,9413,15,1
42193,True,2,41681,9,1
42197,True,2,41941,8,1
42197,True,2,42181,4,1
42197,True,2,42193,2,1
42209,True,2,41953,8,1
42209,True,2,42193,4,1
42209,True,2,38113,12,1
42223,True,2,42221,1,1
42223,True,2,34031,13,1
42221,True,2,42157,6,1
42239,True,2,42223,4,1
42239,True,2,41983,8,1
42227,True,2,42223,2,1
42227,True,2,41203,10,1
42257,True,2,25873,14,1
42257,True,2,41233,10,1
42257,True,2,42193,6,1
42281,True,2,41257,10,1
42283,True,2,42281,1,1
42283,True,2,41771,9,1
42299,True,2,42043,8,1
42299,True,2,42283,4,1
42293,True,2,41269,10,1
42293,True,2,38197,12,1
42323,True,2,25939,14,1
42323,True,2,42307,4,1
42323,True,2,41299,10,1
42331,True,2,42299,5,1
42331,True,2,42323,3,1
42331,True,2,40283,11,1
42307,True,2,9539,15,1
42307,True,2,42179,7,1
42307,True,2,42299,3,1
42337,True,2,40289,11,1
42337,True,2,42209,7,1
42349,True,2,34157,13,1
42349,True,2,42221,7,1
42373,False,,,,
42359,False,,,,
42379,False,,,,
42391,True,2,9623,15,1
42391,True,2,40343,11,1
42391,True,2,42359,5,1
42391,True,2,41879,9,1
42397,True,2,9629,15,1
42403,True,2,34211,13,1
42407,True,2,42403,2,1
42407,True,2,42391,4,1
42409,True,2,41897,9,1
42409,True,2,40361,11,1
42409,True,2,42281,7,1
42409,True,2,42407,1,1
42409,True,2,34217,13,1
42433,False,,,,
42451,True,2,34259,13,1
42451,True,2,42443,3,1
42451,True,2,42323,7,1
42437,True,2,42433,2,1
42437,True,2,41413,10,1
42437,True,2,42373,6,1
42437,True,2,42181,8,1
42437,True,2,26053,14,1
42443,True,2,42379,6,1
42443,True,2,42187,8,1
42457,True,2,9689,15,1
42461,True,2,42457,2,1
42461,True,2,42397,6,1
42467,True,2,38371,12,1
42467,True,2,42463,2,1
42467,True,2,41443,10,1
42467,True,2,42403,6,1
42467,True,2,42451,4,1
42467,True,2,26083,14,1
42463,True,2,42461,1,1
42473,True,2,42457,4,1
42473,True,2,42409,6,1
42473,True,2,38377,12,1
42487,True,2,9719,15,1
42487,True,2,42359,7,1
42491,True,2,41467,10,1
42491,True,2,26107,14,1
42491,True,2,42487,2,1
42499,True,2,42467,5,1
42499,True,2,42491,3,1
42509,False,,,,
42533,False,,,,
42557,True,2,38461,12,1
42577,True,2,42569,3,1
42577,True,2,40529,11,1
42571,True,2,42569,1,1
42571,True,2,42443,7,1
42571,True,2,9803,15,1
42569,False,,,,
42611,True,2,26227,14,1
42589,True,2,42557,5,1
42589,True,2,42461,7,1
42641,True,2,42577,6,1
42641,True,2,41617,10,1
42643,True,2,42641,1,1
42643,True,2,42131,9,1
42643,True,2,42611,5,1
42649,True,2,42641,3,1
42649,True,2,34457,13,1
42667,False,,,,
42677,True,2,26293,14,1
42683,True,2,41659,10,1
42683,True,2,42667,4,1
42689,True,2,38593,12,1
42689,True,2,42433,8,1
42697,True,2,42569,7,1
42697,True,2,42689,3,1
42697,True,2,9929,15,1
42701,True,2,42697,2,1
42701,True,2,26317,14,1
42709,True,2,42677,5,1
42709,True,2,9941,15,1
42709,True,2,42701,3,1
42709,True,2,42197,9,1
42703,True,2,34511,13,1
42703,True,2,42701,1,1
42719,True,2,42463,8,1
42719,True,2,42703,4,1
42727,True,2,42719,3,1
42737,False,,,,
42743,True,2,42487,8,1
42743,True,2,42727,4,1
42743,True,2,41719,10,1
42751,True,2,42239,9,1
42751,True,2,42743,3,1
42751,True,2,42719,5,1
42767,True,2,42703,6,1
42767,True,2,38671,12,1
42767,True,2,42751,4,1
42773,True,2,38677,12,1
42773,True,2,42709,6,1
42787,True,2,40739,11,1
42793,True,2,42281,9,1
42797,True,2,42793,2,1
42829,True,2,42797,5,1
42829,True,2,42821,3,1
42829,True,2,42701,7,1
42829,True,2,10061,15,1
42821,True,2,26437,14,1
42841,True,2,34649,13,1
42841,True,2,42839,1,1
42839,False,,,,
42853,True,2,42821,5,1
42859,True,2,34667,13,1
42859,True,2,10091,15,1
42901,True,2,42899,1,1
42901,True,2,42773,7,1
42901,True,2,10133,15,1
42901,True,2,40853,11,1
42863,True,2,42859,2,1
42863,True,2,26479,14,1
42863,True,2,38767,12,1
42899,True,2,38803,12,1
42899,True,2,42643,8,1
42923,True,2,26539,14,1
42923,True,2,42667,8,1
42923,True,2,42859,6,1
42929,True,2,38833,12,1
42937,True,2,10169,15,1
42937,True,2,42929,3,1
42943,False,,,,
42961,True,2,42929,5,1
42961,True,2,42953,3,1
42961,True,2,10193,15,1
42953,True,2,42697,8,1
42953,True,2,163,14,2
42953,True,2,42937,4,1
42967,True,2,42839,7,1
42979,True,2,42467,9,1
42979,True,2,10211,15,1
42989,False,,,,
43003,True,2,42491,9,1
43013,True,2,38917,12,1
43019,True,2,38923,12,1
43019,True,2,43003,4,1
43037,True,2,42013,10,1
43051,True,2,43049,1,1
43051,True,2,42923,7,1
43051,True,2,43019,5,1
43063,True,2,34871,13,1
43049,True,2,38953,12,1
43049,True,2,42793,8,1
43067,True,2,38971,12,1
43067,True,2,26683,14,1
43067,True,2,43063,2,1
43067,True,2,42043,10,1
43067,True,2,43051,4,1
43067,True,2,43003,6,1
43103,False,,,,
43133,True,2,43117,4,1
43093,False,,,,
43117,True,2,42989,7,1
43151,False,,,,
43159,True,2,43151,3,1
43159,True,2,10391,15,1
43177,True,2,43049,7,1
43189,True,2,41141,11,1
43189,True,2,42677,9,1
43201,True,2,42689,9,1
43201,True,2,10433,15,1
43207,False,,,,
43223,True,2,42967,8,1
43223,True,2,43207,4,1
43223,True,2,26839,14,1
43223,True,2,43159,6,1
43261,True,2,41213,11,1
43261,True,2,35069,13,1
43261,True,2,43133,7,1
43271,True,2,43207,6,1
43237,True,2,41189,11,1
43313,True,2,39217,12,1
43291,True,2,35099,13,1
43291,True,2,41243,11,1
43291,True,2,43283,3,1
43283,False,,,,
43319,True,2,43063,8,1
43321,True,2,43313,3,1
43321,True,2,43319,1,1
43321,True,2,35129,13,1
43331,True,2,42307,10,1
43331,True,2,26947,14,1
43391,False,,,,
43397,True,2,39301,12,1
43397,True,2,42373,10,1
43399,True,2,43397,1,1
43399,True,2,43271,7,1
43399,True,2,43391,3,1
43399,True,2,10631,15,1
43399,True,2,41351,11,1
43403,True,2,42379,10,1
43403,True,2,43399,2,1
43411,True,2,42899,9,1
43411,True,2,43283,7,1
43411,True,2,43403,3,1
43427,True,2,42403,10,1
43427,True,2,43411,4,1
43427,True,2,27043,14,1
43441,True,2,42929,9,1
43441,True,2,43313,7,1
43451,True,2,27067,14,1
43487,True,2,42463,10,1
43487,True,2,27103,14,1
43457,True,2,42433,10,1
43457,True,2,43441,4,1
43457,True,2,43201,8,1
43457,True,2,27073,14,1
43481,True,2,42457,10,1
43499,False,,,,
43517,True,2,43261,8,1
43543,True,2,43541,1,1
43541,False,,,,
43573,True,2,43541,5,1
43573,True,2,35381,13,1
43577,True,2,43573,2,1
43577,True,2,43321,8,1
43597,True,2,41549,11,1
43607,True,2,43543,6,1
43607,True,2,43591,4,1
43607,True,2,39511,12,1
43579,True,2,43067,9,1
43579,True,2,43451,7,1
43579,True,2,43577,1,1
43591,True,2,41543,11,1
43613,True,2,43597,4,1
43613,True,2,42589,10,1
43613,True,2,43609,2,1
43627,True,2,43499,7,1
43627,True,2,10859,15,1
43627,True,2,41579,11,1
43609,True,2,43577,5,1
43609,True,2,43607,1,1
43609,True,2,43481,7,1
43633,False,,,,
43649,True,2,43633,4,1
43651,True,2,43649,1,1
43651,True,2,10883,15,1
43651,True,2,41603,11,1
43669,True,2,43661,3,1
43669,True,2,43541,7,1
43669,True,2,41621,11,1
43661,True,2,43597,6,1
43661,True,2,27277,14,1
43691,True,2,43627,6,1
43691,True,2,42667,10,1
43711,False,,,,
43753,True,2,43721,5,1
43717,True,2,41669,11,1
43717,True,2,10949,15,1
43721,True,2,43717,2,1
43721,True,2,42697,10,1
43721,True,2,27337,14,1
43759,False,,,,
43777,True,2,41729,11,1
43777,True,2,43649,7,1
43781,True,2,43717,6,1
43781,True,2,27397,14,1
43781,True,2,43777,2,1
43783,True,2,43271,9,1
43783,True,2,35591,13,1
43783,True,2,43781,1,1
43789,True,2,43661,7,1
43789,True,2,43787,1,1
43789,True,2,43781,3,1
43789,True,2,35597,13,1
43787,True,2,43783,2,1
43793,True,2,43789,2,1
43793,True,2,27409,14,1
43793,True,2,43777,4,1
43801,True,2,43793,3,1
43853,True,2,43789,6,1
43853,True,2,42829,10,1
43853,True,2,43597,8,1
43867,False,,,,
43889,True,2,43633,8,1
43913,True,2,27529,14,1
43891,True,2,43889,1,1
43891,True,2,41843,11,1
43933,False,,,,
43943,True,2,39847,12,1
43951,True,2,43943,3,1
43951,True,2,35759,13,1
43951,True,2,41903,11,1
43963,True,2,43451,9,1
43963,True,2,35771,13,1
43963,True,2,43961,1,1
43969,True,2,43961,3,1
43969,True,2,43457,9,1
43961,True,2,42937,10,1
43973,True,2,39877,12,1
43973,True,2,43969,2,1
43973,True,2,43717,8,1
43987,False,,,,
44017,True,2,43889,7,1
44017,True,2,41969,11,1
43991,True,2,42967,10,1
43991,True,2,43987,2,1
43997,True,2,39901,12,1
43997,True,2,43933,6,1
44021,True,2,44017,2,1
44027,True,2,43963,6,1
44027,True,2,43003,10,1
44029,True,2,35837,13,1
44029,True,2,43517,9,1
44029,True,2,43997,5,1
44029,True,2,44027,1,1
44029,True,2,11261,15,1
44029,True,2,44021,3,1
44029,True,2,41981,11,1
44041,True,2,11273,15,1
44041,True,2,43913,7,1
44059,True,2,44027,5,1
44053,True,2,44021,5,1
44053,True,2,43541,9,1
44089,True,2,43961,7,1
44089,True,2,43577,9,1
44089,True,2,11321,15,1
44089,True,2,44087,1,1
44089,True,2,35897,13,1
44071,True,2,35879,13,1
44071,True,2,43943,7,1
44071,True,2,42023,11,1
44087,True,2,44071,4,1
44087,True,2,43063,10,1
44101,True,2,43973,7,1
44111,False,,,,
44123,True,2,43867,8,1
44123,True,2,27739,14,1
44123,True,2,44059,6,1
44123,True,2,44119,2,1
44119,True,2,43607,9,1
44119,True,2,11351,15,1
44119,True,2,43991,7,1
44119,True,2,44111,3,1
44119,True,2,42071,11,1
44119,True,2,44087,5,1
44129,False,,,,
44131,True,2,44123,3,1
44131,True,2,42083,11,1
44131,True,2,44129,1,1
44159,True,2,40063,12,1
44171,False,,,,
44189,True,2,43933,8,1
44189,True,2,40093,12,1
44179,True,2,44171,3,1
44179,True,2,11411,15,1
44179,True,2,42131,11,1
44201,True,2,43177,10,1
44201,True,2,27817,14,1
44203,True,2,44201,1,1
44203,True,2,36011,13,1
44203,True,2,44171,5,1
44203,True,2,43691,9,1
44207,True,2,43951,8,1
44207,True,2,40111,12,1
44207,True,2,27823,14,1
44207,True,2,44203,2,1
44249,True,2,40153,12,1
44221,True,2,44189,5,1
44263,False,,,,
44257,True,2,42209,11,1
44257,True,2,44129,7,1
44257,True,2,11489,15,1
44257,True,2,44249,3,1
44267,True,2,44263,2,1
44267,True,2,27883,14,1
44267,True,2,44203,6,1
44273,True,2,44269,2,1
44273,True,2,44257,4,1
44273,True,2,40177,12,1
44273,True,2,167,14,2
44273,True,2,44017,8,1
44269,True,2,44267,1,1
44269,True,2,42221,11,1
44279,True,2,44263,4,1
44281,True,2,44249,5,1
44281,True,2,44273,3,1
44281,True,2,44279,1,1
44293,True,2,43781,9,1
44351,True,2,27967,14,1
44357,True,2,44101,8,1
44357,True,2,44293,6,1
44381,True,2,27997,14,1
44371,True,2,42323,11,1
44383,True,2,44381,1,1
44383,True,2,36191,13,1
44383,True,2,44351,5,1
44389,True,2,44357,5,1
44389,True,2,11621,15,1
44389,True,2,44381,3,1
44417,False,,,,
44449,True,2,44417,5,1
44449,True,2,11681,15,1
44453,True,2,44449,2,1
44453,True,2,44389,6,1
44453,True,2,28069,14,1
44453,True,2,40357,12,1
44491,True,2,36299,13,1
44491,True,2,44483,3,1
44491,True,2,42443,11,1
44483,True,2,40387,12,1
44483,True,2,28099,14,1
44497,False,,,,
44507,True,2,44491,4,1
44507,True,2,28123,14,1
44501,True,2,44497,2,1
44519,True,2,44263,8,1
44519,True,2,40423,12,1
44531,False,,,,
44533,True,2,44501,5,1
44533,True,2,44531,1,1
44533,True,2,44021,9,1
44533,True,2,36341,13,1
44537,True,2,44281,8,1
44537,True,2,44533,2,1
44537,True,2,211,4,2
44543,False,,,,
44549,True,2,44533,4,1
44549,True,2,44293,8,1
44563,True,2,44531,5,1
44579,True,2,40483,12,1
44579,True,2,44563,4,1
44621,True,2,44617,2,1
44621,True,2,43597,10,1
44587,True,2,44579,3,1
44617,True,2,42569,11,1
44623,True,2,44621,1,1
44623,True,2,44111,9,1
44633,True,2,44617,4,1
44633,True,2,43609,10,1
44641,True,2,44129,9,1
44641,True,2,44633,3,1
44647,True,2,44519,7,1
44651,True,2,44587,6,1
44651,True,2,43627,10,1
44651,True,2,44647,2,1
44657,True,2,44641,4,1
44657,True,2,43633,10,1
44683,True,2,44171,9,1
44683,True,2,44651,5,1
44687,True,2,44683,2,1
44687,True,2,44623,6,1
44687,True,2,40591,12,1
44701,True,2,44699,1,1
44701,True,2,11933,15,1
44701,True,2,44189,9,1
44699,True,2,44683,4,1
44711,True,2,44647,6,1
44729,False,,,,
44741,True,2,43717,10,1
44771,True,2,28387,14,1
44753,True,2,44497,8,1
44777,True,2,44773,2,1
44777,True,2,211,8,2
44777,True,2,28393,14,1
44777,True,2,43753,10,1
44773,True,2,44771,1,1
44773,True,2,44741,5,1
44789,True,2,40693,12,1
44789,True,2,44773,4,1
44789,True,2,44533,8,1
44797,True,2,44789,3,1
44809,True,2,44777,5,1
44809,True,2,12041,15,1
44819,True,2,44563,8,1
44839,True,2,44711,7,1
44839,True,2,12071,15,1
44851,True,2,44843,3,1
44851,True,2,44819,5,1
44843,True,2,44587,8,1
44843,True,2,44839,2,1
44879,True,2,44623,8,1
44867,True,2,44851,4,1
44867,True,2,40771,12,1
44887,True,2,44879,3,1
44887,True,2,42839,11,1
44887,True,2,12119,15,1
44909,True,2,40813,12,1
44909,True,2,44893,4,1
44893,True,2,44381,9,1
44917,True,2,12149,15,1
44917,True,2,44789,7,1
44917,True,2,44909,3,1
44927,False,,,,
44939,True,2,44683,8,1
44959,True,2,36767,13,1
44959,True,2,44927,5,1
44953,True,2,36761,13,1
44963,True,2,44959,2,1
44963,True,2,40867,12,1
44963,True,2,28579,14,1
44971,True,2,12203,15,1
44971,True,2,44843,7,1
44971,True,2,44963,3,1
44971,True,2,44939,5,1
44971,True,2,36779,13,1
44971,True,2,42923,11,1
44983,True,2,36791,13,1
45007,True,2,12239,15,1
45007,True,2,44879,7,1
44987,True,2,43963,10,1
44987,True,2,44971,4,1
44987,True,2,28603,14,1
44987,True,2,44983,2,1
45013,True,2,44501,9,1
45013,True,2,36821,13,1
45061,True,2,45053,3,1
45061,True,2,44549,9,1
45061,True,2,43013,11,1
45083,True,2,44059,10,1
45077,True,2,45061,4,1
45077,True,2,45013,6,1
45077,True,2,44053,10,1
45053,True,2,44029,10,1
45053,True,2,28669,14,1
45053,True,2,44797,8,1
45119,True,2,41023,12,1
45121,True,2,36929,13,1
45121,True,2,45119,1,1
45127,True,2,45119,3,1
45131,True,2,45127,2,1
45137,True,2,45121,4,1
45137,True,2,28753,14,1
45139,True,2,45137,1,1
45139,True,2,45131,3,1
45139,True,2,36947,13,1
45161,False,,,,
45179,False,,,,
45181,True,2,45053,7,1
45181,True,2,45179,1,1
45181,True,2,12413,15,1
45181,True,2,43133,11,1
45191,True,2,45127,6,1
45191,True,2,28807,14,1
45197,True,2,45181,4,1
45197,True,2,28813,14,1
45233,False,,,,
45247,True,2,12479,15,1
45247,True,2,45119,7,1
45259,True,2,45131,7,1
45259,True,2,12491,15,1
45289,True,2,44777,9,1
45289,True,2,37097,13,1
45289,True,2,45161,7,1
45289,True,2,45281,3,1
45293,True,2,44269,10,1
45293,True,2,45289,2,1
45293,True,2,28909,14,1
45281,True,2,44257,10,1
45263,True,2,45007,8,1
45263,True,2,45247,4,1
45263,True,2,45259,2,1
45263,True,2,28879,14,1
45317,True,2,44293,10,1
45317,True,2,41221,12,1
45317,True,2,28933,14,1
45317,True,2,45061,8,1
45319,True,2,45191,7,1
45319,True,2,43271,11,1
45319,True,2,45317,1,1
45329,True,2,41233,12,1
45307,True,2,12539,15,1
45307,True,2,45179,7,1
45337,True,2,12569,15,1
45337,True,2,45329,3,1
45343,True,2,45341,1,1
45341,True,2,45337,2,1
45361,True,2,43313,11,1
45361,True,2,45329,5,1
45361,True,2,45233,7,1
45377,True,2,45361,4,1
45377,True,2,41281,12,1
45377,True,2,45121,8,1
45389,False,,,,
45403,False,,,,
45427,True,2,12659,15,1
45413,True,2,44389,10,1
45433,False,,,,
45481,True,2,12713,15,1
45439,True,2,12671,15,1
45439,True,2,43391,11,1
45439,True,2,44927,9,1
45491,True,2,45427,6,1
45497,True,2,45481,4,1
45497,True,2,45433,6,1
45503,True,2,45247,8,1
45503,True,2,45439,6,1
45523,True,2,45491,5,1
45533,False,,,,
45553,True,2,37361,13,1
45541,True,2,45413,7,1
45541,True,2,45533,3,1
45569,True,2,45553,4,1
45587,True,2,44563,10,1
45587,True,2,45523,6,1
45587,True,2,41491,12,1
45557,True,2,45553,2,1
45557,True,2,44533,10,1
45557,True,2,45541,4,1
45557,True,2,29173,14,1
45589,True,2,45587,1,1
45589,True,2,37397,13,1
45589,True,2,43541,11,1
45589,True,2,45077,9,1
45589,True,2,45557,5,1
45589,True,2,12821,15,1
45599,True,2,45343,8,1
45613,False,,,,
45631,True,2,45599,5,1
45631,True,2,45119,9,1
45631,True,2,45503,7,1
45659,True,2,45403,8,1
45667,True,2,12899,15,1
45667,True,2,45659,3,1
45641,True,2,44617,10,1
45673,True,2,45641,5,1
45673,True,2,45161,9,1
45677,True,2,45613,6,1
45677,True,2,45673,2,1
45691,True,2,45179,9,1
45691,True,2,12923,15,1
45691,True,2,45659,5,1
45697,True,2,45569,7,1
45697,True,2,43649,11,1
45737,True,2,41641,12,1
45737,True,2,45673,6,1
45737,True,2,45481,8,1
45707,True,2,45691,4,1
45707,True,2,41611,12,1
45707,True,2,44683,10,1
45751,True,2,12983,15,1
45763,True,2,37571,13,1
45779,True,2,45523,8,1
45779,True,2,45763,4,1
45767,True,2,45751,4,1
45767,True,2,45763,2,1
45767,True,2,29383,14,1
45757,False,,,,
45817,True,2,13049,15,1
45821,True,2,45757,6,1
45821,True,2,29437,14,1
45821,True,2,45817,2,1
45821,True,2,44797,10,1
45823,True,2,45821,1,1
45827,True,2,45823,2,1
45827,True,2,45763,6,1
45827,True,2,29443,14,1
45833,True,2,44809,10,1
45833,True,2,45817,4,1
45833,True,2,41737,12,1
45841,True,2,43793,11,1
45841,True,2,45329,9,1
45841,True,2,45833,3,1
45841,True,2,37649,13,1
45869,True,2,45853,4,1
45869,True,2,45613,8,1
45863,True,2,44839,10,1
45887,True,2,45823,6,1
45887,True,2,45631,8,1
45853,True,2,45821,5,1
45853,True,2,45341,9,1
45893,False,,,,
45949,True,2,45821,7,1
45943,False,,,,
45953,True,2,29569,14,1
45953,True,2,45949,2,1
45953,True,2,45697,8,1
45959,True,2,45943,4,1
45959,True,2,41863,12,1
45971,True,2,29587,14,1
45979,True,2,45971,3,1
45989,True,2,41893,12,1
46021,True,2,43973,11,1
46021,True,2,45989,5,1
46021,True,2,45893,7,1
46049,True,2,41953,12,1
46027,True,2,13259,15,1
46051,True,2,46049,1,1
46061,False,,,,
46073,True,2,45817,8,1
46093,True,2,46061,5,1
46093,True,2,46091,1,1
46099,True,2,45971,7,1
46099,True,2,37907,13,1
46099,True,2,45587,9,1
46099,True,2,46091,3,1
46099,True,2,13331,15,1
46091,True,2,46027,6,1
46133,False,,,,
46103,True,2,46099,2,1
46141,True,2,46133,3,1
46147,False,,,,
46153,True,2,45641,9,1
46181,False,,,,
46171,True,2,44123,11,1
46171,True,2,45659,9,1
46183,True,2,37991,13,1
46183,True,2,46181,1,1
46187,True,2,46171,4,1
46187,True,2,29803,14,1
46187,True,2,46183,2,1
46199,True,2,45943,8,1
46199,True,2,46183,4,1
46237,True,2,44189,11,1
46237,True,2,46229,3,1
46237,True,2,13469,15,1
46229,False,,,,
46261,True,2,46229,5,1
46261,True,2,46133,7,1
46261,True,2,38069,13,1
46219,True,2,45707,9,1
46219,True,2,44171,11,1
46219,True,2,46187,5,1
46219,True,2,13451,15,1
46219,True,2,46091,7,1
46271,True,2,45247,10,1
46279,True,2,45767,9,1
46279,True,2,46271,3,1
46273,True,2,46271,1,1
46301,True,2,46237,6,1
46301,True,2,29917,14,1
46307,True,2,46051,8,1
46309,True,2,46307,1,1
46309,True,2,46181,7,1
46309,True,2,46301,3,1
46327,True,2,44279,11,1
46327,True,2,46199,7,1
46349,True,2,46093,8,1
46351,True,2,46349,1,1
46337,True,2,46273,6,1
46381,True,2,45869,9,1
46381,True,2,46349,5,1
46381,True,2,13613,15,1
46381,True,2,38189,13,1
46399,True,2,46271,7,1
46399,True,2,44351,11,1
46399,True,2,45887,9,1
46411,True,2,38219,13,1
46439,True,2,46183,8,1
46447,True,2,46439,3,1
46447,True,2,13679,15,1
46451,True,2,46447,2,1
46451,True,2,45427,10,1
46441,True,2,46439,1,1
46471,True,2,45959,9,1
46471,True,2,46439,5,1
46477,True,2,13709,15,1
46477,True,2,46349,7,1
46457,True,2,45433,10,1
46457,True,2,46441,4,1
46489,True,2,46457,5,1
46489,True,2,13721,15,1
46499,True,2,42403,12,1
46507,True,2,46499,3,1
46523,True,2,46507,4,1
46523,True,2,30139,14,1
46511,True,2,46447,6,1
46511,True,2,46507,2,1
46549,True,2,13781,15,1
46549,True,2,44501,11,1
46559,True,2,42463,12,1
46567,True,2,13799,15,1
46567,True,2,46559,3,1
46567,True,2,44519,11,1
46567,True,2,46439,7,1
46589,True,2,46573,4,1
46591,True,2,46589,1,1
46591,True,2,44543,11,1
46591,True,2,46559,5,1
46573,True,2,46061,9,1
46619,False,,,,
46633,True,2,46601,5,1
46601,False,,,,
46639,True,2,46511,7,1
46639,True,2,38447,13,1
46643,True,2,30259,14,1
46643,True,2,46639,2,1
46649,True,2,46633,4,1
46663,False,,,,
46681,True,2,46649,5,1
46681,True,2,46679,1,1
46681,True,2,13913,15,1
46681,True,2,44633,11,1
46687,True,2,46559,7,1
46687,True,2,46679,3,1
46679,True,2,46663,4,1
46691,True,2,45667,10,1
46691,True,2,46687,2,1
46691,True,2,30307,14,1
46703,True,2,46447,8,1
46703,True,2,46687,4,1
46703,True,2,46639,6,1
46703,True,2,30319,14,1
46723,True,2,46691,5,1
46747,True,2,46619,7,1
46747,True,2,44699,11,1
46727,True,2,46471,8,1
46727,True,2,46663,6,1
46727,True,2,46723,2,1
46751,True,2,46687,6,1
46751,True,2,30367,14,1
46751,True,2,46747,2,1
46757,False,,,,
46807,True,2,46679,7,1
46769,False,,,,
46811,True,2,30427,14,1
46811,True,2,46807,2,1
46811,True,2,46747,6,1
46771,True,2,46643,7,1
46771,True,2,46769,1,1
46817,False,,,,
46829,True,2,46573,8,1
46819,True,2,14051,15,1
46819,True,2,46691,7,1
46819,True,2,46811,3,1
46819,True,2,46817,1,1
46819,True,2,44771,11,1
46819,True,2,46307,9,1
46853,True,2,30469,14,1
46831,True,2,38639,13,1
46831,True,2,46829,1,1
46831,True,2,46703,7,1
46861,True,2,46829,5,1
46861,True,2,46853,3,1
46861,True,2,46349,9,1
46861,True,2,38669,13,1
46867,True,2,44819,11,1
46877,True,2,45853,10,1
46877,True,2,46861,4,1
46877,True,2,30493,14,1
46901,True,2,30517,14,1
46889,True,2,46633,8,1
46889,True,2,42793,12,1
46919,True,2,46663,8,1
46933,True,2,46901,5,1
46957,True,2,44909,11,1
46957,True,2,46829,7,1
46997,True,2,46933,6,1
46997,True,2,46993,2,1
46997,True,2,42901,12,1
46993,False,,,,
47017,True,2,14249,15,1
47017,True,2,46889,7,1
47041,False,,,,
47059,True,2,47051,3,1
47059,True,2,47057,1,1
47059,True,2,38867,13,1
47051,True,2,46027,10,1
47087,True,2,46831,8,1
47087,True,2,30703,14,1
47057,True,2,47041,4,1
47057,True,2,46993,6,1
47057,True,2,42961,12,1
47093,False,,,,
47119,True,2,47087,5,1
47119,True,2,47111,3,1
47111,True,2,30727,14,1
47123,True,2,46867,8,1
47123,True,2,47059,6,1
47123,True,2,47119,2,1
47123,True,2,46099,10,1
47129,False,,,,
47137,True,2,47129,3,1
47137,True,2,14369,15,1
47143,True,2,47111,5,1
47149,True,2,47147,1,1
47161,True,2,47129,5,1
47161,True,2,46649,9,1
47147,True,2,43051,12,1
47147,True,2,30763,14,1
47147,True,2,47143,2,1
47189,True,2,43093,12,1
47189,True,2,46933,8,1
47207,True,2,47143,6,1
47207,True,2,46183,10,1
47221,True,2,47189,5,1
47221,True,2,47093,7,1
47237,True,2,47221,4,1
47237,True,2,30853,14,1
47251,True,2,47123,7,1
47269,True,2,46757,9,1
47269,True,2,47237,5,1
47279,False,,,,
47297,True,2,47293,2,1
47297,True,2,46273,10,1
47297,True,2,43201,12,1
47297,True,2,47041,8,1
47293,False,,,,
47303,True,2,47287,4,1
47303,True,2,43207,12,1
47303,True,2,46279,10,1
47287,True,2,47279,3,1
47287,True,2,14519,15,1
47309,True,2,47293,4,1
47339,False,,,,
47317,True,2,47309,3,1
47317,True,2,47189,7,1
47317,True,2,14549,15,1
47351,True,2,47287,6,1
47351,True,2,46327,10,1
47353,True,2,47351,1,1
47353,True,2,39161,13,1
47363,False,,,,
47381,True,2,47317,6,1
47389,True,2,14621,15,1
47389,True,2,47387,1,1
47389,True,2,47381,3,1
47389,True,2,46877,9,1
47389,True,2,45341,11,1
47407,True,2,47279,7,1
47407,True,2,14639,15,1
47387,True,2,43291,12,1
47417,True,2,43321,12,1
47417,True,2,47353,6,1
47417,True,2,31033,14,1
47417,True,2,47161,8,1
47419,True,2,47417,1,1
47419,True,2,47387,5,1
47419,True,2,39227,13,1
47431,True,2,39239,13,1
47431,True,2,47303,7,1
47431,True,2,46919,9,1
47491,True,2,47363,7,1
47491,True,2,47459,5,1
47491,True,2,14723,15,1
47441,False,,,,
47459,False,,,,
47497,False,,,,
47501,True,2,46477,10,1
47501,True,2,47497,2,1
47513,True,2,46489,10,1
47513,True,2,47497,4,1
47521,True,2,14753,15,1
47521,True,2,47513,3,1
47507,True,2,43411,12,1
47507,True,2,47251,8,1
47507,True,2,47491,4,1
47507,True,2,31123,14,1
47527,True,2,14759,15,1
47543,True,2,47287,8,1
47543,True,2,31159,14,1
47543,True,2,47527,4,1
47533,True,2,47501,5,1
47533,True,2,39341,13,1
47569,True,2,47057,9,1
47569,True,2,47441,7,1
47563,True,2,47051,9,1
47563,True,2,39371,13,1
47581,True,2,14813,15,1
47581,True,2,45533,11,1
47591,True,2,47527,6,1
47591,True,2,46567,10,1
47599,True,2,14831,15,1
47599,True,2,47087,9,1
47599,True,2,47591,3,1
47623,True,2,47591,5,1
47623,True,2,47111,9,1
47609,True,2,47353,8,1
47629,True,2,47501,7,1
47639,True,2,47623,4,1
47639,True,2,43543,12,1
47653,True,2,39461,13,1
47657,True,2,47653,2,1
47657,True,2,46633,10,1
47681,False,,,,
47659,True,2,47657,1,1
47659,True,2,47147,9,1
47659,True,2,14891,15,1
47699,False,,,,
47711,True,2,46687,10,1
47711,True,2,31327,14,1
47701,True,2,47189,9,1
47701,True,2,47699,1,1
47701,True,2,39509,13,1
47713,True,2,47681,5,1
47713,True,2,47711,1,1
47713,True,2,39521,13,1
47717,True,2,47653,6,1
47717,True,2,47713,2,1
47717,True,2,31333,14,1
47717,True,2,47701,4,1
47737,True,2,14969,15,1
47737,True,2,47609,7,1
47777,True,2,47713,6,1
47777,True,2,47521,8,1
47777,True,2,31393,14,1
47743,True,2,39551,13,1
47743,True,2,47711,5,1
47743,True,2,47741,1,1
47741,True,2,31357,14,1
47741,True,2,47737,2,1
47779,True,2,47777,1,1
47791,True,2,47279,9,1
47797,False,,,,
47809,True,2,47777,5,1
47809,True,2,47807,1,1
47809,True,2,47681,7,1
47809,True,2,47297,9,1
47807,True,2,47791,4,1
47807,True,2,43711,12,1
47807,True,2,47743,6,1
47819,True,2,47563,8,1
47837,True,2,47581,8,1
47843,True,2,47779,6,1
47843,True,2,46819,10,1
47869,True,2,45821,11,1
47869,True,2,47837,5,1
47869,True,2,47741,7,1
47869,True,2,15101,15,1
47857,False,,,,
47881,True,2,45833,11,1
47903,False,,,,
47911,True,2,45863,11,1
47911,True,2,47903,3,1
47911,True,2,39719,13,1
47939,False,,,,
47933,True,2,47917,4,1
47933,True,2,47869,6,1
47917,True,2,15149,15,1
47917,True,2,45869,11,1
47947,True,2,47819,7,1
47947,True,2,47939,3,1
47951,True,2,47947,2,1
47951,True,2,31567,14,1
47963,True,2,47947,4,1
47963,True,2,43867,12,1
47977,True,2,47969,3,1
47969,True,2,47713,8,1
47981,True,2,47917,6,1
47981,True,2,47977,2,1
47981,True,2,46957,10,1
48023,False,,,,
48017,True,2,46993,10,1
48029,True,2,43933,12,1
48049,True,2,48017,5,1
48049,True,2,39857,13,1
48073,False,,,,
48079,True,2,47951,7,1
48079,True,2,39887,13,1
48109,True,2,47981,7,1
48109,True,2,46061,11,1
48119,False,,,,
48091,True,2,47963,7,1
48121,True,2,48119,1,1
48121,True,2,47609,9,1
48121,True,2,39929,13,1
48121,True,2,46073,11,1
48131,False,,,,
48157,True,2,48029,7,1
48163,True,2,48131,5,1
48163,True,2,39971,13,1
48187,True,2,48179,3,1
48179,True,2,48163,4,1
48193,True,2,47681,9,1
48221,True,2,48157,6,1
48239,False,,,,
48247,True,2,48119,7,1
48247,True,2,46199,11,1
48247,True,2,48239,3,1
48197,True,2,44101,12,1
48197,True,2,48193,2,1
48259,True,2,48131,7,1
48281,False,,,,
48299,True,2,44203,12,1
48271,True,2,48239,5,1
48313,True,2,48311,1,1
48313,True,2,48281,5,1
48337,True,2,15569,15,1
48311,True,2,47287,10,1
48311,True,2,48247,6,1
48341,True,2,48337,2,1
48341,True,2,47317,10,1
48341,True,2,31957,14,1
48353,True,2,44257,12,1
48353,True,2,48337,4,1
48371,False,,,,
48383,False,,,,
48407,False,,,,
48409,True,2,48281,7,1
48409,True,2,48407,1,1
48409,True,2,15641,15,1
48397,True,2,46349,11,1
48397,True,2,15629,15,1
48413,True,2,48157,8,1
48413,True,2,48409,2,1
48413,True,2,47389,10,1
48413,True,2,32029,14,1
48413,True,2,48397,4,1
48437,False,,,,
48449,True,2,48193,8,1
48473,True,2,32089,14,1
48473,True,2,48409,6,1
48463,True,2,47951,9,1
48481,True,2,48353,7,1
48481,True,2,48449,5,1
48481,True,2,48479,1,1
48481,True,2,40289,13,1
48481,True,2,48473,3,1
48481,True,2,47969,9,1
48479,True,2,48463,4,1
48479,True,2,44383,12,1
48487,True,2,48479,3,1
48487,True,2,46439,11,1
48497,True,2,48481,4,1
48523,True,2,48491,5,1
48491,True,2,48487,2,1
48533,False,,,,
48527,True,2,48271,8,1
48527,True,2,48463,6,1
48527,True,2,32143,14,1
48527,True,2,48523,2,1
48539,True,2,48523,4,1
48541,True,2,48539,1,1
48541,True,2,48029,9,1
48541,True,2,15773,15,1
48541,True,2,48413,7,1
48541,True,2,48533,3,1
48563,False,,,,
48589,False,,,,
48571,True,2,15803,15,1
48571,True,2,46523,11,1
48571,True,2,48539,5,1
48571,True,2,48563,3,1
48593,True,2,47569,10,1
48593,True,2,44497,12,1
48593,True,2,48337,8,1
48593,True,2,48589,2,1
48611,False,,,,
